protein_id,gene_symbol,SITE3_PT001,SITE3_PT002,SITE3_PT003,SITE3_PT004,SITE3_PT005,SITE3_PT006,SITE3_PT007,SITE3_PT008,SITE3_PT009,SITE3_PT010,SITE3_PT011,SITE3_PT012,SITE3_PT013,SITE3_PT014,SITE3_PT015,SITE3_PT016,SITE3_PT017,SITE3_PT018,SITE3_PT019,SITE3_PT020,SITE3_PT021,SITE3_PT022,SITE3_PT023,SITE3_PT024,SITE3_PT025,SITE3_PT026,SITE3_PT027,SITE3_PT028,SITE3_PT029,SITE3_PT030,SITE3_PT031,SITE3_PT032,SITE3_PT033,SITE3_PT034,SITE3_PT035,SITE3_PT036,SITE3_PT037,SITE3_PT038,SITE3_PT039,SITE3_PT040
A0A024R1R8,TMA7B,13.903,13.092,13.653,14.899,13.407,13.077,14.05,14.191,13.72,12.797,13.953,12.902,12.442,14.376,14.918,13.416,13.397,13.63,12.654,13.333,12.805,13.337,13.425,13.778,14.268,13.787,13.695,13.487,12.897,13.554,14.172,14.415,13.296,13.491,14.249,14.469,12.706,12.294,11.503,14.985
A0A087X1C5,CYP2D7,8.458,10.876,10.934,,12.115,10.045,9.948,10.835,10.364,10.33,9.848,10.377,,11.105,,9.614,9.733,8.926,10.487,10.536,11.927,11.716,10.966,10.083,10.382,11.234,9.113,9.884,8.956,,10.724,9.284,,10.841,10.208,9.877,10.117,11.216,11.072,10.927
A0A0A0MRZ9,IGLV5-52,14.58,13.522,14.148,14.26,13.983,15.188,15.915,14.848,14.177,13.053,13.658,15.098,15.668,15.21,16.039,14.565,13.558,14.539,13.207,14.34,14.289,13.617,15.162,13.968,13.762,13.139,14.549,16.596,15.003,15.917,13.872,15.024,14.056,13.764,15.261,15.91,14.163,14.749,13.234,13.569
A0A0A0MT76,IGLJ1,12.36,11.144,12.291,12.164,13.43,11.343,14.615,12.51,11.681,11.957,12.848,12.21,12.839,13.037,13.313,13.223,12.68,14.416,12.329,12.181,14.055,12.952,12.944,12.946,12.824,14.105,13.623,13.099,12.791,12.077,13.671,13.192,14.041,11.779,12.547,12.813,11.746,11.744,12.872,15.25
A0A1W2PR19,GSTT4,6.457,5.677,7.457,6.427,8.894,8.502,6.748,6.375,,,6.284,6.707,6.338,5.576,8.089,,7.083,8.027,8.334,,7.018,5.849,7.814,6.68,5.711,6.541,5.965,,7.885,8.577,6.532,6.67,6.104,8.642,8.544,6.319,8.603,6.882,6.941,7.212
A0A494C0N9,FAM246B,14.376,14.398,16.859,16.038,15.772,15.767,16.281,15.284,15.69,16.308,16.676,15.898,14.272,15.971,16.208,15.632,14.778,15.147,16.307,15.884,15.927,15.24,16.084,15.02,14.448,17.046,14.634,15.838,16.462,15.811,16.238,16.521,15.042,15.615,15.624,15.486,16.236,16.236,16.627,15.12
A0A494C0Y3,FAM246A,13.372,13.156,13.369,13.78,12.7,13.591,14.339,13.801,13.133,14.555,12.368,13.562,15.026,14.344,12.302,12.934,13.087,12.513,12.389,12.23,13.784,14.449,13.006,13.408,13.193,14.427,12.92,12.849,13.884,14.506,14.109,11.991,15.088,11.728,12.653,,13.135,,14.672,13.936
A0A590UK83,SMIM45,14.006,13.015,15.016,12.121,15.327,12.982,,13.951,13.879,14.082,13.635,14.777,14.657,14.193,13.978,16.02,13.645,,13.879,14.821,14.201,12.169,13.747,14.692,13.453,14.441,15.448,14.594,15.167,14.205,14.324,14.157,12.767,14.02,13.449,13.381,13.965,14.476,13.081,12.737
A0A6I8PU40,TUG1,7.188,,,7.875,8.466,7.677,6.807,7.655,6.044,6.487,7.356,7.134,6.608,7.79,6.618,7.351,,7.247,7.52,,6.384,6.666,6.179,8.263,7.376,,7.429,7.545,6.734,8.346,8.08,6.546,6.497,8.283,6.677,8.157,7.721,,7.702,6.99
A0M8Q6,IGLC7,10.053,11.219,10.907,,10.098,10.104,11.585,10.632,11.449,10.134,10.406,8.995,,11.682,12.074,11.75,11.879,10.558,10.725,10.344,10.425,10.642,11.002,10.164,10.611,10.99,9.627,9.148,10.312,10.439,10.246,11.566,12.915,13.501,9.831,9.802,10.002,10.838,,11.315
A1L190,SYCE3,10.214,8.73,10.837,,10.196,9.39,10.67,10.864,9.563,10.969,10.455,11.59,11.32,10.629,,9.858,8.417,10.328,9.924,9.293,,10.923,10.169,9.281,9.22,9.565,10.591,9.575,9.308,10.342,9.087,9.456,8.153,9.03,9.519,8.829,9.932,10.936,9.247,8.864
A4QPB2,LRP5L,15.024,14.569,17.923,14.994,16.074,15.625,13.463,15.942,14.386,16.125,13.934,15.368,14.858,15.135,15.56,14.32,13.323,16.175,16.033,15.318,13.91,15.121,15.491,14.783,15.613,16.027,14.66,16.362,14.354,15.138,15.391,15.245,14.931,16.344,14.736,17.513,14.847,15.777,15.143,13.359
A4QPH2,PI4KAP2,12.2,13.846,12.823,12.535,12.885,14.689,12.189,12.713,13.124,11.605,10.785,11.214,11.111,11.814,13.545,11.884,11.74,12.091,12.742,13.128,13.04,13.315,12.478,,11.892,11.487,12.903,12.502,12.163,12.463,12.228,12.039,10.709,12.065,11.798,12.595,13.058,10.919,12.284,9.801
A6NGB0,TMEM191C,14.394,15.391,14.332,,14.545,14.037,14.22,13.575,14.607,13.823,13.864,14.097,14.824,16.617,14.258,14.234,13.988,14.189,14.687,13.134,14.26,13.579,13.994,15.201,13.954,14.826,15.242,16.15,14.856,14.576,13.739,14.08,12.982,12.96,14.226,,14.309,14.611,15.283,14.355
A6NHG4,DDTL,9.611,10.33,10.031,,10.166,10.159,9.109,11.043,10.204,,10.818,10.072,9.595,10.893,11.974,10.043,9.821,10.762,9.937,11.907,10.611,,9.734,10.764,9.12,9.992,11.122,9.942,10.129,11.385,8.23,11.142,,9.836,,10.586,,,10.478,
A6NJZ7,RIMBP3C,8.485,9.697,8.409,,8.049,7.0,9.261,8.301,8.987,8.128,8.739,7.988,,7.627,9.968,8.975,8.751,8.996,,7.594,8.936,7.748,8.736,7.714,6.499,7.469,7.518,9.322,8.814,11.12,8.204,7.771,7.808,8.281,8.637,8.073,8.09,8.429,,9.32
A6NM43,CCT8L1P,12.255,11.655,11.595,9.567,11.437,11.468,,11.279,,11.587,12.284,11.796,11.216,12.053,,11.017,11.464,,11.721,10.549,11.523,12.612,10.985,11.649,10.96,11.243,,12.147,10.957,12.884,10.009,12.372,11.007,11.718,12.231,11.966,10.189,13.582,12.544,11.074
A6NNM3,RIMBP3B,,8.215,6.745,,7.01,7.867,6.593,5.2,6.738,5.021,5.715,8.139,,5.374,7.423,7.171,7.31,5.783,6.261,6.927,6.266,7.846,6.105,6.58,6.081,7.912,6.461,6.173,6.306,6.564,6.818,6.362,6.929,,6.343,6.879,5.993,5.246,,
A6PVC2,TTLL8,12.961,16.029,14.303,15.761,14.128,15.732,14.99,14.077,15.597,12.295,15.446,15.531,14.614,13.883,13.332,,14.931,12.573,14.044,13.014,14.517,14.376,13.786,13.751,15.57,13.038,15.315,15.697,13.071,14.916,13.943,12.75,14.291,12.952,14.089,13.945,14.5,14.483,14.954,13.55
A8K8P3,SFI1,12.857,11.211,12.917,12.151,12.285,12.248,12.73,13.719,12.396,11.744,12.486,12.46,13.604,11.631,11.481,13.113,12.169,12.453,14.188,12.554,12.525,12.6,13.305,10.556,10.153,12.342,,13.968,13.635,13.805,11.969,12.24,12.42,12.277,11.099,12.031,11.9,12.604,,13.618
A8MPS7,YDJC,12.558,13.023,14.676,13.885,14.485,11.862,13.315,13.089,12.495,12.247,,12.244,15.598,12.346,13.96,14.235,13.825,13.718,14.444,13.356,14.09,13.723,14.292,13.901,14.559,12.594,13.992,13.145,13.644,15.631,14.674,12.062,,12.861,14.544,14.699,13.193,13.39,13.878,13.086
A8MYP8,CIMAP1B,10.579,,9.4,8.827,8.943,9.734,12.216,9.32,9.226,9.35,9.269,7.296,8.223,,8.693,8.725,9.515,10.699,9.344,8.573,,10.786,8.528,,9.478,9.324,9.294,10.129,9.007,,,8.044,9.537,8.793,9.323,10.098,10.008,9.099,10.159,10.692
B1AH88,TSPO,15.833,15.516,15.015,15.964,16.612,16.746,16.454,16.25,14.733,15.733,15.465,15.691,16.658,16.329,15.737,16.574,16.373,15.419,16.169,15.604,14.861,14.351,15.947,15.362,15.181,15.227,15.443,15.647,14.819,15.454,14.253,15.552,16.219,15.547,14.89,14.589,14.891,15.464,14.879,14.539
B5MCN3,SEC14L6,12.985,14.755,14.947,14.843,15.154,15.766,16.127,15.431,14.794,14.9,15.354,14.166,14.698,16.334,15.204,15.634,15.331,15.323,15.732,16.604,14.607,14.501,13.182,15.019,15.158,16.214,14.692,16.275,14.884,14.018,15.681,14.479,14.759,15.663,15.431,15.06,14.662,13.949,15.135,15.695
B5MD39,GGTLC3,15.526,13.904,12.784,14.64,13.017,12.823,14.142,13.643,12.702,13.554,12.986,14.081,13.75,14.895,12.882,14.484,13.21,14.359,12.701,14.534,14.327,13.817,15.552,13.548,,14.266,13.376,14.772,13.973,13.864,14.408,13.605,12.308,13.964,13.833,13.922,14.265,13.684,13.001,14.224
B8ZZ34,SHISA8,8.478,9.574,6.009,7.699,7.59,6.762,,8.354,,9.905,7.095,8.447,7.549,6.931,8.804,8.311,8.413,8.581,6.811,8.215,,7.754,,7.358,8.836,9.493,7.92,8.222,,7.471,,,7.113,7.242,7.301,7.606,7.169,,7.72,7.728
B9A064,IGLL5,12.7,9.845,9.733,12.044,10.973,11.409,11.934,12.049,10.305,9.853,11.606,9.653,9.659,11.902,9.257,11.181,10.605,10.895,10.36,11.243,9.625,10.341,10.588,10.841,11.935,10.265,11.447,11.554,10.498,9.387,9.869,12.348,11.793,10.129,10.243,11.507,11.061,11.806,11.14,
F5H4B4,FAM227A,6.079,,7.701,,6.047,,7.787,,6.613,5.324,5.149,6.161,,5.456,5.286,5.158,6.03,6.481,7.306,6.744,6.616,5.369,5.735,6.88,,6.209,4.799,7.055,7.274,6.802,6.294,6.187,6.084,6.613,5.928,6.975,6.104,6.774,6.239,6.037
H7C350,CCDC188,7.232,,6.705,6.05,5.31,7.747,7.227,7.673,,6.912,,6.785,,7.073,8.297,8.059,8.273,8.449,9.756,8.168,7.167,8.17,6.418,7.674,9.413,7.073,8.008,6.75,7.655,7.305,8.539,7.552,7.476,6.752,7.11,7.916,7.142,8.039,8.401,7.944
L0R8F8,MIEF1,12.373,12.478,12.824,12.656,12.347,11.847,13.949,12.123,,11.702,11.583,13.996,13.501,14.082,12.99,11.065,13.434,12.768,12.392,11.923,12.552,13.101,13.772,12.578,11.237,13.194,11.342,14.656,14.075,13.295,11.881,13.527,12.548,12.939,13.925,11.392,13.048,12.392,12.384,12.352
O00178,GTPBP1,13.792,,13.566,13.967,,12.695,13.137,12.309,12.879,14.154,14.357,13.086,14.378,15.053,13.216,13.759,11.885,12.381,13.522,13.747,13.542,13.752,11.888,13.184,13.869,14.369,14.054,13.04,12.908,12.728,15.086,,14.821,,13.081,13.249,13.723,12.39,13.469,12.445
O00192,ARVCF,14.817,16.085,14.398,15.043,16.32,15.023,15.611,14.872,15.05,14.66,15.748,15.795,14.535,14.887,14.61,15.118,16.723,14.832,16.463,15.446,15.353,15.361,15.478,14.803,15.556,16.566,16.949,15.682,15.997,15.938,17.448,16.095,15.406,15.164,14.914,17.205,16.327,16.421,15.124,15.843
O00501,CLDN5,8.944,8.717,8.336,8.257,9.8,8.776,9.877,10.677,7.688,9.628,9.392,9.698,9.933,9.531,7.7,8.92,7.062,10.53,8.686,9.373,8.275,,9.196,10.057,10.252,7.931,9.8,8.828,8.671,9.723,9.119,9.15,9.184,8.982,8.896,10.504,9.715,8.012,10.041,8.899
O00541,PES1,8.81,10.14,9.933,9.694,9.648,9.504,9.361,9.795,9.473,8.163,10.242,9.603,9.736,8.735,9.86,9.076,8.112,9.755,9.236,10.002,9.515,9.808,9.723,7.762,9.161,9.994,9.165,9.313,9.597,9.031,9.589,9.109,9.008,8.576,8.97,,9.834,10.325,9.193,9.577
O00587,MFNG,10.319,9.073,11.334,10.259,10.197,10.298,9.694,10.768,9.074,12.192,12.242,11.667,10.769,9.796,9.159,11.346,10.588,11.682,10.889,10.54,9.715,12.513,8.886,10.669,10.211,11.57,10.675,10.011,10.635,11.741,11.042,11.492,11.859,,12.333,10.341,10.703,12.61,10.892,11.396
O14791,APOL1,7.155,7.175,7.757,,8.002,8.868,7.336,10.093,9.226,,7.813,7.447,8.184,8.36,8.478,6.46,7.028,7.105,7.804,6.971,7.493,6.222,8.321,9.433,8.891,8.01,9.772,8.245,8.539,6.733,,7.62,7.603,8.356,7.863,,6.288,,8.667,
O14994,SYN3,7.982,6.837,7.064,7.887,6.996,7.438,7.851,7.857,7.335,7.08,8.778,7.625,8.13,7.186,8.422,8.32,,8.204,8.254,6.145,7.188,8.527,5.809,7.759,8.692,,,,7.389,7.582,9.046,8.065,8.199,8.672,7.889,6.597,8.515,7.363,,6.713
O15031,PLXNB2,11.441,10.679,11.183,10.835,,,10.234,11.411,11.353,11.902,,9.996,11.435,11.193,10.104,9.711,9.764,9.78,10.451,11.038,12.022,10.493,11.293,10.764,11.381,12.088,12.077,11.438,10.469,10.753,11.054,10.307,10.054,9.078,,10.906,10.789,10.894,10.427,10.802
O15371,EIF3D,6.364,,7.252,10.421,8.267,,9.666,9.511,8.79,8.354,8.804,6.914,7.863,6.653,7.748,6.875,,6.523,8.362,8.152,,7.088,9.482,8.507,7.439,8.003,7.963,7.309,8.502,6.756,8.057,7.926,7.775,8.0,7.809,8.36,8.899,,9.345,9.138
O15442,MPPED1,12.595,14.146,12.624,12.446,,13.827,12.163,12.773,11.085,12.931,12.203,13.02,11.647,13.934,,,12.986,13.566,13.416,12.905,12.369,11.692,11.51,11.674,13.079,14.183,13.555,,12.506,12.293,11.959,13.297,12.556,13.357,12.81,12.841,12.922,14.419,13.146,12.707
O15499,GSC2,11.432,9.211,10.918,10.042,,11.235,,8.648,11.414,11.335,10.014,9.963,10.529,9.936,,9.874,,9.54,10.528,,10.654,9.787,10.014,9.523,10.453,9.758,12.188,9.825,,9.645,11.123,,10.844,,12.441,10.745,9.293,11.205,10.213,9.646
O15547,P2RX6,15.253,14.092,14.873,14.493,12.754,14.302,12.281,14.831,15.216,14.547,13.617,14.299,13.188,14.696,14.955,14.494,14.091,13.079,15.222,13.873,15.016,13.986,12.839,13.706,13.763,14.153,,13.442,14.572,14.237,14.182,13.904,14.048,15.473,13.884,14.559,15.281,13.52,13.491,13.624
O43246,SLC7A4,11.633,12.578,13.225,13.491,11.816,13.511,,11.747,12.99,12.412,13.191,13.314,12.803,12.879,12.914,14.465,11.942,,12.999,11.523,12.154,15.088,,13.937,12.554,13.982,,,13.393,12.667,12.4,12.328,,13.257,12.095,13.506,10.961,13.751,13.156,13.135
O43247,CIMIP4,,10.292,,8.973,8.105,,7.81,9.802,9.918,9.652,9.122,8.665,,9.025,9.907,10.285,8.57,10.965,9.747,8.786,,8.594,8.815,8.672,8.267,8.936,8.943,8.376,9.82,,8.956,8.387,10.169,,8.82,7.775,8.569,8.461,9.366,
O43251,RBFOX2,15.196,14.859,15.247,14.465,13.907,14.444,14.725,14.142,14.453,15.878,15.051,,16.045,13.618,14.057,14.083,15.07,15.16,13.172,15.044,13.875,14.965,13.87,,13.519,14.463,14.198,14.431,14.099,14.817,14.007,14.698,12.954,15.114,16.31,14.33,15.279,13.97,14.983,14.634
O43272,PRODH,13.696,14.715,12.963,13.535,15.121,13.085,14.021,14.817,14.893,15.062,13.406,,14.619,15.154,14.686,12.799,12.499,14.61,13.874,13.957,13.55,12.997,14.172,12.484,13.999,,14.699,13.445,13.502,14.256,12.244,14.461,15.68,14.469,13.868,13.369,13.703,14.342,13.738,14.074
O43435,TBX1,9.574,10.909,8.907,7.268,,8.644,9.791,9.044,10.86,8.909,9.669,,10.706,10.51,9.401,8.686,10.418,9.423,9.101,10.157,12.095,9.755,9.456,9.528,,11.039,11.025,10.147,,9.828,11.253,11.085,10.409,8.965,,10.425,11.178,11.414,9.023,10.294
O43731,KDELR3,8.188,7.768,9.576,9.268,8.794,8.22,9.87,7.333,9.496,8.331,8.696,9.799,9.757,,8.937,8.227,9.229,8.938,9.059,,8.918,8.957,,8.858,10.107,9.517,8.57,8.725,8.658,9.317,8.24,9.947,8.684,9.497,,9.521,10.548,10.917,9.709,
O43759,SYNGR1,13.201,12.18,13.695,12.782,13.555,13.161,11.823,,11.355,12.403,12.81,12.049,13.242,13.913,11.872,13.901,11.972,12.868,12.549,12.183,13.545,12.274,13.724,13.386,13.04,12.006,,12.958,12.047,12.84,13.067,,12.628,12.745,12.385,11.558,12.626,10.881,14.78,12.395
O43808,SLC25A17,6.031,7.376,6.888,7.183,6.879,,8.584,,7.453,7.524,7.951,7.404,7.603,6.284,6.201,,,7.966,7.345,,,8.066,6.112,7.834,8.108,,7.288,8.316,8.679,7.113,7.63,,,,,7.294,6.633,,8.577,7.86
O43819,SCO2,9.786,7.796,6.723,7.265,7.861,5.945,8.168,8.204,7.775,6.713,6.55,8.594,10.033,9.298,7.702,7.082,7.848,8.608,7.806,7.627,,8.94,9.873,9.212,7.089,8.207,8.06,7.572,7.266,9.279,9.461,7.694,7.578,7.034,7.914,9.522,7.675,7.884,10.124,8.046
O60688,YPEL1,5.729,5.603,5.963,7.203,,6.549,5.333,6.013,6.743,4.266,5.487,7.49,6.012,5.943,6.787,7.756,5.789,5.752,7.08,5.886,5.473,6.135,4.339,5.793,,5.002,7.97,5.756,,6.04,6.158,6.073,5.502,6.297,6.828,7.481,7.27,5.288,6.755,
O60704,TPST2,13.884,13.458,13.761,14.122,16.816,15.577,13.689,12.635,12.348,14.681,14.142,14.255,13.978,13.549,14.461,13.937,14.917,14.753,14.976,13.5,13.974,15.026,15.644,14.977,13.868,14.774,13.041,15.184,14.847,14.03,12.523,12.571,13.424,14.355,13.307,11.985,14.925,12.65,14.154,14.415
O60733,PLA2G6,13.008,12.528,13.59,13.718,13.335,14.04,12.153,13.083,12.433,12.828,11.829,12.714,12.521,11.499,13.336,11.155,13.618,12.212,11.417,12.665,12.338,13.198,13.749,12.702,12.539,13.573,10.954,11.882,13.992,11.988,13.105,14.327,11.118,13.469,12.817,11.335,12.467,13.302,13.561,11.956
O60755,GALR3,12.632,13.706,14.15,10.831,12.344,12.947,12.529,11.954,13.255,11.78,14.474,13.123,12.66,13.605,,11.993,13.051,13.859,12.893,11.636,12.128,12.561,12.309,13.423,13.445,12.46,13.85,13.177,13.255,12.811,13.409,13.401,12.079,12.336,13.237,12.433,14.006,12.305,12.64,13.079
O60784,TOM1,13.23,14.049,13.508,12.079,14.494,13.95,14.043,13.044,13.928,15.772,12.133,14.618,15.096,12.286,13.265,13.697,,14.023,14.199,11.0,14.273,15.154,14.376,14.582,14.283,13.907,12.379,13.143,13.343,13.941,13.626,13.513,14.069,13.979,13.043,14.448,13.918,12.44,13.753,14.202
O75132,ZBED4,10.533,9.31,11.522,10.156,10.02,11.88,9.548,11.46,10.033,9.286,10.906,10.399,9.294,10.603,9.183,9.363,11.078,9.726,11.231,9.686,9.487,10.475,9.834,10.165,9.828,10.614,10.839,11.579,12.287,10.388,10.589,11.795,9.598,11.476,11.147,8.873,10.211,11.813,10.92,10.336
O75140,DEPDC5,11.477,13.546,11.505,11.504,12.823,12.339,11.412,11.39,12.318,11.851,11.836,13.668,11.422,12.199,11.681,11.175,11.309,11.984,10.841,11.003,9.978,12.98,12.541,12.911,10.513,12.33,11.942,11.679,11.247,10.57,12.002,11.756,11.167,10.671,11.409,13.153,11.673,11.981,12.113,10.641
O75170,PPP6R2,,6.752,5.647,6.779,8.43,7.234,8.259,6.968,8.151,7.339,7.031,9.039,9.161,,6.159,7.192,7.314,8.391,7.935,6.518,9.152,6.587,7.179,8.117,,7.329,7.752,7.434,8.09,6.926,7.443,6.604,6.261,7.336,7.204,8.278,8.739,8.352,6.259,6.241
O75419,CDC45,6.3,5.513,8.38,7.164,5.842,6.465,7.408,6.213,7.613,9.221,6.293,8.771,8.035,7.041,6.356,6.933,7.087,6.521,6.443,,6.982,7.575,6.492,6.455,,6.64,,,8.825,6.285,8.271,6.179,7.575,6.727,7.345,5.451,6.866,6.766,7.521,7.621
O75600,GCAT,13.223,14.197,12.276,10.975,12.3,12.591,12.92,11.87,11.357,12.394,12.64,13.537,11.904,11.917,13.252,14.617,12.884,13.517,12.466,11.789,12.498,12.636,,13.191,13.089,11.882,,11.829,13.255,13.495,13.576,11.458,,13.97,13.629,12.897,12.251,13.579,12.542,13.38
O75631,UPK3A,,11.053,12.341,10.337,10.979,10.873,10.806,9.938,11.647,10.615,12.345,,11.278,10.438,10.547,11.332,12.638,10.486,10.752,,,11.368,10.377,10.581,10.537,10.976,10.687,11.247,9.841,11.719,,10.703,10.95,11.016,9.59,10.37,11.614,,10.902,10.87
O75648,TRMU,11.852,11.482,11.382,11.579,11.071,12.922,10.973,12.705,11.293,13.254,11.582,11.931,10.497,10.528,12.57,12.466,10.941,13.256,9.894,11.789,11.294,11.61,12.41,9.95,12.182,10.589,11.082,12.123,11.891,11.622,10.878,12.52,10.961,12.899,11.745,12.186,13.253,11.423,13.198,12.274
O75677,RFPL1,12.531,12.323,11.594,12.853,12.843,13.148,13.471,13.708,12.755,13.371,14.593,14.537,13.528,14.86,12.035,11.389,14.477,14.942,13.086,13.031,13.537,14.914,13.727,13.97,14.474,13.793,13.009,15.33,12.625,13.789,13.124,15.305,12.154,12.674,14.011,12.91,14.287,13.432,12.476,14.174
O75678,RFPL2,12.582,13.739,12.196,11.272,11.182,12.572,12.798,12.483,11.773,13.135,12.968,,13.199,12.739,11.983,11.309,13.313,,12.651,13.042,11.381,12.629,13.019,11.361,12.699,13.595,11.048,10.969,14.124,10.599,12.567,13.47,13.41,12.57,13.765,11.979,12.027,12.041,12.452,12.786
O75679,RFPL3,11.36,11.965,11.989,11.645,12.701,10.076,12.125,,10.27,11.049,10.503,11.041,10.065,11.296,11.743,13.097,13.094,10.982,,12.068,12.553,12.415,,11.232,11.043,10.718,12.005,10.759,,10.881,9.629,11.679,12.123,11.482,10.797,10.599,10.114,10.633,10.972,11.162
O75791,GRAP2,12.538,11.595,10.881,11.261,11.1,12.101,10.135,11.577,11.936,12.069,10.938,11.589,,10.666,12.264,11.748,11.508,10.261,9.61,11.766,12.924,,11.882,12.833,11.604,13.071,11.474,12.654,,12.777,11.18,11.059,,11.269,11.961,12.378,12.717,,10.53,10.408
O76054,SEC14L2,9.679,8.72,9.761,11.096,7.956,9.838,8.82,10.167,9.332,8.768,7.976,,9.201,9.234,10.343,8.65,,8.998,,8.753,9.634,8.997,10.053,8.634,7.964,8.794,8.431,9.656,,,8.854,8.63,8.902,10.766,8.126,9.965,10.893,8.949,9.556,
O95236,APOL3,7.477,6.841,5.093,7.474,,,5.545,4.783,6.15,4.666,7.288,4.838,5.817,5.328,5.619,6.507,6.677,6.587,6.084,6.35,7.3,7.398,,5.688,6.772,6.141,6.171,6.218,6.229,8.052,7.156,5.78,,6.775,6.587,,5.75,5.812,,
O95248,SBF1,11.305,11.194,,11.007,,11.269,11.796,11.311,9.298,10.109,10.724,11.649,9.682,11.581,10.177,10.395,,10.032,10.451,11.387,11.754,9.826,10.06,11.098,,9.837,7.892,9.054,10.091,10.979,10.901,9.429,10.627,11.737,9.923,11.728,10.718,,9.446,9.853
O95461,LARGE1,7.206,7.228,8.251,7.912,10.651,8.581,7.828,7.105,7.584,7.412,8.051,9.372,8.609,8.615,8.215,7.536,7.778,8.335,,,8.656,7.597,8.594,9.073,7.688,7.84,6.552,7.982,8.15,8.955,7.026,,8.75,7.073,8.524,,,,8.548,8.152
O95502,NPTXR,10.571,9.445,11.667,9.676,9.534,9.142,10.516,9.437,11.681,8.768,9.731,10.546,12.11,11.557,,9.29,9.788,10.763,10.633,9.455,9.702,10.784,10.438,10.31,9.4,11.121,10.018,9.891,10.603,10.697,8.119,10.953,10.946,,9.865,8.427,,9.683,9.347,11.989
O95503,CBX6,15.31,14.529,13.684,13.926,12.867,14.858,14.733,13.642,14.75,13.496,13.251,15.694,12.574,13.101,14.299,15.276,13.993,,15.349,14.254,14.174,15.157,14.811,13.816,15.426,14.391,14.612,15.633,,15.073,13.2,14.429,13.075,13.499,15.041,13.388,12.901,15.39,13.851,14.308
O95567,C22orf31,8.987,8.77,9.294,9.339,8.748,6.771,8.987,8.287,9.212,7.962,7.96,7.925,9.287,8.88,8.243,8.454,,9.246,8.459,10.336,7.962,7.884,,8.898,10.998,8.137,7.563,7.176,9.367,9.579,9.082,9.964,7.012,9.32,8.654,9.988,8.488,8.644,7.692,9.026
O95696,BRD1,5.945,5.437,6.335,,7.458,7.591,5.578,6.978,6.956,5.391,5.867,7.991,6.648,,6.686,,6.505,6.868,6.484,8.867,7.874,,6.853,5.988,,,7.516,6.935,7.374,6.394,5.968,6.287,6.486,7.002,7.495,6.49,,7.937,6.135,7.481
O95721,SNAP29,8.248,8.017,10.117,8.296,7.513,8.869,9.497,9.508,8.785,9.207,8.269,9.109,8.739,8.942,8.655,8.041,8.392,10.034,7.703,,,7.502,7.599,7.766,10.402,8.538,9.205,10.517,7.684,,8.415,8.313,8.331,10.301,,10.045,9.19,,9.721,8.737
O95755,RAB36,8.494,8.19,8.088,10.243,9.466,8.455,9.826,9.86,7.213,10.114,8.072,7.115,10.072,9.495,8.018,10.292,8.972,7.94,9.409,7.73,9.361,8.277,7.801,9.565,8.118,9.548,7.335,,8.171,8.419,9.068,9.061,9.435,9.054,8.455,9.678,9.155,7.47,7.854,7.856
O95907,SLC16A8,13.141,12.605,12.349,11.775,11.807,13.602,12.286,12.346,11.172,13.358,,11.801,13.68,11.459,11.382,11.605,12.333,11.852,12.287,12.484,13.119,13.299,13.159,13.399,13.169,12.914,13.464,12.428,12.34,11.93,11.842,10.733,11.843,12.243,12.285,12.229,11.994,13.368,13.528,12.837
O95922,TTLL1,10.912,13.724,11.672,11.054,,11.635,,,12.2,12.433,11.696,11.097,11.547,12.408,10.817,13.067,11.149,11.678,11.618,12.255,,12.438,11.067,10.176,12.433,10.098,13.483,,11.477,10.438,11.143,12.363,11.484,12.057,12.409,10.6,10.525,10.551,11.539,11.628
O95931,CBX7,13.549,14.026,13.897,13.749,12.081,,13.31,12.333,14.548,,12.879,14.606,13.341,14.619,13.631,14.503,14.155,12.218,12.696,12.763,15.776,14.473,15.144,12.987,14.35,13.3,15.284,14.072,13.148,13.234,14.219,13.836,13.832,13.14,14.472,13.464,13.373,14.304,15.031,13.431
O95985,TOP3B,12.387,13.25,12.911,10.905,12.401,12.95,13.067,13.132,13.85,13.646,12.38,13.016,13.298,12.828,10.966,12.469,13.966,12.39,12.507,12.133,12.224,,13.474,11.377,11.686,12.951,12.628,11.018,12.09,13.583,12.772,11.642,12.672,14.485,12.917,11.981,12.91,12.471,11.58,13.341
O96015,DNAL4,9.659,11.98,11.099,11.62,10.248,10.634,,9.668,11.031,10.101,10.181,9.999,10.741,,,10.784,10.285,9.966,10.179,10.194,8.746,9.104,10.041,9.072,9.564,11.057,10.361,10.787,9.364,11.567,11.275,11.415,10.633,9.285,,11.346,9.585,8.773,8.334,11.26
O96017,CHEK2,14.079,14.112,14.856,15.542,14.043,13.743,13.885,12.406,14.219,15.235,14.707,14.185,15.484,13.764,13.899,13.784,14.159,14.266,14.677,12.448,13.015,14.955,13.149,15.303,11.891,15.449,14.316,15.097,14.243,15.39,14.928,14.647,12.816,12.503,13.458,13.088,15.259,14.092,14.451,12.731
P00387,CYB5R3,9.05,7.945,9.213,6.741,8.64,7.622,,6.896,8.592,6.457,7.218,9.019,6.971,7.875,6.617,7.717,8.998,7.728,6.952,7.301,7.998,7.865,,8.231,,7.951,6.193,8.216,6.561,7.662,7.539,8.859,7.191,8.144,8.419,6.234,8.282,9.51,8.567,7.039
P01127,PDGFB,,6.773,5.446,7.635,4.932,6.451,6.049,7.928,6.753,7.179,6.083,7.021,,,5.523,5.526,7.103,6.935,5.872,5.358,7.034,6.66,7.021,7.488,5.871,,7.337,6.031,6.646,5.236,,5.187,7.578,4.821,6.251,6.257,6.003,6.236,5.11,6.406
P01701,IGLV1-51,8.031,5.176,6.7,,8.028,7.121,6.434,,7.133,6.584,6.436,6.666,8.443,7.499,6.247,7.956,6.133,8.803,,4.845,5.303,,7.28,7.723,7.838,6.466,5.605,6.883,,6.838,8.588,8.043,6.73,7.318,6.358,7.666,6.625,,7.22,7.081
P02144,MB,12.916,,13.492,,13.558,13.293,14.56,13.157,12.661,14.62,13.491,11.797,13.074,13.682,14.238,13.195,12.743,12.293,13.395,14.075,14.288,11.923,13.917,12.784,13.278,12.454,11.844,13.861,13.013,13.594,13.388,14.667,14.771,14.254,12.856,14.155,13.928,14.2,13.803,13.26
P05162,LGALS2,10.08,11.229,10.723,8.705,10.299,11.029,,9.412,11.423,11.702,,11.086,10.072,10.024,11.362,10.585,11.25,11.185,,8.02,10.965,9.979,10.505,11.283,11.127,11.355,10.568,10.164,9.353,10.611,10.727,11.088,9.409,,10.731,,9.339,9.163,10.055,11.863
P05546,SERPIND1,7.608,6.181,8.423,,7.673,8.684,6.461,8.579,7.704,7.605,5.418,9.06,7.288,8.147,7.7,9.164,6.804,8.17,9.024,,,8.272,,8.255,8.348,7.523,7.621,7.107,,7.819,,8.557,,8.253,8.273,6.339,8.464,8.664,8.033,7.295
P07305,H1-0,10.534,10.497,11.308,10.862,10.297,10.096,10.738,10.104,11.171,9.067,11.82,10.692,11.503,9.19,11.215,10.843,11.111,11.753,,11.027,9.206,11.366,11.163,12.488,11.433,9.219,10.527,10.419,11.18,10.841,10.988,10.241,12.175,10.61,13.121,9.972,10.106,11.829,9.914,
P09382,LGALS1,6.403,7.804,6.361,8.184,8.25,8.637,6.52,7.636,8.638,5.861,6.875,8.075,8.555,5.216,6.893,7.077,,,8.63,7.208,6.658,7.367,8.815,6.904,6.955,7.876,6.791,8.271,8.355,7.513,6.394,6.748,7.45,9.041,7.222,6.809,6.798,7.943,6.44,8.199
P09601,HMOX1,12.672,12.173,12.352,12.879,13.268,13.254,12.314,12.978,13.559,14.146,11.978,14.392,13.52,,12.368,11.849,11.233,13.839,14.399,14.059,12.56,,11.687,12.438,11.341,12.325,12.91,12.238,12.061,12.744,13.661,13.992,12.228,13.442,13.691,13.064,13.371,12.805,13.532,13.208
P0C7N4,TMEM191B,10.249,10.499,9.807,9.212,11.017,9.134,9.834,10.199,12.422,,12.085,9.906,10.62,10.275,10.226,10.222,10.991,11.209,10.286,10.913,8.98,,10.777,11.029,11.372,11.461,,11.135,10.475,10.649,10.902,10.936,9.53,9.927,11.137,10.72,10.234,10.866,10.821,10.707
P0C7P2,RFPL3S,9.63,9.632,9.469,10.976,9.555,8.782,9.911,8.649,10.297,,10.851,11.058,8.843,8.822,11.757,,10.317,10.082,10.296,9.634,,9.938,9.402,10.066,9.549,10.567,10.85,10.423,9.29,9.814,9.119,8.713,10.176,9.524,10.431,10.534,,10.618,,9.071
P0CF74,IGLC6,10.19,8.992,8.328,,9.541,10.111,8.911,8.574,7.975,9.156,,8.247,7.79,9.245,9.881,8.313,8.315,7.72,9.734,10.481,7.927,8.01,8.878,9.434,8.34,7.911,10.2,7.966,7.699,,10.581,,8.237,9.284,9.733,10.502,,8.889,9.294,9.55
P0CG04,IGLC1,11.431,12.289,12.418,11.642,13.585,12.043,12.333,,12.774,12.161,,13.721,10.354,12.197,13.154,13.173,11.3,12.004,13.534,11.212,,12.307,12.684,11.973,13.167,12.93,12.602,12.438,12.369,13.344,12.872,11.843,12.868,13.493,12.415,11.437,10.921,12.51,11.178,11.796
P0CG29,GSTT2,9.83,10.205,9.346,8.076,10.071,8.887,8.654,9.27,8.615,8.1,9.47,11.664,9.414,9.765,9.276,10.055,7.701,8.997,9.562,9.967,9.25,8.262,9.794,8.812,7.713,9.793,9.965,9.464,10.92,10.041,10.516,10.64,11.281,,9.967,10.315,,7.607,8.026,10.171
P0CG30,GSTT2B,6.222,6.978,7.564,,8.015,9.089,6.595,6.692,,6.869,,7.171,7.198,8.815,,7.153,,5.106,7.928,,7.563,7.307,8.109,6.417,7.539,8.026,6.901,7.713,6.644,6.67,7.694,6.72,6.681,6.777,6.17,7.742,6.743,6.718,,5.753
P0DOX8,P0DOX8,8.557,6.358,6.993,7.436,7.031,6.895,7.647,8.279,6.109,5.726,6.563,8.144,7.201,7.609,6.523,,8.076,6.0,,,,6.831,7.759,,7.438,7.133,7.473,6.437,7.819,,8.58,6.152,5.735,7.252,7.799,7.81,7.662,6.223,8.553,
P0DOY2,IGLC2,15.827,15.816,13.696,16.03,15.297,15.582,15.037,14.672,15.677,14.965,16.939,16.74,15.534,16.349,15.544,15.622,15.658,15.056,15.344,16.985,15.752,15.818,15.987,14.932,13.636,16.802,15.554,15.184,16.142,15.724,16.573,16.535,15.865,16.327,16.514,14.026,16.338,14.597,14.228,15.286
P0DOY3,IGLC3,15.035,16.763,13.731,14.962,14.804,14.961,14.926,15.463,15.309,13.792,15.233,14.281,14.716,14.535,16.524,15.033,14.933,15.025,14.37,15.936,15.94,15.082,14.977,15.565,15.27,15.411,15.593,14.398,15.046,15.955,15.642,14.761,16.523,14.458,15.693,14.672,17.256,15.282,16.036,16.012
P0DSO1,FAM246C,13.943,13.018,11.465,13.212,15.042,14.025,12.141,12.802,11.383,12.5,12.626,12.457,12.311,12.12,13.078,12.241,11.629,12.481,11.355,12.925,13.26,13.814,11.065,14.095,12.207,12.428,12.868,12.23,13.343,13.452,14.474,12.64,12.899,12.392,13.011,11.316,12.756,13.283,12.354,14.155
P10323,ACR,9.032,10.469,10.959,8.291,7.979,8.118,,7.151,8.214,9.94,,9.213,7.403,8.324,8.098,8.974,9.184,7.095,8.773,9.073,9.578,8.732,8.761,8.26,9.148,10.153,9.001,9.269,7.163,,9.335,9.3,7.65,8.388,7.786,9.728,7.207,9.198,8.549,9.316
P10635,CYP2D6,14.906,16.487,14.87,14.595,15.506,15.176,15.774,15.317,15.809,15.401,15.005,16.033,14.066,15.515,15.436,16.853,13.869,15.756,15.277,16.461,15.953,14.998,16.312,16.285,16.2,16.835,14.517,17.214,15.388,16.075,15.333,15.715,15.252,16.661,14.89,14.218,15.066,15.342,16.529,15.534
P11274,BCR,13.027,13.26,15.161,13.156,11.967,14.219,14.331,14.883,14.11,13.639,13.443,15.122,13.632,14.433,14.163,14.367,13.569,15.003,13.734,14.141,14.532,13.807,14.619,14.037,13.401,14.259,12.553,13.933,13.55,14.857,14.072,12.916,12.942,14.976,15.032,15.349,13.083,,13.558,13.807
P12018,VPREB1,13.393,12.545,11.691,14.761,,13.323,11.164,12.81,14.463,13.176,12.441,12.926,13.165,11.996,12.262,12.291,,,12.957,12.54,13.735,11.483,13.394,13.432,13.597,13.463,12.294,13.34,13.683,13.5,13.534,14.638,13.841,13.115,12.717,13.471,12.441,13.088,13.769,12.324
P12036,NEFH,10.195,9.137,11.096,9.906,10.059,,10.62,9.776,8.837,10.086,,10.441,10.583,10.44,9.714,10.926,10.05,11.17,8.843,10.942,10.252,,11.676,10.324,10.669,10.554,12.416,10.076,10.744,11.594,9.776,10.718,10.196,10.669,10.246,10.428,10.093,9.413,9.47,10.595
P12956,XRCC6,9.599,8.683,9.513,7.807,9.859,,8.231,9.555,8.844,9.396,7.656,8.401,8.104,7.958,9.243,8.976,8.395,9.193,8.101,9.127,8.632,8.593,8.139,10.392,8.712,8.01,9.361,10.641,9.035,8.241,7.833,8.043,7.781,8.863,7.25,9.833,6.755,,9.903,7.748
P13224,GP1BB,6.801,5.796,,6.059,7.919,6.039,6.924,,6.018,7.367,,7.785,7.403,6.803,7.598,6.565,5.316,,6.707,,,6.236,,6.779,7.228,6.933,6.358,6.467,6.937,6.671,,6.85,5.074,6.481,7.285,6.138,6.526,7.214,,5.849
P13725,OSM,14.107,14.387,14.971,16.786,16.211,13.486,14.811,15.537,14.858,14.393,16.218,15.686,16.04,15.428,15.043,15.283,14.132,15.403,,14.24,14.666,15.891,15.918,15.301,14.35,14.7,15.275,14.644,15.053,13.3,15.079,14.939,14.569,15.803,13.843,15.556,,15.419,14.094,16.593
P13866,SLC5A1,11.434,10.161,10.907,10.416,11.697,8.908,11.598,9.727,10.708,10.666,9.627,10.081,11.273,9.93,11.179,10.808,10.469,11.692,9.298,12.009,9.923,9.792,11.382,11.012,10.517,10.603,10.33,9.509,11.38,11.041,11.035,10.691,11.982,10.661,10.462,10.859,12.411,9.883,10.258,11.246
P14174,MIF,6.637,6.412,7.835,7.324,8.229,7.586,6.506,,9.454,8.386,7.55,8.709,7.432,7.916,8.463,6.993,8.538,8.09,8.798,,,9.522,8.039,6.181,5.753,8.398,,7.798,8.807,8.415,9.714,8.236,7.393,8.371,9.14,,8.369,9.6,7.367,
P14784,IL2RB,9.205,9.602,8.173,7.927,10.16,,,10.255,8.174,8.55,8.523,8.703,8.333,8.777,9.462,10.241,9.439,9.161,10.312,9.999,8.325,8.44,9.216,10.714,9.751,9.351,9.233,,7.977,8.969,9.532,9.318,8.875,8.687,9.049,8.757,7.957,11.883,8.085,9.848
P15018,LIF,11.655,11.567,12.022,12.454,11.227,,11.749,,11.912,,10.271,10.916,11.747,10.917,11.611,11.8,11.261,12.169,12.473,11.182,,12.3,10.745,11.168,11.172,11.313,,11.587,9.89,12.105,10.985,11.257,11.713,10.703,13.137,12.113,,,12.995,11.106
P15153,RAC2,7.093,7.478,7.727,7.467,7.603,7.567,7.155,7.462,9.776,7.549,8.059,,,7.669,8.062,6.257,,7.708,,7.416,8.632,7.487,8.989,6.906,6.556,8.743,6.759,,7.599,,6.426,7.419,7.499,7.65,6.926,7.538,9.006,8.592,,7.918
P15289,ARSA,14.321,15.552,13.841,15.204,12.44,14.42,13.388,14.588,13.019,14.777,15.193,15.398,15.714,14.102,14.407,14.085,14.773,14.251,13.931,14.887,15.646,14.941,15.208,13.788,14.098,12.295,15.27,13.885,15.782,13.748,14.483,15.242,16.56,14.173,13.886,13.948,14.363,15.607,14.392,15.744
P15814,IGLL1,14.808,11.824,12.764,13.71,13.497,13.887,12.302,12.664,12.877,12.527,13.662,12.615,12.977,13.452,13.182,12.402,,12.846,13.709,13.501,14.369,13.897,15.316,,15.025,14.443,13.187,14.147,15.656,13.161,13.669,12.751,13.91,14.252,12.205,13.57,13.724,14.516,14.306,14.209
P17050,NAGA,14.178,13.327,14.682,,11.631,13.208,12.158,13.879,13.45,13.037,12.683,,11.494,12.668,12.033,,13.306,12.734,13.498,14.819,13.714,13.111,13.044,13.373,11.911,11.379,12.957,13.237,14.312,13.137,13.183,13.684,13.562,12.119,12.879,,12.259,11.415,14.215,12.919
P17861,XBP1,8.683,11.06,,9.709,12.01,10.499,9.09,10.095,9.826,10.768,11.561,10.654,10.153,11.075,9.307,,9.801,9.746,10.043,10.073,9.737,10.762,10.308,9.448,10.828,8.142,9.39,10.841,9.536,11.085,11.651,,11.558,9.876,9.786,10.369,11.236,9.436,,10.238
P18848,ATF4,12.736,12.65,11.585,12.211,12.61,11.901,,13.236,12.606,12.525,11.797,13.052,12.359,12.92,11.05,12.034,,11.13,10.825,12.073,12.592,12.421,12.34,11.951,13.1,12.558,12.103,12.138,11.852,11.098,11.532,11.584,11.945,12.974,12.701,13.228,9.887,12.533,,11.821
P19086,GNAZ,13.33,12.477,13.292,10.89,10.739,13.192,,11.417,10.717,11.62,13.524,11.33,13.216,11.777,11.893,12.021,12.174,10.622,13.415,12.502,12.369,11.595,12.121,11.946,,11.165,,12.356,,11.277,12.043,11.877,12.184,11.63,,10.846,12.435,11.514,12.071,11.85
P19440,GGT1,13.513,,13.148,11.822,12.844,12.379,11.991,11.895,13.77,13.622,12.525,,12.343,12.701,10.908,,13.086,12.769,12.947,11.332,12.687,11.778,12.262,11.792,13.183,13.347,11.778,12.614,13.406,13.995,12.655,11.563,11.54,14.623,12.352,11.989,12.664,13.302,12.717,13.208
P19971,TYMP,7.715,7.037,6.984,5.814,7.39,6.734,6.146,6.732,8.383,7.571,7.579,8.253,6.058,6.295,7.35,5.161,8.025,7.257,,6.671,5.143,7.835,7.231,7.536,6.281,8.45,5.965,,,7.531,5.005,5.393,,7.716,7.648,,5.315,8.392,6.275,7.637
P20062,TCN2,10.634,9.972,10.678,9.262,10.089,10.007,10.134,10.803,11.347,,9.878,9.547,9.179,,9.588,10.524,9.339,10.801,11.255,9.833,10.141,,10.044,10.404,10.545,9.328,9.56,9.873,9.787,10.599,11.172,,9.465,11.798,10.09,10.706,10.809,10.559,10.265,10.698
P20472,PVALB,6.427,6.059,6.274,6.689,6.015,6.513,8.284,5.605,6.43,7.038,,6.462,,5.655,7.165,5.855,6.602,5.409,6.603,6.463,7.153,5.579,7.294,,,6.027,6.698,,5.473,6.408,7.148,6.667,7.357,7.968,6.306,8.329,6.138,6.53,6.593,6.949
P21964,COMT,10.15,11.38,9.829,10.398,10.534,10.523,10.48,11.136,10.327,10.587,12.32,10.837,12.342,11.294,10.678,9.668,11.344,11.98,11.48,11.385,12.123,,11.854,11.402,11.39,9.722,,12.576,10.603,9.815,11.871,10.874,12.403,9.994,9.575,12.73,10.666,10.18,10.42,9.266
P23142,FBLN1,11.341,9.045,8.698,8.249,8.473,9.728,9.399,9.261,7.911,9.138,9.686,9.599,9.205,,6.882,7.972,,9.616,9.002,8.978,10.81,8.677,9.727,9.919,,11.592,8.861,10.315,9.859,10.149,,7.808,8.118,10.087,7.999,11.126,8.141,9.406,9.438,9.365
P24347,MMP11,8.956,7.158,6.726,6.882,7.298,7.074,7.153,7.243,,7.937,,6.749,5.946,7.601,,,7.363,6.886,7.829,,6.416,7.818,8.033,8.07,,5.651,7.582,7.562,8.808,8.244,7.901,6.717,6.322,7.255,7.274,6.983,7.423,7.736,8.346,7.701
P25325,MPST,6.65,7.345,7.602,6.543,8.095,5.977,,6.589,7.101,6.825,8.378,7.606,6.479,6.735,6.785,,,8.838,7.743,,7.277,8.502,7.018,5.625,6.091,6.296,6.851,5.861,7.659,7.235,7.872,7.217,6.324,5.161,8.624,,7.915,7.453,6.893,7.783
P26998,CRYBB3,12.493,12.81,11.985,11.506,11.337,11.29,12.147,13.041,11.801,13.422,13.164,,13.115,12.554,12.475,11.239,12.615,13.01,,11.379,11.88,11.379,12.569,12.393,12.193,11.231,11.525,13.07,,10.813,11.472,11.876,11.883,12.321,,,11.228,12.129,11.456,12.902
P28482,MAPK1,7.101,7.433,7.883,7.336,8.028,7.815,8.699,8.873,6.866,7.711,,8.862,7.803,7.352,7.413,7.838,8.238,9.174,7.644,7.861,6.081,7.354,7.091,7.878,8.838,9.105,5.989,7.249,,7.991,7.319,7.582,5.881,8.26,6.315,7.156,8.541,7.918,6.75,7.871
P29274,ADORA2A,16.549,15.767,13.777,14.713,16.19,14.096,15.673,14.581,14.882,13.786,15.269,14.627,14.985,17.184,16.246,14.608,14.661,16.274,14.13,14.768,15.892,14.835,14.438,14.554,14.7,15.975,15.434,,15.348,15.349,14.77,15.526,14.397,16.242,,13.988,14.694,14.625,14.941,17.048
P30046,DDT,11.979,11.732,12.552,12.071,12.007,11.578,10.589,11.497,11.557,11.729,10.212,12.081,11.812,11.801,,12.523,12.488,12.005,12.229,11.552,10.614,12.477,12.157,11.531,12.863,,11.634,12.011,11.033,12.277,12.077,13.191,11.758,11.572,11.65,,13.236,11.164,13.193,11.021
P30536,TSPO,9.424,8.552,9.049,9.078,9.028,9.336,9.954,9.131,10.629,8.318,10.049,8.42,9.423,9.228,8.815,10.179,9.127,11.067,10.749,9.492,10.438,8.518,9.467,9.144,9.686,10.138,8.521,,10.262,,10.053,,,,,9.836,,9.695,9.547,9.214
P30566,ADSL,9.755,11.865,12.751,12.258,11.775,12.819,11.236,12.025,11.67,11.856,11.546,10.762,11.655,12.114,12.918,12.13,12.699,11.356,13.551,11.282,12.613,11.209,,12.781,14.018,11.442,,13.28,12.073,,10.897,,11.986,11.316,11.94,11.228,12.28,11.118,12.508,11.787
P31941,APOBEC3A,6.538,7.428,6.845,6.981,5.11,6.99,6.119,5.945,6.538,4.869,7.169,6.188,5.608,6.721,6.678,7.541,,6.731,7.241,5.543,5.925,6.763,5.189,7.674,6.124,7.427,,4.179,5.302,6.839,,6.82,,6.157,8.185,,5.948,8.541,5.407,5.949
P32745,SSTR3,15.34,15.701,14.114,16.233,14.506,15.283,15.455,17.21,13.898,16.866,15.516,15.366,16.318,16.362,16.194,15.989,14.346,15.426,15.37,15.022,15.392,15.098,14.455,16.226,16.369,15.111,17.165,14.723,14.415,14.556,15.203,15.779,16.08,17.465,15.655,15.392,16.476,15.513,15.625,15.916
P32927,CSF2RB,9.733,11.652,9.721,12.259,11.963,11.476,9.874,10.324,10.821,11.675,10.422,10.713,10.97,12.417,12.483,11.917,9.612,8.802,11.292,11.669,11.735,11.601,12.043,10.916,11.284,11.572,11.524,10.637,9.916,9.706,10.638,9.967,10.289,11.659,11.192,10.991,10.899,10.042,11.588,11.073
P33992,MCM5,13.462,13.49,,14.441,13.578,13.03,12.844,13.889,15.181,14.79,13.791,12.849,13.515,13.461,12.816,14.969,14.476,13.7,13.6,,14.488,14.525,14.877,13.829,15.511,14.585,13.228,12.943,12.84,16.093,14.535,14.965,13.888,14.193,13.167,13.19,12.9,13.408,13.514,16.592
P35240,NF2,6.706,6.927,7.7,,7.991,6.743,6.649,,5.782,6.712,6.544,6.961,7.17,7.997,8.166,6.414,6.657,7.185,6.868,5.94,8.061,6.408,6.036,5.996,6.934,6.078,6.34,9.104,,6.317,6.805,5.382,6.689,5.336,7.826,6.643,7.266,7.209,7.061,
P35579,MYH9,11.174,9.722,9.332,10.52,9.739,9.734,11.131,11.311,11.611,11.743,10.176,10.309,10.728,11.08,11.131,9.501,10.114,11.054,10.524,11.244,10.842,12.538,11.205,,10.415,11.754,12.084,10.891,10.319,10.495,9.366,10.045,11.426,11.448,11.543,10.144,11.978,,10.907,11.859
P35625,TIMP3,10.922,11.68,12.611,10.644,9.126,10.274,11.384,11.759,12.064,12.337,10.41,11.033,11.952,9.462,10.207,11.982,10.692,10.662,11.185,12.906,11.302,11.826,11.478,12.484,11.281,,11.76,9.678,12.131,10.412,10.077,11.316,10.128,10.805,11.024,9.541,11.204,,10.889,11.029
P35626,GRK3,15.799,15.304,15.542,15.583,17.214,15.787,15.785,14.49,15.94,14.356,15.644,15.192,15.676,16.217,16.278,13.597,15.072,15.267,14.218,16.064,15.771,14.858,15.884,15.288,14.732,15.208,14.018,15.76,16.033,,15.422,15.048,16.053,14.859,15.138,16.152,14.815,14.486,15.318,14.042
P36269,GGT5,12.267,,11.44,12.028,11.539,8.92,12.341,11.823,13.125,12.35,11.498,9.98,11.736,12.263,13.378,,12.399,11.956,12.207,12.226,10.417,12.303,,12.074,12.512,11.851,11.837,11.638,11.115,10.6,11.17,11.532,12.702,13.946,12.002,11.01,11.948,11.772,13.17,
P36543,ATP6V1E1,10.423,8.788,9.824,9.911,10.116,10.001,10.567,10.618,10.348,10.225,10.583,11.345,13.204,9.498,11.077,9.195,,9.218,10.231,,10.394,10.388,11.09,10.327,11.383,10.422,12.01,10.126,10.513,9.606,10.679,10.056,11.645,10.707,10.485,9.705,11.743,,11.814,
P39023,RPL3,9.903,9.709,8.49,,9.032,8.98,10.525,8.999,8.785,7.934,7.238,,8.122,9.161,8.12,9.965,8.102,8.178,9.907,9.156,8.313,7.252,8.617,7.153,8.876,8.338,,8.595,,8.24,7.017,8.458,8.97,8.646,,9.238,10.124,8.342,10.127,9.131
P42356,PI4KA,9.86,8.071,8.97,8.763,8.952,10.349,8.813,9.41,10.393,,8.99,10.692,9.115,9.173,9.583,9.969,,9.399,9.557,10.297,,9.201,,8.105,9.878,8.217,8.631,10.697,9.027,9.231,9.631,7.359,,9.879,,6.416,8.826,9.064,10.716,10.023
P43320,CRYBB2,10.913,10.102,11.918,12.481,10.748,10.001,10.807,12.302,11.664,12.301,11.916,11.577,,10.481,11.706,10.957,12.778,11.865,10.997,10.974,10.297,10.831,13.142,11.64,10.862,11.092,11.573,11.048,11.227,13.121,9.572,10.317,9.386,11.288,11.221,12.705,9.664,10.392,11.325,11.811
P43487,RANBP1,9.566,10.583,11.417,10.732,10.744,11.581,10.534,12.039,10.447,11.839,8.729,11.016,10.111,10.676,10.835,,11.204,10.49,9.975,11.084,,11.801,9.867,10.599,11.249,11.631,,10.369,11.169,,9.903,9.826,10.113,10.411,12.483,9.324,8.605,10.723,10.312,10.418
P46060,RANGAP1,6.544,5.859,7.44,7.592,6.086,6.572,6.417,6.046,5.239,5.971,5.266,6.967,6.216,6.556,6.907,7.007,6.081,7.253,6.283,7.036,5.323,6.863,6.797,5.962,5.197,5.623,5.725,,6.466,5.257,6.218,5.888,7.018,,4.924,5.611,6.495,6.658,7.097,7.538
P46109,CRKL,14.292,13.583,14.854,13.606,14.347,15.048,15.331,15.892,13.997,13.622,14.78,13.964,14.306,13.075,15.889,14.424,12.785,14.3,14.823,15.696,,14.795,14.547,14.263,14.472,14.194,13.389,15.079,14.239,14.514,14.187,13.003,13.663,15.316,13.671,13.262,13.302,14.989,13.987,12.709
P48050,KCNJ4,15.058,14.991,14.068,15.114,15.391,13.78,15.42,13.797,14.607,14.213,14.426,14.132,16.676,13.697,15.855,14.625,15.851,15.727,14.188,14.306,15.313,14.979,14.656,14.288,16.189,14.645,14.772,15.491,14.071,16.415,13.173,15.762,14.861,15.663,13.981,14.912,16.581,17.603,15.038,16.01
P48739,PITPNB,6.871,7.275,8.282,,7.158,7.779,,5.863,8.119,,6.704,,8.468,7.326,6.945,6.018,7.564,6.097,6.578,6.825,7.096,6.688,6.486,6.137,7.455,5.947,6.416,7.001,7.489,7.748,8.954,6.736,5.183,7.875,,,6.513,7.068,7.481,6.543
P49593,PPM1F,11.133,10.243,13.458,12.659,11.601,10.906,11.983,12.191,11.49,11.314,11.936,11.733,12.542,11.146,11.669,12.064,10.85,11.111,11.947,11.929,11.794,12.791,11.442,12.995,13.047,11.134,12.002,,10.203,11.681,10.818,12.455,11.647,10.738,12.283,11.832,11.135,10.561,11.53,11.604
P49674,CSNK1E,7.846,7.123,,7.497,7.13,,7.241,7.611,,7.695,7.367,,6.846,7.327,6.647,9.362,7.786,8.628,,6.716,4.506,6.077,6.715,8.065,6.866,6.226,7.354,5.226,,7.878,8.47,,6.567,7.58,7.734,7.998,,,6.337,7.838
P50502,ST13,12.376,11.828,,12.738,12.924,12.102,13.939,14.082,,12.918,12.234,13.637,12.705,12.542,12.261,11.363,12.931,13.138,,14.983,14.214,12.748,12.385,13.303,13.583,12.424,12.226,12.108,11.46,12.23,13.209,12.881,13.401,11.701,13.675,12.343,12.253,,11.281,12.263
P53007,SLC25A1,9.267,9.053,7.565,,8.781,7.714,9.14,8.258,9.189,9.157,9.235,,9.537,8.705,9.515,8.766,8.363,8.194,8.28,9.256,7.55,9.189,8.475,9.171,8.587,7.436,,9.057,,9.664,8.413,9.338,8.659,9.332,9.384,8.285,9.135,9.002,,8.429
P53671,LIMK2,11.424,11.748,12.836,13.935,12.074,11.8,11.437,12.99,14.022,12.577,12.35,13.024,12.527,10.379,11.254,13.566,,11.965,11.993,12.959,13.059,13.193,11.447,11.326,11.102,12.177,12.274,12.79,13.528,11.483,13.209,13.374,15.538,12.726,12.264,12.315,12.323,13.664,13.261,13.055
P53673,CRYBA4,13.938,13.606,13.129,12.786,,13.632,13.821,13.105,12.91,13.232,14.766,15.139,14.007,12.716,12.113,14.568,13.644,13.394,12.715,14.792,12.66,14.156,13.973,12.728,15.153,13.212,12.704,14.117,13.578,13.162,13.728,14.282,13.699,13.142,13.651,12.652,13.754,12.896,13.989,14.09
P53674,CRYBB1,13.401,12.685,15.194,13.569,14.953,,13.536,13.896,13.385,14.673,13.17,14.452,12.983,13.11,,13.241,13.543,11.963,13.981,13.053,13.568,,12.966,13.617,12.439,15.107,14.108,13.522,13.967,12.298,12.99,14.947,,13.543,12.033,14.339,13.201,12.916,11.993,15.282
P53675,CLTCL1,,6.349,,8.167,7.919,6.875,5.638,6.158,7.621,6.988,6.77,,6.816,6.988,6.646,7.211,7.011,,,7.221,7.148,6.156,8.096,6.233,8.035,5.779,7.736,9.491,,7.849,,6.745,6.739,5.996,7.769,6.248,7.506,8.043,8.043,6.514
P53778,MAPK12,16.085,14.955,15.133,14.362,14.6,16.698,16.516,14.528,14.512,15.361,14.962,,14.82,15.219,13.536,15.091,16.122,14.024,14.803,15.449,15.738,13.849,14.359,15.259,15.838,15.422,16.917,14.801,14.304,14.687,14.651,14.438,15.506,13.736,16.269,15.029,15.544,,14.507,14.896
P53814,SMTN,8.203,8.416,7.565,9.443,8.408,9.484,8.547,8.07,7.401,8.881,8.934,8.103,,8.777,7.735,8.562,8.807,8.765,7.328,9.353,,7.664,8.165,8.425,7.02,8.323,8.392,8.86,7.446,10.183,8.279,8.887,8.504,9.242,7.471,9.919,8.064,8.476,,8.569
P54198,HIRA,6.417,7.634,7.437,6.841,7.303,,6.703,5.031,7.259,6.346,,5.531,6.497,7.507,7.482,6.237,7.224,5.529,,,,6.664,6.244,5.548,6.294,7.902,6.085,7.471,6.621,7.45,5.597,5.559,7.99,6.793,5.809,6.382,7.188,6.85,7.648,
P55769,SNU13,10.832,12.671,14.003,9.869,11.523,11.964,11.93,11.937,10.58,10.139,10.311,11.816,11.143,10.904,11.442,12.051,13.071,11.127,,11.732,12.073,11.151,12.565,11.933,10.464,11.346,12.363,12.068,11.569,,11.648,12.016,11.479,11.249,12.061,11.446,11.902,11.7,10.427,10.751
P55957,BID,10.098,9.214,9.064,9.138,12.231,10.985,,11.2,9.902,9.323,10.011,8.983,7.873,8.049,10.542,9.548,,9.987,8.311,8.804,10.087,11.736,8.457,8.591,9.495,9.929,9.321,9.236,9.546,9.923,11.022,10.187,9.135,8.353,10.055,8.87,9.999,10.693,,9.357
P56556,NDUFA6,15.94,13.163,15.722,14.596,13.837,15.563,15.036,14.999,11.79,14.826,13.727,14.314,15.374,14.683,14.159,14.888,14.746,15.544,14.198,13.687,15.246,13.335,15.411,13.481,14.897,14.014,14.895,13.871,14.456,13.106,15.109,14.787,13.424,14.113,15.011,13.932,15.26,15.311,12.977,14.188
P56693,SOX10,14.706,11.912,14.457,14.351,15.782,14.251,14.896,13.173,15.214,13.851,15.986,14.99,14.173,13.278,14.751,15.425,,15.507,13.517,15.831,13.512,15.06,14.649,14.563,14.169,13.382,15.217,14.861,14.041,14.391,13.528,13.203,14.239,14.885,14.06,15.466,13.228,15.245,13.112,15.106
P56706,WNT7B,8.021,9.822,9.353,9.689,8.627,8.584,8.927,,8.881,9.282,9.215,8.378,8.067,9.83,8.387,9.335,8.82,10.279,7.734,,8.09,9.886,8.612,8.903,9.433,8.712,9.605,8.796,7.6,8.861,8.774,,8.078,10.139,,8.932,9.697,10.275,9.72,8.293
P59817,ZNF280A,13.987,15.588,15.708,15.229,14.819,14.568,14.874,15.352,16.136,16.802,15.734,13.611,15.772,16.896,15.885,16.982,15.505,14.928,14.943,15.87,14.69,15.355,15.503,16.388,14.77,16.678,16.964,14.546,14.515,15.379,14.66,15.67,16.456,,15.615,16.824,15.048,15.333,15.531,14.615
P61218,POLR2F,9.377,9.774,8.809,8.984,9.696,8.656,7.622,,,9.261,9.173,9.624,8.522,9.552,8.36,8.699,9.849,9.835,9.78,9.215,8.476,,9.748,7.18,10.32,10.536,9.675,9.27,8.171,8.529,9.491,9.159,9.61,10.407,10.26,8.448,10.015,,8.95,7.775
P61580,ERVK-10,11.583,11.117,10.735,12.934,9.867,,11.887,,11.353,10.181,,11.075,9.637,11.374,10.393,11.195,12.402,,11.766,10.837,11.826,12.352,10.309,9.839,10.181,11.342,10.797,11.738,11.223,10.255,12.59,10.976,12.497,10.708,11.506,10.586,10.825,9.761,10.952,10.252
P61581,ERVK-24,,8.329,7.637,8.296,7.953,7.826,9.615,8.256,8.668,7.949,8.903,8.895,8.467,7.335,9.129,8.273,8.817,7.118,7.934,7.087,7.933,8.144,9.782,9.267,,9.229,8.097,7.833,8.714,8.089,9.672,8.188,10.191,7.977,,7.2,8.045,9.574,7.456,8.128
P62318,SNRPD3,15.691,14.514,15.078,14.414,16.06,16.377,15.058,15.635,16.23,14.701,16.022,14.784,16.068,15.178,15.077,15.576,15.441,15.352,14.456,15.461,15.585,15.097,15.622,14.916,16.849,15.775,13.095,16.496,16.066,14.731,15.13,15.05,15.562,14.559,13.936,16.368,15.236,15.369,15.49,14.806
P62877,RBX1,,7.87,7.753,8.784,9.694,8.483,8.082,8.457,7.954,7.887,7.762,6.679,8.318,6.677,7.684,6.795,8.193,7.376,,,7.242,,6.982,,6.857,,6.744,7.452,7.759,,9.293,8.577,6.639,8.718,,,6.23,7.62,7.713,6.566
P68036,UBE2L3,5.391,,6.947,6.791,6.835,6.368,6.525,6.601,7.662,6.577,4.711,6.481,,6.663,5.907,6.714,5.69,5.521,7.231,5.337,6.33,6.792,4.473,6.673,7.105,6.512,5.205,5.597,5.293,7.757,6.248,5.813,5.395,5.332,,6.353,5.339,5.488,5.967,
P78395,PRAME,11.293,10.78,8.922,9.54,9.81,10.211,,,9.745,10.849,10.339,10.131,10.321,8.909,10.536,9.01,9.515,,10.429,,10.044,10.956,12.16,9.007,,12.303,9.746,11.473,10.582,10.683,9.737,10.636,9.729,11.268,11.485,10.518,9.973,10.365,10.471,10.704
P85298,ARHGAP8,15.356,14.551,15.433,13.769,16.961,16.476,15.812,15.34,14.237,16.29,15.685,15.676,16.806,14.629,15.968,15.968,18.807,15.547,14.333,15.432,14.636,17.311,17.493,15.896,16.853,15.975,15.442,14.914,16.225,16.444,17.077,15.708,15.735,16.13,15.172,16.073,16.23,14.898,17.077,15.785
P85299,PRR5,13.954,15.249,14.759,,13.947,16.491,16.935,15.187,15.221,15.778,14.004,14.47,15.711,16.286,14.421,15.207,15.723,15.031,15.47,14.616,12.572,14.569,15.322,15.834,14.4,15.569,15.157,15.454,14.11,14.539,14.388,15.116,14.868,14.719,13.674,14.072,14.84,14.867,15.031,16.555
P86434,ADORA2A-AS1,14.274,13.549,12.008,13.308,13.77,12.594,12.456,11.765,13.073,13.979,11.707,15.425,12.411,13.749,13.434,12.34,13.367,14.062,12.602,14.625,10.803,,13.88,12.915,14.441,13.119,13.586,14.361,12.655,13.656,13.206,14.523,12.997,14.163,10.169,12.224,15.127,13.654,12.301,12.841
P98153,DGCR2,15.657,15.104,14.885,15.393,16.441,14.643,14.104,14.011,15.14,15.354,15.006,14.476,16.323,14.286,14.042,16.209,16.174,16.668,14.365,16.055,14.37,14.461,15.646,14.796,14.512,14.611,15.147,14.577,15.51,14.711,14.203,13.869,15.664,15.211,15.242,15.552,14.704,14.234,14.766,16.183
Q00587,CDC42EP1,15.387,15.083,14.006,13.495,,13.257,16.036,15.315,14.8,15.285,16.527,14.42,15.823,16.028,,13.32,13.229,15.486,14.181,15.322,15.468,16.767,14.255,14.589,14.141,15.143,13.73,14.996,14.781,14.678,15.334,14.471,15.25,14.551,15.868,14.36,15.323,14.699,14.399,15.16
Q01844,EWSR1,12.371,10.865,10.913,9.876,,11.884,11.124,11.427,9.956,10.774,10.093,11.936,11.097,11.305,12.255,10.39,13.008,11.495,,10.702,12.058,11.104,11.91,12.361,10.206,11.475,9.874,11.855,11.789,,10.428,11.699,11.02,10.566,11.564,12.642,12.296,10.893,10.329,11.964
Q04917,YWHAH,9.59,9.164,9.587,,,8.131,8.538,9.433,8.339,8.48,10.728,9.735,,8.893,,10.105,10.358,8.523,9.609,,10.455,,9.563,9.684,10.849,10.158,10.941,8.366,8.363,8.907,7.928,11.0,10.955,8.408,,9.552,9.415,7.731,9.906,9.195
Q07869,PPARA,13.051,13.853,13.442,14.389,13.986,12.413,13.221,14.697,13.712,13.282,12.876,13.671,15.377,12.969,14.316,14.411,12.68,13.904,12.365,13.969,13.297,13.71,13.606,14.611,13.082,11.937,11.969,13.129,14.911,13.624,14.819,13.289,13.519,13.045,12.565,13.778,14.2,13.708,13.956,13.873
Q09327,MGAT3,12.89,12.579,,12.373,12.495,11.522,12.121,12.25,12.273,14.086,12.286,12.73,13.17,12.357,12.925,,11.863,13.945,13.352,13.845,13.266,10.685,,12.45,11.526,12.696,11.729,12.305,12.279,12.1,13.762,11.971,12.877,11.702,13.193,,12.795,11.126,11.269,13.307
Q09472,EP300,8.762,9.283,9.379,10.147,9.952,9.352,10.48,9.53,8.8,9.58,8.958,9.641,8.572,10.196,9.615,8.745,10.476,10.17,10.099,9.678,8.502,9.908,11.516,7.815,10.232,8.908,10.811,8.444,,10.715,9.439,10.484,9.628,9.111,9.765,9.75,10.786,9.681,10.264,9.342
Q10567,AP1B1,7.494,7.686,6.543,7.392,6.791,,7.823,7.627,,6.381,,8.222,5.802,6.548,7.309,6.417,6.291,7.292,6.806,6.988,6.38,6.806,7.088,7.464,7.085,7.151,6.34,6.958,5.507,7.252,7.262,5.985,8.08,8.334,6.236,7.273,6.527,6.827,6.63,5.547
Q10571,MN1,13.235,15.514,14.451,13.195,13.978,13.841,12.994,12.958,13.465,12.944,14.255,12.057,13.872,,14.165,12.279,14.625,12.985,14.059,13.528,14.437,13.513,14.841,12.817,13.626,13.663,14.181,14.881,13.762,14.095,12.611,13.823,15.018,13.588,13.326,14.38,12.999,14.972,12.992,13.443
Q10587,TEF,8.546,10.186,8.507,8.669,8.807,9.072,9.129,,7.769,8.986,7.299,8.802,8.93,9.323,8.419,8.506,9.49,7.571,8.619,,8.777,9.748,8.937,9.58,10.099,7.914,8.649,8.214,9.668,8.66,7.319,9.222,8.221,9.046,7.776,8.455,8.882,8.622,8.263,8.077
Q12772,SREBF2,15.812,15.044,16.539,16.274,16.904,16.57,13.538,14.331,13.872,17.163,14.659,15.992,14.054,14.198,,15.091,14.57,15.444,15.744,15.23,15.138,15.94,15.591,16.975,16.536,15.104,14.765,15.388,16.116,14.838,15.663,15.276,14.766,14.968,14.448,16.344,15.013,15.831,15.855,14.958
Q12824,SMARCB1,8.052,9.318,10.035,8.442,8.202,9.464,7.55,,8.686,8.455,9.429,,8.472,,8.45,8.177,8.001,9.305,7.712,9.389,9.366,9.836,9.28,,9.783,8.936,8.524,7.326,8.121,8.494,,7.112,9.381,8.312,9.101,8.823,6.733,8.257,8.454,8.854
Q13323,BIK,6.255,7.023,7.054,7.566,7.471,,,6.407,,6.145,5.81,8.635,7.852,7.457,7.169,6.511,,5.893,6.778,6.193,5.739,7.188,,8.416,7.479,8.244,7.923,7.291,7.142,7.283,8.238,6.128,6.266,7.651,7.137,,7.244,,7.964,8.247
Q13356,PPIL2,14.931,14.794,16.623,14.637,14.413,14.421,12.517,14.658,16.656,,14.996,13.5,14.102,14.064,14.431,13.838,13.651,13.418,13.189,14.294,14.831,14.554,15.733,15.036,14.766,14.274,13.461,14.339,13.493,12.579,15.894,15.56,13.907,14.268,13.113,13.741,15.536,13.054,14.356,12.195
Q13387,MAPK8IP2,,,7.056,8.162,7.553,7.338,7.743,6.205,6.585,7.549,7.098,8.683,7.856,7.64,6.732,9.672,7.648,8.073,8.285,8.267,,6.538,7.992,7.213,7.619,7.065,7.543,7.075,,9.844,9.093,,9.104,6.667,,7.318,,6.759,8.008,6.649
Q13615,MTMR3,9.769,,,8.061,7.26,7.606,8.028,9.219,8.196,9.279,8.091,7.349,9.594,9.71,6.686,8.231,8.093,7.66,7.756,8.786,7.82,7.737,8.064,8.629,5.001,9.444,,8.61,,6.986,6.438,8.759,,7.382,8.884,7.028,7.709,7.458,6.923,7.089
Q13769,THOC5,13.346,12.625,11.263,11.427,12.042,12.921,10.686,11.788,12.571,,11.613,12.157,10.709,12.042,10.769,12.627,10.54,10.904,11.309,10.744,11.993,12.136,12.229,12.288,12.624,11.943,14.138,11.462,10.657,11.404,10.596,11.536,13.117,12.233,13.114,11.763,11.449,12.664,10.618,12.072
Q14106,TOB2,14.101,14.407,15.101,14.801,14.372,13.469,13.374,15.073,16.417,12.795,13.92,15.125,13.525,15.542,14.131,14.041,15.271,13.441,14.356,14.756,16.289,14.525,14.02,14.974,15.044,14.533,14.645,13.703,14.518,15.459,14.276,13.753,16.177,14.356,15.445,15.053,14.911,15.469,14.581,14.858
Q14129,DGCR6,7.837,8.274,7.447,8.484,8.211,7.032,8.278,8.927,7.589,8.974,7.186,7.13,9.651,,7.912,7.307,8.999,9.994,6.474,,8.182,7.506,8.384,7.115,7.731,7.746,7.435,7.758,6.978,7.662,9.078,8.149,8.928,9.075,8.885,6.78,8.088,7.439,,6.482
Q14166,TTLL12,9.496,9.264,9.062,9.554,9.615,8.964,9.293,,8.286,8.903,9.106,8.172,9.658,10.329,8.316,7.829,8.603,9.725,8.684,9.576,9.086,9.886,9.686,7.02,8.481,,7.606,9.752,9.897,9.404,8.849,9.217,8.053,8.984,7.852,8.163,8.829,8.1,11.303,9.013
Q14390,GGTLC2,13.118,13.289,13.829,13.91,12.783,13.732,13.151,14.308,14.634,16.122,14.339,,13.212,15.731,14.434,14.174,14.064,,14.116,13.604,13.026,13.719,12.218,14.627,13.892,13.656,14.422,11.376,13.543,13.63,12.939,13.715,13.186,15.363,12.21,12.718,,14.147,13.516,14.498
Q14565,DMC1,15.686,16.412,15.123,16.68,17.244,15.802,15.169,17.249,17.037,15.241,15.615,15.472,15.441,16.354,15.386,14.703,15.196,15.888,16.549,14.237,15.58,16.026,15.003,14.531,15.906,16.063,15.576,15.601,15.042,15.793,16.986,15.887,15.6,15.227,15.339,16.034,15.385,14.86,15.622,15.226
Q15040,JOSD1,11.51,10.939,10.31,11.149,11.312,10.643,9.893,9.718,10.077,11.782,11.192,10.904,12.004,11.1,11.299,11.067,10.495,9.91,11.139,11.045,10.229,11.455,,10.465,10.965,11.154,11.859,9.568,11.657,11.752,11.526,11.276,12.168,9.901,11.464,11.341,9.554,10.944,11.908,10.796
Q15049,MLC1,8.04,8.002,6.598,,7.001,7.964,6.955,7.819,,6.978,7.243,6.404,7.178,5.766,7.64,7.23,6.608,7.293,5.339,7.035,7.416,8.234,9.164,7.308,7.347,6.258,7.34,7.137,6.091,8.952,7.669,7.835,8.896,6.091,6.568,8.913,6.717,8.429,,9.381
Q15080,NCF4,5.085,6.364,,5.533,,6.165,5.282,5.91,5.371,6.847,7.09,6.136,6.325,5.837,7.177,5.595,5.104,4.748,5.127,,5.892,7.368,6.505,5.953,,,5.164,6.576,5.857,6.553,6.152,6.536,6.779,6.508,6.444,6.32,6.306,6.24,6.348,
Q15459,SF3A1,7.627,,9.361,7.743,9.802,8.256,9.615,8.063,7.305,,7.851,8.006,9.295,9.206,8.575,,7.898,8.293,9.852,9.102,7.474,9.145,8.022,7.805,8.793,8.294,8.875,8.012,6.672,,6.8,,7.508,8.471,8.037,8.751,8.595,5.509,,9.435
Q15735,INPP5J,6.787,6.699,6.647,6.738,7.844,8.124,5.526,7.858,8.15,7.857,7.304,7.562,,6.152,8.227,8.395,7.366,7.811,5.91,8.428,6.435,8.239,8.651,8.327,8.758,7.019,,,,7.547,5.63,8.289,6.529,8.75,,6.94,,7.782,6.646,8.024
Q15750,TAB1,10.97,13.518,12.827,11.879,12.479,12.294,13.123,12.416,12.443,12.994,13.591,13.195,12.465,12.624,13.525,13.305,11.841,12.52,12.377,,14.052,12.938,11.876,12.702,11.766,13.876,14.577,12.804,13.797,12.644,11.61,12.6,12.389,11.683,13.574,14.586,12.371,12.838,12.986,14.772
Q15759,MAPK11,5.51,8.409,6.284,8.333,6.226,6.443,7.396,7.332,6.31,7.387,6.43,7.455,8.092,7.34,,,7.241,5.899,6.947,7.741,5.702,,7.831,7.545,7.269,,,5.867,7.754,9.074,,7.77,7.235,6.78,8.142,,6.515,8.795,6.635,7.936
Q16587,ZNF74,9.657,10.849,11.98,10.801,11.827,11.695,12.079,11.855,10.258,10.863,11.277,12.24,10.297,10.572,10.382,12.328,10.506,11.498,10.862,9.547,11.701,10.901,9.625,13.332,12.268,11.566,10.808,12.749,11.311,10.376,11.59,11.249,10.793,13.289,11.963,11.085,14.412,11.213,11.871,10.918
Q16762,TST,13.651,12.755,14.672,12.867,12.917,12.093,13.029,12.693,12.598,12.749,13.794,,13.562,11.438,14.771,12.253,13.018,13.224,13.061,13.212,12.522,12.394,12.718,11.079,14.081,14.513,14.385,13.66,12.961,13.127,12.981,12.517,12.229,11.393,12.592,13.002,13.368,13.785,13.217,13.503
Q2M1V0,ISX,12.436,12.472,11.01,12.196,12.422,11.534,12.554,11.677,12.347,,13.02,13.374,11.062,11.233,11.908,12.356,,11.954,12.22,10.412,12.779,11.577,13.542,11.795,,11.794,11.832,10.906,11.297,12.696,12.068,11.807,11.669,10.524,11.516,12.121,11.351,12.314,11.049,11.393
Q2NKQ1,SGSM1,7.569,,,7.158,8.215,,8.522,9.178,7.442,8.304,8.834,7.6,7.219,7.787,8.035,9.294,,7.834,7.32,8.029,7.358,7.49,6.954,7.899,7.652,9.11,,8.404,8.532,8.959,8.07,9.86,8.527,7.521,8.46,7.399,8.497,6.824,,5.487
Q2VPJ9,LRRC75B,15.61,14.214,13.824,13.838,14.08,13.471,15.148,14.367,14.349,13.424,14.947,14.83,14.726,13.152,13.767,14.453,13.884,15.112,13.758,12.113,14.422,12.936,13.174,13.343,13.457,12.392,14.113,14.332,14.177,12.965,12.748,15.784,14.217,14.324,14.634,12.524,12.569,12.975,13.281,13.824
Q2WGN9,GAB4,14.673,12.968,12.474,15.118,13.171,12.669,12.759,13.777,12.392,12.401,13.195,13.684,13.708,12.161,11.72,13.378,13.602,15.082,13.162,12.9,11.888,12.428,12.795,13.71,,12.973,13.339,12.658,13.103,12.532,13.186,12.543,13.864,11.262,14.498,12.313,14.091,11.894,13.479,14.777
Q3SXP7,SHISAL1,12.544,15.545,14.737,13.992,13.58,13.345,12.868,15.003,11.795,12.067,,13.093,13.981,11.133,13.751,13.353,13.295,12.546,13.604,13.227,15.372,14.429,12.624,14.862,14.41,13.248,12.89,12.978,13.266,13.701,,13.231,13.662,13.504,14.117,14.206,12.378,13.995,13.15,14.152
Q3SYA9,POM121L1P,7.757,5.911,6.94,6.542,7.257,6.052,8.166,,8.526,6.443,7.169,7.267,6.588,5.952,7.428,8.109,7.182,7.735,6.868,9.062,7.644,6.75,7.624,9.323,6.546,8.515,7.463,6.164,7.766,6.887,9.017,6.545,6.924,6.518,8.189,6.924,7.725,7.833,5.326,
Q53GT1,KLHL22,7.861,5.854,7.147,7.651,7.128,7.14,,7.459,7.589,7.585,5.697,7.341,5.415,7.169,6.545,8.452,8.291,8.531,6.528,8.109,,7.258,7.184,8.484,7.177,6.619,8.152,8.145,7.781,6.406,,8.799,7.121,9.319,7.809,7.234,6.527,8.671,7.313,
Q569K6,CCDC157,15.112,14.307,14.459,15.934,15.577,15.82,15.95,14.516,13.969,14.954,16.742,15.489,13.999,14.464,14.444,14.536,15.335,14.536,15.386,14.477,14.352,16.028,15.539,15.255,14.725,14.693,14.256,15.216,15.564,15.057,14.807,14.623,14.655,14.427,15.801,14.509,15.445,15.237,15.51,14.656
Q5BKY6,Q5BKY6,9.927,9.524,8.629,9.485,11.361,9.344,8.874,8.446,10.546,8.614,8.603,9.326,11.855,10.336,8.742,10.095,10.648,9.107,10.008,10.704,10.528,8.72,9.454,9.311,10.164,,8.359,9.418,9.224,9.308,9.41,10.096,8.354,,10.106,10.523,9.386,10.396,10.45,9.902
Q5GH77,XKR3,11.125,8.767,9.903,,8.861,9.312,8.754,8.294,8.25,9.917,9.897,9.379,9.162,8.414,10.98,8.363,8.851,8.075,8.436,8.375,9.217,,9.676,7.837,,9.132,8.993,8.373,9.192,8.47,8.66,9.868,9.963,9.44,8.922,8.259,9.966,9.198,7.414,
Q5R3F8,ELFN2,11.673,11.14,,10.92,11.102,,10.476,13.09,11.313,11.166,11.341,9.946,10.879,9.96,11.384,10.361,10.579,10.842,10.088,10.471,10.318,8.801,12.417,10.774,10.25,11.197,12.407,9.576,11.692,10.534,10.954,11.768,10.003,9.918,11.821,8.569,12.096,9.701,11.584,10.126
Q5R3I4,TTC38,13.194,13.467,12.776,12.652,12.952,13.931,12.255,12.637,11.72,13.15,12.5,11.574,12.627,12.851,12.96,14.033,11.932,12.152,12.194,12.293,11.532,12.49,11.442,12.95,13.676,12.875,12.34,12.001,13.932,12.012,,13.598,13.445,10.689,11.211,12.588,12.521,11.389,12.373,12.002
Q5THK1,PRR14L,15.133,15.308,15.216,15.741,15.463,16.044,15.696,16.552,14.818,16.699,14.973,14.594,14.998,15.071,14.901,15.741,16.584,16.466,14.917,14.662,14.886,15.314,15.548,15.352,15.515,16.292,14.256,14.976,15.224,15.86,16.193,16.53,15.462,14.907,15.772,14.171,14.773,16.031,15.495,15.112
Q5THR3,EFCAB6,9.589,8.395,9.302,8.948,8.33,8.516,7.54,8.69,9.634,8.312,9.531,7.721,7.898,9.302,9.106,8.263,9.099,8.091,8.487,,8.864,8.196,8.381,10.691,9.283,9.18,7.799,8.727,7.11,10.463,8.27,8.403,10.071,10.282,8.333,9.396,10.482,7.924,8.64,8.342
Q5TIA1,MEI1,15.291,16.013,14.387,15.329,14.922,14.997,14.738,16.222,15.704,15.67,15.375,14.741,16.017,15.36,14.173,15.759,16.152,16.386,15.618,14.6,15.76,14.356,15.525,16.061,16.985,15.356,13.973,14.46,14.991,14.609,16.636,16.157,16.242,16.034,16.018,15.324,15.183,15.709,17.074,15.33
Q69YQ0,SPECC1L,7.001,6.018,7.4,6.566,6.266,7.56,6.112,5.337,5.67,5.19,8.129,5.38,5.725,6.425,6.531,,,5.443,6.749,7.97,7.606,7.352,6.178,5.729,,6.377,6.428,6.632,,6.461,6.714,6.335,5.143,6.152,4.987,6.057,4.385,6.326,6.459,5.003
Q6IBW4,NCAPH2,11.702,10.999,11.762,10.896,11.409,13.244,11.677,11.715,11.738,11.118,,10.951,12.614,11.058,10.84,11.071,9.73,,11.708,11.366,,11.63,11.237,11.221,10.807,10.911,11.586,11.381,12.098,10.392,10.51,11.296,11.951,11.977,11.32,11.919,14.138,11.101,12.967,12.868
Q6IC83,C22orf42,11.613,,12.254,12.449,12.52,12.633,11.599,12.478,12.009,12.237,13.779,12.743,12.502,12.212,12.455,13.462,12.429,13.12,12.246,12.291,12.011,12.387,11.037,11.63,12.002,12.372,12.019,10.965,13.231,11.911,12.671,12.691,11.756,11.967,12.454,12.835,13.436,13.476,13.611,12.337
Q6IC98,GRAMD4,7.83,7.959,,,7.887,,6.86,8.591,6.907,6.88,5.475,5.713,6.867,8.489,7.681,8.304,5.305,7.719,8.599,6.758,,8.271,,,,6.732,7.253,,6.145,7.029,5.612,,6.928,,6.761,7.63,,,8.74,7.62
Q6ICB0,DESI1,5.97,5.848,8.463,6.715,,6.123,8.2,,7.73,7.609,9.115,7.176,7.234,6.493,6.02,8.966,5.666,6.518,7.26,8.516,6.792,8.137,,7.71,8.793,7.958,9.337,8.005,7.828,6.234,7.936,6.765,7.25,7.587,,7.506,6.993,,6.529,8.514
Q6ICB4,PHETA2,10.397,10.217,9.89,8.193,10.494,,10.584,9.995,,10.815,10.286,11.191,9.264,9.77,11.416,11.119,9.057,10.59,10.546,9.698,10.558,12.255,,9.011,9.747,,10.593,10.79,10.981,10.333,9.701,,9.882,10.077,11.226,10.276,9.955,10.599,8.56,8.577
Q6ICC9,RTL6,17.027,14.612,17.352,15.396,15.316,15.573,15.141,14.311,16.284,16.066,16.038,14.619,15.122,15.913,15.323,15.774,14.952,15.614,16.353,15.919,16.306,15.276,16.356,15.182,13.942,17.894,16.178,17.11,16.134,14.944,15.97,16.004,18.28,15.82,,14.446,16.864,15.069,14.944,15.949
Q6ICG6,KIAA0930,11.515,12.302,11.833,11.992,11.41,,10.374,12.42,,12.495,,11.029,11.577,11.345,11.036,12.055,10.785,,10.913,11.424,12.377,10.255,12.603,12.172,11.739,11.786,12.28,11.681,11.819,11.15,12.553,12.512,12.988,10.108,10.643,11.758,12.654,13.128,12.304,10.98
Q6ICG8,WBP2NL,13.778,14.596,15.016,15.542,14.868,16.362,16.15,17.071,15.433,14.846,17.081,15.519,15.01,16.15,17.509,15.398,15.883,15.096,15.462,15.794,14.032,14.805,15.873,15.275,15.739,14.048,17.119,15.252,16.62,15.275,14.24,14.928,16.675,14.506,16.156,14.905,13.868,15.519,16.262,17.119
Q6ICH7,ASPHD2,15.248,14.677,12.693,13.062,14.01,14.165,15.01,,13.532,13.464,12.708,14.822,13.324,13.931,13.968,12.669,14.485,14.485,14.153,12.396,14.427,13.52,13.278,15.992,12.05,12.853,14.016,14.236,13.956,14.145,,14.725,14.87,13.697,13.316,14.003,,15.135,14.777,14.4
Q6ICI0,LHFPL7,9.979,11.57,,11.201,10.858,11.473,11.586,12.249,,,10.185,10.174,9.37,10.954,9.758,,10.259,11.149,10.314,10.312,10.498,9.995,11.311,11.256,11.025,10.351,11.553,10.738,9.611,,11.431,10.411,11.086,9.939,10.46,10.818,11.758,9.755,11.543,11.185
Q6ICL3,TANGO2,14.909,13.751,13.718,13.804,13.099,13.083,14.524,13.51,13.326,14.708,13.009,15.519,14.691,13.289,15.528,15.604,12.421,11.046,13.386,13.686,13.625,15.368,14.302,13.704,14.818,15.019,,15.086,13.456,15.083,13.246,13.823,14.588,14.505,15.102,12.76,14.14,14.797,12.997,12.632
Q6ICL7,SLC35E4,6.278,6.566,,,5.936,6.089,,7.386,,5.204,5.814,7.455,,5.314,6.102,,6.196,,,5.923,5.783,,,6.927,8.507,5.853,7.368,7.721,6.068,5.257,5.128,5.127,4.973,,4.693,,8.046,4.945,5.76,6.2
Q6NTF7,APOBEC3H,7.49,6.823,,7.091,8.118,6.86,7.131,,6.298,7.246,5.613,6.368,,6.768,7.639,6.092,,7.324,7.862,7.668,7.674,,7.479,5.711,,6.668,6.176,7.485,6.582,7.77,7.515,4.924,8.551,7.194,8.1,7.889,,7.318,7.965,
Q6NUI6,CHADL,14.431,13.617,15.474,13.303,14.837,13.752,14.58,12.944,12.307,14.432,13.492,14.17,14.546,12.139,13.692,15.403,14.61,14.125,13.216,16.96,14.658,15.008,13.873,13.526,15.242,13.532,14.509,15.061,15.198,14.442,14.928,14.413,,13.807,14.435,13.952,14.243,15.21,,16.266
Q6NVV7,CDPF1,14.849,15.123,12.324,14.53,13.111,13.712,13.812,13.21,15.217,13.087,13.853,13.176,13.646,12.92,14.457,14.908,13.262,14.94,13.369,15.352,14.099,12.936,13.796,13.975,13.065,13.008,13.85,13.138,11.813,15.902,14.06,15.241,13.782,13.382,15.018,12.669,15.517,13.348,13.988,15.037
Q6NXT1,ANKRD54,9.767,9.071,7.958,8.175,8.265,8.534,8.851,8.905,,8.16,8.332,,9.071,9.073,,8.789,8.736,8.573,7.337,,7.842,8.882,7.441,9.52,8.804,8.719,8.254,8.091,10.09,,9.016,7.361,8.118,8.751,8.258,9.089,7.524,7.357,8.498,7.162
Q6P575,GUSBP11,9.774,10.765,11.472,11.495,12.228,10.714,12.073,12.543,10.656,13.657,11.514,10.214,,12.003,12.763,11.439,12.028,12.698,12.399,12.336,11.727,11.183,10.798,10.871,11.201,10.119,13.101,11.095,11.757,11.089,11.518,11.121,11.703,11.692,11.8,11.511,10.937,12.772,11.686,11.932
Q6P5X5,C22orf39,11.565,12.033,11.95,11.038,12.793,10.876,11.393,10.864,13.239,10.572,12.016,13.796,,12.081,10.385,11.732,10.859,13.305,11.462,,11.86,11.66,13.005,11.629,12.087,11.263,11.244,12.642,12.694,13.537,12.684,11.432,11.627,13.185,11.68,11.999,12.093,11.616,12.08,13.471
Q6PGQ1,DRICH1,14.094,15.098,12.46,14.855,15.162,15.42,14.869,14.002,13.65,15.497,15.205,14.654,14.847,15.324,13.685,14.208,15.954,13.658,15.626,13.876,14.23,14.212,14.452,14.627,15.012,15.185,14.282,14.079,13.994,14.971,14.291,14.124,14.677,15.823,14.816,14.711,13.932,16.306,15.054,14.755
Q6S545,POTEH,13.159,12.407,11.92,12.043,12.217,12.3,,12.076,11.862,10.789,11.132,12.961,13.166,11.014,10.725,10.856,11.755,11.893,12.484,12.615,13.254,12.801,12.233,11.135,12.05,11.813,9.88,11.971,11.153,11.158,11.707,14.156,13.145,,12.298,10.65,10.758,10.747,14.105,12.169
Q6UXH1,CRELD2,9.319,10.781,9.839,10.407,10.618,9.057,10.555,9.892,8.787,11.177,11.579,9.68,9.675,10.573,8.949,8.731,9.118,11.868,11.625,10.74,9.482,9.151,10.197,10.558,11.453,9.964,10.482,8.847,9.01,8.48,8.503,11.026,12.613,11.139,10.066,10.9,10.033,10.587,,10.588
Q6UXV3,UNQ6126/PRO20091,8.271,9.164,9.561,10.605,,9.199,8.141,9.831,9.287,9.688,9.149,9.519,10.628,10.275,9.591,10.132,9.655,10.539,10.221,8.686,10.568,9.825,7.982,9.197,10.911,10.012,10.864,9.974,10.136,10.087,9.606,10.536,9.603,9.863,,10.345,,9.214,8.949,
Q6UXY1,BAIAP2L2,9.498,10.694,9.596,10.187,10.952,10.19,9.641,,9.303,10.038,10.866,,11.34,10.225,11.465,10.75,10.288,9.47,10.741,11.011,9.904,,11.08,11.062,,8.563,10.862,9.288,9.497,10.867,,11.414,10.511,11.382,9.278,9.853,9.966,9.752,10.574,10.231
Q6ZQY2,LRRC74B,14.14,12.841,12.832,11.363,12.496,12.79,12.638,,13.199,13.923,10.915,12.835,13.45,12.953,10.378,13.978,11.196,10.727,11.277,12.387,11.793,11.734,12.219,13.888,12.9,11.353,12.063,11.263,12.167,12.609,12.436,11.634,,12.408,11.647,13.426,12.94,12.478,,11.066
Q6ZR54,Q6ZR54,16.175,15.775,14.391,15.058,15.865,14.768,15.126,14.948,14.66,14.331,15.562,13.812,15.496,14.438,14.158,16.392,14.984,13.639,14.698,13.299,15.948,13.709,14.069,16.36,14.681,15.812,14.972,14.981,14.215,14.202,13.665,14.939,15.331,14.974,14.909,13.769,15.161,15.173,15.435,13.486
Q6ZT62,BARGIN,9.82,11.331,10.906,11.43,10.058,11.209,10.933,10.521,12.08,,11.93,11.164,11.203,10.471,10.135,12.672,10.523,10.108,,12.293,10.959,9.818,10.443,10.221,10.169,11.403,9.961,,9.416,10.695,9.517,12.136,8.08,10.262,10.343,9.886,,10.132,11.066,11.615
Q6ZVW7,IL17REL,7.755,8.546,8.089,,,9.365,7.814,,9.284,8.084,8.365,8.791,8.936,8.693,,6.879,7.207,7.392,9.317,9.298,8.355,8.277,8.065,9.093,7.195,,9.746,8.809,,8.289,8.454,7.521,8.672,7.941,8.252,8.641,8.982,8.524,9.2,8.271
Q7L3V2,RTL10,8.38,8.429,10.001,8.356,8.532,9.713,9.628,8.459,,8.584,8.93,8.107,8.52,8.482,7.951,8.079,9.493,9.31,6.988,8.413,6.723,8.277,7.437,7.135,8.107,7.254,9.043,,8.314,9.523,7.78,9.235,10.283,7.719,8.471,9.108,10.503,7.797,8.271,8.296
Q7RTP6,MICAL3,14.768,13.024,13.529,13.441,12.666,14.295,13.287,13.27,12.343,13.624,13.809,12.107,14.433,14.308,14.163,13.002,13.543,11.653,12.143,14.465,14.86,13.441,13.634,13.162,13.007,13.749,,12.804,14.143,12.414,14.564,12.64,13.597,11.98,12.585,11.721,12.239,14.489,13.195,13.719
Q7RTV0,PHF5A,14.551,13.945,,14.99,13.093,14.423,13.63,14.843,14.596,13.888,14.106,14.366,13.04,14.276,15.05,13.891,13.976,13.675,14.042,15.181,14.799,13.987,14.376,13.655,14.398,14.391,13.412,14.324,,15.634,15.461,15.27,14.53,14.245,12.566,14.905,13.518,13.507,13.393,12.768
Q7Z3Z3,PIWIL3,6.867,6.856,6.125,6.311,6.745,6.959,6.72,7.296,8.687,7.504,,6.677,,6.927,6.379,8.154,6.59,4.719,7.184,6.992,7.37,7.849,7.954,7.285,7.687,6.444,,7.928,7.765,,7.521,6.0,,6.736,,,5.935,6.798,6.786,6.599
Q7Z412,PEX26,5.926,6.327,8.487,6.286,7.569,5.956,,6.151,7.496,,,6.891,6.909,7.068,7.04,,7.123,6.447,6.639,7.901,7.484,7.229,6.37,6.091,5.715,6.184,7.257,5.422,8.57,6.651,,7.519,6.726,6.576,6.362,6.089,6.587,6.809,8.067,
Q7Z4H4,ADM2,11.056,11.606,12.037,11.979,12.135,12.486,13.693,10.741,12.705,13.053,,12.11,11.792,11.876,11.276,11.741,,12.44,13.051,11.425,12.728,11.551,12.313,11.236,10.999,13.438,11.803,12.41,,11.976,12.185,,12.403,11.011,11.32,11.99,11.032,,10.829,12.265
Q7Z4Y8,ATP5MGL,6.7,7.887,6.768,6.58,8.547,,,7.87,6.396,8.323,,6.254,7.705,9.533,8.476,,7.313,6.248,7.155,7.257,7.465,7.706,7.502,7.3,6.437,7.064,7.866,7.11,8.539,7.729,7.881,,7.477,,7.722,7.622,6.415,6.127,7.571,6.722
Q7Z5A7,TAFA5,12.684,13.759,14.249,14.413,14.508,13.987,14.85,13.415,14.447,14.011,,14.367,13.304,13.825,14.321,12.452,16.006,13.904,14.235,14.139,13.597,14.784,14.275,12.364,14.136,13.929,13.97,13.207,14.902,14.019,13.087,14.382,13.616,15.83,13.689,12.376,15.565,14.428,13.744,14.418
Q7Z6W7,DNAJB7,9.266,9.932,9.533,9.965,10.177,7.445,9.083,9.106,8.001,8.417,8.837,8.964,10.193,10.216,8.965,,8.73,7.09,9.074,9.16,10.633,8.539,9.21,8.497,8.439,9.216,7.922,8.104,9.39,9.314,8.272,9.572,9.421,9.407,6.735,9.36,9.888,10.069,9.591,
Q7Z6Z6,PNPLA5,7.355,8.092,7.004,,7.719,7.829,8.888,7.523,,7.558,7.724,7.592,6.267,6.482,6.476,6.803,7.226,6.81,7.2,7.44,8.322,8.202,7.141,8.309,9.454,7.12,6.516,,8.54,6.6,6.01,,8.335,7.868,8.43,5.972,7.514,6.665,6.524,7.961
Q86V35,CABP7,14.849,14.79,14.127,13.152,13.417,16.215,15.079,15.407,14.206,15.418,15.432,15.428,13.636,17.001,13.981,14.718,15.25,14.102,15.671,14.592,15.941,14.391,15.866,15.551,15.805,15.132,15.043,16.286,15.087,15.297,15.88,13.238,15.249,15.982,14.805,15.515,16.521,14.551,15.756,13.65
Q86V86,PIM3,8.725,7.894,6.676,,6.593,8.386,8.529,6.049,,7.281,7.562,7.984,7.634,,,6.619,,,,,7.714,8.88,7.195,8.544,6.154,9.214,6.287,5.75,7.825,,8.054,6.972,8.237,7.8,6.671,8.231,6.448,7.638,7.628,
Q86WX3,RPS19BP1,9.641,,8.824,8.598,7.25,9.051,9.434,9.641,,,8.896,10.11,10.093,8.018,9.052,8.734,9.438,10.296,8.665,8.53,8.287,,10.312,9.72,,9.458,8.193,8.496,9.449,9.395,8.894,8.495,9.469,7.413,8.857,10.655,9.194,7.658,9.305,7.947
Q86YH2,ZNF280B,7.32,8.306,6.856,6.763,7.93,7.446,8.571,7.033,7.515,6.694,8.053,7.51,8.075,7.265,9.383,7.717,8.55,8.543,7.649,7.686,7.273,7.942,7.487,7.98,7.674,8.048,5.397,7.436,6.601,7.638,7.938,8.881,6.663,7.555,7.985,8.164,,8.053,6.827,6.23
Q8IU80,TMPRSS6,,6.246,8.928,6.652,6.841,7.039,,6.873,6.489,8.277,,6.394,7.022,,7.965,6.129,6.761,6.41,6.632,6.456,7.266,8.462,,8.236,5.039,7.442,6.205,7.825,9.176,7.636,,6.687,6.869,6.082,6.413,7.637,6.614,6.437,,9.329
Q8IUG5,MYO18B,7.899,6.514,,,6.773,4.61,5.599,6.268,,5.124,4.009,,5.944,5.96,5.03,6.413,5.178,7.936,6.065,5.335,8.288,6.04,4.767,4.77,6.903,5.833,5.086,5.257,5.13,6.938,6.413,5.636,7.284,5.888,6.329,7.626,6.248,4.982,4.45,
Q8IUX4,APOBEC3F,6.781,6.966,6.805,7.029,6.868,4.655,6.755,6.1,5.756,3.977,5.818,,,7.091,6.908,7.753,6.861,6.503,5.89,,6.544,7.308,7.761,6.619,7.156,6.199,7.268,6.748,5.919,4.937,7.256,,6.606,,5.728,7.855,6.262,6.667,5.93,
Q8IVS2,MCAT,7.177,8.135,8.414,7.501,6.735,7.32,6.03,7.39,8.172,7.998,8.088,7.555,7.974,7.45,6.877,7.266,10.372,8.309,9.484,7.526,6.782,7.064,7.373,6.635,7.076,7.706,,8.404,8.334,9.982,7.807,9.054,8.733,8.483,7.57,7.616,9.133,9.199,8.469,7.53
Q8IWD4,CCDC117,6.892,7.687,4.617,4.893,6.593,6.565,6.827,6.712,6.995,6.959,6.621,6.326,5.844,7.65,8.25,6.954,5.24,,5.69,6.718,6.217,5.869,7.519,6.284,6.447,6.194,7.153,6.28,4.787,7.053,5.573,6.1,5.736,6.77,5.686,6.486,6.327,6.59,7.683,7.809
Q8IWF2,FOXRED2,,13.071,12.128,10.664,12.399,10.829,10.173,12.565,12.309,11.276,11.802,11.685,11.733,11.557,12.262,11.404,11.475,12.273,13.045,13.252,12.398,12.109,11.43,10.434,12.056,11.937,11.177,10.707,13.264,11.967,12.717,11.985,12.828,12.76,13.107,12.375,11.802,11.97,12.716,10.775
Q8IWL3,HSCB,12.503,12.15,11.568,14.001,13.371,14.059,13.043,,12.949,12.428,11.632,12.5,11.89,11.694,12.624,12.292,12.205,13.264,12.927,12.929,11.6,11.707,12.198,12.604,11.232,13.995,13.154,13.054,12.495,12.781,12.157,13.531,13.359,12.448,12.005,11.853,12.564,12.483,12.195,12.699
Q8IWY4,SCUBE1,8.694,10.069,8.547,9.89,8.951,11.184,9.112,10.533,9.795,10.667,,10.034,11.823,9.814,9.146,9.326,9.75,,9.121,10.294,9.591,10.536,9.057,10.865,8.493,9.863,11.292,9.863,9.798,9.675,10.562,8.625,10.235,8.702,,9.592,7.739,10.753,11.181,8.69
Q8IYW4,ENTHD1,8.37,9.057,8.723,9.124,9.225,7.114,,,8.453,8.6,7.105,10.004,9.273,7.188,9.577,9.871,10.604,11.087,9.354,10.127,,8.913,8.33,9.891,9.275,,9.559,9.112,7.791,8.522,,9.455,9.471,9.276,9.844,10.11,10.193,7.469,9.405,10.014
Q8IYX3,CCDC116,10.475,,11.05,11.075,10.213,10.808,,10.34,11.933,11.69,10.273,11.358,12.423,11.043,11.872,10.987,11.134,11.697,11.086,10.268,11.889,11.602,10.526,11.628,9.989,10.571,10.717,10.657,11.098,10.995,9.53,11.134,11.389,10.577,12.021,,9.454,10.233,12.212,10.518
Q8IZ69,TRMT2A,15.343,14.509,15.329,15.998,16.211,14.6,14.175,13.974,,14.899,15.875,15.629,15.907,15.642,13.517,14.625,16.328,15.052,14.974,14.181,14.14,16.485,15.162,15.856,14.215,14.225,13.909,14.929,13.95,14.368,15.15,13.077,15.28,14.561,15.571,13.831,13.989,13.514,13.471,13.369
Q8IZJ4,RGL4,13.397,14.041,13.754,,15.501,15.256,15.11,14.975,15.293,13.763,14.672,14.48,12.996,16.599,14.722,13.822,13.748,14.633,14.525,14.494,16.047,13.878,14.96,15.428,15.337,14.697,13.645,12.772,14.551,14.929,,14.841,15.699,13.977,13.936,12.644,14.001,15.017,14.308,14.634
Q8N1L1,LINC00528,5.639,6.315,5.753,,7.11,5.338,5.357,7.445,6.983,6.306,6.743,5.628,8.086,5.729,6.306,6.192,6.426,7.592,5.077,7.17,,7.209,5.379,7.821,,7.758,6.133,6.065,6.542,6.443,6.08,8.17,5.653,,7.798,5.947,8.363,4.936,5.706,5.686
Q8N3F8,MICALL1,7.679,6.334,7.181,6.538,,7.688,7.102,7.841,,7.348,7.999,8.43,8.702,8.352,8.598,6.549,7.564,6.873,8.869,8.757,6.751,9.624,7.672,,7.544,6.799,7.238,9.035,,,8.899,7.198,8.729,7.947,,8.35,6.907,8.849,7.529,7.569
Q8N5Z5,KCTD17,9.42,9.042,9.46,8.806,9.415,8.766,,7.882,8.837,7.632,8.645,5.639,7.874,8.841,8.697,8.226,8.943,7.571,10.153,7.565,,5.966,9.524,,9.897,6.511,,8.144,7.609,8.582,9.859,6.715,9.12,9.544,8.632,7.882,7.988,7.882,,7.993
Q8N653,LZTR1,9.108,7.853,7.658,8.417,7.719,7.956,9.906,9.595,8.808,7.317,6.611,8.347,8.369,8.842,9.559,,7.678,7.218,9.462,7.695,8.789,,7.507,,8.452,,7.589,8.357,8.624,8.588,9.489,9.201,7.927,8.208,9.499,7.87,9.953,8.106,8.36,9.903
Q8N7B1,HORMAD2,12.415,11.459,10.357,11.665,12.358,11.629,10.81,11.382,11.747,11.61,12.125,12.045,11.582,12.942,11.584,12.039,10.405,12.661,11.745,11.02,10.357,12.16,12.814,12.046,11.7,10.72,13.007,10.954,11.258,11.623,,11.665,13.522,11.668,10.835,12.09,12.657,11.914,12.396,13.225
Q8N8J0,PI4KAP1,11.07,8.397,11.286,,8.92,11.227,10.857,8.849,8.842,9.423,8.187,10.181,10.116,9.079,7.55,9.722,10.997,10.4,9.884,10.051,9.691,11.078,10.845,8.953,9.573,10.1,11.262,,9.764,10.725,10.821,10.282,10.264,11.682,9.676,10.215,11.172,10.637,9.499,
Q8NDV3,SMC1B,,5.359,8.212,5.947,6.277,9.101,6.501,6.259,6.086,4.854,5.689,,6.785,4.716,5.388,6.82,6.258,7.764,5.13,6.321,6.522,5.914,5.278,5.979,7.458,5.95,7.358,,7.172,6.213,5.982,,6.51,8.001,6.624,7.646,6.797,6.961,5.594,5.925
Q8NEG4,SACK1F,,,8.736,9.641,9.239,10.423,,9.493,9.633,8.609,9.408,8.831,9.402,8.958,,8.824,8.725,9.332,9.759,10.397,10.351,9.619,10.862,9.333,8.901,10.191,11.089,8.65,9.646,10.862,9.9,9.102,10.636,8.5,,8.434,9.846,,9.208,9.432
Q8NEG7,DENND6B,13.205,12.5,10.836,11.701,12.168,10.29,,10.645,12.21,11.956,10.583,11.146,11.91,11.564,10.733,,11.134,11.224,10.992,11.325,11.924,9.904,,11.237,11.511,10.977,10.064,11.975,10.829,11.669,12.197,11.924,,,,11.092,9.937,10.423,10.443,10.098
Q8NEJ0,DUSP18,6.128,6.017,,6.16,,,5.766,5.958,7.577,6.434,8.779,,8.308,6.323,5.804,,8.229,6.477,5.549,,4.812,7.04,6.129,6.508,6.758,8.251,7.286,8.624,7.331,7.605,7.957,6.843,,7.49,9.233,7.247,7.434,,7.471,6.647
Q8NET5,NFAM1,13.852,15.257,14.408,14.823,13.01,14.037,13.661,14.816,14.424,13.529,15.006,14.241,15.854,14.6,14.371,13.643,12.962,14.07,14.968,15.376,14.667,13.893,15.003,13.878,14.008,13.558,14.768,14.466,15.801,15.045,13.109,14.46,14.473,13.824,14.47,14.555,14.865,14.899,14.367,15.704
Q8NFI4,ST13P5,5.978,,6.999,6.424,6.586,,,,6.954,5.954,,6.043,6.017,,6.446,5.63,7.638,5.788,8.208,6.549,,5.793,5.676,6.488,7.722,7.899,6.03,7.925,5.627,5.948,7.906,,7.204,,6.176,6.785,7.475,6.464,7.004,5.709
Q8NFQ6,BPIFC,13.529,15.035,15.94,16.449,15.335,14.391,15.864,16.068,14.185,15.259,14.911,14.702,16.218,15.56,15.326,15.264,15.735,15.032,14.432,14.8,14.461,14.932,15.585,14.167,15.768,17.185,15.317,15.134,16.762,13.317,16.542,14.493,15.096,14.333,13.916,14.554,15.366,15.434,16.797,13.633
Q8NG94,OR11H1,7.734,6.409,6.493,6.269,7.364,7.007,8.083,,6.36,7.656,8.094,7.221,6.6,,,6.327,6.314,6.632,7.244,6.48,8.165,7.026,7.375,,7.601,,,,6.536,6.478,6.573,7.243,6.551,,,6.025,,,,5.918
Q8TCT0,CERK,14.543,14.764,14.393,14.002,14.634,15.213,14.474,13.788,14.456,15.3,13.737,14.28,13.639,15.028,13.718,14.225,14.039,14.193,13.685,15.076,14.18,14.369,14.6,15.12,13.592,15.034,14.28,13.539,13.226,14.211,12.918,13.21,13.776,14.956,15.703,13.933,13.596,15.573,14.812,14.941
Q8WTX7,CASTOR1,15.427,16.434,14.373,15.905,12.935,15.017,14.962,15.612,15.535,12.548,16.465,15.027,14.652,13.494,15.633,15.57,14.494,13.962,14.956,13.521,16.955,14.946,16.326,15.341,15.144,14.143,16.002,15.206,15.843,14.851,16.441,15.632,14.12,15.821,15.143,14.616,14.666,14.647,13.997,15.487
Q8WUA7,TBC1D22A,15.314,15.58,17.438,16.751,16.801,15.166,16.373,14.88,16.231,15.127,16.127,16.502,15.763,15.207,15.278,16.328,16.408,14.948,16.016,15.913,18.377,14.825,15.788,15.702,16.543,15.345,15.639,16.142,15.436,17.008,17.567,14.831,16.61,17.01,15.282,16.582,17.434,15.479,15.216,15.331
Q8WWX9,SELENOM,14.928,14.083,14.364,13.076,13.493,13.594,13.615,14.996,14.764,14.762,15.65,14.265,15.316,14.699,14.394,14.349,12.759,12.92,14.379,13.874,14.144,13.987,13.805,13.302,14.103,13.623,13.555,16.064,14.877,13.853,15.915,,14.168,15.376,11.876,14.232,14.473,13.459,13.382,14.312
Q8WYQ3,CHCHD10,15.864,12.375,12.7,15.644,14.13,14.621,12.833,14.05,14.894,13.952,13.64,14.092,15.111,14.136,14.429,13.199,14.7,14.464,14.318,14.415,14.904,14.364,13.164,14.734,14.533,14.099,13.29,14.107,13.474,12.793,14.092,14.055,13.495,14.701,14.366,13.266,13.955,13.692,15.172,13.351
Q8WYQ4,C22orf15,13.446,11.537,12.486,13.459,13.289,11.688,13.484,12.058,,12.634,11.118,11.848,11.803,14.342,13.033,11.245,,13.164,12.069,,10.792,12.726,10.545,12.282,13.979,13.695,12.544,13.001,14.263,13.131,10.665,12.44,11.358,12.712,13.166,11.798,13.47,13.136,14.596,12.199
Q8WYQ5,DGCR8,16.117,,13.814,13.206,13.027,,14.143,13.561,14.175,14.379,14.067,15.387,13.389,12.502,13.917,13.843,14.501,14.588,13.195,12.424,13.898,13.288,14.255,14.518,13.77,12.895,15.533,12.06,13.521,13.324,13.988,13.976,13.209,13.212,13.334,14.147,14.434,14.634,13.894,13.415
Q92523,CPT1B,8.354,,8.597,,7.469,4.537,7.51,6.078,8.511,7.215,8.547,6.622,7.407,6.748,5.842,8.602,7.819,7.596,,6.634,6.306,6.388,6.44,7.497,7.0,7.34,8.756,6.351,7.5,,7.391,9.492,7.047,6.977,,7.587,,7.167,5.376,6.084
Q92737,RASL10A,10.965,11.159,,11.198,11.076,11.843,9.921,,11.76,11.621,10.216,11.001,12.427,11.78,11.967,11.788,,12.761,12.678,11.121,12.059,9.848,11.294,12.122,11.851,13.51,12.38,11.706,10.007,11.39,12.647,9.92,11.51,10.962,12.35,10.555,11.004,11.861,11.566,11.558
Q92841,DDX17,,11.611,11.647,10.918,10.006,10.871,12.466,11.179,11.336,11.312,10.931,11.709,12.342,10.952,12.472,10.307,10.973,9.825,11.646,11.669,10.844,13.051,12.198,12.154,11.586,10.716,10.495,,12.501,11.322,11.289,11.141,13.026,10.309,11.246,11.407,12.094,11.131,10.052,11.412
Q92871,PMM1,14.624,13.935,15.566,13.621,15.0,14.508,15.324,14.255,15.355,13.421,13.388,15.328,14.886,14.264,15.311,13.775,14.652,13.934,14.679,14.725,16.142,13.301,13.361,13.15,14.826,13.505,16.071,14.536,14.038,14.301,15.272,14.744,14.581,14.304,14.588,14.468,14.982,14.601,14.24,15.446
Q92890,UFD1,,10.429,11.119,11.36,8.685,9.919,10.621,12.34,9.972,10.915,10.18,10.947,12.023,9.815,11.537,8.816,10.92,10.774,10.486,10.936,11.03,8.778,10.065,10.933,10.081,10.101,10.557,10.131,,10.38,,9.11,10.179,10.925,10.639,9.901,10.449,10.367,9.727,10.406
Q969R2,OSBP2,7.851,,9.947,9.133,10.039,10.492,9.172,10.049,9.565,9.218,10.607,8.789,9.995,,10.062,11.608,10.419,,10.212,10.419,7.637,9.558,9.614,8.949,9.574,9.556,8.642,9.852,11.669,8.469,10.086,10.567,10.074,9.781,10.644,9.446,9.182,9.638,11.393,9.807
Q969R5,L3MBTL2,13.586,12.597,12.07,13.505,12.486,11.941,12.38,13.546,12.921,13.733,13.388,12.384,13.138,14.069,12.716,14.186,12.245,12.107,11.091,12.285,12.057,12.504,12.703,12.094,,13.61,11.622,13.048,14.275,13.226,11.825,10.99,12.487,11.901,11.261,12.008,12.773,12.184,12.698,12.726
Q969S8,HDAC10,8.95,10.943,8.13,9.477,7.852,8.592,6.21,8.343,7.624,8.876,8.094,7.24,8.668,8.801,10.529,8.621,8.051,,9.196,8.687,,9.058,7.929,10.209,9.21,8.916,7.909,,7.498,8.256,8.003,9.85,8.161,7.558,8.502,8.08,9.4,8.971,7.792,8.882
Q969V6,MRTFA,6.897,7.89,8.458,7.675,6.621,,,6.664,7.17,6.118,6.883,8.061,7.161,6.866,7.422,7.566,7.452,5.587,7.451,6.654,9.364,6.304,7.935,7.432,9.198,8.522,8.991,4.845,7.388,7.017,8.204,7.363,7.806,7.667,,,6.634,7.249,7.787,
Q96A84,EMID1,11.209,11.014,10.697,9.333,,10.597,10.733,10.056,9.272,12.376,12.075,11.115,11.009,9.493,10.453,11.02,10.848,10.604,12.434,10.642,10.574,9.465,11.494,10.418,11.18,10.1,9.784,,11.354,9.921,10.732,10.447,10.641,12.246,,11.467,9.887,10.56,9.919,11.23
Q96AK3,APOBEC3D,9.7,11.089,,9.964,9.004,8.841,9.091,11.634,12.353,8.401,11.275,10.214,,9.154,11.229,8.727,9.823,9.498,9.825,11.308,8.385,8.863,9.637,11.075,,11.258,10.546,10.181,9.478,7.604,11.435,,9.955,9.638,11.334,8.998,9.61,9.637,10.709,10.336
Q96AY4,TTC28,7.993,8.742,9.511,7.805,,9.814,7.653,8.944,7.869,7.949,10.175,7.29,7.438,7.498,8.643,6.046,9.558,8.479,7.557,9.149,7.891,9.74,8.041,8.0,9.325,8.697,8.646,7.619,9.477,8.536,7.239,9.124,9.611,8.848,,7.163,9.025,8.062,8.042,9.525
Q96D21,RASD2,9.177,9.467,9.873,9.718,,9.612,9.11,9.337,7.878,,9.307,8.775,9.797,9.551,,9.199,10.033,9.499,10.85,9.804,10.015,8.247,10.838,9.729,9.987,10.334,,8.01,8.377,8.076,,10.394,10.162,9.501,9.072,10.698,9.858,8.807,9.443,10.723
Q96DF8,ESS2,10.71,8.99,8.636,9.23,9.417,7.835,9.096,9.275,10.026,10.968,10.24,9.5,8.918,8.886,9.938,9.961,10.834,8.901,,11.97,10.169,10.329,8.387,,10.004,10.191,10.373,8.836,,8.995,9.845,9.3,9.622,9.969,9.447,9.613,8.222,,10.795,9.822
Q96EK2,PHF21B,8.867,9.651,10.88,8.615,9.433,7.903,8.323,9.932,9.181,9.597,7.955,,8.382,9.533,8.422,9.884,8.121,9.615,9.547,9.72,10.019,9.999,9.18,9.429,9.184,8.053,9.36,9.223,9.963,,9.506,10.091,9.173,9.039,8.886,10.244,9.953,9.125,,10.031
Q96F46,IL17RA,9.784,11.015,9.592,10.144,11.465,9.215,9.28,10.691,10.102,8.077,11.056,9.14,10.375,10.478,9.629,9.383,9.061,10.313,10.043,9.963,10.9,9.61,8.964,10.364,9.303,10.946,,9.05,9.253,10.061,9.193,9.18,8.312,9.94,9.898,11.013,9.322,9.88,10.35,10.351
Q96FE7,PIK3IP1,14.524,13.652,12.67,12.52,12.923,14.151,13.482,12.346,13.541,13.255,12.622,13.374,13.641,12.711,13.149,13.601,13.221,13.259,14.488,12.564,12.191,13.416,14.441,14.572,12.228,12.744,11.618,13.364,13.23,12.058,12.687,13.702,,12.916,12.678,14.149,13.245,12.385,12.401,10.806
Q96G42,KLHDC7B,9.598,9.866,,9.208,9.613,8.386,9.56,8.533,9.288,9.547,9.982,8.285,9.401,9.434,9.217,7.886,9.364,10.399,8.381,7.991,9.965,8.739,7.179,9.008,,,10.08,8.63,7.811,8.677,11.052,9.441,,8.371,,,7.795,9.255,7.292,9.171
Q96GD0,PDXP,15.332,15.154,15.652,15.79,14.116,14.862,14.687,17.356,15.366,15.812,16.496,15.044,15.337,15.808,14.473,15.061,16.414,15.574,13.935,14.69,15.019,15.037,13.775,15.513,15.786,15.719,15.041,14.616,15.847,14.271,16.787,,13.896,16.666,16.597,15.353,15.225,16.178,14.63,14.91
Q96GF1,RNF185,16.822,16.224,15.817,16.736,16.005,15.063,13.981,15.316,15.963,15.207,15.685,14.663,16.106,15.069,15.734,14.31,14.84,13.776,16.111,15.71,14.883,15.356,15.165,14.064,15.43,14.901,14.185,14.485,14.899,15.893,16.081,15.138,16.808,16.295,16.931,14.044,15.514,16.028,15.312,14.279
Q96GP6,SCARF2,11.293,10.06,11.743,,10.538,12.047,11.201,9.901,11.328,10.618,9.484,11.46,9.521,11.538,11.466,11.985,10.919,10.936,10.512,11.713,,11.222,11.159,10.014,12.487,11.699,8.657,11.923,11.054,11.026,10.616,11.094,11.447,10.542,9.133,12.181,11.157,9.995,12.645,11.66
Q96HU1,SGSM3,8.608,8.62,9.238,10.606,8.227,10.132,8.456,,9.937,9.973,8.386,11.707,,9.041,9.838,9.44,9.316,9.821,8.21,10.489,9.657,9.116,9.611,8.692,8.167,,9.316,10.21,8.568,10.015,8.181,8.911,10.388,,9.43,8.035,9.908,9.108,9.458,8.772
Q96JB3,HIC2,12.902,10.882,12.189,12.321,11.165,10.469,11.395,,12.323,10.717,13.015,10.468,10.855,11.612,12.088,13.247,11.717,10.643,11.166,11.691,11.031,10.608,12.217,12.648,10.846,12.397,10.758,10.098,12.463,11.189,12.835,9.787,12.173,10.691,12.112,11.745,10.179,12.592,9.85,12.584
Q96M85,Q96M85,14.114,15.247,16.631,13.596,13.112,12.76,14.897,14.492,12.876,15.376,13.834,15.083,15.595,13.001,14.37,13.502,14.521,15.855,14.973,14.421,14.605,14.583,13.951,12.609,15.055,14.833,14.482,14.816,13.482,13.26,,13.936,14.274,13.517,,13.115,14.908,,14.662,14.739
Q96MU8,KREMEN1,12.018,13.175,11.907,12.517,13.266,13.358,12.137,12.605,12.223,11.945,11.842,12.243,13.103,11.302,12.406,12.667,14.507,14.085,11.453,,11.833,12.868,11.831,12.959,14.183,11.952,13.471,13.294,14.389,12.873,12.715,13.208,14.077,,12.375,13.557,11.337,12.193,11.766,12.981
Q96NN9,AIFM3,14.595,15.099,,14.573,14.699,13.595,13.863,15.29,13.413,15.149,13.701,15.704,14.774,14.286,12.685,13.156,14.617,15.679,12.917,14.554,14.916,15.57,15.078,15.112,14.084,14.147,14.064,13.54,13.608,13.471,14.02,14.142,13.545,13.486,12.908,13.823,14.963,14.129,13.687,13.838
Q96NT3,GUCD1,12.421,10.81,12.036,11.491,10.511,11.215,11.456,11.642,11.865,11.115,10.428,11.458,10.395,10.982,11.474,12.593,9.875,12.551,12.541,11.848,11.826,10.975,9.997,12.233,11.464,11.683,10.128,11.414,10.039,12.364,12.251,11.981,9.916,12.572,11.345,11.643,11.645,12.547,11.094,12.132
Q96PF2,TSSK2,12.418,12.933,11.179,11.582,12.3,12.763,13.459,,11.621,12.296,11.826,11.562,11.91,11.236,11.748,11.101,12.369,11.21,11.981,12.431,12.062,12.454,12.708,10.861,12.025,11.866,11.571,12.207,11.12,,12.901,11.08,13.329,11.279,12.842,12.255,13.792,11.278,13.249,13.135
Q96Q80,DERL3,8.174,,7.568,8.772,,8.753,8.911,9.021,9.308,,10.176,7.336,8.81,,9.65,9.263,8.952,8.956,9.231,9.494,8.445,8.321,,9.049,9.448,7.797,10.107,9.151,9.206,9.731,9.52,8.721,9.203,9.396,7.904,8.576,,8.483,7.706,
Q96RD6,PANX2,14.012,12.301,14.325,12.373,14.024,13.397,12.181,14.224,11.54,13.343,12.755,14.737,12.787,13.437,12.359,13.37,14.708,14.43,14.683,14.775,13.506,12.811,13.056,12.511,13.993,14.188,13.144,14.051,12.237,13.764,14.082,12.623,12.574,13.974,12.119,13.54,11.721,12.739,15.631,12.733
Q96RJ3,TNFRSF13C,7.482,6.069,7.969,7.906,7.451,9.378,8.305,8.953,8.588,6.204,6.596,,9.139,,6.982,8.565,8.111,8.519,7.562,7.177,,,6.974,7.282,7.565,9.6,7.431,8.58,8.082,7.254,7.596,,8.303,,8.25,7.816,6.808,9.818,8.008,7.413
Q96RN5,MED15,14.059,13.812,11.372,13.358,11.925,13.275,13.14,12.264,12.519,14.973,13.263,13.893,12.398,13.267,13.026,13.118,11.808,12.517,13.333,13.758,14.602,13.261,13.989,13.616,13.38,12.863,13.163,13.014,13.123,13.947,14.326,13.039,13.001,13.067,12.804,13.748,13.254,13.585,12.305,12.909
Q96RT7,TUBGCP6,14.646,14.482,14.61,14.786,,15.165,14.495,14.377,13.94,14.697,15.1,15.018,15.731,14.656,14.432,13.115,14.232,14.717,13.399,14.363,15.992,13.984,13.948,15.264,15.246,15.582,13.322,15.624,,14.472,13.416,13.51,14.611,13.89,14.125,13.221,15.089,14.017,14.911,13.947
Q96SF2,CCT8L2,6.445,9.286,7.289,7.821,5.926,7.087,7.967,6.622,5.852,6.293,7.118,6.954,6.023,8.877,7.064,8.074,7.981,7.123,7.191,6.67,,8.163,6.227,,6.462,7.235,6.516,6.288,,6.754,7.195,7.192,7.382,7.661,7.754,6.266,8.121,7.258,8.414,6.814
Q99501,GAS2L1,12.472,11.043,12.308,13.12,12.237,12.21,13.392,11.047,12.782,11.406,12.04,10.843,12.775,13.149,11.268,12.316,12.745,11.594,,,11.709,13.261,11.715,11.694,13.419,12.55,11.438,11.559,12.154,10.922,13.004,12.119,12.685,12.174,12.094,12.065,12.207,13.088,,12.459
Q99705,MCHR1,,6.1,7.249,6.278,5.368,8.301,5.164,7.375,7.752,8.013,6.896,6.626,7.469,,7.861,8.232,,7.681,6.207,,5.784,8.631,8.733,6.34,7.219,8.428,6.87,5.225,7.165,5.933,6.576,,8.11,7.202,6.632,7.091,7.44,8.061,7.05,
Q99719,SEPTIN5,14.224,11.565,13.507,11.995,13.776,12.228,13.236,12.801,13.482,14.573,15.162,13.18,13.621,14.468,13.711,12.811,13.88,13.016,13.815,13.46,13.393,13.075,13.487,14.101,12.302,13.59,13.801,13.615,13.317,13.031,13.495,13.171,12.252,12.207,12.983,11.921,14.148,12.731,11.633,14.736
Q99757,TXN2,5.961,7.349,,5.234,8.118,,7.599,6.395,7.59,5.171,5.769,7.8,6.219,5.887,6.49,6.842,6.197,7.926,5.887,6.632,7.717,6.309,6.344,9.399,7.551,8.5,6.688,6.606,5.75,,5.528,4.761,6.876,6.532,6.755,7.322,6.477,7.148,6.996,
Q99798,ACO2,15.122,14.566,15.923,14.922,15.366,15.098,14.473,14.576,16.381,14.002,15.411,15.958,15.1,15.137,15.734,14.468,14.067,15.176,13.669,14.844,15.771,15.81,15.419,15.596,14.923,15.241,16.089,15.735,15.69,16.797,16.098,14.867,14.901,16.315,15.538,16.006,15.222,15.806,16.073,14.028
Q99999,GAL3ST1,,8.099,7.993,6.837,6.548,5.429,7.082,5.644,8.562,7.727,8.845,6.858,7.731,6.371,6.765,7.302,7.505,8.216,6.074,8.867,7.337,6.232,7.259,6.925,8.078,6.034,,9.059,7.708,5.653,7.257,,,7.398,7.928,7.454,6.405,7.519,6.629,7.864
Q9BPW4,APOL4,16.01,16.406,15.723,15.835,16.465,15.382,15.738,16.495,17.565,14.746,15.34,16.335,16.137,15.302,17.292,16.012,14.957,15.591,15.742,16.36,15.502,15.496,16.329,15.806,15.585,14.451,16.669,15.22,17.026,16.631,15.586,16.576,16.092,15.206,16.04,15.817,,14.84,16.21,16.605
Q9BPW8,NIPSNAP1,13.32,13.907,15.042,13.893,14.353,15.405,13.257,14.864,14.52,13.624,13.688,14.298,12.417,13.165,13.515,13.686,13.366,14.215,14.985,13.931,14.108,13.113,12.483,13.68,14.669,15.639,13.936,15.741,13.107,14.296,13.266,13.27,15.095,13.414,13.012,13.607,14.688,14.492,13.908,13.926
Q9BQE5,APOL2,12.033,13.803,10.879,11.401,12.841,12.504,12.232,12.262,11.739,10.514,10.899,11.728,11.172,12.423,11.899,12.865,12.309,10.839,13.426,12.646,12.017,12.803,11.294,11.164,,10.747,10.782,11.9,12.053,12.554,,10.99,11.698,12.114,12.768,10.306,13.136,11.37,13.556,12.54
Q9BR01,SULT4A1,13.666,13.253,12.129,14.841,13.311,15.34,14.271,14.217,16.185,13.34,14.59,12.416,14.191,14.134,14.13,13.32,14.13,13.249,13.352,13.939,14.152,14.041,14.562,,13.504,14.238,14.365,12.961,13.567,14.46,14.969,13.851,14.456,15.084,14.813,13.576,13.677,13.339,14.522,12.543
Q9BT49,THAP7,12.985,,15.416,12.664,12.511,12.552,13.783,14.447,13.18,14.724,14.517,14.8,13.693,13.44,14.268,15.19,12.215,14.045,12.972,14.936,12.325,14.787,14.5,13.525,14.608,14.937,14.674,13.541,13.231,14.4,13.31,12.816,13.397,13.088,15.01,14.13,,14.742,14.764,13.031
Q9BU23,LMF2,15.992,13.898,15.902,15.736,15.853,15.863,15.048,17.032,13.818,13.79,14.037,15.558,14.552,15.349,14.413,14.795,15.351,15.52,17.707,15.228,14.719,15.562,13.806,15.584,15.274,16.142,15.751,14.766,13.911,15.187,15.235,15.791,15.369,15.556,15.4,16.714,16.224,14.518,16.781,16.122
Q9BV10,ALG12,,8.671,,9.638,8.789,9.496,8.022,7.844,9.738,10.254,9.724,7.704,7.172,,7.552,7.81,8.873,8.254,10.605,10.084,10.202,7.743,,8.858,9.184,9.157,7.462,9.394,8.28,8.374,8.136,8.915,9.007,9.358,10.011,9.28,7.796,8.141,9.136,9.781
Q9BVL4,SELENOO,12.069,10.482,11.574,12.301,11.853,12.567,12.6,10.707,11.64,11.382,12.123,10.12,12.85,12.091,,10.664,11.47,11.349,11.904,,11.197,11.428,10.888,12.17,10.607,,11.425,11.984,12.733,11.775,12.812,12.185,12.652,12.584,11.067,11.741,11.932,11.393,10.885,12.217
Q9BW83,IFT27,7.146,6.321,6.44,6.642,8.567,6.214,8.122,7.526,6.418,7.069,5.708,7.609,6.104,6.678,7.219,7.824,6.252,6.962,6.912,6.956,,5.323,6.541,6.112,6.791,,5.541,6.977,6.936,6.985,6.45,6.966,6.98,6.518,7.646,,6.496,,6.556,8.191
Q9BWT7,CARD10,12.095,12.3,11.806,12.045,12.695,12.583,12.798,10.819,10.885,13.688,12.701,12.585,12.768,12.49,11.73,12.622,11.797,12.179,12.592,11.621,11.405,12.386,12.889,13.42,12.107,12.948,12.741,14.061,13.673,12.453,12.143,,12.405,,12.707,12.109,12.45,12.324,11.613,12.366
Q9BWW8,APOL6,7.325,7.725,6.907,8.189,7.955,6.54,7.385,7.677,8.459,,7.829,,6.135,7.96,7.207,9.032,7.949,7.47,7.954,7.569,,7.423,8.162,8.951,8.746,6.681,7.869,8.768,6.398,6.715,,6.489,7.075,7.792,,,7.146,7.44,8.859,8.716
Q9BWW9,APOL5,11.977,12.01,11.48,10.74,10.314,11.694,,10.242,10.771,12.524,12.171,12.044,12.631,12.417,,11.651,12.291,11.175,11.757,10.818,11.72,11.786,10.784,11.07,11.074,10.95,13.292,11.822,11.697,12.775,11.87,11.615,11.739,12.508,13.027,10.93,11.13,11.345,12.143,12.88
Q9BXF3,CECR2,12.556,10.499,12.115,11.615,12.315,11.72,12.571,12.644,13.075,12.792,11.015,11.878,12.167,10.822,12.293,11.42,9.701,,11.513,11.745,10.103,11.833,11.675,12.603,11.083,12.034,11.456,11.692,11.116,14.259,11.832,12.258,12.445,11.474,12.875,11.338,,,12.001,11.96
Q9BXI6,TBC1D10A,10.916,11.398,11.697,10.802,10.742,11.225,10.257,10.281,10.184,9.601,10.821,9.817,10.291,11.056,9.288,10.687,10.966,11.232,11.07,9.286,11.479,10.498,,10.634,10.916,10.128,9.967,10.292,8.117,10.108,11.258,10.771,11.359,11.775,10.322,11.702,9.644,10.345,10.219,10.56
Q9BXI9,C1QTNF6,11.247,10.753,12.015,11.508,10.986,12.731,,11.698,9.957,,10.151,12.284,10.129,10.926,11.912,12.807,10.489,12.184,10.615,11.226,9.762,11.51,11.698,12.167,12.34,11.319,11.141,12.335,12.963,10.036,11.044,10.608,,10.532,11.088,11.855,9.584,10.537,,11.173
Q9BXK5,BCL2L13,,14.128,14.283,14.298,14.587,13.776,13.76,14.44,13.441,14.922,13.512,12.397,13.504,13.466,14.147,13.788,13.422,13.031,12.548,11.505,14.412,11.528,14.096,14.58,,13.963,13.878,12.758,13.143,15.674,14.32,12.591,12.97,15.418,12.83,13.64,13.903,14.378,14.505,14.7
Q9BXQ6,TMEM121B,14.906,13.028,13.001,13.895,,13.041,13.162,14.194,13.796,13.939,14.561,13.756,14.207,15.137,14.766,11.818,12.725,14.422,13.629,13.864,13.798,13.213,15.461,12.794,14.358,14.136,14.657,14.239,14.014,14.005,13.095,14.428,12.355,13.969,14.862,13.132,15.303,15.392,15.505,13.598
Q9BXT6,MOV10L1,,9.949,11.538,9.135,12.282,10.403,10.491,11.473,11.344,12.355,11.138,11.61,11.327,10.316,10.682,12.029,10.53,11.557,9.066,11.48,11.605,12.38,11.391,9.765,10.594,13.258,9.573,10.784,9.506,11.492,,11.477,9.603,10.382,9.722,10.741,11.912,9.687,12.152,10.964
Q9BXW7,HDHD5,11.62,12.17,11.135,11.238,10.586,12.692,11.609,11.552,10.144,11.737,11.674,9.891,12.249,11.761,14.312,12.48,11.973,13.17,11.648,11.783,13.005,12.307,11.707,12.998,12.951,13.983,13.079,12.398,12.155,11.685,11.142,12.11,13.058,13.168,11.498,11.197,12.997,11.547,11.494,12.03
Q9BY27,DGCR6L,14.957,14.813,15.485,14.768,14.485,14.438,15.81,16.685,15.453,13.646,15.684,15.287,16.287,15.062,14.509,15.26,14.698,14.941,15.109,14.983,14.934,14.807,16.119,14.382,15.142,14.213,15.09,15.695,15.598,15.72,15.605,16.494,16.173,15.565,15.941,14.289,14.605,15.154,15.355,14.312
Q9BY77,POLDIP3,,7.433,7.675,6.1,6.469,6.103,,8.368,7.672,6.756,5.809,7.976,7.379,6.943,7.839,6.819,6.497,7.022,7.089,6.143,7.306,7.119,6.549,7.045,7.324,7.595,7.753,,,7.703,6.524,7.91,,8.241,,7.725,8.62,,8.214,7.84
Q9BY89,KIAA1671,7.64,7.514,8.509,7.117,7.087,7.436,6.763,7.526,7.902,7.696,7.3,6.516,6.285,7.195,6.794,8.694,7.442,5.183,8.529,7.764,6.851,7.005,8.32,7.875,6.058,8.053,,6.879,6.569,,8.73,8.076,7.714,7.186,6.581,6.798,6.727,6.211,7.725,
Q9BYB0,SHANK3,,,7.3,4.496,6.597,6.745,7.38,8.221,6.152,8.814,5.299,6.001,6.617,7.507,8.095,8.248,7.554,7.223,6.991,5.636,6.235,6.475,5.704,7.659,5.916,7.464,7.067,5.597,6.422,6.629,6.59,8.429,7.061,6.239,7.345,,6.433,6.739,6.187,7.059
Q9BYB4,GNB1L,15.407,12.942,11.953,10.979,12.435,13.022,12.723,13.248,13.988,,12.933,12.438,11.511,13.226,13.538,11.186,,13.456,11.192,12.306,12.952,12.622,13.784,13.381,12.202,12.303,13.014,13.341,12.167,12.321,11.643,12.63,11.597,11.734,12.732,13.508,11.093,12.386,11.667,12.572
Q9BYH1,SEZ6L,10.189,10.444,9.512,10.815,10.671,8.905,10.302,10.848,11.674,,8.782,11.059,10.959,11.248,8.788,9.461,9.543,10.383,9.559,8.284,11.271,11.342,9.004,10.382,10.402,9.61,11.757,11.681,9.74,9.871,10.367,10.162,9.846,9.707,10.21,10.752,,10.976,10.153,
Q9BYW1,SLC2A11,12.148,12.997,13.16,14.191,13.698,13.552,14.152,14.372,13.686,14.105,14.364,14.086,13.693,12.798,13.303,14.105,15.342,14.502,13.487,14.329,13.451,14.739,15.289,14.694,13.213,,14.532,13.703,13.684,13.163,14.532,13.193,13.874,15.249,13.838,15.553,14.029,13.962,14.432,14.682
Q9BZE7,C22orf23,11.015,11.861,12.641,12.779,14.022,12.048,12.274,12.191,13.8,13.067,13.313,12.774,14.202,12.092,14.134,13.076,12.398,12.424,12.17,13.312,13.957,13.51,13.721,,11.986,12.683,11.78,12.504,13.56,12.885,11.955,12.413,12.192,12.292,12.555,12.851,11.119,12.924,12.457,12.79
Q9BZR6,RTN4R,9.249,8.965,10.052,9.158,10.736,9.139,9.796,11.085,,10.405,10.599,10.29,,10.201,9.783,9.077,9.361,9.449,9.795,8.766,11.145,9.491,9.354,,8.284,9.706,8.735,9.782,9.628,,8.955,8.304,8.023,10.49,7.72,9.194,9.139,7.867,8.83,8.906
Q9H0A3,TMEM191A,15.45,14.853,16.129,14.719,14.956,14.948,15.45,15.37,14.642,15.271,14.422,16.098,14.204,14.807,14.506,16.448,15.509,13.245,16.216,15.753,16.195,15.876,14.574,14.381,14.328,14.87,13.708,15.003,16.178,14.614,16.183,15.651,12.498,15.601,14.47,14.232,16.228,14.974,14.965,13.708
Q9H1I8,ASCC2,14.559,14.047,14.959,13.318,13.959,13.224,14.454,14.554,14.988,14.013,13.519,14.572,14.949,12.253,14.896,,13.301,13.592,14.469,14.254,14.001,13.662,14.483,14.442,15.876,14.811,14.46,13.17,13.955,12.807,13.322,13.086,14.301,13.991,14.598,13.497,14.156,14.646,14.063,13.425
Q9H1K4,SLC25A18,,8.561,9.893,,,8.013,8.315,,8.79,9.148,7.364,,,8.822,8.321,,,,8.374,8.784,7.582,,8.778,10.593,9.135,6.535,9.233,9.122,8.286,10.938,9.021,8.219,9.79,8.796,8.504,7.938,,8.025,8.409,8.016
Q9H2D6,TRIOBP,9.2,7.617,10.074,11.072,9.139,8.923,10.088,10.284,10.007,10.569,8.991,9.312,9.8,,9.213,10.05,10.096,9.193,8.282,9.875,9.32,9.928,9.028,9.603,9.202,10.557,9.818,9.096,9.874,10.991,8.797,9.157,8.149,9.611,8.769,8.063,8.841,10.916,10.431,10.845
Q9H4I3,TRABD,,5.807,8.925,10.297,8.221,8.549,9.449,9.38,8.198,9.348,9.767,11.032,10.046,8.533,9.205,7.521,9.071,9.531,9.008,7.897,8.725,8.64,9.355,8.863,9.218,9.862,,8.335,9.008,,9.256,,7.821,,7.7,,7.687,9.926,9.8,10.174
Q9H4I8,SERHL2,6.781,7.594,7.554,6.941,,6.172,6.994,7.755,7.897,7.248,6.91,8.145,,7.952,8.309,6.885,8.356,7.844,8.647,7.628,7.682,7.76,,7.409,7.778,7.917,,8.593,8.195,5.443,8.273,6.735,8.407,8.443,8.593,7.7,8.373,5.676,6.374,8.829
Q9H4I9,SMDT1,8.441,,7.917,,6.589,7.591,7.766,8.337,7.201,7.367,7.623,8.543,7.394,6.4,,9.46,7.801,6.123,7.51,9.085,8.45,7.476,6.494,,8.42,7.244,5.447,6.847,7.924,7.663,7.367,6.41,7.63,6.464,,6.127,7.375,6.843,6.7,6.585
Q9H4K1,RIBC2,14.571,16.499,15.392,15.096,16.117,14.177,15.4,14.631,16.119,16.36,14.493,14.719,15.622,14.759,16.142,16.496,15.146,15.858,15.273,15.938,13.796,14.018,15.886,15.943,14.896,14.771,14.137,15.965,14.384,16.932,15.158,15.884,15.351,14.65,14.992,15.727,16.041,15.239,15.003,15.751
Q9H6A9,PCNX3,10.459,8.292,11.063,9.377,11.11,10.053,9.486,10.48,8.937,9.324,,11.851,9.975,10.084,8.901,10.437,9.441,10.844,10.554,,10.476,10.164,10.236,11.078,11.005,10.377,12.537,8.777,9.331,9.947,11.078,10.47,11.062,10.827,9.624,10.914,10.159,10.78,9.558,11.354
Q9H6E4,CCDC134,10.613,9.032,10.331,9.655,8.941,7.954,9.663,10.414,9.653,9.619,9.805,8.284,,11.316,9.39,10.459,9.432,9.478,9.879,8.748,11.64,10.396,10.835,9.464,8.836,9.08,9.805,9.997,,8.962,10.648,,9.521,10.029,10.067,8.964,10.754,10.665,10.311,9.729
Q9HBE1,PATZ1,13.875,12.915,12.637,13.568,12.179,13.778,11.829,14.12,,13.612,12.949,11.893,12.361,12.617,13.21,13.448,14.071,12.571,12.86,12.986,13.685,13.639,11.606,15.494,13.266,13.33,11.422,12.933,13.6,12.772,13.701,14.049,15.132,12.492,14.279,12.18,14.004,13.947,14.005,13.895
Q9HBI0,PARVG,10.769,11.014,12.364,10.088,11.467,10.41,,13.582,11.385,10.409,11.116,10.618,10.267,11.86,13.082,,10.39,11.319,11.101,12.813,12.123,,11.708,12.316,11.421,10.903,12.148,12.238,11.605,12.283,12.707,,12.124,,10.513,12.335,11.499,11.811,10.274,10.826
Q9HBI1,PARVB,14.386,15.626,15.821,16.67,15.4,15.08,13.821,15.045,16.434,15.211,13.595,14.95,15.182,15.211,16.446,16.038,14.663,15.58,14.695,15.498,15.286,15.286,14.745,13.872,15.975,15.929,16.062,15.452,15.436,16.84,15.18,14.409,15.04,15.241,15.141,14.888,15.232,14.353,14.794,15.228
Q9HC16,APOBEC3G,12.771,13.668,12.87,14.057,14.433,14.711,15.593,11.742,12.75,14.7,12.695,,13.862,14.145,12.887,14.768,14.46,14.244,11.887,13.115,11.461,14.245,14.724,13.152,13.905,12.89,14.962,13.849,13.205,13.98,13.882,13.94,12.878,13.028,12.298,13.074,14.392,13.702,14.51,11.984
Q9HCN8,SDF2L1,12.024,9.486,,10.128,11.558,10.912,,11.039,12.567,11.81,12.549,10.219,11.053,10.051,9.454,,10.506,9.765,12.055,,10.847,9.538,11.423,11.264,10.854,,9.705,11.858,10.534,8.918,9.87,12.241,11.491,10.478,11.057,11.253,11.633,12.518,10.849,11.539
Q9NNW7,TXNRD2,8.353,11.757,10.415,11.228,9.161,9.185,10.774,9.346,11.671,9.797,11.822,8.367,8.857,10.7,9.162,9.523,9.638,8.545,9.354,10.663,9.011,,9.374,9.3,10.143,10.247,10.07,10.301,9.23,9.222,9.74,10.433,11.16,10.096,8.999,8.265,9.927,10.585,9.229,9.777
Q9NP61,ARFGAP3,15.803,16.24,16.123,17.33,16.916,14.458,16.975,16.445,16.771,16.145,14.71,14.678,14.473,15.393,14.492,16.622,15.522,16.619,15.971,16.245,15.09,15.846,15.34,14.857,15.374,16.2,16.842,16.308,16.308,16.112,16.099,15.25,16.286,15.581,15.955,16.203,14.599,15.122,16.458,16.286
Q9NPC4,A4GALT,12.606,13.996,12.846,,14.231,13.921,14.15,12.934,12.622,12.266,12.967,12.368,12.563,13.13,11.508,13.216,11.842,12.938,11.63,14.073,13.959,12.434,13.367,14.695,,12.845,12.107,14.633,12.025,13.399,12.797,13.371,,13.747,13.185,11.964,13.513,13.073,12.734,13.96
Q9NQ50,MRPL40,15.127,15.603,16.062,14.666,17.542,15.105,15.82,15.333,15.601,15.147,15.119,16.859,15.052,14.62,17.075,15.888,16.223,16.241,15.537,16.083,15.103,15.507,16.416,15.52,14.81,14.411,15.64,15.251,16.85,15.681,15.628,15.16,15.612,15.394,14.757,15.758,15.219,15.394,15.054,14.67
Q9NQF3,SERHL,7.092,7.414,6.626,,6.032,7.997,7.864,5.757,6.028,8.306,7.722,8.372,6.513,7.849,6.581,6.654,7.822,6.23,6.591,6.378,5.554,5.405,7.167,,8.255,7.561,7.483,8.358,,7.567,,7.305,7.109,,6.639,7.593,7.457,,6.8,5.671
Q9NQG6,MIEF1,13.99,15.039,14.658,13.778,14.703,14.509,14.681,14.923,15.101,15.861,14.655,14.577,14.824,16.036,15.637,14.093,12.758,15.646,15.444,16.178,16.08,14.184,14.844,15.228,13.387,14.595,13.944,14.16,15.774,14.279,14.163,14.866,15.525,14.826,13.682,15.07,14.595,14.578,14.952,14.398
Q9NQG7,HPS4,11.038,12.069,13.802,12.953,11.389,,12.649,12.527,11.962,12.349,11.08,13.47,12.966,12.126,12.913,12.799,11.583,12.12,11.815,11.877,14.091,12.643,12.881,13.129,12.71,13.089,13.289,12.262,11.785,11.842,11.327,12.579,12.566,11.414,12.312,12.057,12.801,12.066,12.009,11.797
Q9NQH7,XPNPEP3,6.41,,6.813,6.047,6.63,,7.12,9.186,6.673,7.44,8.426,6.631,7.496,6.89,7.06,7.007,6.645,6.987,5.271,8.746,8.112,,6.617,,8.008,7.661,5.495,5.889,7.248,7.466,7.079,4.621,7.387,7.235,5.865,7.365,6.972,5.719,,7.604
Q9NRA8,EIF4ENIF1,11.381,11.932,12.189,13.852,12.008,10.738,11.225,13.854,13.645,11.882,13.592,13.355,12.034,12.506,12.725,12.771,10.739,11.37,12.214,11.832,10.666,10.96,12.109,11.479,12.939,,11.514,12.867,11.9,13.51,12.157,12.658,,12.976,12.851,10.361,,11.614,11.369,12.011
Q9NRD5,PICK1,13.539,12.923,11.944,13.2,12.548,11.933,12.953,12.68,12.82,12.036,11.249,13.594,12.866,13.21,13.967,13.519,13.067,12.009,13.079,11.944,13.097,13.175,14.048,12.023,13.241,12.969,13.768,11.238,,13.178,12.046,,11.662,13.452,13.45,13.177,14.54,13.431,12.094,12.579
Q9NRW3,APOBEC3C,4.908,6.1,5.903,5.828,6.849,,5.751,5.355,6.322,7.072,5.258,6.397,5.185,5.178,6.588,6.662,5.355,6.607,5.2,6.983,6.632,5.751,5.951,6.17,,7.493,,6.162,,5.803,5.968,5.917,5.269,7.729,,7.32,,5.529,4.195,
Q9NS69,TOMM22,10.707,,10.706,11.378,10.4,10.876,11.089,10.708,11.161,10.531,10.984,11.629,9.349,11.126,10.653,,,9.446,11.683,10.731,9.783,10.659,10.173,10.032,13.0,10.298,8.136,9.87,9.89,9.905,10.607,9.732,12.129,10.009,10.779,9.912,9.773,10.365,9.894,10.781
Q9NSP4,CENPM,14.406,15.216,14.593,,15.559,13.903,14.693,14.417,15.248,15.511,14.547,12.845,14.412,16.116,15.445,14.104,14.456,12.533,14.463,13.239,14.023,14.679,13.934,,14.954,15.562,14.194,13.345,14.063,14.0,12.802,14.613,12.626,14.349,14.094,12.567,14.689,15.605,14.274,14.435
Q9NSQ0,RRP7BP,9.581,8.268,9.016,9.634,9.012,9.429,8.483,,8.722,7.413,8.601,8.265,8.666,9.655,9.032,8.66,8.671,9.53,8.143,8.146,,8.472,8.984,9.322,10.617,8.546,9.181,9.581,8.5,8.83,9.589,9.052,,10.23,9.964,8.773,11.699,7.874,8.435,10.254
Q9NST1,PNPLA3,11.99,10.468,11.531,10.503,11.292,9.278,11.563,11.709,9.581,12.114,8.435,10.237,,,9.373,11.293,9.172,11.636,,,9.238,11.075,9.749,10.696,9.974,10.218,10.742,11.769,10.647,10.542,11.89,9.706,10.575,10.209,12.542,,9.809,10.33,10.356,10.354
Q9NTG1,PKDREJ,8.54,9.184,9.452,10.492,9.646,10.375,9.709,9.304,9.722,11.581,9.322,9.568,11.336,10.417,9.405,9.547,10.226,11.858,10.06,10.739,10.574,11.463,9.497,11.326,9.691,9.783,11.023,10.247,9.182,10.47,11.567,11.046,9.219,10.066,11.025,10.094,9.388,10.894,12.216,10.167
Q9NV39,PRR34,8.462,7.286,8.522,9.079,8.27,8.544,,8.943,9.086,9.43,9.139,7.165,9.174,8.416,10.346,8.772,10.743,9.248,10.077,8.204,9.631,10.619,7.64,9.153,9.649,9.045,9.444,10.595,10.385,7.154,10.064,8.248,9.417,7.903,,11.036,,,7.736,7.994
Q9NWS6,SIRAL2,14.468,15.246,13.771,15.891,15.687,14.884,14.706,14.837,15.462,15.119,14.667,16.419,14.95,14.349,15.937,14.718,14.391,14.838,16.131,15.541,15.325,15.87,15.314,15.965,15.825,14.87,14.477,15.697,14.211,15.056,15.288,14.46,15.978,15.236,15.621,14.624,15.514,14.464,15.454,14.127
Q9NY65,TUBA8,13.572,13.068,13.913,13.748,14.971,14.398,14.49,13.383,14.424,14.153,12.981,13.224,12.532,13.391,13.917,14.718,13.904,13.593,13.196,14.536,13.44,14.358,15.154,13.627,13.77,13.744,13.472,14.167,,,12.96,12.993,14.281,13.715,15.238,13.893,14.006,12.87,13.794,14.021
Q9NY91,SLC5A4,6.755,7.472,6.234,,6.593,8.519,7.88,6.998,,,7.596,7.315,6.38,7.893,7.059,6.467,6.775,6.848,,7.262,6.762,8.05,6.074,,6.146,,,6.45,,6.379,6.169,7.279,8.16,7.665,7.401,5.787,5.676,6.647,5.775,6.413
Q9NYQ6,CELSR1,15.785,15.689,14.787,16.777,15.192,14.959,15.874,15.795,16.913,16.497,16.052,17.257,16.254,15.38,14.775,15.621,14.421,16.919,15.563,14.374,16.483,15.831,15.209,14.66,15.147,14.264,16.09,16.583,16.114,14.282,15.334,16.778,15.57,16.19,16.099,15.103,14.897,15.788,15.755,16.317
Q9NYZ3,GTSE1,16.689,14.591,14.379,15.688,16.769,13.304,13.619,15.747,14.577,15.209,14.428,14.545,14.962,14.518,14.288,15.234,14.25,15.767,14.731,14.396,14.476,14.536,14.458,15.748,15.115,16.146,13.264,14.306,14.261,15.526,15.795,15.328,15.218,15.696,14.965,15.318,15.838,13.63,14.172,14.382
Q9NZ20,PLA2G3,9.242,9.661,8.341,7.761,9.013,7.199,,9.721,8.951,10.107,8.781,8.688,,8.777,8.445,9.361,8.646,8.096,,9.069,9.799,9.209,8.218,9.026,9.081,10.127,8.831,10.997,9.469,8.581,7.817,9.6,8.574,7.815,,10.151,8.693,8.573,7.814,10.665
Q9NZK5,ADA2,16.045,14.586,15.114,14.745,13.906,14.524,14.248,12.81,15.056,14.035,14.856,15.664,12.817,12.217,14.22,13.877,13.527,15.793,13.585,14.36,14.693,14.485,14.829,15.971,13.862,16.173,14.44,13.938,14.568,14.185,14.547,14.443,14.889,15.402,15.112,14.032,13.991,14.376,15.2,15.768
Q9P0X4,CACNA1I,8.268,6.624,,7.384,7.135,7.344,6.701,6.581,7.025,8.158,7.197,,7.32,8.41,7.277,7.313,8.68,,6.771,8.413,,8.617,7.189,6.397,6.809,,6.74,5.874,8.177,8.531,8.505,7.327,8.166,6.309,6.76,6.147,8.51,7.462,7.6,
Q9UBB4,ATXN10,15.564,16.325,16.575,17.333,15.392,15.492,15.45,14.01,16.892,15.141,16.028,14.915,14.725,15.356,15.943,14.652,15.711,14.739,16.428,16.117,15.563,17.094,16.476,16.374,17.684,16.29,15.327,15.638,15.51,14.899,15.163,16.126,15.752,16.201,17.036,15.936,16.905,16.6,16.799,17.195
Q9UBB9,TFIP11,14.24,11.56,13.167,13.249,12.063,12.889,12.863,12.206,12.589,12.985,12.801,11.362,12.811,,13.941,12.903,12.649,13.728,11.382,12.976,12.532,14.856,11.511,13.175,12.986,12.731,14.122,13.257,12.819,12.968,12.643,11.744,12.899,14.74,13.246,11.927,11.613,12.325,11.915,12.69
Q9UBR1,UPB1,12.698,12.478,13.17,,14.01,12.925,11.63,12.359,11.701,12.211,11.748,12.696,12.313,12.39,12.441,13.393,12.341,11.73,10.56,,11.749,11.69,13.199,12.436,13.311,12.14,14.116,12.673,12.569,,12.711,12.47,12.108,14.72,11.358,11.771,13.38,13.468,11.691,12.905
Q9UC06,ZNF70,,7.381,6.187,7.498,8.353,6.299,6.182,8.075,7.237,7.205,8.345,5.92,7.622,6.903,6.189,,6.263,5.953,5.683,7.643,5.758,5.68,6.167,6.264,5.803,7.571,8.416,7.42,5.904,,7.725,6.956,6.775,6.956,8.506,5.736,6.653,5.413,,6.892
Q9UDW1,UQCR10,15.094,15.454,13.747,13.793,,15.558,,16.527,15.031,15.174,13.839,15.986,15.087,14.519,13.225,16.426,15.766,14.521,14.979,14.061,14.796,13.185,15.021,14.886,14.839,14.204,14.323,15.529,,14.785,15.281,14.903,15.85,14.43,14.526,16.021,14.748,14.201,15.597,13.825
Q9UDW3,ZMAT5,5.795,6.501,7.185,6.594,6.465,7.345,6.694,5.123,6.27,,,6.068,5.023,4.224,5.965,4.321,6.291,7.635,7.488,,,6.917,6.488,5.573,7.979,7.157,6.031,5.683,5.298,7.097,7.196,6.555,6.549,,5.563,5.847,,5.867,6.966,
Q9UDX3,SEC14L4,7.549,,6.816,6.905,8.819,9.422,,9.713,9.525,9.564,6.59,8.558,7.15,8.12,8.297,8.566,8.847,6.812,9.688,8.717,,,9.088,6.357,8.924,8.357,,8.179,9.322,9.881,8.298,8.979,9.429,8.012,9.653,9.162,7.793,,7.148,7.545
Q9UDX4,SEC14L3,8.482,6.897,7.322,6.958,8.334,7.788,,7.642,7.539,,8.839,6.324,7.987,5.31,8.856,5.491,6.661,7.79,7.375,,9.157,7.399,8.136,6.381,9.953,7.636,,7.921,7.033,8.542,8.134,7.237,7.536,7.122,,,6.203,,7.511,8.644
Q9UDX5,MTFP1,12.552,14.342,13.664,14.314,13.759,13.839,,13.629,15.132,14.337,14.638,14.481,12.866,14.069,13.184,15.933,14.517,13.27,13.791,,14.388,13.636,13.886,13.639,14.084,14.798,14.224,13.077,14.286,12.636,14.263,13.58,13.386,12.332,13.774,14.038,13.455,14.539,12.738,13.332
Q9UFD9,RIMBP3,8.262,7.904,7.596,,8.943,7.392,,6.771,7.195,9.499,7.503,7.385,8.928,9.232,7.304,8.7,6.835,9.833,8.134,,7.91,7.335,,7.706,9.222,9.033,7.854,6.974,,7.823,7.757,7.444,8.107,9.115,7.27,,7.419,6.72,6.747,
Q9UG56,PISD,15.325,13.58,15.329,14.361,15.658,15.367,17.247,16.064,14.005,13.752,15.939,15.159,12.371,14.474,14.324,16.901,13.604,15.342,14.796,14.899,16.369,15.252,15.182,14.475,14.459,16.724,14.657,15.498,15.37,13.769,16.592,14.604,14.836,15.64,14.224,14.805,15.14,16.572,13.541,15.925
Q9UGB7,MIOX,11.659,11.939,12.644,11.037,12.337,12.737,13.112,13.942,12.046,12.826,13.03,11.989,11.611,12.582,13.005,12.473,,13.643,13.652,11.947,13.08,13.404,12.684,12.196,12.867,13.215,12.605,13.14,,12.394,12.342,12.957,12.658,12.315,14.063,13.081,11.274,13.788,11.08,12.537
Q9UGR2,ZC3H7B,7.184,4.859,5.938,8.659,7.915,6.482,7.403,6.318,7.541,5.325,5.031,,6.533,5.671,7.177,,5.409,6.48,7.452,,5.825,,,5.905,5.984,6.552,6.518,7.859,,,6.23,5.804,6.136,4.675,8.328,8.173,6.386,8.039,8.566,5.91
Q9UGT4,SUSD2,6.937,,6.113,,6.711,6.31,5.842,6.326,7.459,6.539,5.877,4.366,7.177,5.422,6.352,5.252,6.242,5.719,5.241,4.484,5.802,4.586,5.939,5.913,6.817,,5.229,6.9,7.886,6.189,6.379,,5.612,5.418,5.867,,3.729,5.726,,6.782
Q9UGU0,TCF20,5.995,,,6.801,5.596,7.054,7.304,8.491,6.803,6.373,6.515,,6.389,,7.579,6.608,6.487,6.274,7.295,5.931,,7.928,5.637,5.882,6.823,6.052,5.724,6.624,5.673,6.705,8.253,5.265,5.986,,5.29,6.279,5.304,7.752,,6.523
Q9UGU5,HMGXB4,10.965,11.995,11.949,13.162,12.387,11.942,12.346,11.684,11.673,11.369,11.834,12.342,14.947,12.155,11.104,11.329,12.729,12.356,12.965,11.162,11.984,12.174,12.061,12.372,12.511,12.789,11.53,12.512,11.703,13.62,11.562,11.474,,10.886,11.437,12.32,12.987,12.692,12.733,11.578
Q9UGY1,NOL12,13.55,14.137,14.641,14.242,14.289,13.14,13.181,12.534,14.101,13.685,15.569,15.202,14.546,12.499,13.931,14.438,14.065,,13.315,13.211,13.276,14.149,14.51,13.432,13.834,13.954,13.935,14.493,15.12,13.58,13.515,14.052,14.665,13.971,15.132,15.323,12.985,14.46,14.123,13.017
Q9UH03,SEPTIN3,8.932,10.61,7.738,8.227,7.847,8.255,7.655,9.017,9.815,8.725,9.678,7.554,7.915,9.191,8.698,9.341,8.898,6.6,8.081,8.924,8.104,8.364,7.946,9.492,8.634,8.351,9.01,8.898,7.33,9.221,8.864,8.799,9.539,8.239,8.816,7.946,9.402,7.043,8.79,
Q9UH17,APOBEC3B,13.4,13.25,14.605,14.491,13.893,14.283,12.738,13.537,14.544,13.774,13.759,13.837,15.445,13.702,13.28,14.142,15.314,15.627,15.307,14.036,14.751,14.703,14.432,15.491,13.171,15.765,15.184,13.781,14.293,13.686,14.945,14.761,13.095,14.858,14.202,,15.149,15.186,14.073,15.945
Q9UH36,SRRD,5.963,5.473,6.032,5.655,,6.215,6.047,8.138,7.228,7.038,6.801,6.255,8.018,5.975,7.248,7.039,6.812,,7.706,6.229,7.755,6.651,6.311,6.185,6.866,7.238,8.776,5.592,,7.089,7.785,6.087,,,6.365,5.63,8.375,5.006,,7.17
Q9UH99,SUN2,13.42,13.98,13.934,14.845,13.401,14.223,,14.433,13.353,13.511,14.849,14.698,14.377,15.064,13.646,14.137,13.125,14.878,15.263,14.583,15.067,13.738,13.136,14.212,14.486,14.031,13.581,13.378,13.526,14.782,14.353,14.379,13.519,15.811,14.715,13.65,14.796,15.049,14.075,13.768
Q9UHP6,RSPH14,14.725,14.747,15.647,14.456,14.076,14.094,15.231,17.698,15.554,14.512,15.538,14.29,13.9,16.781,16.313,14.963,13.706,15.743,15.328,14.544,14.697,15.869,15.997,15.133,14.402,15.266,14.342,16.451,15.648,16.187,15.03,14.384,15.557,16.587,15.071,15.238,12.937,15.935,14.797,15.343
Q9UIA0,CYTH4,14.225,14.674,14.229,13.027,12.619,12.815,12.97,13.292,14.516,15.299,,13.67,13.284,14.472,14.352,15.265,13.035,15.23,13.533,13.727,13.666,14.616,13.672,14.01,14.337,14.493,13.954,13.882,13.97,15.064,13.473,14.66,14.595,13.742,14.251,12.365,12.607,12.818,13.764,12.67
Q9UJY5,GGA1,13.0,14.941,14.058,13.41,12.395,13.174,13.42,,13.922,11.915,12.722,12.456,12.19,12.487,11.946,13.138,13.262,11.755,10.793,12.766,13.232,13.929,12.087,14.162,12.781,12.866,12.626,13.114,12.584,11.813,14.389,12.57,13.876,12.383,15.169,14.03,12.944,12.169,12.195,13.798
Q9UKI3,VPREB3,15.742,15.234,14.035,14.587,14.734,14.334,14.823,14.482,14.582,14.432,14.897,13.725,14.435,12.792,13.926,12.817,13.601,13.687,14.535,13.232,13.602,13.989,14.464,14.946,13.525,14.016,15.121,14.783,14.702,13.84,13.603,13.882,13.454,14.04,13.743,14.099,14.315,13.136,13.849,13.574
Q9UKX7,NUP50,7.03,7.093,,5.544,6.006,7.007,,,5.826,6.173,,6.922,6.219,7.227,5.791,5.337,6.755,6.239,6.115,5.99,,5.296,5.507,7.441,5.558,6.497,6.625,5.523,,7.032,,7.054,6.549,5.294,5.727,5.913,5.888,6.395,,7.256
Q9ULC8,ZDHHC8,7.426,,8.081,8.687,8.074,7.859,6.687,,8.303,6.782,7.802,7.981,,9.557,6.983,,,8.142,6.95,,8.413,6.845,8.087,8.47,6.883,7.186,7.375,8.267,7.017,10.034,,7.9,7.975,7.832,8.209,7.301,7.75,,6.998,6.401
Q9ULT6,ZNRF3,7.076,8.504,7.734,7.646,6.763,7.963,7.479,7.778,7.223,7.112,6.01,7.3,6.794,6.997,,8.192,7.007,6.847,9.729,,6.98,,6.501,6.067,6.726,7.075,8.011,7.19,5.333,8.538,6.17,6.569,,7.596,8.514,7.672,8.306,6.935,7.071,7.182
Q9ULX9,MAFF,,9.582,12.14,9.66,,10.958,10.102,10.951,10.458,11.32,11.064,11.656,12.197,10.725,11.691,11.882,12.899,13.139,11.681,10.488,10.361,11.388,10.375,11.326,9.962,11.0,11.207,10.752,11.966,10.968,12.04,,9.924,11.437,10.298,10.583,10.688,12.427,11.202,11.516
Q9UMW8,USP18,13.412,13.215,13.427,13.472,14.227,10.874,13.774,13.957,12.445,13.285,13.776,13.265,13.24,11.975,13.55,13.826,14.061,12.622,13.166,13.57,13.026,13.373,12.745,12.912,12.532,14.434,13.612,12.682,,14.37,13.71,13.479,13.235,13.705,13.487,,12.447,11.796,15.41,12.679
Q9UNF0,PACSIN2,13.441,12.79,11.558,12.095,12.839,13.129,,11.255,11.738,13.082,10.999,12.113,12.274,13.245,11.984,12.842,11.006,11.608,10.867,12.605,11.802,12.351,,13.752,12.148,11.014,11.703,12.603,12.886,11.926,12.24,12.396,,13.304,12.609,13.39,11.345,13.217,12.318,12.038
Q9UNT1,RABL2B,15.702,15.217,13.039,13.278,15.701,13.75,13.77,15.114,15.98,13.458,14.167,14.79,13.924,,13.399,14.14,15.079,14.497,13.69,14.389,13.162,13.659,16.228,14.316,15.104,13.65,13.627,13.656,14.014,15.815,15.12,14.957,14.75,15.928,13.637,15.944,15.009,16.047,14.918,15.543
Q9UPQ9,TNRC6B,8.154,7.521,8.836,,,7.014,5.889,7.504,,,7.761,7.386,5.341,7.008,8.127,6.856,7.119,7.046,8.099,8.62,8.083,,8.425,6.671,8.161,7.774,5.618,7.923,9.117,8.413,8.808,7.542,7.321,7.551,7.778,6.847,7.581,7.458,7.829,8.972
Q9Y259,CHKB,13.514,14.67,12.291,13.569,13.172,12.011,11.55,12.997,11.974,11.66,13.834,12.181,14.098,14.756,13.59,14.219,15.06,13.377,14.425,13.91,14.401,12.752,13.497,12.807,14.958,13.267,13.483,12.565,12.553,13.144,14.034,14.791,12.727,13.526,11.436,14.96,12.651,13.404,13.997,12.412
Q9Y262,EIF3L,9.25,,7.866,,,7.225,8.304,6.307,8.315,8.783,,6.967,7.238,6.954,7.083,9.411,7.249,8.973,9.07,5.543,8.856,7.05,8.492,,,7.865,7.416,9.22,7.276,8.091,,,8.243,8.42,7.258,9.459,8.271,8.485,8.354,10.006
Q9Y295,DRG1,8.893,8.556,10.651,7.735,,9.582,8.43,9.708,9.897,9.176,8.235,,7.4,6.741,9.205,9.848,7.98,9.574,,7.572,,8.976,10.293,,10.261,6.825,9.33,7.236,7.233,8.606,6.731,7.603,8.459,8.923,8.907,8.695,8.7,7.598,7.747,9.508
Q9Y3A4,RRP7A,,12.01,12.8,14.518,15.018,13.837,12.388,14.024,14.734,12.244,13.087,,13.067,12.786,13.464,13.337,11.198,13.048,12.189,,12.337,12.778,12.786,13.036,12.458,13.432,13.766,14.418,11.42,13.875,13.012,12.948,13.895,12.948,13.041,12.64,13.438,14.234,,13.026
Q9Y3I0,RTCB,17.579,15.931,15.098,15.868,15.353,15.723,14.869,16.254,14.627,16.754,14.719,15.867,16.701,16.302,16.783,16.443,16.167,14.181,14.666,16.105,15.78,16.132,15.136,15.318,15.87,15.586,14.751,15.981,17.455,15.859,17.026,17.093,15.561,15.994,15.152,14.541,14.933,17.533,15.448,16.206
Q9Y3I1,FBXO7,13.336,12.407,11.252,11.412,11.77,11.681,13.587,11.514,12.633,14.319,11.878,12.319,13.062,12.846,12.226,10.623,13.438,,13.279,12.985,13.119,11.793,13.198,11.554,10.484,12.198,11.3,12.465,11.68,,12.763,11.801,11.926,11.343,10.83,12.775,13.272,12.646,11.37,12.084
Q9Y3L3,SH3BP1,5.229,5.472,5.652,5.653,,6.92,5.806,6.714,6.808,,6.621,6.281,4.873,5.463,5.953,6.515,,5.279,6.722,7.584,6.66,,,6.807,6.494,7.142,6.103,5.901,6.371,6.854,6.023,6.485,6.731,7.286,8.052,6.995,6.973,,6.615,5.669
Q9Y3M2,CBY1,11.204,10.813,13.112,10.812,12.205,,11.954,12.648,11.441,13.866,11.574,13.883,11.411,11.695,11.834,,11.441,13.866,11.861,13.088,12.201,11.854,11.863,12.695,12.154,9.359,12.602,11.905,13.062,12.145,12.239,12.619,11.574,12.018,12.402,12.933,11.803,11.376,12.782,13.527
Q9Y3P4,RHBDD3,5.998,6.9,6.207,5.849,5.291,8.294,6.974,5.75,6.311,6.995,5.962,7.5,7.557,,7.567,7.067,7.54,,6.927,,5.987,6.903,4.474,5.248,7.203,7.107,6.181,,7.886,4.972,4.64,5.491,5.622,5.958,8.849,5.566,5.249,,7.669,6.861
Q9Y442,YWHAH-AS1,14.615,17.862,15.473,15.455,14.86,15.552,15.338,13.271,15.068,16.641,13.041,15.965,15.713,13.704,13.97,15.349,12.839,14.979,15.752,15.686,14.596,14.819,14.868,14.65,15.003,16.274,14.836,16.483,16.665,14.163,,13.01,13.162,14.314,14.913,14.968,14.14,14.432,16.594,16.05
Q9Y512,SAMM50,12.618,13.613,12.394,13.388,13.73,12.693,13.814,12.819,13.343,13.177,11.803,12.935,13.739,13.456,11.83,13.208,12.699,13.324,12.238,14.254,13.02,11.539,13.233,13.617,11.989,12.996,11.3,14.254,12.675,13.79,13.386,11.546,12.228,12.585,13.554,13.137,12.449,13.349,,12.307
Q9Y519,TMEM184B,8.902,6.562,8.602,,,6.817,8.739,8.712,6.654,9.186,7.277,8.268,7.324,8.496,,7.44,6.858,6.856,8.203,5.51,7.799,8.497,8.826,,7.58,8.332,7.517,8.017,7.628,6.915,7.259,7.71,7.133,,8.983,,7.488,8.003,6.967,8.336
Q9Y534,CSDC2,,5.751,6.809,6.04,5.845,6.143,7.857,7.871,6.608,7.716,6.589,5.683,,5.996,,,,6.535,9.147,6.809,5.967,8.562,,6.599,5.936,6.476,6.151,7.452,7.345,6.326,6.497,6.748,6.816,8.069,,6.517,7.545,,6.164,7.717
Q9Y535,POLR3H,7.463,7.788,,,7.09,7.028,6.906,,6.868,,7.978,,9.032,7.276,8.251,7.29,8.353,,8.398,6.565,6.148,9.012,,,,,5.92,,8.115,8.837,8.97,7.578,8.46,7.986,7.23,8.52,9.061,9.079,7.442,7.83
Q9Y698,CACNG2,16.126,14.547,17.047,16.059,15.586,15.846,16.404,14.968,15.103,15.906,16.598,16.456,15.051,17.896,15.446,16.37,16.412,16.152,16.157,17.109,15.685,14.175,16.217,16.813,16.115,15.993,15.373,16.372,15.921,16.535,16.509,15.79,16.687,15.1,15.251,15.5,16.572,14.151,15.504,14.711
Q9Y6J0,CABIN1,11.461,9.602,10.498,10.38,10.583,10.59,11.12,10.2,,9.594,10.407,,11.97,10.06,12.104,,11.342,11.11,,9.944,11.062,8.847,10.472,9.302,11.168,8.917,8.875,10.707,,10.936,10.735,8.245,7.816,10.059,12.571,8.768,12.884,9.783,,10.517
Q9Y6U7,RNF215,14.157,13.996,16.171,13.649,14.105,13.714,13.282,13.279,13.801,14.37,13.718,14.486,14.959,15.707,13.009,14.004,14.559,13.142,13.753,15.294,14.771,13.672,13.814,14.256,13.128,13.479,,12.315,13.225,14.629,13.687,13.619,14.017,14.929,13.963,14.413,14.526,12.895,14.307,12.694
Q9Y6X9,MORC2,11.439,11.134,11.449,13.274,11.81,13.878,12.628,11.553,,12.811,13.315,10.962,14.257,11.245,11.218,12.881,12.051,12.461,12.793,11.115,11.902,,11.519,,12.989,,12.661,11.474,13.956,13.121,11.424,12.515,12.259,12.293,13.496,12.933,13.829,,13.419,10.767
