protein_id,gene_symbol,SITE1_PT001,SITE1_PT002,SITE1_PT003,SITE1_PT004,SITE1_PT005,SITE1_PT006,SITE1_PT007,SITE1_PT008,SITE1_PT009,SITE1_PT010,SITE1_PT011,SITE1_PT012,SITE1_PT013,SITE1_PT014,SITE1_PT015,SITE1_PT016,SITE1_PT017,SITE1_PT018,SITE1_PT019,SITE1_PT020,SITE1_PT021,SITE1_PT022,SITE1_PT023,SITE1_PT024,SITE1_PT025,SITE1_PT026,SITE1_PT027,SITE1_PT028,SITE1_PT029,SITE1_PT030,SITE1_PT031,SITE1_PT032,SITE1_PT033,SITE1_PT034,SITE1_PT035,SITE1_PT036,SITE1_PT037,SITE1_PT038,SITE1_PT039,SITE1_PT040
A0A024R1R8,TMA7B,14.432,14.057,14.97,13.448,12.507,14.359,13.603,14.376,14.246,13.96,14.129,15.214,15.537,13.702,14.148,14.051,12.962,13.409,13.27,14.4,13.341,12.252,11.63,11.956,13.21,14.231,15.42,14.456,13.109,13.549,13.325,13.542,13.862,14.472,13.572,14.791,12.619,14.014,16.306,13.627
A0A087X1C5,CYP2D7,9.145,10.487,10.483,10.812,9.588,10.918,11.143,10.49,10.001,10.322,10.701,8.92,10.405,10.171,9.803,10.299,,11.672,,10.003,11.115,8.329,9.473,10.234,9.345,11.102,11.827,9.324,10.128,10.265,10.954,9.894,11.353,11.724,8.486,9.271,9.964,9.915,10.705,10.756
A0A0A0MRZ9,IGLV5-52,14.425,15.128,14.791,14.146,15.211,15.424,14.903,13.72,13.961,14.641,,16.015,13.877,13.91,14.972,14.407,15.512,12.728,14.008,14.007,12.963,14.057,13.368,13.751,,,13.455,13.982,15.455,14.084,14.397,15.188,14.297,14.836,14.578,15.058,13.453,15.191,14.953,
A0A0A0MT76,IGLJ1,13.672,14.249,14.346,12.904,12.869,12.117,13.775,13.249,14.043,13.963,13.822,12.234,12.506,13.438,12.703,12.364,13.449,12.58,12.555,13.227,12.753,13.296,12.611,12.262,12.294,13.691,12.026,11.306,11.276,13.246,12.596,12.758,13.77,10.821,13.374,13.92,12.289,12.689,11.804,11.671
A0A1W2PR19,GSTT4,7.946,8.038,8.032,5.56,7.173,6.287,6.736,6.452,,,6.729,7.05,7.033,,6.862,7.269,7.941,8.445,6.89,7.101,,6.748,7.269,7.768,7.25,7.192,7.403,8.123,7.286,6.847,6.789,4.697,7.157,3.878,5.824,7.747,7.862,,6.339,8.144
A0A494C0N9,FAM246B,16.941,16.153,16.225,16.729,15.066,,16.445,15.856,15.179,14.946,14.907,15.727,15.188,16.023,14.584,15.596,16.082,17.766,14.458,17.302,16.35,16.234,16.143,16.485,15.972,17.104,15.571,16.818,14.912,15.918,14.492,15.882,17.303,15.946,16.045,14.783,15.227,14.41,15.057,15.961
A0A494C0Y3,FAM246A,13.244,14.512,12.096,12.16,12.265,13.175,13.534,12.375,12.628,12.72,15.364,14.789,13.966,13.41,12.958,11.938,13.462,12.599,12.748,11.918,12.459,13.055,13.546,14.343,12.542,14.682,13.095,14.352,13.333,12.667,13.577,13.731,14.27,13.668,14.672,14.081,13.051,14.237,15.257,
A0A590UK83,SMIM45,13.32,15.27,13.706,14.043,14.587,11.956,12.243,14.028,13.978,14.351,12.887,13.365,15.426,14.743,13.433,13.187,13.808,12.238,14.19,15.095,12.741,13.529,13.748,13.024,13.664,12.321,14.484,14.306,13.35,12.569,13.162,14.627,11.913,13.55,12.841,14.673,12.933,14.29,14.887,15.469
A0A6I8PU40,TUG1,,6.248,7.367,6.49,8.028,7.13,6.701,7.319,6.773,7.924,8.184,8.257,7.182,7.514,6.848,,5.995,8.171,,6.565,9.754,8.105,8.594,7.411,7.396,6.896,7.337,8.54,7.723,6.564,7.555,7.61,7.377,7.347,,6.875,6.583,5.295,7.413,7.166
A0M8Q6,IGLC7,9.713,11.785,10.494,8.912,9.372,8.346,10.072,10.009,9.882,11.177,11.114,10.416,9.015,10.522,10.956,10.685,11.391,9.568,11.675,9.358,11.112,9.463,9.095,,10.652,11.13,10.858,10.209,11.559,9.828,8.376,10.144,,10.684,8.834,9.501,9.986,9.993,9.517,10.137
A1L190,SYCE3,8.592,10.596,9.497,9.461,,9.803,,10.595,,9.943,9.451,10.718,9.523,9.415,9.142,10.255,9.722,9.24,9.144,8.577,9.879,9.013,9.788,9.872,11.279,8.68,9.668,10.449,10.732,9.722,,9.788,10.241,9.1,9.462,7.747,10.008,10.034,9.222,8.454
A4QPB2,LRP5L,16.537,17.037,14.274,15.191,14.315,14.778,14.672,14.299,14.454,14.576,14.437,15.941,14.545,17.804,14.321,14.733,14.314,16.63,16.214,15.367,14.39,15.716,14.516,16.359,15.283,15.575,13.685,14.674,15.554,16.44,16.413,14.462,15.246,16.012,14.165,15.279,15.152,15.151,13.96,15.033
A4QPH2,PI4KAP2,12.838,14.193,13.484,10.698,12.69,13.884,11.497,12.859,10.816,,11.413,12.293,11.45,13.093,12.743,11.691,,11.102,11.82,12.455,11.188,,11.875,11.338,11.613,13.324,12.553,11.681,12.82,,12.239,12.284,11.801,13.387,11.831,12.92,,9.909,13.455,9.693
A6NGB0,TMEM191C,14.332,14.453,13.505,16.087,14.143,,15.15,14.2,12.69,14.827,14.35,13.488,15.209,14.391,13.446,15.282,15.102,15.077,15.61,14.53,14.057,13.156,14.512,14.281,13.805,14.112,14.413,14.286,13.068,12.998,14.969,12.136,14.551,13.786,15.172,13.411,14.162,13.832,14.336,14.431
A6NHG4,DDTL,10.584,10.277,10.809,10.829,10.722,10.186,10.177,10.678,10.593,10.963,13.043,9.502,,11.104,10.257,11.981,10.042,10.328,9.896,10.168,10.778,11.264,10.87,11.329,10.995,10.239,12.039,10.449,9.336,,9.643,11.043,10.746,10.701,10.601,10.74,9.457,9.585,10.665,10.358
A6NJZ7,RIMBP3C,7.858,8.766,7.386,7.433,9.626,7.632,7.489,9.11,8.804,7.885,7.216,8.36,8.52,8.731,7.577,8.547,9.173,,,7.605,9.31,,8.988,,6.223,7.378,7.554,,8.765,8.756,9.34,8.105,7.183,7.986,8.853,7.484,9.188,9.016,8.523,5.931
A6NM43,CCT8L1P,11.533,11.75,12.32,12.98,,11.041,11.348,11.721,13.312,12.236,12.529,11.129,,12.016,10.395,11.828,10.943,,11.595,10.001,11.726,10.797,11.765,10.778,10.769,12.094,10.785,11.002,12.123,11.395,10.891,11.908,12.439,12.056,9.521,12.419,9.912,11.824,10.763,10.331
A6NNM3,RIMBP3B,5.949,6.491,5.016,7.238,7.414,5.901,8.027,6.468,6.748,6.069,7.126,6.751,6.703,7.205,8.065,6.474,7.635,,7.324,6.072,7.458,8.72,6.281,4.398,6.384,7.813,7.225,6.96,7.349,7.262,7.599,7.228,7.762,7.531,6.842,6.542,5.653,7.971,6.681,6.657
A6PVC2,TTLL8,13.332,13.98,15.168,14.442,12.945,14.931,14.018,15.379,13.915,14.153,15.654,13.511,13.974,13.965,15.025,13.929,12.625,14.366,14.18,13.714,12.785,13.557,14.351,14.735,13.605,15.737,13.426,13.52,15.402,14.017,13.708,14.188,15.239,15.368,13.617,14.046,14.556,13.918,14.092,14.426
A8K8P3,SFI1,12.527,12.011,12.6,12.546,13.373,11.709,12.249,12.863,10.769,12.727,11.686,11.812,,12.707,14.037,,11.671,11.448,13.625,11.898,12.168,12.785,,11.989,14.423,13.127,12.086,12.636,11.802,,13.248,13.273,13.157,11.924,12.01,12.782,13.074,11.969,10.786,12.253
A8MPS7,YDJC,14.035,12.216,14.011,12.822,13.628,13.604,14.289,13.76,13.538,14.726,14.271,14.509,13.049,12.836,13.28,13.127,14.091,14.262,13.212,14.852,14.647,13.577,12.725,14.478,13.826,13.705,13.05,13.112,12.238,13.665,13.261,15.867,12.589,12.587,14.332,14.81,13.273,14.202,11.961,13.605
A8MYP8,CIMAP1B,9.292,8.249,7.697,8.501,9.607,10.336,9.939,11.006,8.905,9.73,10.379,8.492,9.488,8.127,10.081,9.318,11.089,9.741,11.076,9.397,9.394,9.114,9.937,9.63,8.729,9.762,9.171,,9.106,11.232,9.509,,8.437,9.192,9.934,10.407,9.471,,10.028,11.019
B1AH88,TSPO,14.935,16.557,16.807,15.246,15.5,14.281,14.453,16.171,15.434,14.876,16.097,15.453,15.403,16.465,14.765,15.107,15.612,16.593,16.898,14.974,16.472,14.893,17.01,14.462,17.149,15.501,17.479,16.772,14.837,16.199,16.264,16.626,15.531,15.854,16.564,15.778,15.205,15.128,15.976,16.407
B5MCN3,SEC14L6,14.678,14.248,14.693,15.942,14.219,14.988,16.024,14.251,14.806,15.606,14.764,15.892,15.42,14.758,15.062,14.783,16.01,14.548,15.309,14.869,15.073,14.401,15.634,15.407,13.683,16.391,16.456,,16.105,14.672,13.701,13.939,14.988,14.576,13.375,14.869,15.33,13.523,14.897,16.041
B5MD39,GGTLC3,13.892,13.653,14.55,13.663,13.468,13.091,14.386,14.453,12.482,12.856,13.981,14.128,14.658,13.626,14.261,13.75,13.336,13.612,13.722,13.295,11.832,,13.826,13.376,13.774,14.09,12.631,12.398,13.573,14.493,15.697,14.209,,13.726,13.982,13.776,13.751,12.897,13.514,13.602
B8ZZ34,SHISA8,9.874,8.861,6.199,,,8.197,6.53,8.551,6.784,7.96,8.06,9.492,9.383,8.25,8.29,,9.093,8.008,7.829,8.809,7.543,7.845,6.318,8.223,9.414,8.596,9.548,7.257,8.436,7.516,7.695,8.743,7.955,7.213,7.085,6.484,8.388,10.092,8.982,6.564
B9A064,IGLL5,11.645,11.567,9.819,10.958,10.058,10.124,12.035,9.438,11.296,11.213,10.37,10.824,10.6,10.425,11.532,11.483,9.246,10.969,11.793,12.25,10.747,10.155,11.296,11.336,11.441,11.066,10.784,10.47,9.625,9.407,11.296,10.606,11.218,9.518,11.282,12.123,10.465,10.934,10.895,12.9
F5H4B4,FAM227A,6.392,5.737,5.008,6.464,,7.06,6.848,4.916,5.115,7.759,5.831,7.06,6.025,6.586,5.945,7.096,6.828,6.353,5.568,7.068,5.536,6.97,8.624,7.592,6.792,6.58,,5.268,,5.672,5.732,6.769,5.387,5.314,5.921,5.498,5.333,6.003,7.696,
H7C350,CCDC188,8.904,6.494,7.536,,9.038,6.811,6.871,9.425,7.19,7.888,,7.49,6.389,6.657,8.119,7.452,6.873,6.918,7.455,,8.355,,6.849,8.492,7.724,,7.934,7.076,6.715,7.242,,6.396,7.148,7.693,8.669,7.421,7.946,,7.137,7.867
L0R8F8,MIEF1,12.857,11.907,14.772,11.947,11.401,11.981,11.621,13.694,15.484,12.43,11.652,11.049,12.034,12.349,12.604,12.819,12.898,13.482,12.98,12.104,13.227,12.769,13.3,13.164,11.38,11.498,11.916,11.516,13.501,13.182,14.22,12.947,13.086,13.884,13.13,13.108,14.247,13.021,12.51,12.053
O00178,GTPBP1,12.025,12.792,12.8,12.685,13.933,13.284,12.94,12.402,13.031,13.869,14.348,12.503,13.33,14.423,13.289,12.774,13.156,13.854,13.585,13.446,12.182,12.985,,13.07,12.48,13.174,13.723,14.842,13.387,13.537,12.659,14.071,,14.305,14.264,14.049,13.303,13.813,14.35,12.693
O00192,ARVCF,15.478,16.077,16.802,14.318,15.87,17.16,15.364,14.925,15.659,17.085,16.149,14.703,15.51,14.974,16.049,16.254,15.905,16.135,14.367,14.016,16.264,15.235,15.912,15.841,14.768,15.122,15.936,15.975,16.535,16.251,15.9,15.038,14.782,15.68,16.366,16.088,14.511,14.931,17.126,15.901
O00501,CLDN5,9.359,10.482,8.668,9.774,8.724,,8.697,10.16,10.286,8.398,8.339,8.403,9.587,10.807,,8.933,10.055,8.904,8.671,9.399,10.17,7.257,9.448,8.922,8.65,10.479,9.0,8.856,9.324,,9.456,7.642,9.024,10.59,9.491,9.363,9.095,8.589,10.609,9.033
O00541,PES1,11.607,10.184,,8.942,9.981,9.619,9.529,9.776,8.345,10.534,9.835,10.233,,9.079,,10.159,9.631,9.578,8.474,8.403,9.766,8.685,9.145,10.636,9.669,10.397,9.405,9.906,10.08,8.349,10.617,9.522,9.898,9.225,9.75,9.752,10.507,9.873,9.826,10.855
O00587,MFNG,9.822,11.646,9.094,11.043,10.304,11.983,10.487,10.262,10.003,10.934,10.784,10.357,11.507,10.204,11.303,11.946,11.451,10.707,10.702,8.927,10.044,10.73,10.681,10.687,11.677,9.781,9.585,10.9,10.325,11.975,,11.42,12.224,9.628,11.003,11.097,9.695,10.205,9.667,11.476
O14791,APOL1,,9.893,8.084,6.523,7.754,8.119,8.363,10.123,8.471,7.854,8.763,7.892,6.832,5.719,6.509,7.345,6.998,8.228,7.331,5.494,7.299,,,9.595,7.434,8.412,7.693,7.666,7.014,7.463,6.833,7.972,7.528,7.471,8.776,8.316,7.313,7.975,7.936,
O14994,SYN3,7.627,7.928,7.27,,7.578,6.96,7.33,7.169,7.034,7.506,6.319,7.053,6.074,7.475,6.566,7.923,6.127,9.07,6.548,7.539,8.237,6.375,6.734,7.45,9.748,7.536,8.877,,7.195,7.101,,5.93,8.56,,5.063,7.022,7.81,7.162,7.164,7.183
O15031,PLXNB2,10.619,,10.445,8.856,11.254,11.298,11.219,10.693,11.198,10.273,10.202,12.326,10.805,9.574,11.051,9.783,9.471,10.283,10.432,10.988,11.204,11.26,10.17,10.223,11.223,,10.14,10.686,10.815,11.297,12.128,11.068,12.018,11.41,9.31,10.395,10.251,9.957,10.484,11.326
O15371,EIF3D,8.565,8.813,,8.505,,6.78,,6.99,7.817,8.545,8.439,8.121,8.365,7.369,8.463,8.194,7.711,8.916,8.69,8.208,8.662,7.813,7.218,8.064,7.782,,,7.819,,,8.294,7.616,8.817,9.02,7.297,7.468,9.389,,7.928,7.44
O15442,MPPED1,14.686,11.766,12.021,11.941,,13.387,12.913,12.223,12.079,13.886,12.166,12.491,12.794,13.036,12.485,12.721,,14.214,12.904,13.147,12.687,11.945,12.586,,11.116,12.921,12.685,12.018,13.674,12.515,13.467,13.214,13.433,12.167,12.68,12.579,11.318,12.884,12.383,13.664
O15499,GSC2,9.424,9.891,,10.633,10.925,11.269,9.061,11.604,10.845,10.885,10.65,9.959,9.55,10.887,9.896,11.328,9.435,9.752,12.184,9.672,9.627,9.702,10.499,9.65,10.816,10.593,9.927,10.704,11.302,,10.598,12.681,10.985,10.91,10.202,10.438,11.243,11.841,,11.03
O15547,P2RX6,13.748,14.959,14.946,14.504,15.53,14.845,14.287,14.223,12.826,14.721,14.136,13.002,15.395,14.451,14.223,14.356,14.137,14.634,13.417,14.409,15.207,12.909,14.633,13.454,,13.832,14.656,15.469,14.069,14.631,16.269,13.411,15.788,14.005,15.904,15.16,14.959,14.114,14.106,14.796
O43246,SLC7A4,13.564,11.338,14.199,13.719,13.491,13.301,12.206,11.825,12.668,12.245,13.108,13.494,13.816,13.351,13.87,12.886,,12.919,12.507,13.096,12.033,12.32,13.939,13.956,11.918,13.743,12.769,12.774,14.391,13.601,13.216,14.666,12.505,12.146,12.414,12.583,11.302,12.824,12.617,13.737
O43247,CIMIP4,10.255,8.94,9.416,8.713,8.457,10.087,10.194,9.573,10.524,7.774,8.537,9.619,8.793,8.433,9.176,8.905,8.578,,9.04,9.72,,8.675,9.107,8.896,9.464,9.033,10.352,9.639,9.837,9.951,9.392,7.518,8.496,8.951,8.829,9.513,9.979,8.141,8.81,10.465
O43251,RBFOX2,14.749,15.526,14.657,14.203,13.299,13.185,14.329,15.578,14.977,14.535,,14.765,14.587,14.217,14.235,13.646,15.133,11.914,14.964,16.723,12.854,14.201,14.062,13.896,15.248,13.678,15.168,15.13,14.157,17.445,14.339,14.519,12.808,14.383,15.209,13.299,12.958,14.524,15.403,14.69
O43272,PRODH,14.318,14.412,13.635,14.5,13.826,14.739,14.716,,13.346,13.854,14.029,12.353,13.959,14.734,16.468,13.873,14.222,13.213,14.949,14.263,,13.524,12.798,14.638,13.237,14.404,13.254,13.921,13.715,14.023,14.413,15.434,15.1,14.928,15.797,14.773,13.948,15.104,,15.166
O43435,TBX1,9.374,,,8.999,8.947,8.859,10.317,9.905,9.943,8.178,9.137,10.343,7.863,10.111,8.587,10.501,9.019,10.768,12.293,7.419,10.708,8.501,10.122,9.42,,9.213,10.983,8.777,10.453,9.615,8.737,11.41,10.003,10.505,11.015,8.935,9.38,9.915,,9.733
O43731,KDELR3,8.363,8.176,,10.319,8.946,9.704,8.751,7.789,8.996,9.751,8.369,7.974,8.84,9.805,10.29,9.219,9.32,10.192,8.352,7.896,7.934,7.753,9.563,8.905,,7.245,10.134,7.829,10.38,7.593,8.833,7.422,9.456,7.923,7.939,7.35,9.74,9.6,10.719,8.271
O43759,SYNGR1,13.079,,13.698,11.711,12.872,11.926,14.422,12.934,12.208,12.654,11.01,11.749,13.3,13.407,11.278,12.748,,11.574,12.999,13.146,13.998,12.603,12.691,13.768,11.734,13.191,12.413,12.643,13.452,12.873,11.915,12.775,14.358,12.15,12.796,13.038,13.24,11.897,13.698,12.057
O43808,SLC25A17,,6.783,7.392,,7.406,6.415,5.995,5.349,6.51,7.078,8.558,6.958,8.581,,7.394,6.293,7.895,9.432,6.094,7.05,,6.243,7.966,8.13,8.081,7.664,9.273,8.9,7.59,,7.006,7.927,6.623,7.749,7.402,7.006,7.464,9.345,7.814,6.748
O43819,SCO2,6.959,7.919,9.646,8.152,7.101,7.847,6.715,6.988,9.126,7.965,9.399,8.194,8.357,8.803,5.778,8.39,7.983,8.817,8.973,7.136,9.771,8.226,,8.232,7.886,8.929,7.75,7.902,8.705,8.242,8.463,9.06,8.421,7.935,8.888,,8.224,9.208,9.276,7.984
O60688,YPEL1,6.979,3.824,5.63,6.205,7.442,6.986,4.776,,5.312,4.633,5.405,5.966,4.242,6.459,6.666,7.042,5.684,5.932,6.303,7.51,3.612,5.319,6.193,5.721,6.103,6.337,5.364,5.968,6.506,5.842,5.409,6.321,6.333,4.59,6.635,5.78,7.299,,6.966,5.247
O60704,TPST2,,13.545,13.087,14.45,13.621,12.83,13.181,14.058,14.643,13.46,13.557,14.629,12.706,15.207,16.345,11.307,14.276,12.989,13.657,13.387,14.416,14.02,13.59,14.089,14.16,12.978,12.318,15.166,13.011,13.628,13.626,13.734,15.274,14.788,12.991,12.586,13.131,13.793,11.796,14.858
O60733,PLA2G6,,14.474,12.383,14.297,11.413,13.168,14.167,12.687,12.115,11.789,13.528,11.87,,11.701,13.709,13.534,12.322,12.429,14.195,12.438,12.116,10.645,11.364,11.365,11.737,13.173,12.41,13.209,11.728,12.821,14.19,12.474,12.8,11.811,13.834,12.799,13.252,12.773,13.12,13.087
O60755,GALR3,13.628,13.063,12.863,12.888,12.546,12.158,12.795,13.908,11.79,12.996,11.981,13.862,13.41,12.24,12.908,11.924,12.167,11.856,11.949,13.531,12.297,13.533,12.423,14.019,12.817,13.311,13.509,15.144,14.069,13.133,,14.974,11.686,12.365,12.761,12.904,,11.951,13.468,12.43
O60784,TOM1,12.586,14.247,13.071,,12.695,12.761,13.622,13.966,12.799,13.85,13.643,14.082,,12.736,15.773,14.026,13.61,13.891,14.225,14.573,13.515,14.345,14.314,15.132,15.121,13.316,13.572,14.336,13.73,15.44,13.76,13.497,13.794,12.153,14.429,13.051,14.412,12.874,14.277,15.039
O75132,ZBED4,9.148,10.972,10.55,,10.475,9.998,9.562,10.696,,10.683,10.334,,10.771,13.011,10.106,10.111,13.41,10.948,9.428,11.365,9.729,11.392,10.482,10.418,11.691,,11.096,10.765,10.075,10.757,11.861,10.406,11.821,11.646,10.588,10.734,10.395,9.838,10.771,10.988
O75140,DEPDC5,12.282,10.799,12.398,9.827,10.322,12.224,10.519,,12.231,11.602,11.445,11.053,10.857,11.723,,,12.959,11.038,12.815,10.876,11.795,12.454,12.426,11.316,12.118,11.893,11.353,11.636,,11.981,11.884,12.714,10.524,12.109,10.729,11.211,13.052,11.434,10.814,12.526
O75170,PPP6R2,7.002,7.537,,8.113,8.207,7.379,6.478,7.593,,,8.19,7.609,6.153,6.974,,6.421,6.478,5.675,6.233,6.814,,6.719,7.626,7.111,8.332,6.835,8.103,,6.226,7.64,6.194,7.717,7.235,7.929,6.03,6.754,8.18,8.157,6.563,7.764
O75419,CDC45,6.235,7.123,7.158,7.369,4.875,6.674,7.863,7.38,8.041,,,5.984,6.786,5.687,6.133,6.404,8.488,7.864,,6.344,5.654,7.602,5.289,,,,7.042,5.765,6.437,6.774,6.668,8.004,6.38,7.426,7.473,8.14,7.088,7.712,7.467,7.349
O75600,GCAT,13.496,,,12.966,12.431,12.387,13.649,11.89,12.164,14.12,12.105,11.718,,13.622,12.244,11.638,11.976,13.413,13.226,12.49,13.852,13.046,12.741,12.365,12.687,11.856,13.01,12.891,11.126,12.81,13.084,13.569,11.579,12.69,12.117,13.46,12.264,14.059,13.026,12.235
O75631,UPK3A,9.013,,10.562,10.977,9.202,10.879,11.994,10.703,11.469,11.304,,10.846,10.446,9.876,10.253,11.889,9.596,12.339,10.038,10.671,11.264,,11.108,9.018,10.992,8.401,11.175,11.328,11.388,9.572,9.669,10.023,10.395,9.037,10.578,11.312,10.126,10.958,10.62,10.71
O75648,TRMU,11.699,11.487,9.999,11.518,11.506,12.041,12.006,11.929,11.553,10.04,12.311,12.155,12.505,13.231,10.119,11.837,10.838,11.394,11.902,11.4,13.086,10.613,11.073,11.158,,10.447,11.836,11.692,10.6,12.013,10.844,12.681,11.418,11.584,10.695,11.317,12.079,11.122,12.102,11.177
O75677,RFPL1,13.566,11.996,12.788,15.656,12.641,14.85,12.343,13.534,13.912,12.938,14.418,13.832,13.51,13.48,13.809,14.658,13.891,15.21,13.505,14.729,13.809,13.245,13.381,13.88,12.819,13.657,13.951,13.875,13.87,13.642,13.395,13.92,13.226,15.938,12.584,13.435,12.757,15.243,12.179,14.074
O75678,RFPL2,13.145,12.435,14.558,11.837,11.832,13.167,11.152,12.598,11.838,13.551,13.235,12.971,11.819,13.074,15.505,12.512,12.138,11.502,12.032,11.861,12.122,12.471,14.223,13.516,12.538,11.524,13.711,11.922,10.929,12.905,13.095,10.54,11.878,12.376,12.882,11.714,12.011,13.034,11.667,12.723
O75679,RFPL3,11.539,,10.832,11.636,11.477,9.874,12.053,11.322,,11.131,10.704,11.255,11.195,12.607,11.335,11.364,11.851,11.125,10.444,11.909,,,12.263,12.038,10.067,11.116,10.799,12.996,12.271,11.277,12.398,10.097,10.895,11.82,12.042,11.596,12.56,11.783,11.744,11.207
O75791,GRAP2,,10.184,13.829,12.043,11.902,11.388,10.37,11.978,11.211,12.023,11.246,11.625,11.06,11.991,10.777,13.247,13.421,13.313,12.562,11.8,11.988,11.374,10.358,13.372,,11.538,11.049,10.888,10.071,12.448,10.365,,11.052,10.849,11.675,11.103,12.195,10.23,,9.566
O76054,SEC14L2,9.23,9.7,8.765,9.435,8.977,8.182,10.137,10.268,9.592,9.632,10.037,10.121,9.517,7.777,10.102,9.975,9.248,8.353,9.649,,9.23,9.93,9.189,8.593,9.59,8.623,9.219,7.739,8.403,9.273,9.539,8.321,7.664,9.041,9.393,9.012,8.519,9.181,10.056,9.482
O95236,APOL3,,6.033,7.202,6.249,5.828,7.236,7.439,5.782,6.46,5.69,5.261,,5.932,5.431,5.45,6.113,6.521,4.584,5.388,4.847,6.545,4.826,5.275,,7.652,,6.94,5.461,5.599,5.887,7.521,,5.381,,4.933,5.76,6.098,6.146,6.46,5.999
O95248,SBF1,11.296,10.05,10.58,7.911,10.532,9.706,10.561,10.04,11.611,11.601,,12.478,,,9.719,10.165,10.485,9.809,10.122,10.323,9.965,10.941,10.62,11.538,10.549,,9.442,9.386,9.399,9.917,10.939,9.651,9.344,10.617,10.936,9.976,9.283,8.744,9.909,11.9
O95461,LARGE1,8.856,,,9.155,8.948,8.06,8.024,8.162,8.488,7.821,8.106,9.441,9.808,7.5,7.207,8.544,8.976,8.098,9.792,8.127,8.413,10.133,7.362,7.731,7.426,7.879,6.6,9.203,8.62,7.81,7.722,9.369,7.23,8.728,8.974,6.564,8.54,7.24,8.491,6.652
O95502,NPTXR,,10.755,11.087,9.457,9.921,10.827,9.859,8.824,10.475,10.685,,9.869,9.716,10.939,9.984,9.611,9.957,9.194,10.893,8.552,,9.472,11.041,11.422,8.79,11.229,,8.967,8.206,10.086,10.337,11.42,9.499,11.872,8.106,9.118,9.452,10.678,,10.034
O95503,CBX6,15.664,15.824,15.794,14.973,15.816,13.062,15.474,13.593,13.878,14.762,15.439,13.526,14.686,14.494,14.488,15.044,17.106,,13.474,13.135,14.329,14.105,14.372,14.731,13.753,16.043,14.268,14.304,15.031,15.684,15.693,14.649,15.422,13.754,15.395,15.412,15.334,13.252,13.773,15.356
O95567,C22orf31,8.253,7.606,7.083,8.681,8.157,8.411,8.011,10.175,8.489,9.047,7.829,8.938,9.233,8.646,9.528,,7.355,8.384,8.267,8.945,7.479,8.03,8.761,8.294,9.802,,,,8.092,8.994,6.882,7.966,9.241,9.32,7.651,7.396,8.429,7.596,7.78,8.914
O95696,BRD1,6.546,6.186,,6.857,,7.522,6.279,5.64,,5.726,5.807,4.941,,,8.364,,6.76,5.862,6.636,6.628,5.869,6.498,5.283,,5.948,,6.603,7.158,5.724,7.134,6.157,5.878,6.828,6.332,5.939,6.57,6.249,6.462,6.169,5.356
O95721,SNAP29,8.371,,10.666,7.458,9.287,8.332,8.684,10.601,,8.533,8.864,8.106,9.091,8.043,8.954,8.143,7.528,8.372,7.39,9.781,7.324,8.122,,8.969,7.974,,8.214,,8.826,9.277,9.673,8.274,8.632,8.67,9.935,7.449,10.98,8.151,8.385,7.66
O95755,RAB36,,9.365,8.433,,,8.447,6.849,9.239,8.974,8.891,7.827,8.513,,9.688,9.449,8.375,9.618,8.245,8.169,9.285,7.774,9.399,,8.041,7.178,9.083,10.425,9.035,9.913,10.707,9.66,8.011,8.11,9.162,7.978,8.661,,10.078,7.601,8.298
O95907,SLC16A8,13.057,13.777,14.445,12.866,13.457,12.753,13.491,,12.45,12.121,12.425,11.319,,12.578,12.304,12.173,13.367,13.017,11.203,11.686,12.77,11.429,13.413,14.086,14.227,13.396,,,10.871,12.116,13.585,12.331,14.127,12.428,13.147,12.577,12.191,12.344,12.914,12.106
O95922,TTLL1,10.987,11.869,12.099,11.494,13.006,11.602,11.55,10.564,12.871,11.102,12.966,13.363,11.607,12.393,8.702,11.53,11.889,12.414,10.154,11.22,9.81,11.969,9.57,12.273,12.066,10.682,12.023,11.565,11.896,10.833,12.065,10.175,9.784,11.341,11.005,11.535,,13.044,12.618,11.353
O95931,CBX7,15.231,13.798,12.803,13.093,13.815,14.457,13.582,14.629,12.112,12.511,12.266,12.969,15.597,,14.624,13.046,13.832,14.479,12.816,13.275,15.371,13.003,13.278,13.388,14.259,13.261,14.04,14.396,15.462,,14.042,,12.963,12.95,13.796,14.303,,13.846,12.651,13.152
O95985,TOP3B,12.408,13.008,13.896,13.079,11.353,,13.827,11.917,13.453,12.277,12.5,13.251,12.525,13.16,13.824,11.617,13.057,13.2,12.206,14.133,,11.065,13.415,13.305,12.431,12.609,13.236,12.293,,12.546,12.992,11.467,12.602,12.551,12.737,11.973,12.332,,12.418,12.183
O96015,DNAL4,9.768,,10.683,11.695,9.507,10.172,9.715,9.432,9.802,11.105,9.758,11.829,10.665,8.985,9.555,9.406,,9.001,,,10.546,11.062,11.065,10.467,9.98,10.565,8.916,8.913,9.782,9.198,9.871,10.285,9.826,,10.699,10.541,9.81,9.795,9.441,10.173
O96017,CHEK2,14.321,13.265,12.649,14.54,15.097,14.074,14.631,15.29,14.269,13.9,14.831,14.884,13.688,15.052,13.668,13.718,13.869,13.975,15.464,12.31,14.55,14.225,12.95,14.561,13.729,14.101,15.918,14.87,14.652,14.62,13.893,15.399,14.54,13.468,13.219,14.971,13.689,12.818,14.376,14.163
P00387,CYB5R3,6.397,7.304,9.135,8.021,7.31,6.148,,7.03,7.324,7.338,5.99,7.71,8.513,9.206,5.683,6.709,6.905,7.353,6.572,8.903,,7.614,9.253,,7.829,7.109,6.792,7.539,9.38,7.682,7.374,6.791,7.697,7.122,6.595,7.032,8.9,9.496,6.975,6.825
P01127,PDGFB,,6.693,6.841,6.787,6.528,6.265,,6.792,7.3,,5.386,5.359,5.19,7.646,5.44,7.315,6.494,6.875,6.244,5.277,,,6.154,6.695,7.365,5.598,6.902,,5.819,5.441,6.738,6.257,5.7,6.041,7.795,4.555,6.702,,5.681,6.16
P01701,IGLV1-51,6.781,8.409,7.514,,6.516,6.039,6.282,7.265,5.629,6.859,7.861,8.3,6.365,6.042,6.838,7.309,7.509,7.804,7.848,,6.823,6.658,6.908,8.007,7.775,7.832,7.26,6.31,6.002,5.762,7.86,6.565,7.554,7.863,6.065,6.74,8.289,7.223,6.508,6.414
P02144,MB,12.646,12.401,12.485,14.218,14.026,12.805,11.187,12.28,13.212,13.365,13.266,12.244,14.016,13.124,14.191,13.177,13.848,13.917,12.195,13.545,14.023,14.182,13.665,12.053,12.741,12.73,13.48,13.402,12.525,12.424,11.737,10.935,13.567,15.07,14.71,12.721,13.196,11.651,12.322,12.204
P05162,LGALS2,10.872,12.258,10.405,11.541,11.65,9.815,11.682,,11.891,9.588,10.079,,9.815,10.529,8.116,10.324,10.058,11.725,11.087,9.699,10.111,10.898,,9.685,9.963,,9.272,10.351,10.578,12.062,11.338,12.505,10.602,11.076,9.581,11.504,10.534,,9.711,10.668
P05546,SERPIND1,,6.244,9.391,,7.602,6.18,8.962,8.208,7.563,6.147,7.377,8.482,7.952,8.093,8.658,7.262,9.047,8.142,8.263,7.622,7.87,5.534,7.275,6.603,9.115,8.947,8.03,7.283,,6.834,9.261,7.184,6.022,8.18,,9.406,8.394,,7.603,6.292
P07305,H1-0,11.808,10.425,10.916,13.247,11.259,10.495,11.583,10.784,10.205,12.929,12.242,11.551,10.687,10.512,11.987,11.051,8.621,13.103,10.733,11.134,11.953,11.113,11.738,10.579,9.81,11.251,12.273,10.238,,12.128,10.416,,10.251,10.833,9.356,10.475,11.694,10.775,11.852,13.122
P09382,LGALS1,8.383,7.132,,7.192,7.401,6.695,7.954,,,7.011,,7.414,4.85,7.072,5.921,8.395,7.061,,7.319,6.748,6.654,7.644,7.095,6.767,6.734,6.512,7.433,7.121,6.585,,8.153,8.06,7.646,8.378,9.431,7.621,6.786,6.415,8.393,8.843
P09601,HMOX1,12.474,12.689,11.8,13.953,13.338,14.036,12.869,10.879,12.079,13.431,12.396,12.414,12.242,13.658,13.242,13.935,12.171,13.428,11.547,13.056,11.153,11.556,12.34,14.272,11.338,12.126,12.813,14.408,12.682,13.455,,12.531,12.879,12.079,13.345,11.398,13.281,13.319,12.683,10.988
P0C7N4,TMEM191B,11.189,8.701,,10.732,11.448,10.538,10.132,11.69,8.913,,,9.385,10.406,9.721,,8.851,11.237,10.052,11.331,,11.39,10.988,10.444,11.128,11.927,11.112,8.303,9.787,11.331,9.591,10.755,10.694,9.984,9.165,10.157,12.38,9.883,9.878,9.512,11.677
P0C7P2,RFPL3S,,10.058,8.812,9.148,10.999,,10.749,10.371,11.309,10.494,10.265,9.721,10.161,9.634,11.641,11.336,9.956,9.717,9.937,9.589,8.426,10.365,9.067,10.118,9.305,10.862,10.488,9.28,8.665,9.347,9.845,9.81,9.573,10.153,10.616,9.389,10.081,9.577,11.559,9.711
P0CF74,IGLC6,,9.071,,8.986,9.25,9.176,9.225,8.883,8.01,8.917,,10.873,8.093,8.206,8.845,8.574,10.044,8.658,8.802,9.23,11.161,10.162,9.055,8.813,8.857,9.707,7.762,,8.817,8.858,,8.769,7.511,7.779,8.47,9.218,10.111,9.927,9.996,
P0CG04,IGLC1,11.911,12.691,11.684,11.373,12.43,12.653,11.999,13.451,13.226,10.929,12.394,12.886,11.85,12.2,11.298,13.322,,11.863,11.977,10.281,12.26,11.886,11.144,12.891,12.841,12.339,,12.565,12.334,11.759,11.535,12.501,12.785,12.181,12.138,10.65,12.917,12.084,14.705,11.789
P0CG29,GSTT2,10.334,10.396,,8.884,9.078,9.936,10.56,9.443,10.715,9.857,12.044,9.844,9.56,,9.812,8.183,9.231,9.589,8.099,9.72,8.089,9.283,9.983,9.249,9.338,,9.85,9.674,9.486,8.484,10.224,9.722,9.248,11.656,9.7,9.585,9.286,8.889,10.236,9.17
P0CG30,GSTT2B,7.491,5.246,5.075,6.795,7.448,5.39,6.696,5.899,7.23,6.516,7.828,7.713,6.963,,,8.968,5.73,7.097,,6.832,7.092,7.553,5.445,8.831,7.135,7.93,4.982,7.569,6.315,7.137,7.005,6.794,5.89,6.761,6.952,7.156,7.288,,5.918,6.984
P0DOX8,P0DOX8,,7.345,6.49,6.748,,7.103,7.282,7.408,5.849,,6.834,6.564,7.713,6.511,8.201,7.224,5.058,,6.472,7.126,6.717,6.831,7.033,6.367,8.132,7.15,,6.303,7.344,6.141,7.3,7.253,6.221,6.213,7.07,7.115,7.317,6.302,6.828,7.343
P0DOY2,IGLC2,15.157,16.637,15.896,14.956,15.047,14.965,16.17,17.147,15.433,16.086,16.296,15.509,15.968,14.973,16.395,15.02,14.951,16.312,15.74,15.803,16.805,14.516,16.436,14.668,15.793,15.137,14.825,16.382,17.464,15.333,16.315,15.668,17.198,14.096,15.673,15.147,14.313,15.406,17.368,15.302
P0DOY3,IGLC3,14.132,15.204,14.564,14.004,15.294,15.741,16.098,15.753,14.954,14.283,14.699,15.248,14.464,14.793,15.617,15.716,15.504,16.88,14.453,13.355,15.604,14.725,14.499,13.844,14.163,13.957,14.569,14.6,15.615,15.655,15.773,14.307,15.778,14.776,14.623,14.842,15.297,14.6,14.558,15.771
P0DSO1,FAM246C,15.126,12.559,13.907,13.233,,13.255,12.474,12.765,11.819,12.968,13.84,13.303,13.862,12.578,13.453,12.405,12.361,11.483,12.682,12.945,14.148,13.215,12.464,12.455,13.078,13.983,12.707,13.462,12.98,13.373,11.592,14.537,12.434,13.652,12.421,12.816,12.372,13.224,13.44,13.763
P10323,ACR,7.623,8.834,8.723,7.75,7.937,8.761,9.539,8.529,10.16,7.808,8.528,8.3,9.578,8.082,10.118,7.769,9.945,9.401,8.947,9.423,9.295,8.0,8.896,10.933,8.044,10.493,8.829,8.139,8.252,7.977,6.752,,,7.687,9.382,8.492,8.539,,9.164,8.658
P10635,CYP2D6,16.315,15.761,14.652,15.813,14.442,15.103,14.755,16.408,14.659,17.074,15.108,17.284,15.734,14.707,16.741,17.558,14.857,14.944,14.543,16.038,15.755,15.458,14.074,15.091,16.018,15.666,15.401,15.078,15.306,16.691,14.342,15.805,16.637,16.331,15.508,15.208,15.69,15.031,15.563,15.881
P11274,BCR,14.185,14.475,15.294,13.587,14.535,13.706,14.194,13.945,14.751,14.489,13.312,13.218,13.692,13.084,12.813,12.314,,15.848,13.303,15.493,,13.535,12.313,13.482,15.227,15.243,13.832,13.051,12.311,12.99,15.16,15.042,13.695,13.348,14.118,12.701,14.146,13.983,12.958,12.579
P12018,VPREB1,13.646,,11.615,13.146,12.317,12.741,11.459,11.562,13.992,13.476,,12.467,,13.083,13.064,14.177,13.707,13.183,11.707,12.585,13.655,12.748,12.371,,14.256,13.481,14.365,13.749,14.755,12.164,12.758,12.93,14.284,14.342,13.656,13.632,12.515,13.629,13.747,14.159
P12036,NEFH,9.228,9.901,11.035,8.888,10.966,10.931,12.29,11.539,10.811,11.909,10.812,9.692,9.721,10.076,10.611,10.254,9.323,10.531,10.43,10.651,12.118,10.312,10.444,8.855,11.559,9.743,11.661,11.391,9.264,11.178,11.726,11.639,8.67,9.836,9.844,10.701,10.996,8.27,10.315,11.16
P12956,XRCC6,9.892,9.79,10.188,7.382,8.404,9.554,8.018,9.207,9.031,,9.241,,8.126,9.036,8.637,7.178,9.741,,8.494,9.705,7.874,6.834,9.693,7.785,8.597,8.969,,9.456,9.949,,8.003,8.801,6.66,10.293,7.836,8.282,7.238,7.792,8.866,8.273
P13224,GP1BB,6.56,5.493,7.733,6.466,7.111,5.468,6.769,8.259,7.984,8.395,8.716,4.752,6.248,5.837,7.272,7.198,6.631,6.133,7.384,5.56,6.306,7.129,7.744,7.394,,4.997,7.68,6.53,5.937,5.491,5.824,5.875,6.103,6.069,6.516,6.469,8.21,5.106,7.221,7.036
P13725,OSM,17.208,16.041,14.921,15.739,15.329,14.994,16.866,14.419,16.113,14.982,13.74,14.268,14.747,15.376,15.332,14.353,16.099,16.205,16.356,15.265,14.956,16.094,14.35,15.033,14.514,14.075,14.953,14.532,14.677,15.336,15.669,13.674,14.894,13.78,14.618,15.018,14.82,15.885,15.275,14.66
P13866,SLC5A1,,10.788,10.431,11.354,11.08,10.877,11.146,12.086,10.664,9.408,8.547,9.292,9.854,10.715,,10.688,9.964,10.188,10.865,,9.731,11.024,9.289,9.368,9.578,11.396,9.929,9.991,10.365,10.93,9.934,11.871,,11.227,10.436,11.224,11.233,11.682,9.744,11.494
P14174,MIF,8.68,7.049,,7.874,7.746,8.782,9.029,9.129,7.433,8.002,7.215,6.033,8.312,9.523,6.716,7.63,7.708,,7.775,,7.122,9.145,7.201,8.18,9.571,7.808,8.412,8.87,9.248,7.045,7.424,8.679,9.942,7.775,6.462,8.491,8.583,8.557,7.529,7.676
P14784,IL2RB,9.109,8.837,8.606,,9.124,8.746,8.535,8.735,9.949,8.331,8.966,9.627,8.818,10.072,8.355,8.3,,,,10.231,10.78,8.524,10.517,7.173,9.576,,9.35,8.375,8.89,8.277,,10.311,9.127,,8.566,10.654,7.82,9.02,9.056,10.71
P15018,LIF,,11.342,13.053,12.629,,11.871,12.11,11.721,11.122,11.467,10.076,11.885,12.882,12.695,12.212,11.809,12.448,12.591,13.286,12.917,11.16,11.978,12.796,10.95,10.465,11.463,11.33,11.453,10.332,11.601,11.58,12.929,13.79,12.042,10.932,12.453,11.952,11.672,,11.387
P15153,RAC2,6.732,7.678,6.295,,7.409,,7.956,7.602,7.079,6.537,,8.266,6.708,6.807,7.779,8.291,7.328,8.555,8.724,7.514,7.912,,7.921,8.558,7.122,7.493,8.196,8.442,7.592,6.303,5.795,9.868,,7.645,7.872,7.025,7.623,6.85,6.608,
P15289,ARSA,14.729,14.161,15.104,14.857,14.585,14.013,14.492,15.404,13.895,15.479,13.673,15.768,14.619,13.385,15.129,13.586,14.523,14.079,14.423,15.395,15.461,,13.975,14.029,15.259,13.414,16.57,15.1,14.453,14.314,14.253,14.193,15.32,15.59,14.467,14.863,15.386,14.344,14.79,15.074
P15814,IGLL1,13.756,14.868,14.324,13.234,12.455,13.418,13.594,,13.224,12.647,13.504,14.215,12.772,13.886,14.734,13.082,12.763,13.248,12.593,13.538,14.271,13.128,14.99,14.177,12.273,12.033,13.257,14.511,14.393,15.105,13.499,13.256,12.564,14.109,13.278,13.077,15.225,13.604,14.952,12.543
P17050,NAGA,12.841,14.099,13.476,11.601,13.911,13.202,12.85,13.325,,13.646,13.11,14.886,13.961,13.902,13.097,12.366,14.64,13.281,12.418,12.59,12.46,13.812,13.815,12.854,13.367,12.332,11.504,11.963,13.116,12.532,14.01,,13.519,14.259,12.672,13.452,13.425,14.228,13.181,13.254
P17861,XBP1,9.714,11.823,9.125,9.652,10.283,,10.309,11.434,10.86,10.73,11.058,11.453,11.707,11.513,11.801,11.611,10.32,11.096,10.711,11.809,9.421,10.659,9.97,,10.45,10.816,8.933,10.805,10.317,10.387,12.42,10.601,10.846,10.437,10.071,12.164,10.135,10.356,11.336,10.19
P18848,ATF4,11.616,12.97,12.667,13.11,13.365,12.863,11.365,13.835,11.532,12.642,11.927,11.867,13.234,12.893,12.317,11.558,12.386,12.222,12.648,11.939,14.131,12.083,10.886,13.626,,12.333,12.225,11.51,13.75,11.843,11.088,12.598,12.961,12.3,11.598,,11.54,12.965,12.621,10.935
P19086,GNAZ,10.779,11.955,12.559,11.755,12.901,10.223,11.736,12.555,11.995,11.133,12.231,11.641,11.275,,11.996,11.23,10.94,11.272,11.731,12.56,12.159,12.985,12.595,11.182,10.075,10.704,11.21,11.681,12.407,,13.425,11.07,13.116,12.73,11.98,12.176,13.577,11.442,12.209,11.757
P19440,GGT1,11.818,11.754,12.196,,12.15,12.965,,13.261,13.533,11.617,13.802,11.489,12.593,11.898,12.647,15.074,13.089,11.886,12.264,11.098,13.599,12.681,11.946,11.419,11.726,12.763,11.269,,12.481,11.43,11.761,13.618,11.053,11.747,13.081,12.878,11.569,13.163,13.145,13.006
P19971,TYMP,6.824,7.05,,6.489,6.363,7.845,7.203,6.972,7.205,7.294,7.395,7.0,,5.769,,6.0,,,5.168,7.964,7.114,7.963,7.453,7.684,7.042,5.48,6.789,,7.055,,7.138,6.684,,,7.531,,5.814,5.549,6.394,8.254
P20062,TCN2,10.485,10.563,10.54,10.827,10.573,,10.368,8.55,,11.283,9.013,9.46,9.152,9.273,10.691,10.398,10.195,10.725,11.265,,11.517,11.3,11.226,,,9.028,9.561,10.525,11.258,11.336,9.093,,10.472,10.137,11.155,10.377,9.88,10.433,10.655,11.112
P20472,PVALB,6.733,7.013,7.091,,5.675,,7.233,6.425,6.12,6.824,6.1,,7.224,6.766,7.044,,6.539,6.498,6.451,6.571,6.289,6.737,,7.302,5.147,6.63,6.025,,5.266,6.6,6.797,6.409,6.121,6.4,7.515,5.876,5.906,6.456,7.708,5.406
P21964,COMT,,10.147,12.236,10.433,9.126,9.411,12.095,10.43,10.884,11.449,10.504,11.21,10.065,11.459,10.417,10.574,,11.778,10.562,10.265,12.226,11.573,11.066,10.096,11.664,11.385,11.401,10.734,10.989,11.009,11.73,11.72,11.439,12.505,10.554,11.942,11.571,11.859,12.15,11.542
P23142,FBLN1,7.571,7.826,7.915,9.106,9.228,8.335,9.189,10.477,,9.753,9.157,10.193,10.821,7.737,10.552,8.808,9.015,9.132,9.952,7.843,9.0,9.821,9.466,9.322,8.65,10.095,9.917,9.569,9.898,10.187,,11.165,10.239,9.592,8.085,8.621,8.845,9.7,8.59,10.445
P24347,MMP11,6.971,7.066,7.248,7.79,7.383,7.714,7.946,,,6.789,7.716,8.696,6.745,7.52,,6.521,,,6.347,8.095,7.372,9.021,7.186,7.371,6.629,,8.606,7.759,8.539,6.178,8.154,,6.457,7.872,7.8,,8.131,8.354,8.61,6.261
P25325,MPST,7.823,,,6.7,7.532,7.424,8.392,7.663,7.934,,7.454,6.97,6.995,6.346,6.104,5.667,6.62,6.326,7.234,7.063,6.427,6.725,6.075,7.477,6.022,6.432,6.833,,6.726,7.002,6.959,,7.692,7.966,8.135,8.898,7.351,7.231,6.803,7.25
P26998,CRYBB3,11.677,10.674,11.595,12.379,12.364,11.763,13.252,12.808,11.048,11.741,13.089,12.667,13.184,13.609,10.905,10.534,9.344,12.967,11.936,12.087,10.784,11.517,12.616,12.216,11.756,12.351,11.547,12.824,12.428,10.997,12.951,12.646,12.442,12.068,13.055,11.014,12.833,11.823,13.121,12.359
P28482,MAPK1,6.973,9.423,7.152,,6.671,,8.64,8.151,8.093,6.792,7.263,6.38,7.902,7.763,6.911,7.231,7.622,8.991,6.945,7.798,6.361,7.131,8.12,,7.71,8.242,7.25,8.43,7.318,7.915,,7.72,7.775,8.291,7.858,7.467,7.557,6.804,6.853,
P29274,ADORA2A,14.962,15.574,16.26,16.456,16.542,14.825,15.395,14.844,13.655,14.117,14.65,14.623,16.755,16.442,13.978,15.733,15.134,15.713,16.27,16.56,14.45,16.02,13.619,15.871,14.795,15.006,13.429,15.025,16.649,15.064,16.047,15.199,16.282,15.36,14.373,15.865,15.833,15.087,15.273,16.976
P30046,DDT,11.973,11.044,13.584,12.101,11.739,11.855,10.432,11.307,12.158,12.155,10.091,11.68,12.94,12.344,12.898,11.355,12.502,12.525,12.931,11.708,9.809,12.135,11.748,12.191,10.478,13.213,11.46,13.371,12.131,11.525,12.795,11.911,11.948,10.779,11.116,11.914,11.116,11.755,11.412,11.942
P30536,TSPO,8.687,,10.668,9.874,10.073,8.778,8.572,8.962,9.43,10.718,9.441,9.059,9.419,10.078,11.155,10.439,9.936,9.765,9.535,10.555,9.131,,10.46,9.59,10.685,10.609,10.12,9.805,12.324,9.57,8.491,9.463,10.817,8.187,9.27,10.574,9.229,9.24,,9.093
P30566,ADSL,12.083,11.787,11.54,11.188,11.697,11.677,12.352,13.04,11.214,13.234,11.778,12.379,,13.349,12.129,11.863,12.239,11.723,12.157,12.101,11.603,11.36,10.776,11.382,12.243,12.724,12.88,11.619,12.839,11.819,10.587,11.251,11.423,11.393,11.506,12.05,11.071,10.908,13.118,11.049
P31941,APOBEC3A,5.695,6.556,,6.446,7.515,5.352,7.729,6.54,,,6.197,7.907,6.892,,,7.425,5.415,,8.708,3.885,,6.266,5.835,5.989,6.571,6.358,6.683,5.939,7.769,5.319,6.794,5.009,,6.766,6.643,5.271,6.087,7.716,5.542,
P32745,SSTR3,15.177,14.447,17.244,15.689,15.859,15.232,15.949,14.907,16.112,14.726,15.497,14.802,13.096,15.791,14.363,15.564,15.79,17.438,16.047,15.883,16.111,16.063,15.833,15.41,16.601,13.779,16.982,16.939,16.107,14.753,16.276,14.09,16.131,14.293,17.553,14.717,15.975,14.411,15.924,15.77
P32927,CSF2RB,10.475,10.966,10.969,12.509,10.002,11.305,,,10.634,10.403,,9.701,11.417,11.315,10.291,9.644,10.768,11.775,11.181,10.689,10.483,,10.181,10.628,12.508,10.204,,12.384,10.369,10.051,12.098,10.224,9.416,10.945,11.176,11.548,10.258,10.546,12.032,11.192
P33992,MCM5,14.219,,13.73,15.232,14.748,14.06,15.268,14.09,12.501,12.587,12.398,13.632,13.571,14.137,13.723,14.965,14.003,,13.694,14.698,12.825,14.234,13.867,15.009,13.562,14.018,13.992,14.749,,15.317,14.143,13.422,,13.856,13.745,14.098,14.408,14.288,14.016,13.909
P35240,NF2,,4.585,7.021,6.941,7.524,7.561,8.861,7.854,6.89,5.785,6.341,4.989,7.331,7.555,8.061,7.217,6.796,6.434,6.056,6.432,5.917,8.794,6.119,6.976,5.042,6.633,7.154,6.813,,6.718,5.953,6.978,8.749,6.761,,6.828,6.007,,,6.481
P35579,MYH9,10.812,10.753,10.489,10.22,10.032,10.449,9.324,12.224,,10.853,11.115,11.636,9.56,11.59,10.069,12.91,10.546,,10.99,12.722,10.696,11.179,11.22,11.521,11.203,10.888,9.309,11.816,10.4,11.515,11.005,11.704,11.33,8.619,11.479,11.101,12.079,11.243,11.653,10.753
P35625,TIMP3,9.869,10.43,10.588,11.97,11.054,10.968,10.935,10.884,12.028,10.966,12.986,,11.93,10.359,11.043,12.012,11.609,10.812,10.036,10.864,10.577,12.39,11.602,10.712,,10.045,10.468,10.555,11.68,10.52,12.694,,9.653,12.275,11.976,10.928,11.354,11.191,10.659,9.738
P35626,GRK3,15.965,13.723,15.624,14.702,14.966,16.186,16.064,14.314,16.155,16.265,17.111,15.788,13.933,15.767,16.714,15.082,,14.884,16.04,13.663,14.573,15.315,14.998,14.542,14.783,16.159,15.086,15.491,15.895,14.968,17.117,14.455,16.829,16.069,15.106,15.116,15.208,15.73,16.437,14.614
P36269,GGT5,12.003,11.295,10.899,,12.834,12.814,10.959,11.106,11.795,12.413,11.177,11.768,11.591,11.65,13.576,11.131,12.938,13.02,11.722,10.879,11.748,11.621,11.559,11.039,12.352,,12.594,11.877,10.422,12.283,13.158,11.467,12.665,12.084,10.692,12.297,11.844,12.173,12.578,12.388
P36543,ATP6V1E1,11.566,,9.112,10.366,9.422,11.259,11.028,11.406,10.986,11.567,9.499,10.525,9.468,10.468,12.317,11.693,11.692,10.93,10.389,11.295,12.092,10.717,,11.184,9.624,11.147,10.378,9.779,11.943,10.766,10.69,11.945,11.286,10.898,11.137,,11.913,10.925,11.149,9.699
P39023,RPL3,8.224,8.6,9.339,8.515,8.737,9.048,9.189,7.855,9.226,7.81,8.355,9.015,8.039,9.24,8.858,7.802,9.858,8.994,,8.822,8.23,10.938,7.879,8.112,8.526,8.352,7.976,8.158,,7.505,8.963,8.585,8.165,9.049,8.389,7.584,,9.333,9.212,9.108
P42356,PI4KA,,9.81,10.81,9.353,9.543,8.844,10.028,,10.732,8.932,8.303,9.439,10.272,9.057,7.993,9.561,,7.673,9.704,9.471,11.078,8.269,10.02,9.555,9.056,8.06,8.987,9.049,9.608,,10.277,8.982,8.294,9.312,9.815,9.978,9.393,10.831,8.694,
P43320,CRYBB2,11.482,11.398,11.8,11.608,10.67,10.042,11.585,10.682,10.917,10.755,11.028,11.872,11.03,12.647,10.952,11.052,10.951,10.219,11.792,11.937,11.964,10.524,10.091,11.023,12.529,10.521,10.564,9.721,10.411,11.048,11.843,12.585,9.944,11.484,11.956,,11.232,11.446,11.295,9.747
P43487,RANBP1,11.109,9.971,,11.29,11.046,11.798,9.522,11.513,,11.374,10.904,10.464,10.165,11.064,10.567,10.985,10.696,10.845,10.927,,10.707,12.111,10.472,11.266,9.82,10.102,10.093,,11.604,10.282,12.094,11.482,10.431,10.727,10.687,9.237,10.297,12.331,9.887,11.003
P46060,RANGAP1,6.415,5.125,5.88,,4.4,,5.514,7.895,5.972,5.93,5.77,6.053,,5.819,7.057,6.359,7.452,,,5.84,7.78,6.371,6.23,6.052,6.067,,7.137,5.804,6.484,6.144,7.046,4.48,5.569,4.722,6.213,5.324,5.86,5.363,5.607,5.308
P46109,CRKL,13.502,13.747,13.701,14.714,12.819,13.509,15.356,14.85,13.989,14.925,15.65,14.116,13.134,14.828,15.638,,13.994,15.26,14.054,12.405,14.281,13.41,12.949,12.812,15.395,13.767,14.331,14.335,14.22,14.697,14.835,14.479,14.015,14.102,14.034,14.608,14.528,15.45,14.751,13.021
P48050,KCNJ4,15.592,14.615,15.578,13.634,14.377,15.119,15.044,,14.887,14.177,13.947,16.008,14.91,14.603,15.852,14.188,13.407,14.171,15.223,14.576,13.432,15.826,14.823,15.513,,13.693,15.268,15.457,15.393,15.359,15.357,13.728,14.995,14.469,15.693,15.753,14.694,14.346,15.025,15.361
P48739,PITPNB,,7.744,,8.985,8.9,6.67,,,6.77,7.37,8.03,6.333,,8.131,7.512,6.862,,,6.69,7.975,7.82,8.729,6.709,6.575,6.688,,,6.858,6.19,7.942,6.687,6.967,8.548,7.542,7.991,6.806,7.562,7.29,8.955,7.936
P49593,PPM1F,,11.273,11.205,11.284,11.667,,12.412,11.436,12.142,10.946,12.108,11.769,12.556,12.724,,11.731,12.986,11.756,11.617,11.842,10.696,10.695,12.115,12.09,11.805,,11.839,11.087,12.142,12.272,11.11,11.472,12.097,10.69,,12.753,12.77,11.257,11.362,9.95
P49674,CSNK1E,6.457,7.569,7.306,8.632,6.943,6.805,,6.769,7.068,8.56,,8.56,6.584,7.951,,7.28,,8.246,6.486,6.345,8.138,6.826,6.919,,8.556,6.793,8.732,7.047,7.865,7.634,8.965,5.075,7.19,6.666,6.945,7.298,6.77,6.8,7.707,
P50502,ST13,13.857,13.519,11.598,12.819,12.604,12.522,13.522,13.855,13.006,13.244,12.887,11.101,13.419,13.013,10.859,13.407,13.032,13.587,13.065,12.745,13.552,12.464,12.837,12.27,13.601,11.713,12.974,12.495,13.712,11.906,12.523,12.594,13.039,11.855,13.168,10.937,12.42,11.87,12.812,12.576
P53007,SLC25A1,10.33,7.94,9.094,7.882,10.875,,9.387,8.296,7.9,9.215,8.039,8.112,8.485,8.875,9.099,8.229,9.664,7.913,9.152,,8.846,9.141,8.724,8.061,8.102,7.789,8.52,9.428,8.225,7.922,9.257,9.719,7.812,8.588,9.068,7.968,8.037,8.754,,
P53671,LIMK2,12.152,,12.911,13.863,12.42,13.016,14.024,13.179,12.463,13.146,13.263,13.822,13.744,10.408,11.578,12.267,11.6,10.055,,12.267,12.19,11.676,12.581,12.708,12.641,13.686,12.705,11.964,11.386,12.456,13.804,12.377,12.727,12.214,14.207,13.239,12.144,13.387,12.802,12.105
P53673,CRYBA4,13.731,13.841,15.064,13.37,12.25,13.493,11.589,13.419,13.824,14.081,13.416,13.162,14.458,14.127,14.162,13.361,11.351,14.19,14.409,13.692,12.791,14.909,13.099,13.417,12.944,13.127,12.265,13.732,12.792,12.295,14.176,12.225,14.159,13.632,11.833,14.072,13.981,13.847,14.121,14.91
P53674,CRYBB1,12.687,12.607,13.101,15.037,13.342,13.659,,13.871,12.552,13.034,14.402,15.041,14.367,13.223,14.068,,13.166,14.014,13.428,13.646,14.292,12.977,15.657,12.51,13.861,14.227,13.903,13.136,14.819,13.35,12.974,12.659,13.612,12.621,14.876,14.26,15.46,15.096,12.969,13.248
P53675,CLTCL1,6.519,7.116,,,6.604,5.998,7.266,7.232,5.22,6.524,6.192,9.17,7.426,6.709,7.355,7.676,7.868,,8.017,,6.681,7.392,,5.997,,8.155,8.363,7.279,8.869,7.893,6.632,9.238,6.396,,6.877,6.722,6.157,7.439,7.159,6.493
P53778,MAPK12,17.334,14.702,16.053,15.814,16.186,15.793,16.047,15.209,16.56,16.281,14.814,15.56,13.869,16.126,15.198,16.317,14.861,13.959,17.399,15.608,14.168,15.827,17.13,15.037,15.02,15.56,14.47,14.231,17.001,14.931,15.0,14.398,16.114,13.524,14.771,17.327,16.208,15.531,16.545,16.047
P53814,SMTN,8.437,9.033,7.657,7.717,8.427,,7.976,8.099,8.695,,7.962,8.978,9.412,,8.278,8.481,9.681,8.749,,9.681,9.344,6.736,7.89,7.663,9.018,8.786,10.405,8.552,,7.297,9.181,7.683,,,,7.888,8.895,7.501,8.041,
P54198,HIRA,7.61,6.938,5.788,7.238,5.033,5.6,,7.482,6.441,6.89,6.585,5.914,7.746,6.044,6.543,6.791,6.791,5.817,,7.288,7.263,6.283,6.782,,5.548,7.235,6.642,6.22,6.558,5.954,6.26,6.706,8.504,7.324,6.764,6.726,,5.758,6.647,4.997
P55769,SNU13,11.353,12.94,10.984,12.4,11.604,12.237,10.155,12.653,11.838,,11.336,12.747,12.118,11.65,10.941,11.233,12.164,10.448,11.873,14.135,11.783,11.841,,,11.707,11.272,12.518,11.345,14.46,11.251,11.716,11.523,12.583,12.319,10.423,10.935,,13.186,10.194,11.299
P55957,BID,10.275,9.518,9.179,10.828,7.654,7.569,9.853,9.559,9.379,8.24,11.551,10.623,9.926,11.263,10.142,11.348,9.259,8.899,10.573,10.818,10.96,8.074,10.287,10.912,10.384,9.836,,9.189,9.37,8.923,,9.034,9.184,8.732,,11.04,9.612,10.28,8.47,10.415
P56556,NDUFA6,13.021,13.696,14.769,15.372,13.537,14.511,14.092,14.743,14.937,14.235,14.835,15.45,15.308,14.359,14.069,13.831,13.185,14.185,13.856,14.16,14.551,13.295,14.072,15.869,14.871,15.308,14.225,13.886,12.927,14.588,12.11,13.494,14.088,13.652,16.539,16.437,15.109,13.136,16.056,14.499
P56693,SOX10,14.455,14.302,14.912,14.395,13.195,14.087,14.541,13.247,14.325,13.29,14.74,14.744,15.481,12.932,14.666,14.321,14.082,13.762,12.967,12.443,13.611,13.026,15.145,12.592,14.13,14.572,14.27,14.082,14.822,14.039,14.165,13.868,15.027,15.496,12.85,11.959,14.892,15.078,15.673,14.762
P56706,WNT7B,9.202,11.138,9.848,,10.076,10.327,9.151,9.506,7.565,8.035,,10.367,9.579,9.921,9.933,,9.894,10.308,,9.302,8.84,7.239,9.609,9.471,9.229,9.587,9.14,7.776,10.53,8.784,8.325,10.332,9.984,9.092,9.962,8.628,8.909,9.989,8.4,
P59817,ZNF280A,14.928,14.901,15.515,16.01,15.265,15.13,16.454,15.593,17.009,15.463,15.16,16.341,15.505,15.263,14.173,15.015,16.093,14.273,16.263,14.425,14.956,15.207,,15.549,15.663,14.986,16.834,15.762,15.591,15.006,15.083,14.696,15.802,15.03,13.716,15.451,15.505,15.0,15.984,13.262
P61218,POLR2F,,8.231,9.223,8.323,10.205,9.373,8.236,9.123,9.407,9.444,10.0,9.037,9.534,,8.371,6.955,9.346,9.254,6.799,8.796,9.704,9.147,8.295,9.848,8.783,9.391,8.666,9.378,9.738,8.621,9.15,,8.78,8.204,9.491,10.343,9.827,9.343,6.699,8.279
P61580,ERVK-10,10.901,12.412,11.126,11.956,11.381,12.093,11.108,11.329,11.917,9.994,12.629,13.207,12.064,11.754,11.872,11.225,10.896,11.922,9.841,,11.2,,10.498,10.904,10.95,10.411,8.963,10.259,11.088,11.716,11.618,11.509,10.661,10.412,11.794,10.849,12.067,11.244,12.422,11.089
P61581,ERVK-24,,6.72,,11.008,7.447,9.018,6.539,7.23,9.177,8.616,8.2,7.683,7.106,9.171,8.451,7.554,8.533,8.974,8.844,,8.028,8.161,8.414,8.825,9.653,9.149,7.641,9.649,8.449,7.966,7.621,9.185,9.469,7.356,9.866,9.896,,7.886,8.943,7.971
P62318,SNRPD3,16.623,16.686,16.076,13.452,14.58,15.193,14.524,15.118,15.929,14.736,14.068,15.959,16.06,14.917,15.972,15.51,16.351,15.562,16.016,13.665,16.158,15.494,14.926,16.617,15.524,13.471,15.84,16.56,14.688,14.916,14.201,15.197,15.211,15.638,14.766,14.897,15.367,14.597,14.744,14.214
P62877,RBX1,6.637,5.289,7.306,7.332,6.972,6.631,8.326,6.694,8.076,7.902,7.828,8.489,8.569,7.64,7.061,7.821,8.128,8.441,6.446,7.616,,7.942,8.842,7.26,6.675,,7.434,9.069,8.892,8.89,7.83,9.439,7.611,7.04,,7.228,7.587,8.104,6.69,6.861
P68036,UBE2L3,6.749,6.143,,7.152,5.878,5.536,7.257,,,7.346,7.35,7.714,7.981,7.613,7.415,7.331,6.562,4.607,,6.927,6.141,4.844,6.206,6.938,5.966,7.132,6.651,7.004,7.936,,6.475,,6.717,6.885,7.241,4.587,6.749,7.021,6.794,4.521
P78395,PRAME,9.771,9.061,10.177,10.171,11.337,10.898,9.669,9.997,10.795,11.602,9.616,10.538,8.418,9.615,10.562,13.133,,9.616,,10.08,9.536,10.135,9.988,10.469,9.902,9.603,10.267,10.226,9.606,10.262,11.285,10.267,9.781,11.097,11.014,9.127,10.33,9.643,11.031,10.771
P85298,ARHGAP8,15.814,15.49,17.167,16.408,17.314,16.49,16.84,15.259,15.632,15.511,16.497,15.376,15.564,15.079,18.72,15.414,16.553,14.705,17.009,14.689,15.681,15.489,15.978,15.142,17.068,16.173,15.776,17.105,15.16,15.463,16.659,13.727,16.643,15.792,15.62,17.894,15.283,16.699,15.917,16.302
P85299,PRR5,14.007,14.661,15.312,14.155,14.382,13.557,14.647,15.117,16.12,15.16,14.349,15.906,14.978,16.078,14.32,14.79,14.07,15.2,15.402,14.002,14.039,15.508,14.641,14.182,15.267,14.533,14.682,14.886,14.986,14.865,14.18,14.993,15.36,14.619,14.44,14.205,15.264,14.843,15.155,15.659
P86434,ADORA2A-AS1,14.634,13.56,13.85,13.599,13.223,12.781,15.382,14.574,14.975,14.338,13.095,11.173,12.252,13.754,13.577,13.434,11.711,13.83,12.642,12.612,14.151,12.445,12.936,13.527,14.154,13.372,14.438,12.752,11.919,12.347,12.137,14.004,12.292,11.899,14.015,14.028,14.3,13.988,13.025,13.797
P98153,DGCR2,16.004,15.091,15.535,14.968,15.318,16.83,14.914,14.652,15.468,14.438,14.855,15.111,13.657,14.764,15.946,14.613,15.849,14.064,14.464,16.421,13.764,,16.23,14.995,16.258,15.71,14.428,14.36,13.388,14.429,15.362,14.604,16.851,15.122,15.556,15.531,14.75,14.89,15.001,14.93
Q00587,CDC42EP1,15.028,15.183,14.826,15.534,14.68,13.257,14.592,14.079,15.014,14.164,15.331,14.959,13.702,14.873,15.286,15.892,13.594,13.992,16.165,14.633,15.734,14.418,15.474,16.563,15.433,15.727,15.44,14.368,14.4,14.119,15.068,15.929,15.05,14.803,14.825,14.857,14.287,13.917,16.035,14.612
Q01844,EWSR1,11.259,11.597,10.51,12.124,10.258,12.113,12.574,12.193,10.674,12.657,11.459,11.856,10.882,10.914,12.223,10.143,,12.347,11.71,11.08,10.556,9.082,11.097,11.788,,10.608,,12.252,11.221,13.037,10.372,10.819,11.147,12.565,11.219,12.707,10.662,11.973,,12.053
Q04917,YWHAH,8.464,10.021,8.581,7.992,9.395,10.587,,10.614,8.349,,8.877,8.757,8.145,8.809,8.923,8.454,9.06,8.595,8.951,8.909,8.213,9.531,10.817,10.23,9.001,8.722,8.715,9.782,7.895,8.906,9.681,8.274,9.76,9.25,7.837,9.426,8.21,,9.214,9.405
Q07869,PPARA,14.265,14.066,13.839,14.285,14.408,14.142,13.913,15.117,13.124,14.126,13.702,13.85,,13.345,14.29,13.933,13.359,14.695,14.115,13.43,14.328,13.226,13.611,13.438,14.387,13.817,14.441,14.218,13.212,15.425,13.043,12.135,14.346,12.058,14.668,13.766,12.557,12.945,12.783,13.633
Q09327,MGAT3,11.458,13.981,11.812,14.638,11.758,13.856,12.293,13.05,12.45,11.641,10.055,14.481,12.71,10.383,13.22,13.241,11.902,11.747,12.689,13.543,12.671,13.866,13.677,12.515,11.309,12.195,12.854,12.919,12.997,12.904,13.389,12.114,13.043,,11.426,12.263,14.199,12.075,13.653,12.887
Q09472,EP300,9.557,8.965,9.365,8.669,9.073,9.588,10.667,,9.126,10.12,9.694,9.712,9.548,9.862,11.196,8.512,10.278,7.576,10.313,10.785,,9.349,10.258,9.861,9.93,,10.928,9.013,11.849,10.819,10.305,9.273,10.553,10.242,8.119,8.833,10.095,9.087,9.65,10.636
Q10567,AP1B1,6.188,6.954,6.302,5.788,,,6.358,7.154,6.257,7.815,7.223,6.047,7.145,8.027,6.005,8.625,7.486,7.211,,6.725,,6.525,7.421,6.51,7.379,7.196,7.84,6.545,,6.567,5.095,6.311,7.314,6.973,6.518,7.18,6.772,,5.794,7.282
Q10571,MN1,12.939,14.712,14.07,15.814,13.267,12.377,13.23,14.709,13.253,13.261,13.67,13.011,13.13,12.618,,12.784,13.745,13.417,13.465,11.995,13.072,14.37,12.827,11.554,13.578,12.634,13.941,,13.555,,12.608,12.461,13.029,12.571,13.679,13.313,12.55,13.184,13.7,12.551
Q10587,TEF,10.959,7.777,9.679,8.969,9.073,8.349,8.425,8.121,9.246,8.243,8.841,7.555,10.274,9.04,9.208,8.488,7.813,,,8.829,7.076,10.012,9.711,8.438,9.12,9.093,7.772,10.295,8.932,7.753,7.31,,8.453,9.122,,7.672,8.982,8.766,8.365,10.253
Q12772,SREBF2,15.096,15.478,16.067,15.556,15.009,15.561,14.876,14.591,16.653,16.106,17.029,15.884,16.441,15.522,14.803,15.62,15.121,14.273,15.193,16.57,14.02,14.226,15.946,15.247,15.595,16.206,15.652,15.081,16.55,15.85,15.533,15.227,15.805,15.26,14.774,15.867,15.878,13.333,15.467,16.636
Q12824,SMARCB1,6.765,,9.214,8.124,7.841,8.55,7.763,,8.702,9.008,8.9,9.385,8.769,7.964,,10.158,9.214,8.674,7.549,8.475,9.566,8.618,8.278,7.702,9.479,8.864,8.633,8.756,7.496,8.44,9.321,8.149,9.402,8.914,9.185,8.744,9.285,7.236,7.81,9.134
Q13323,BIK,7.755,8.234,,7.474,7.191,6.342,7.02,7.987,6.386,5.944,7.665,6.623,6.524,7.7,8.206,7.298,6.75,7.456,8.801,9.07,8.725,6.315,8.064,7.596,6.027,7.167,8.701,8.516,5.867,7.13,8.014,5.474,6.247,7.013,7.087,5.712,8.1,7.905,6.533,6.855
Q13356,PPIL2,13.23,14.188,15.686,14.32,15.563,14.634,14.458,13.604,16.273,14.142,13.401,15.901,14.263,15.301,15.822,14.76,15.663,14.924,,13.847,14.261,14.157,14.021,14.434,14.354,14.287,14.873,15.222,15.057,14.354,14.457,15.116,13.531,15.674,13.747,14.721,14.285,14.166,,15.528
Q13387,MAPK8IP2,7.563,,7.67,6.974,,6.825,,7.803,8.766,8.119,9.852,7.281,7.488,6.803,,9.008,,5.659,7.316,5.599,6.71,6.911,7.663,5.937,7.766,6.057,7.385,,8.41,,8.576,7.649,7.506,7.946,9.0,8.004,7.435,7.716,7.392,7.121
Q13615,MTMR3,8.429,,7.205,6.396,6.43,7.741,,6.589,8.097,7.643,9.119,9.702,7.855,8.588,8.421,6.52,8.1,7.707,7.683,8.575,7.676,8.816,8.641,6.059,,8.71,8.629,7.731,,8.366,,7.632,9.225,7.915,8.57,,7.608,7.266,9.876,7.216
Q13769,THOC5,12.337,12.375,12.502,12.692,12.125,12.187,,11.551,,12.883,13.136,,11.833,11.465,12.869,12.432,14.753,11.715,13.148,13.641,12.493,11.762,11.791,12.456,12.685,11.378,12.27,11.931,10.386,12.376,13.405,11.174,12.652,10.839,11.947,12.065,11.624,11.997,12.136,11.888
Q14106,TOB2,16.183,13.23,13.968,14.365,16.815,15.352,14.599,14.099,12.562,15.106,14.793,14.472,14.545,14.242,13.843,15.947,14.256,14.241,14.818,14.523,13.485,15.697,14.157,14.36,16.044,13.851,15.026,15.058,14.403,14.873,16.319,15.025,14.779,14.583,14.829,15.53,14.553,12.925,14.788,14.113
Q14129,DGCR6,9.35,6.528,8.087,,9.172,7.249,8.148,6.379,6.592,9.15,,6.992,8.477,7.116,,7.211,6.943,8.062,8.669,8.384,8.527,7.816,8.394,7.155,7.074,8.879,7.597,8.301,8.141,9.076,8.968,7.522,6.728,7.425,6.777,8.084,9.153,,7.419,6.711
Q14166,TTLL12,8.66,7.799,8.91,8.934,9.42,9.214,9.913,8.664,7.953,9.871,8.981,8.904,7.776,9.062,9.433,7.754,7.823,7.784,,7.583,,10.573,9.106,8.392,9.301,10.263,9.389,7.994,10.01,9.57,8.863,,8.853,8.057,8.323,8.43,8.453,8.807,9.807,9.293
Q14390,GGTLC2,15.639,13.523,14.854,15.243,14.147,13.264,14.698,,13.596,13.725,15.051,13.591,14.669,14.137,15.549,13.346,12.953,14.82,12.595,13.645,14.974,12.66,13.745,,13.737,12.902,13.893,12.862,14.515,13.5,,14.61,15.09,14.393,14.263,14.904,13.424,14.318,13.665,12.791
Q14565,DMC1,16.985,15.73,15.507,15.403,15.004,15.994,15.956,15.441,17.917,15.784,15.484,16.432,15.771,16.328,14.844,14.991,16.076,15.279,15.703,16.406,16.126,15.162,15.32,15.794,14.843,14.579,16.604,16.052,14.833,15.263,14.905,15.553,17.487,15.648,14.649,16.308,15.135,15.304,15.381,17.654
Q15040,JOSD1,10.815,,11.206,11.813,10.023,9.28,11.352,11.186,11.282,11.462,,9.327,11.429,11.971,11.21,9.398,10.368,11.336,12.857,9.601,11.335,9.984,11.082,11.561,11.031,11.575,12.432,10.671,9.991,11.64,11.734,11.899,10.142,12.048,,10.703,11.223,10.629,10.501,10.384
Q15049,MLC1,6.596,7.165,,9.778,8.297,8.105,9.301,8.624,7.373,7.369,8.951,6.755,,6.694,8.039,5.599,6.002,6.843,,8.116,7.573,8.222,,7.579,8.655,7.893,7.047,6.136,7.754,7.186,7.583,7.647,5.9,7.686,7.506,,7.767,7.342,8.314,6.869
Q15080,NCF4,4.562,6.34,5.204,,5.957,5.213,6.119,,7.49,4.175,6.96,5.786,7.828,5.231,7.856,,5.486,,7.233,,6.945,7.073,5.135,6.152,6.169,5.816,6.109,6.15,6.906,,,5.586,7.707,,6.772,5.278,,6.519,7.017,7.234
Q15459,SF3A1,9.323,8.539,8.491,,8.973,7.576,8.824,8.869,7.968,,6.528,8.765,,9.766,8.326,8.993,8.29,6.537,,8.882,8.445,8.302,7.698,8.173,7.132,,7.921,7.853,8.935,6.165,8.196,9.822,8.006,8.37,8.589,8.811,8.105,7.712,8.246,6.432
Q15735,INPP5J,7.161,8.469,8.031,6.543,7.172,7.061,7.357,7.28,,6.206,,6.179,6.884,6.407,7.74,7.934,8.14,6.58,6.141,,7.152,7.578,5.398,7.292,6.448,6.471,8.27,5.626,7.54,7.738,6.488,6.947,7.994,8.974,8.193,8.467,6.719,6.043,7.36,
Q15750,TAB1,12.735,,14.062,12.729,12.587,11.987,14.097,13.236,11.009,12.672,11.501,12.571,12.126,11.902,13.821,12.699,12.521,13.046,13.53,12.696,12.587,12.185,13.879,12.219,,,13.984,13.414,12.12,14.085,13.994,13.583,12.423,12.726,11.506,13.408,12.798,11.495,13.929,12.513
Q15759,MAPK11,6.146,6.35,6.717,6.743,7.084,8.664,6.709,7.082,7.051,,7.128,7.225,5.913,5.849,7.327,8.494,7.665,9.21,6.906,,5.9,,,7.781,,,6.822,6.741,6.639,7.748,7.562,6.74,6.404,7.661,6.945,5.842,6.273,,5.671,6.635
Q16587,ZNF74,11.722,10.529,11.364,,11.801,11.006,11.393,11.684,11.711,,11.21,10.702,9.946,11.576,11.585,11.053,10.231,10.932,10.154,10.172,,11.686,11.256,12.808,10.998,11.239,9.691,10.488,10.521,,10.792,10.748,10.943,10.48,11.65,9.736,11.163,11.92,11.627,11.717
Q16762,TST,13.564,12.833,15.833,14.061,14.641,13.779,13.242,12.111,12.769,12.484,13.554,,13.245,12.41,11.413,12.748,14.129,14.178,13.906,13.414,13.215,14.01,11.844,12.878,14.563,12.253,12.665,13.048,13.032,14.141,14.475,13.502,13.92,11.958,12.812,14.865,14.829,11.777,12.813,13.668
Q2M1V0,ISX,13.269,11.691,11.257,12.771,12.004,12.502,12.703,11.929,11.901,11.25,11.57,12.505,10.754,10.993,,12.12,12.627,11.692,10.161,12.14,11.453,12.603,11.713,11.576,11.734,11.76,11.893,11.135,10.631,12.153,12.631,11.877,,11.128,,,11.362,13.028,12.767,13.373
Q2NKQ1,SGSM1,9.056,7.699,7.641,10.042,8.514,7.481,7.488,9.711,9.133,8.771,6.739,9.451,7.853,9.315,7.17,8.137,7.722,8.134,8.186,7.331,9.32,7.293,7.1,8.437,9.041,7.483,7.274,7.278,7.454,8.721,7.98,,,9.167,8.141,7.673,8.141,8.198,8.591,7.243
Q2VPJ9,LRRC75B,13.415,13.938,14.318,13.6,13.801,14.619,14.453,14.501,14.374,14.501,14.94,14.156,14.537,12.211,12.194,16.226,14.029,14.068,13.046,13.228,12.944,14.299,13.748,14.251,,15.444,14.51,12.638,14.812,14.007,13.992,14.211,14.613,13.25,14.377,15.901,14.068,13.527,13.61,14.375
Q2WGN9,GAB4,13.08,14.488,14.435,13.537,12.978,12.355,14.321,14.353,11.406,13.835,12.964,11.873,13.456,13.441,12.651,12.314,14.746,12.173,14.161,12.01,13.351,13.288,13.632,14.391,12.841,13.93,11.724,11.996,12.033,13.514,14.675,15.113,12.334,13.072,13.952,13.281,13.07,13.402,12.682,13.027
Q3SXP7,SHISAL1,14.274,12.614,12.785,13.546,13.836,13.64,12.786,14.537,13.195,13.644,12.733,13.834,13.936,13.892,12.789,14.425,14.241,14.498,13.443,12.694,13.592,14.945,12.617,12.11,13.837,13.096,14.085,12.1,12.941,13.705,14.488,13.682,,13.483,13.541,14.091,12.068,12.229,14.286,13.416
Q3SYA9,POM121L1P,6.859,6.126,8.507,,,5.597,6.995,7.537,7.148,7.726,7.767,7.544,7.542,7.047,6.236,,7.645,7.499,7.814,6.864,7.009,,7.919,9.624,6.345,9.702,,8.014,,7.722,8.358,,7.742,6.771,5.519,8.06,7.26,7.021,7.019,7.636
Q53GT1,KLHL22,6.777,8.198,,6.705,8.674,8.205,7.235,8.259,8.003,,8.619,7.434,7.504,4.904,7.769,,7.878,6.347,7.278,8.302,7.063,8.106,8.157,6.283,7.849,6.59,5.792,7.7,7.143,8.525,7.57,7.791,7.973,7.986,6.535,7.103,7.044,8.408,7.172,
Q569K6,CCDC157,14.456,13.914,14.414,13.99,14.907,16.556,15.275,15.811,15.661,14.654,14.082,15.67,14.374,15.571,16.678,14.482,14.522,14.95,14.33,14.608,14.903,15.494,14.772,16.204,14.964,15.805,14.822,14.503,15.002,15.318,15.934,16.226,15.689,16.201,16.674,14.646,15.444,17.186,16.496,15.376
Q5BKY6,Q5BKY6,9.243,10.738,8.824,10.023,,10.251,8.423,11.039,9.13,9.851,10.78,9.572,11.756,10.052,9.593,10.412,10.393,9.965,9.992,9.164,9.782,9.664,8.723,,9.887,,9.25,9.3,9.603,10.775,10.388,10.282,10.1,8.546,10.343,9.694,9.671,10.254,9.222,8.988
Q5GH77,XKR3,9.11,8.803,9.255,9.848,8.171,9.468,,9.144,8.898,9.312,,8.315,9.486,8.346,10.128,9.486,7.485,9.121,8.008,9.928,10.012,9.436,9.382,8.731,9.463,9.253,10.136,,8.601,9.228,,9.902,10.177,9.064,7.79,8.282,,7.264,10.483,7.34
Q5R3F8,ELFN2,11.717,8.902,11.784,10.226,11.347,11.252,11.912,11.477,10.786,11.026,10.712,10.505,10.794,10.606,9.71,,9.863,7.685,10.936,11.159,8.46,11.355,10.023,9.73,10.451,11.982,10.779,10.875,11.301,11.053,11.694,11.349,10.313,13.364,11.482,9.617,,12.885,9.97,11.011
Q5R3I4,TTC38,12.188,,11.999,14.047,12.033,13.008,11.671,14.505,12.375,12.999,,12.145,13.455,14.273,13.389,12.741,12.626,14.112,12.479,11.394,11.958,12.174,12.507,11.83,13.451,12.221,12.584,12.104,13.588,13.002,13.745,13.967,12.186,13.367,13.355,13.522,13.533,12.588,12.298,12.549
Q5THK1,PRR14L,15.274,14.618,16.432,15.681,16.118,14.785,15.911,16.713,15.309,15.77,16.533,16.353,17.026,14.522,15.267,15.037,16.055,15.742,14.965,17.518,17.239,15.376,14.738,17.506,16.203,15.87,15.442,14.579,14.493,16.151,15.082,15.802,15.876,14.677,17.422,15.86,15.529,15.623,14.339,15.507
Q5THR3,EFCAB6,7.877,,9.062,9.745,9.035,7.576,,9.422,9.463,9.661,10.289,8.329,7.138,9.148,8.923,8.94,8.057,9.127,,8.379,7.713,9.44,9.02,9.45,7.409,9.04,8.12,9.22,9.332,9.15,,9.097,7.81,8.53,9.786,,9.648,9.995,9.47,8.556
Q5TIA1,MEI1,15.01,16.096,15.332,17.035,15.44,14.222,13.795,16.121,14.716,15.926,16.069,15.293,14.327,15.908,15.182,14.254,14.827,15.64,14.725,15.762,17.024,16.225,15.261,15.975,14.343,14.217,13.752,15.693,15.845,14.853,14.328,14.929,15.949,16.432,15.181,17.417,17.14,15.011,15.12,16.067
Q69YQ0,SPECC1L,7.736,6.005,6.828,6.508,6.538,5.889,5.885,5.949,6.463,5.974,6.579,5.219,,7.603,6.805,6.283,7.983,5.486,5.771,,5.951,7.588,,,7.478,6.219,6.54,5.757,5.421,,6.878,,6.526,5.7,7.079,5.411,5.703,6.49,,6.244
Q6IBW4,NCAPH2,12.893,11.494,10.774,11.416,11.75,11.522,10.046,11.564,11.174,11.198,11.938,11.14,11.858,12.104,11.571,13.39,11.627,10.741,10.473,10.862,11.04,11.97,10.763,11.304,12.28,10.783,12.062,10.597,11.563,10.74,11.682,10.592,13.076,10.327,12.778,12.933,,11.791,13.199,13.43
Q6IC83,C22orf42,11.848,10.536,11.433,11.105,12.802,,12.698,13.866,11.401,12.54,13.562,12.175,13.385,13.246,13.107,12.648,13.597,12.443,12.496,12.134,13.191,11.954,11.173,,,11.264,12.994,13.291,11.881,9.846,12.838,12.871,12.752,12.445,12.275,11.918,11.429,12.129,12.749,12.439
Q6IC98,GRAMD4,9.087,,6.333,6.288,5.65,5.691,7.002,6.105,7.751,,6.923,7.083,8.067,9.231,6.407,5.828,,7.028,6.747,7.142,8.212,6.223,6.625,6.467,,6.355,6.333,8.342,7.43,7.464,6.99,6.742,7.597,6.997,7.503,5.816,6.907,6.1,6.714,
Q6ICB0,DESI1,6.742,6.222,7.116,6.273,7.26,7.093,8.745,7.271,7.29,6.42,7.182,5.327,8.379,6.483,5.826,8.261,7.688,7.49,7.266,8.273,7.649,5.97,8.488,7.843,8.039,,6.663,7.771,6.502,5.708,7.417,7.993,7.252,7.691,8.048,,7.501,8.51,6.595,8.312
Q6ICB4,PHETA2,11.398,9.765,9.291,8.701,10.363,9.525,10.128,9.95,9.4,9.468,8.81,9.376,9.457,10.629,10.082,8.671,11.181,9.729,11.638,10.258,10.164,10.158,10.868,9.844,10.548,10.94,10.391,10.423,11.01,10.398,,9.867,9.626,9.949,,9.931,,10.181,9.552,10.244
Q6ICC9,RTL6,16.015,15.746,17.076,14.567,16.004,16.13,14.941,16.983,17.444,15.025,16.247,15.279,15.415,14.504,14.543,17.374,15.948,15.957,14.548,15.758,14.535,14.823,14.205,16.311,14.791,14.362,14.039,14.903,15.249,16.349,15.721,15.345,15.715,15.323,17.207,15.332,15.789,16.136,15.32,15.672
Q6ICG6,KIAA0930,12.685,,,11.354,12.057,11.231,11.937,13.362,10.394,11.762,11.617,12.689,11.515,11.792,10.987,,11.78,11.923,,10.513,11.071,12.037,10.296,10.546,10.822,11.288,12.309,12.687,12.899,13.596,12.022,12.11,11.666,12.424,12.468,12.559,12.853,,12.979,12.214
Q6ICG8,WBP2NL,14.479,16.082,15.781,14.705,16.843,14.964,14.616,14.681,16.489,14.553,17.153,15.854,16.372,15.234,17.024,13.319,14.017,16.063,16.288,14.468,13.38,15.507,15.918,15.893,15.487,14.275,14.849,15.268,14.223,13.761,15.914,16.166,14.222,15.064,14.857,14.812,15.942,15.679,16.22,16.026
Q6ICH7,ASPHD2,13.063,,13.87,15.115,13.536,14.374,13.659,15.772,15.477,15.088,15.728,14.405,14.012,14.003,14.194,12.144,13.888,13.954,13.412,12.748,14.304,12.679,15.049,13.923,12.198,14.343,15.082,13.803,13.26,13.274,13.466,13.675,13.281,13.965,12.822,14.141,,13.407,13.068,14.09
Q6ICI0,LHFPL7,9.361,,9.34,9.702,9.519,,11.781,10.524,12.23,10.339,11.354,10.469,10.939,11.988,8.796,12.485,10.334,9.636,9.935,10.968,9.655,8.528,10.717,10.527,11.356,9.978,12.741,10.966,,10.998,9.122,10.219,11.937,10.398,10.547,10.088,11.803,10.525,9.342,12.862
Q6ICL3,TANGO2,15.752,13.125,13.903,12.916,13.741,13.836,13.279,15.302,14.222,13.364,13.461,14.609,13.763,12.579,14.405,13.03,14.782,11.768,13.238,14.824,13.876,14.498,,14.103,13.977,13.739,15.745,14.896,14.151,14.159,13.09,13.306,12.848,12.746,13.229,13.57,12.861,14.211,13.68,12.774
Q6ICL7,SLC35E4,,,5.527,7.26,4.641,6.843,6.954,6.991,6.181,7.079,7.671,5.923,6.891,,5.371,5.483,5.871,6.713,4.953,7.638,6.842,6.9,4.471,5.575,6.818,5.707,4.42,,6.487,6.417,6.06,6.714,5.731,5.971,5.933,6.132,5.503,6.293,6.218,6.284
Q6NTF7,APOBEC3H,5.699,8.283,6.401,7.147,8.327,7.256,5.601,6.968,7.868,6.096,6.819,7.184,7.531,5.522,7.974,6.361,7.526,6.833,,7.543,,,,8.142,,6.961,7.379,5.978,6.058,7.259,6.394,8.757,7.064,7.134,7.341,8.643,6.086,5.573,8.066,6.997
Q6NUI6,CHADL,13.945,14.379,14.547,14.766,14.235,15.179,15.054,14.266,14.302,14.017,14.798,14.04,15.006,14.385,15.125,13.156,14.647,13.517,14.719,14.339,13.295,14.954,14.903,13.974,14.317,14.805,15.197,13.65,14.832,14.012,15.193,13.882,,13.333,14.646,13.321,15.312,13.629,13.985,15.102
Q6NVV7,CDPF1,13.112,14.507,13.988,14.042,14.051,12.712,14.132,13.919,13.983,13.174,13.282,13.128,15.314,14.131,14.109,,14.307,13.892,14.231,13.493,12.991,13.413,14.794,15.072,,12.262,14.817,13.479,13.17,11.539,13.337,,,14.37,13.52,13.695,,13.983,13.571,13.838
Q6NXT1,ANKRD54,,7.485,,7.859,8.19,9.03,,8.719,8.144,9.095,10.751,8.294,6.853,8.838,9.164,8.515,8.221,7.73,7.002,7.264,8.127,8.58,10.31,,8.4,7.774,8.976,7.066,,,7.825,,8.775,8.74,,9.699,7.17,7.791,10.541,7.443
Q6P575,GUSBP11,11.22,,,11.886,11.245,11.733,11.552,10.924,11.824,12.203,11.473,12.822,10.062,11.594,11.361,11.723,12.606,10.431,13.572,11.016,11.32,,11.659,10.744,12.216,10.921,9.975,10.289,12.01,12.596,9.812,12.785,9.693,11.377,10.439,12.216,11.461,12.068,11.32,11.055
Q6P5X5,C22orf39,11.318,12.547,,11.48,10.658,12.785,11.495,12.898,11.473,11.745,11.524,10.654,12.261,12.011,13.386,10.979,11.68,12.713,,11.748,10.638,12.123,11.759,11.847,11.388,13.097,12.166,,10.033,10.479,13.553,11.458,10.763,11.722,12.352,11.951,12.198,12.405,12.117,12.361
Q6PGQ1,DRICH1,13.956,15.167,15.013,15.064,15.103,14.613,14.931,13.277,16.185,14.465,15.145,14.605,14.035,14.833,14.134,12.728,15.726,15.349,13.637,14.893,15.392,14.731,14.648,15.974,13.469,15.094,15.334,16.788,15.25,14.698,14.165,16.137,13.988,14.992,14.656,15.606,16.1,15.276,14.311,14.129
Q6S545,POTEH,11.625,10.379,10.689,11.223,10.566,12.781,12.322,11.772,11.175,12.015,10.328,12.058,12.949,11.936,12.396,10.732,10.045,12.838,12.637,11.642,13.575,10.682,11.429,12.074,12.441,11.318,,12.2,12.357,11.971,12.428,11.727,12.013,11.624,11.385,11.247,12.399,11.689,9.734,12.596
Q6UXH1,CRELD2,10.609,10.915,9.424,7.701,10.148,10.636,9.383,,9.724,10.604,9.762,7.776,8.769,11.227,9.202,10.123,,10.345,9.954,9.088,8.632,,11.925,9.959,10.571,10.012,9.559,10.232,,10.66,9.907,10.115,10.996,7.799,10.761,10.564,9.301,10.839,10.247,8.62
Q6UXV3,UNQ6126/PRO20091,9.552,9.936,9.047,8.958,,10.679,7.524,10.18,10.412,9.616,11.429,11.592,9.821,9.72,9.649,9.75,9.234,9.907,,10.945,10.383,7.848,8.541,11.118,11.045,10.704,9.547,11.244,10.404,10.504,8.833,9.84,10.965,9.787,10.881,10.222,9.939,10.569,9.204,9.037
Q6UXY1,BAIAP2L2,10.848,10.191,10.395,8.698,10.553,9.004,10.251,11.634,,10.838,9.842,8.387,9.571,10.913,10.714,8.608,,11.454,10.964,9.971,10.682,10.653,11.24,11.228,,9.784,10.186,9.872,10.923,9.155,9.801,10.251,10.783,10.867,11.444,10.419,9.75,10.08,9.874,11.239
Q6ZQY2,LRRC74B,12.758,12.631,12.2,11.532,12.561,13.852,11.675,13.831,12.348,,13.098,13.094,13.132,12.443,13.353,12.512,12.502,,13.097,11.663,12.478,12.927,14.327,,12.179,12.215,12.217,,12.237,13.368,12.633,,12.476,11.911,13.681,12.733,12.364,12.46,14.435,12.376
Q6ZR54,Q6ZR54,,14.139,15.357,13.364,14.398,12.913,14.152,14.503,14.369,14.366,15.171,16.966,,,14.853,14.468,15.334,14.817,13.708,16.072,14.838,16.24,14.268,14.987,14.133,13.837,15.237,14.551,14.742,14.391,14.807,,14.613,15.088,13.62,15.26,14.214,15.579,13.413,14.846
Q6ZT62,BARGIN,10.678,8.881,10.135,11.176,11.231,11.229,10.041,10.162,11.923,9.436,11.658,10.555,9.734,9.94,10.455,11.216,10.098,11.8,10.677,,11.619,11.561,10.39,10.245,9.621,10.106,11.087,10.33,12.465,11.061,10.842,10.876,9.6,9.948,9.772,,10.82,11.187,9.725,9.862
Q6ZVW7,IL17REL,9.2,6.174,8.468,9.228,8.855,8.238,9.341,8.237,9.646,8.288,8.154,9.184,8.144,7.632,8.214,,9.308,9.573,8.479,8.161,7.601,,7.262,8.735,10.491,7.352,8.552,8.996,9.143,,9.201,8.126,7.177,9.089,9.02,7.554,7.762,7.802,6.851,9.492
Q7L3V2,RTL10,7.677,9.03,9.773,6.744,8.99,8.825,7.553,8.386,8.018,9.986,9.962,8.161,7.167,9.141,9.255,9.563,6.919,8.731,8.007,8.745,8.769,10.444,8.547,7.806,8.369,,7.904,9.596,,8.642,9.172,10.139,9.307,,8.223,7.277,8.939,8.808,,8.881
Q7RTP6,MICAL3,14.816,13.547,12.022,13.99,14.774,12.73,13.622,13.05,13.425,14.794,14.834,11.962,13.511,12.641,15.01,13.671,11.814,,13.532,12.324,14.058,14.6,14.126,13.076,13.298,13.632,13.383,13.499,14.051,11.867,,13.057,,14.005,,13.496,13.228,14.432,14.033,14.811
Q7RTV0,PHF5A,13.699,14.661,13.775,13.599,13.384,12.876,14.244,14.173,15.356,14.373,14.239,15.445,14.363,13.511,11.299,13.046,14.104,14.923,12.749,14.557,14.613,15.108,14.939,,14.238,14.788,13.96,14.934,13.091,13.84,14.731,15.448,13.543,14.537,14.034,15.182,13.826,15.107,14.201,13.139
Q7Z3Z3,PIWIL3,6.893,7.402,6.619,6.993,,8.06,7.735,7.59,6.958,6.889,7.224,6.653,6.852,6.16,7.224,6.055,6.957,6.409,6.451,6.929,4.941,6.286,7.444,6.485,6.233,7.871,,6.895,6.721,8.483,6.736,6.824,7.416,5.101,6.467,7.843,7.152,,6.312,7.862
Q7Z412,PEX26,5.298,7.319,6.175,7.451,7.617,4.568,6.596,6.013,8.236,6.396,5.745,8.599,6.602,5.493,5.632,6.909,6.573,5.677,,6.868,7.166,6.727,6.442,6.014,7.055,8.808,5.683,7.882,6.866,5.094,5.288,8.351,7.966,6.92,6.305,,7.28,6.545,5.616,6.796
Q7Z4H4,ADM2,11.219,11.248,12.347,12.331,10.67,10.952,13.181,13.294,11.393,10.786,11.708,13.297,12.475,13.16,12.72,10.848,11.118,11.381,11.63,11.467,11.833,12.293,12.124,13.654,12.134,11.403,11.716,10.521,10.063,12.619,12.954,12.1,11.873,10.571,13.025,12.342,12.215,11.832,11.283,10.689
Q7Z4Y8,ATP5MGL,8.372,8.43,,6.611,6.332,7.0,,7.527,7.096,,7.131,7.934,7.272,5.633,7.469,8.573,7.747,8.036,7.374,8.325,6.952,7.633,6.862,7.676,6.859,6.357,,,,8.183,7.144,7.374,7.039,7.181,8.168,8.969,8.3,8.282,7.927,5.661
Q7Z5A7,TAFA5,14.568,14.679,14.021,,15.098,,15.434,13.745,14.319,13.825,14.285,,12.985,16.653,14.878,13.499,14.364,13.633,13.811,13.947,14.0,13.251,13.965,13.311,13.086,13.134,15.83,14.305,14.529,13.879,14.405,15.226,14.765,15.317,14.4,14.757,14.395,13.553,14.639,12.206
Q7Z6W7,DNAJB7,8.0,8.068,9.598,9.102,8.469,8.32,8.41,,9.164,9.925,7.328,9.421,9.212,9.16,10.156,8.819,9.91,8.114,8.843,7.898,9.182,9.558,10.237,8.229,8.258,8.413,9.075,8.056,6.797,8.312,8.894,8.467,9.567,9.661,9.246,7.861,9.602,9.09,8.717,9.933
Q7Z6Z6,PNPLA5,7.489,8.141,8.037,6.629,8.336,7.4,,7.219,8.188,5.989,8.08,6.464,7.598,8.581,6.753,6.655,6.821,7.12,6.234,7.449,7.364,8.104,7.248,6.34,7.342,7.15,7.397,6.902,,6.713,7.277,7.67,7.174,8.464,,5.657,6.874,6.928,,8.508
Q86V35,CABP7,16.743,14.896,14.459,16.279,15.002,15.555,15.237,14.93,16.025,15.607,14.303,15.52,14.392,16.127,16.598,16.7,16.251,14.403,15.189,14.136,17.167,16.234,15.281,16.276,14.927,14.605,13.8,14.637,15.249,15.238,15.295,15.567,15.85,13.68,16.214,14.497,15.849,15.598,16.028,15.854
Q86V86,PIM3,,7.717,6.883,5.363,8.241,7.92,,5.496,8.216,7.563,8.321,,8.396,7.029,7.706,8.013,6.842,7.362,7.543,8.038,,7.764,7.003,7.131,9.062,7.761,,7.538,7.867,7.721,7.585,7.339,7.615,8.063,7.509,8.268,5.964,7.901,6.173,7.704
Q86WX3,RPS19BP1,7.19,8.509,6.834,8.053,8.505,,8.129,7.912,10.242,10.364,,,9.198,,8.287,7.468,9.001,,8.982,11.256,9.542,8.817,8.142,,8.314,9.683,10.692,8.661,10.342,9.635,,,8.521,,8.172,9.308,9.376,8.724,,8.508
Q86YH2,ZNF280B,7.498,8.249,7.895,5.363,,8.132,7.254,,7.027,7.566,8.058,8.163,,7.709,7.767,7.5,7.259,8.237,8.35,,7.393,7.923,,6.924,6.565,7.757,6.303,5.732,7.492,7.661,8.147,7.072,7.224,7.734,6.99,7.119,7.774,6.51,7.267,6.709
Q8IU80,TMPRSS6,7.725,6.26,,6.52,7.476,7.92,6.101,7.421,6.274,6.77,5.99,7.388,6.673,7.602,,7.926,7.788,8.581,6.156,8.813,7.012,,6.844,7.432,6.429,5.918,8.817,6.977,,6.735,6.914,5.883,8.209,7.855,6.742,6.512,7.723,6.923,7.6,6.901
Q8IUG5,MYO18B,3.342,7.363,5.447,5.655,7.332,6.836,6.72,5.864,7.26,,,6.952,5.902,5.819,6.965,5.811,4.831,,5.138,5.717,,6.469,6.631,6.569,8.58,6.442,6.479,,6.617,5.031,,,4.929,6.209,5.698,6.216,7.39,,6.963,5.837
Q8IUX4,APOBEC3F,7.112,5.765,,8.122,,6.422,6.986,6.551,,6.645,,5.49,5.742,5.485,5.878,6.743,7.3,6.235,6.076,5.75,6.211,5.427,6.993,7.8,5.188,7.567,7.251,6.517,7.525,6.203,6.771,6.558,6.746,6.761,7.072,7.405,6.089,,5.854,6.357
Q8IVS2,MCAT,8.244,,8.052,8.403,8.964,8.079,6.857,9.129,9.178,8.039,8.534,7.629,,6.421,,7.382,7.158,7.282,7.938,8.77,7.088,7.266,6.934,8.5,7.976,7.95,9.384,10.272,8.331,8.105,6.638,,7.407,8.759,7.887,7.583,8.251,8.793,8.704,8.837
Q8IWD4,CCDC117,,6.19,5.881,,5.853,,6.275,6.087,6.431,6.53,6.422,6.293,5.635,6.782,6.429,9.487,6.086,7.202,,6.426,7.502,7.274,4.791,6.149,6.216,5.656,4.839,6.601,4.894,6.83,7.047,7.582,6.303,8.05,6.513,,,7.413,6.159,7.919
Q8IWF2,FOXRED2,13.029,12.277,12.839,12.448,9.785,13.277,11.859,11.642,12.063,,11.725,,10.872,13.719,12.61,11.939,13.291,10.793,13.035,11.688,12.029,11.843,9.476,11.107,13.453,12.024,13.477,13.201,12.043,11.644,13.123,13.301,11.81,13.31,12.613,,11.927,11.611,10.656,10.536
Q8IWL3,HSCB,11.54,12.048,14.085,,12.117,12.571,13.746,13.798,13.241,12.264,12.747,14.009,13.987,,12.382,14.358,14.582,11.691,12.511,,12.717,12.393,12.86,13.029,12.092,12.58,13.183,12.381,11.919,12.879,12.255,13.252,12.175,,12.309,12.64,14.01,12.784,12.568,12.378
Q8IWY4,SCUBE1,9.167,9.413,10.296,10.287,8.484,8.561,9.644,10.028,9.7,9.563,10.14,9.698,10.191,8.578,9.231,11.912,9.348,,10.119,10.102,10.847,10.34,9.363,10.742,10.683,9.83,9.893,10.735,,8.407,9.949,,9.706,9.614,10.818,10.668,11.062,9.3,9.891,
Q8IYW4,ENTHD1,7.951,8.243,9.942,9.587,7.641,9.165,8.824,8.476,10.117,8.806,8.738,,7.849,10.356,9.957,9.717,9.136,8.397,10.119,8.382,9.075,8.898,8.823,,10.925,8.774,9.793,8.89,9.973,9.067,11.395,8.016,10.946,9.735,8.898,11.105,8.26,8.934,7.882,
Q8IYX3,CCDC116,11.353,12.682,9.791,11.009,10.725,10.475,13.387,,8.954,10.679,11.114,10.952,10.633,9.823,12.758,11.425,11.355,12.839,10.049,11.608,9.997,11.046,9.584,11.402,12.613,11.032,9.556,10.793,11.014,11.518,12.041,12.247,10.701,9.875,9.38,10.65,11.088,9.365,10.491,11.959
Q8IZ69,TRMT2A,14.139,15.36,15.344,15.284,15.951,15.72,14.207,13.987,14.33,13.857,14.18,16.217,14.157,14.622,13.154,14.97,15.568,15.605,15.519,14.952,16.181,15.402,14.402,14.786,,14.188,14.203,14.697,13.626,13.865,14.76,15.613,15.498,14.801,15.671,16.153,14.024,14.992,14.218,14.027
Q8IZJ4,RGL4,14.759,14.007,13.389,14.507,14.769,,14.838,13.716,13.363,,15.619,13.189,14.285,14.315,15.549,16.355,14.188,14.912,14.365,14.245,14.449,13.154,14.608,14.605,,14.82,13.662,14.803,15.797,14.612,13.565,13.784,14.871,15.24,14.102,14.02,12.437,14.536,13.787,13.886
Q8N1L1,LINC00528,,6.825,6.573,6.217,7.497,5.206,,5.45,7.706,6.429,,5.386,7.291,5.807,,6.569,6.352,,5.728,6.466,6.991,6.006,6.907,6.579,6.924,,5.968,5.701,7.186,5.635,7.232,,6.092,6.811,,6.931,6.672,7.769,,6.074
Q8N3F8,MICALL1,7.452,8.16,7.255,7.92,7.093,8.758,6.527,7.697,8.346,8.793,8.4,6.786,7.339,,7.008,7.048,9.19,8.164,7.979,7.853,8.199,,,8.442,6.942,6.861,7.847,,7.184,7.459,,8.177,,7.376,7.864,7.618,9.326,7.445,6.477,8.284
Q8N5Z5,KCTD17,9.609,7.412,6.669,9.41,8.246,8.058,8.486,,10.846,7.852,,,9.384,9.087,8.409,7.721,,7.998,8.471,9.313,9.955,8.608,9.095,,9.547,8.241,8.856,9.186,9.061,7.081,9.278,8.218,8.312,8.064,8.743,9.316,8.152,8.682,8.042,
Q8N653,LZTR1,,,8.094,8.859,8.243,7.066,7.163,10.357,7.74,8.184,7.845,9.616,7.315,7.268,,8.446,8.59,8.283,9.456,7.536,7.508,,,,9.229,8.108,8.419,7.237,7.28,9.445,9.186,9.139,6.823,7.462,10.725,7.912,7.639,9.191,8.152,9.419
Q8N7B1,HORMAD2,13.061,11.045,11.313,12.209,,13.001,12.503,11.522,12.781,11.69,11.312,11.737,12.572,12.225,13.194,,11.929,11.941,12.203,12.374,12.139,11.944,11.015,12.3,12.656,12.619,9.819,11.432,11.692,11.12,12.281,11.944,12.04,11.729,11.491,11.352,10.746,10.867,11.839,13.249
Q8N8J0,PI4KAP1,10.449,10.389,,10.417,11.671,11.23,11.202,11.623,9.005,10.492,10.068,,9.685,9.903,8.698,9.539,11.118,9.608,10.04,10.077,9.063,9.473,10.354,10.963,9.201,10.3,11.203,9.233,11.494,10.013,,10.179,10.066,11.769,10.072,10.6,10.257,9.845,9.816,10.119
Q8NDV3,SMC1B,6.301,7.43,,6.568,8.438,5.662,6.857,5.712,6.828,,7.668,6.009,5.143,6.595,5.236,,6.673,6.629,,6.382,,6.6,6.103,6.341,4.911,5.064,6.928,,4.944,5.731,6.35,6.624,,5.955,5.936,6.937,6.449,6.615,7.443,7.664
Q8NEG4,SACK1F,,9.331,,8.104,10.37,11.003,10.338,8.873,9.861,9.844,9.302,8.846,10.123,8.645,7.943,10.107,9.96,10.923,9.066,10.265,10.556,11.049,10.373,9.905,9.455,9.876,8.461,9.436,11.377,8.935,7.807,10.312,8.832,9.848,8.911,9.338,10.956,8.412,9.271,10.202
Q8NEG7,DENND6B,11.414,,11.946,11.08,11.652,10.708,10.135,9.179,11.915,11.98,12.161,9.864,11.405,,11.4,10.954,10.933,9.401,10.494,11.154,11.338,10.315,11.002,10.956,11.917,10.481,11.667,11.086,11.4,11.071,10.269,,12.204,10.306,9.943,11.448,10.793,10.927,11.235,10.495
Q8NEJ0,DUSP18,6.106,6.491,6.865,7.918,6.67,9.66,5.756,7.368,7.494,,,7.834,6.478,7.759,,6.354,,6.009,6.175,7.788,6.581,6.747,6.077,7.282,7.692,7.213,6.582,7.135,6.362,6.772,7.409,5.198,8.914,7.651,6.68,7.63,8.581,7.53,7.405,6.203
Q8NET5,NFAM1,15.178,15.387,14.536,14.156,14.01,15.377,13.456,13.179,13.947,15.749,14.956,14.07,13.631,15.183,14.528,13.988,14.454,13.866,13.612,13.918,14.157,13.767,13.391,15.056,14.699,13.146,15.04,14.327,14.441,13.294,14.832,15.682,14.144,15.315,14.249,15.169,14.186,12.647,,13.787
Q8NFI4,ST13P5,,6.047,5.625,7.037,4.758,7.7,6.914,6.496,7.185,5.979,5.94,5.891,7.098,,6.446,7.385,6.037,6.151,5.106,7.832,,6.771,,5.84,8.731,6.999,6.603,5.471,7.254,,6.469,6.889,6.6,6.06,4.999,5.689,5.519,5.742,7.42,7.066
Q8NFQ6,BPIFC,15.305,14.759,14.449,14.81,15.091,15.927,14.669,14.075,17.885,16.261,15.984,16.483,14.888,14.762,16.387,16.344,15.796,16.237,14.285,14.938,16.548,15.965,13.965,15.143,16.478,15.688,15.149,15.737,15.613,14.42,14.702,16.024,15.524,15.95,15.015,16.603,15.946,16.275,15.099,14.481
Q8NG94,OR11H1,7.304,5.073,6.762,6.602,6.053,6.902,,,6.916,6.702,6.451,8.28,6.804,7.184,6.976,6.904,6.578,7.843,7.218,,7.767,7.596,7.502,5.82,6.01,6.367,7.524,7.894,7.075,6.994,8.342,7.053,5.638,7.052,7.628,6.624,,,7.765,4.856
Q8TCT0,CERK,13.858,13.703,14.168,12.543,13.852,13.47,13.438,15.358,13.624,12.809,14.098,13.109,16.263,14.529,13.753,14.791,14.514,14.528,15.365,13.625,15.536,14.044,14.276,14.17,14.307,14.555,12.713,14.539,14.386,13.453,14.605,15.259,13.69,13.526,15.592,15.003,14.183,,13.893,15.441
Q8WTX7,CASTOR1,15.961,14.411,15.71,15.151,14.937,15.104,14.925,16.069,15.553,14.688,15.057,15.332,15.904,15.596,15.799,16.472,14.869,14.698,15.084,14.594,16.614,14.6,14.976,16.679,13.545,15.067,14.198,15.311,14.376,14.413,14.926,15.417,15.402,13.277,14.828,14.522,15.508,14.95,14.52,13.453
Q8WUA7,TBC1D22A,15.949,17.16,16.258,15.628,15.941,16.313,16.439,16.145,15.356,15.116,16.563,15.057,14.404,15.908,16.578,16.406,16.565,15.776,17.078,15.796,16.394,15.339,15.856,15.188,18.013,14.213,15.636,16.251,15.748,14.645,14.606,16.7,17.273,16.071,16.544,15.833,15.588,17.324,15.324,16.822
Q8WWX9,SELENOM,15.223,13.839,13.152,13.68,13.14,,15.125,13.685,13.096,13.461,14.932,14.526,14.527,15.808,14.466,12.527,13.091,14.193,13.923,13.369,,13.634,14.639,15.315,15.52,15.618,13.47,13.769,13.836,14.405,13.869,14.182,15.656,13.395,14.043,14.259,14.91,14.131,14.365,13.238
Q8WYQ3,CHCHD10,14.206,13.463,12.106,15.699,12.415,13.176,13.299,13.386,14.417,13.866,15.159,14.159,12.531,14.022,14.096,12.988,15.799,13.836,14.295,14.087,13.585,,14.253,13.056,12.977,13.988,14.328,13.817,13.69,13.543,13.243,15.197,13.9,13.542,12.814,13.5,13.153,13.206,14.561,14.043
Q8WYQ4,C22orf15,12.125,13.505,11.899,11.913,,12.664,11.727,12.588,12.932,12.122,10.645,14.445,11.65,12.875,12.186,13.175,12.133,12.076,12.166,11.377,12.027,13.089,13.39,11.984,11.714,12.569,10.628,13.88,11.0,12.611,13.076,12.296,11.962,13.841,10.861,11.812,12.573,11.196,13.458,10.581
Q8WYQ5,DGCR8,12.039,13.259,15.137,14.056,12.705,13.831,14.462,12.645,14.34,14.656,15.351,14.441,12.815,14.388,15.214,13.21,14.346,14.038,14.831,14.194,14.701,14.199,13.841,14.601,12.9,14.016,13.767,12.002,15.284,14.327,14.189,13.369,13.837,14.648,14.083,13.176,13.529,13.983,13.0,13.723
Q92523,CPT1B,7.372,7.875,7.075,7.516,6.089,6.199,8.089,9.199,7.135,7.159,7.853,6.469,8.181,7.309,7.945,7.033,8.394,,7.259,8.084,7.237,7.131,7.612,8.14,8.282,8.111,,,6.7,6.573,,,8.814,7.842,6.618,7.327,6.071,7.287,5.515,7.515
Q92737,RASL10A,11.092,10.589,11.538,11.86,10.658,11.105,13.688,11.643,10.885,11.222,10.976,11.774,11.768,10.785,12.876,12.005,10.975,9.984,10.854,10.626,11.255,10.089,12.374,10.962,11.94,12.11,11.27,12.112,12.793,11.129,12.11,11.42,12.553,10.712,12.454,9.948,10.419,10.833,11.574,12.059
Q92841,DDX17,11.616,10.919,11.609,,10.563,10.469,,10.876,11.049,11.69,10.565,10.3,12.072,9.292,11.953,10.36,12.504,12.449,10.498,10.877,12.316,12.235,11.999,12.219,10.841,11.045,10.248,10.326,11.709,10.372,11.109,10.682,10.395,12.688,11.281,10.135,11.09,12.599,12.325,10.757
Q92871,PMM1,13.408,14.198,14.041,15.051,14.944,14.117,12.861,13.676,13.482,14.142,14.056,14.171,15.335,14.099,14.847,13.825,15.758,,14.864,14.478,,15.276,14.487,13.163,13.69,13.994,14.131,14.456,14.695,15.372,15.866,15.367,12.921,14.902,15.119,15.21,14.139,14.395,15.036,14.479
Q92890,UFD1,,10.869,11.28,12.251,9.416,11.602,,,10.328,11.609,11.118,9.634,9.396,9.776,10.013,,10.004,9.839,12.06,11.846,12.116,9.34,12.523,10.703,10.569,11.297,10.88,9.375,9.808,10.575,9.497,10.897,12.226,9.607,10.842,10.689,10.016,11.655,9.015,10.942
Q969R2,OSBP2,10.592,10.94,9.332,9.182,8.611,9.737,,,11.078,9.395,8.179,12.144,10.295,10.015,,8.274,,8.747,9.906,10.487,10.361,10.159,11.316,9.76,8.722,9.378,11.281,9.891,11.23,10.694,,9.006,10.157,10.931,8.61,9.679,7.753,9.879,8.84,10.402
Q969R5,L3MBTL2,12.711,12.751,12.831,12.923,11.671,12.748,12.31,10.061,14.245,12.052,13.699,11.773,11.621,11.952,12.985,12.584,12.857,12.19,12.164,,13.383,,11.864,12.265,13.695,13.221,11.66,12.622,12.837,12.159,13.136,12.872,11.995,11.144,13.501,11.441,11.681,12.18,12.632,11.903
Q969S8,HDAC10,7.836,7.819,8.321,8.928,9.159,9.437,9.014,9.182,8.891,10.218,8.29,9.674,7.546,7.904,7.534,8.197,9.895,7.653,8.259,8.996,,8.204,7.372,8.545,9.447,9.175,9.135,7.702,8.627,9.048,7.364,8.33,9.115,8.564,6.95,7.732,8.38,9.002,10.929,8.918
Q969V6,MRTFA,7.066,,,6.74,7.968,7.06,7.432,6.973,7.738,7.846,9.064,7.152,,7.878,5.718,8.402,6.643,8.734,8.862,6.63,,7.029,,6.549,7.551,7.071,6.096,6.308,7.402,7.717,6.732,7.652,6.856,8.514,7.033,8.07,5.667,7.836,7.787,6.208
Q96A84,EMID1,11.62,10.969,11.387,,10.476,10.551,10.137,10.954,,10.925,10.546,9.297,11.197,,,10.815,10.806,11.27,11.379,11.218,10.767,10.549,11.067,10.211,9.898,9.96,10.711,10.73,12.241,10.74,10.334,10.429,11.034,10.319,10.712,9.593,10.35,,10.453,11.031
Q96AK3,APOBEC3D,9.375,10.705,,9.808,9.778,10.354,,9.295,10.305,10.364,10.335,10.322,9.084,9.167,9.87,11.27,12.406,10.291,9.789,8.842,,10.363,10.054,9.457,11.447,,10.725,10.768,9.988,10.685,8.826,8.419,,9.742,9.404,10.779,9.667,10.398,8.775,9.622
Q96AY4,TTC28,6.807,9.196,8.553,9.23,6.901,7.217,8.009,9.259,9.986,7.657,7.629,9.946,8.434,9.208,8.05,9.054,7.791,7.633,7.657,,,8.632,9.849,7.87,,8.471,7.472,7.025,9.34,8.192,8.902,6.778,8.337,6.775,8.506,8.166,8.242,8.064,,8.95
Q96D21,RASD2,9.845,10.503,10.785,10.564,11.036,10.487,8.845,11.007,8.938,,8.817,10.653,10.626,9.94,8.154,,,10.434,9.284,9.579,8.817,11.256,9.426,9.865,10.449,8.87,9.967,9.973,9.327,10.265,9.206,9.344,9.406,11.119,8.829,10.325,11.287,9.043,9.417,8.325
Q96DF8,ESS2,9.677,8.727,9.385,8.86,8.832,,9.849,10.38,9.115,8.313,8.625,10.619,8.782,9.446,11.469,10.748,7.748,10.52,,9.581,9.551,10.474,10.226,8.224,9.812,8.592,10.975,8.844,9.863,9.179,10.045,9.985,9.575,9.875,9.395,10.086,,11.469,10.588,10.212
Q96EK2,PHF21B,9.365,,9.423,10.962,9.273,9.031,8.554,9.342,,9.216,7.121,9.017,9.582,8.6,8.825,10.027,10.494,8.499,9.7,7.894,8.987,9.702,10.296,10.521,10.102,8.727,10.337,9.35,9.301,,10.643,9.437,9.793,9.404,9.262,10.507,7.347,8.79,8.921,9.263
Q96F46,IL17RA,10.344,10.207,10.069,10.86,9.041,9.547,,,,,10.305,9.527,10.629,,10.014,,10.296,9.044,8.767,,,10.338,9.164,11.563,9.827,10.128,10.081,9.857,10.122,10.765,,8.325,9.183,10.351,,10.891,9.682,10.337,9.447,9.752
Q96FE7,PIK3IP1,11.77,,12.379,13.993,13.031,12.554,13.465,11.173,13.347,12.935,13.398,12.294,12.855,12.893,13.613,12.513,12.14,14.606,12.642,13.194,14.976,13.06,10.721,12.218,12.041,13.859,13.272,13.829,13.303,13.609,11.587,13.687,14.014,11.631,12.313,13.329,12.852,13.978,12.939,13.052
Q96G42,KLHDC7B,9.541,11.908,10.023,10.236,6.98,10.161,7.958,10.184,10.423,9.768,,8.446,,8.962,9.521,10.367,10.365,,9.137,9.78,8.358,9.582,9.41,8.509,8.854,8.534,8.549,8.536,7.888,9.477,9.992,9.011,9.791,8.565,7.651,10.615,6.848,8.813,8.525,
Q96GD0,PDXP,16.312,14.544,15.556,14.921,15.917,15.25,15.56,14.899,15.357,15.757,15.307,15.981,16.482,15.789,13.495,14.786,,15.867,15.679,15.538,15.39,16.517,16.041,,14.189,15.566,16.143,14.136,14.794,17.14,15.227,17.629,15.281,14.828,14.937,13.905,14.236,15.039,15.512,15.058
Q96GF1,RNF185,15.883,15.703,14.66,14.245,15.881,,14.666,16.26,16.604,15.305,15.662,13.481,14.61,13.749,13.038,15.556,15.648,13.531,14.321,14.97,14.681,13.91,15.999,14.093,13.871,14.172,15.938,14.8,14.645,15.695,15.775,13.098,15.814,15.851,14.894,14.868,16.815,14.27,14.747,15.235
Q96GP6,SCARF2,10.645,11.955,10.316,9.933,9.951,10.543,10.03,11.506,11.139,9.085,9.616,11.206,11.548,8.849,10.483,10.311,10.057,10.462,10.71,10.435,8.892,10.976,10.562,10.094,10.797,10.225,11.047,10.617,10.704,10.374,12.031,12.056,10.691,9.969,9.986,,10.333,12.669,13.258,10.392
Q96HU1,SGSM3,8.936,10.745,8.936,8.855,9.793,10.073,7.922,9.036,9.665,8.074,9.485,10.135,9.457,10.98,9.028,,9.448,9.216,10.77,9.567,,10.095,8.541,8.986,9.036,9.234,10.383,8.876,9.314,7.418,9.328,8.443,10.109,,8.541,9.876,8.954,7.266,,10.213
Q96JB3,HIC2,10.123,10.738,10.691,10.921,11.141,9.814,13.014,11.571,11.472,12.059,13.34,12.392,11.563,10.609,11.856,12.627,11.365,11.539,10.881,9.385,11.622,12.136,11.202,12.071,12.173,11.009,11.014,11.528,9.741,11.279,10.493,11.047,11.571,11.637,,11.784,12.985,9.612,11.408,10.833
Q96M85,Q96M85,14.05,14.445,12.722,15.787,13.819,15.066,14.596,13.273,15.587,14.963,13.294,14.408,15.114,12.568,12.391,13.695,13.618,12.811,13.698,14.325,13.429,15.266,14.407,14.754,12.553,14.202,14.427,14.731,14.221,14.101,13.705,14.449,16.662,14.887,14.258,,13.227,14.346,15.818,14.098
Q96MU8,KREMEN1,12.911,12.533,11.708,11.725,11.94,11.554,11.876,12.994,13.352,12.383,13.0,12.715,12.384,12.484,13.763,12.933,12.148,13.244,12.644,13.043,12.847,12.081,12.018,12.63,11.857,12.062,13.051,13.659,13.007,12.286,12.189,13.43,12.628,12.583,12.721,10.981,13.276,12.069,12.652,
Q96NN9,AIFM3,14.588,13.689,14.127,13.232,13.968,13.544,13.944,14.744,14.088,13.924,14.17,11.792,13.032,14.554,13.591,12.874,14.704,15.162,14.004,14.943,14.207,13.065,13.278,15.579,13.059,13.219,15.793,13.889,15.095,13.289,13.864,14.756,13.525,14.291,14.716,13.223,15.725,14.284,14.24,13.23
Q96NT3,GUCD1,9.683,10.704,11.553,11.656,12.55,11.119,12.012,10.982,11.717,10.863,11.771,,12.369,,11.641,11.704,12.714,9.832,11.481,9.89,9.524,10.691,12.632,11.445,10.95,11.931,11.507,12.286,11.862,12.04,10.987,11.844,9.936,11.168,12.415,11.053,11.154,12.92,12.27,11.863
Q96PF2,TSSK2,12.51,12.598,,11.464,12.64,11.788,12.917,13.13,12.98,12.485,13.099,10.705,10.54,13.002,13.289,10.684,12.122,12.549,11.744,12.287,12.541,12.696,12.505,11.157,12.208,12.159,12.066,12.01,12.131,11.801,12.219,12.801,,11.58,12.802,13.308,11.934,12.602,11.689,11.935
Q96Q80,DERL3,10.661,8.567,8.875,10.374,8.86,9.341,8.551,10.235,9.966,8.728,10.444,9.477,8.629,,9.364,8.077,7.68,7.352,7.512,8.954,9.662,9.135,,7.23,8.155,8.468,,8.487,8.387,9.904,8.937,7.98,,9.564,7.933,8.716,7.641,7.921,8.233,7.438
Q96RD6,PANX2,13.499,12.828,13.895,13.337,12.948,12.151,13.929,13.679,11.269,12.835,12.148,12.099,12.47,13.079,12.768,13.478,12.301,13.298,,14.119,14.671,12.233,,,13.211,15.043,15.023,11.542,14.477,12.678,13.385,14.306,14.622,14.354,13.042,12.412,14.131,12.72,15.25,12.865
Q96RJ3,TNFRSF13C,7.77,7.722,9.283,9.212,7.158,7.543,7.338,7.083,8.731,,7.907,8.964,7.285,7.66,8.132,7.524,6.605,7.1,8.973,7.704,8.447,7.24,,8.061,8.697,,,7.532,,7.808,8.006,8.154,7.414,7.63,8.206,8.79,8.207,,,8.566
Q96RN5,MED15,13.878,12.371,14.351,12.775,11.288,13.067,12.762,12.825,10.904,,,13.093,12.714,13.097,13.098,13.318,12.896,12.645,12.115,11.388,13.288,12.495,11.601,12.893,13.286,12.565,13.598,12.326,12.004,13.637,12.044,14.812,12.694,11.176,14.371,12.895,13.285,13.26,11.709,11.322
Q96RT7,TUBGCP6,15.305,13.485,13.035,16.638,14.738,15.281,13.35,15.037,15.29,14.561,15.53,15.173,15.219,12.512,13.848,16.287,14.763,13.979,13.407,14.266,14.825,15.989,,15.389,15.036,14.682,13.707,13.03,15.883,14.998,15.196,14.625,15.038,15.272,15.515,14.301,15.076,14.136,14.992,13.972
Q96SF2,CCT8L2,6.685,,7.87,6.642,7.327,,8.313,8.363,8.191,,8.552,8.259,7.454,7.597,6.83,9.351,7.195,,,6.933,7.148,7.953,7.111,7.079,8.491,,6.475,6.155,,7.815,7.589,7.662,7.416,6.752,6.437,5.82,7.169,,7.02,7.175
Q99501,GAS2L1,12.212,12.453,10.012,12.166,12.921,10.987,10.985,13.133,13.436,11.488,12.13,12.32,13.598,11.999,11.91,13.143,11.333,11.348,12.204,,11.201,11.388,12.402,12.732,11.943,11.778,12.707,10.627,11.984,13.417,10.955,11.543,12.085,11.413,13.843,11.224,11.153,13.337,11.206,12.951
Q99705,MCHR1,,7.947,6.499,6.8,,7.355,7.094,5.753,7.452,,7.101,7.594,7.971,,6.866,6.155,,7.804,7.294,5.251,7.786,6.733,7.897,6.399,6.863,7.332,7.498,6.866,7.996,7.744,7.428,6.219,,7.613,5.447,6.878,6.466,6.417,7.382,7.239
Q99719,SEPTIN5,13.42,14.499,,12.999,14.534,14.878,13.582,11.45,13.142,12.92,13.806,13.142,12.5,14.278,14.112,12.695,13.994,12.982,12.986,12.737,12.564,13.937,11.797,,13.768,12.989,13.893,12.587,12.262,12.523,11.399,12.047,12.401,14.157,12.09,13.223,14.034,14.295,13.587,
Q99757,TXN2,6.594,6.887,7.337,6.749,,7.303,6.158,5.677,6.682,5.709,6.352,5.298,7.544,7.804,6.267,6.614,,6.724,7.379,6.511,6.59,6.314,8.015,6.959,,7.001,7.809,6.555,6.197,7.125,6.442,5.302,7.46,,5.776,6.907,7.064,8.238,7.185,6.78
Q99798,ACO2,14.713,13.737,14.789,15.498,13.456,14.478,16.631,15.935,15.845,14.654,16.363,15.412,15.309,15.585,15.477,16.688,15.8,15.185,15.21,15.695,15.226,15.376,15.238,14.477,14.751,15.68,14.908,16.84,16.079,15.183,14.712,16.449,17.029,15.795,13.748,16.068,15.541,17.435,15.007,15.587
Q99999,GAL3ST1,6.933,,6.457,6.867,7.798,7.256,6.796,6.943,5.985,7.331,,7.919,5.907,6.895,9.842,7.733,7.554,6.54,7.607,8.658,6.791,6.721,7.674,7.679,7.612,9.118,6.467,7.214,,7.852,7.24,7.028,6.773,8.393,6.419,7.816,7.923,6.731,7.189,5.53
Q9BPW4,APOL4,14.354,14.703,17.525,15.161,16.511,15.743,14.904,14.581,16.416,15.179,15.592,14.304,15.468,15.106,17.118,13.865,17.728,14.698,15.623,16.524,15.894,16.25,15.946,16.738,15.844,15.227,14.653,14.663,15.889,16.758,16.595,12.962,13.697,15.813,15.962,16.287,16.634,16.466,15.605,14.547
Q9BPW8,NIPSNAP1,15.022,14.361,13.769,15.075,14.244,13.123,14.879,12.439,11.178,14.704,14.606,14.46,15.559,13.996,13.302,14.973,13.364,13.588,14.425,14.386,13.359,13.818,13.675,13.476,15.387,13.296,14.776,12.661,15.637,13.353,13.371,14.331,13.093,14.271,12.8,15.211,14.939,13.995,12.959,12.95
Q9BQE5,APOL2,11.604,11.186,12.691,12.276,13.093,11.598,10.738,10.95,11.629,,11.834,11.956,11.946,12.151,12.843,13.44,13.12,12.286,11.379,11.428,12.037,11.166,11.676,12.031,12.125,,11.754,11.296,,11.383,11.194,12.213,12.644,10.579,12.215,12.58,13.649,11.904,11.956,11.108
Q9BR01,SULT4A1,13.638,14.253,14.874,,13.988,13.735,14.7,,13.236,14.2,14.554,13.359,13.452,12.94,,14.407,14.908,13.261,12.845,13.83,12.565,14.757,12.592,14.036,,14.016,14.056,14.372,14.124,14.056,15.704,13.321,12.785,12.576,12.141,12.599,13.107,,14.234,13.571
Q9BT49,THAP7,13.003,13.844,13.559,14.582,12.603,12.968,13.13,13.985,12.647,13.52,14.865,14.792,11.775,13.356,14.478,14.244,14.252,13.989,13.893,14.289,14.076,14.653,,14.162,13.065,14.304,12.702,13.729,14.759,,12.949,12.673,13.54,13.609,14.121,13.355,12.359,13.15,13.08,14.259
Q9BU23,LMF2,15.661,16.242,14.305,16.233,15.519,15.35,14.903,15.062,14.765,16.014,15.547,14.006,16.108,16.331,14.444,15.374,16.18,13.653,15.573,14.833,16.092,15.245,16.359,15.157,14.759,15.133,16.101,14.731,16.594,15.982,14.064,15.032,15.468,13.984,15.084,15.582,16.677,16.523,18.109,15.268
Q9BV10,ALG12,7.435,,9.657,7.576,9.128,8.276,8.252,8.629,7.468,,7.841,9.154,8.855,9.282,9.426,6.82,9.041,8.389,9.537,7.19,,7.386,8.1,8.613,7.96,7.592,8.092,9.408,9.649,9.59,9.059,9.461,9.215,,8.892,8.456,,8.478,8.502,7.999
Q9BVL4,SELENOO,11.48,11.133,11.171,,12.229,11.81,,12.067,12.799,12.531,9.965,10.443,11.026,11.144,12.785,11.282,11.706,11.955,12.736,9.806,11.524,10.99,10.775,12.732,10.724,11.459,12.001,11.013,11.095,11.256,11.079,12.122,,13.618,11.623,12.671,11.404,13.386,,11.745
Q9BW83,IFT27,6.196,6.922,7.081,6.212,,8.193,7.54,7.25,,6.837,7.247,7.08,7.05,6.401,6.69,6.599,,5.727,6.94,7.774,5.62,7.101,,7.815,8.329,,8.37,7.785,7.412,5.858,7.298,7.944,6.308,4.904,6.384,,,6.785,5.826,5.923
Q9BWT7,CARD10,13.17,,11.643,10.236,10.588,11.723,12.878,11.74,12.196,12.143,11.412,10.122,11.872,12.247,12.935,12.471,12.396,12.688,12.519,11.97,11.154,10.547,,11.277,12.509,13.456,12.37,12.654,,11.825,13.11,13.316,12.499,13.638,13.054,11.76,11.89,11.825,12.148,12.317
Q9BWW8,APOL6,6.708,8.041,7.286,8.417,,7.833,8.485,8.159,,6.979,7.23,6.88,6.26,7.0,9.661,6.242,7.106,,7.195,,7.448,7.609,,7.168,7.298,7.4,9.009,7.353,8.086,5.2,8.243,5.762,,7.515,8.018,7.482,,8.184,7.781,8.196
Q9BWW9,APOL5,10.654,13.595,9.731,10.959,12.212,10.874,11.334,11.627,12.398,11.873,13.026,10.228,11.294,12.163,12.712,10.532,,12.057,12.276,11.395,10.69,11.209,11.961,11.701,12.651,11.559,11.8,12.053,11.282,12.435,10.975,10.716,11.23,11.823,11.996,10.662,10.666,11.383,,12.569
Q9BXF3,CECR2,12.123,11.781,12.675,11.743,11.556,10.507,11.592,11.444,12.152,11.11,11.082,10.92,11.987,13.323,8.704,11.641,12.59,11.328,11.694,12.339,11.071,,12.256,11.81,11.904,12.765,12.74,11.512,12.032,12.122,11.172,13.072,11.502,11.178,12.77,10.702,12.343,11.961,13.249,12.299
Q9BXI6,TBC1D10A,11.313,10.631,11.401,9.733,11.128,9.202,11.045,10.03,11.641,10.835,9.455,10.913,11.391,11.612,9.551,,9.692,10.4,,14.979,11.241,11.255,10.149,10.942,11.309,9.733,10.042,10.897,10.727,10.25,10.312,9.811,9.007,9.121,10.391,11.66,12.669,10.129,,10.012
Q9BXI9,C1QTNF6,10.839,9.227,11.601,11.34,12.436,10.927,12.383,10.805,11.044,11.224,12.162,11.699,11.789,11.708,11.175,11.629,9.415,11.185,12.562,10.712,11.705,12.017,10.368,10.016,12.026,11.03,11.467,9.895,10.356,12.613,10.758,10.57,11.006,,10.952,10.479,12.172,11.418,9.418,11.778
Q9BXK5,BCL2L13,13.977,,13.838,13.257,14.724,,14.679,14.779,14.01,13.228,13.867,13.738,15.346,13.349,15.019,,12.923,13.217,13.264,14.423,13.306,14.465,15.395,13.008,14.009,14.561,14.171,12.805,13.454,13.308,15.106,14.088,13.53,12.641,13.341,13.003,13.559,12.102,13.083,11.658
Q9BXQ6,TMEM121B,12.617,14.031,14.475,15.433,14.856,15.277,14.882,14.592,14.103,13.541,12.874,14.249,14.355,14.074,12.681,15.384,13.73,14.696,14.516,15.214,15.208,13.396,13.659,13.886,13.181,15.581,13.688,13.863,12.767,14.88,13.452,15.196,13.136,14.883,,13.42,14.977,14.129,14.636,13.162
Q9BXT6,MOV10L1,10.307,10.601,12.402,10.772,11.149,10.758,11.029,8.641,,10.547,9.302,10.392,10.783,11.073,10.563,9.768,11.404,,10.452,11.001,,10.672,11.144,10.583,11.625,11.2,11.241,11.248,12.43,11.48,11.091,10.228,11.395,8.406,11.406,10.191,10.628,9.457,10.42,10.71
Q9BXW7,HDHD5,12.21,11.218,,12.495,,11.037,12.529,13.265,12.413,11.168,,11.626,12.048,11.386,12.73,12.561,11.999,11.989,10.597,12.104,11.328,12.016,11.563,11.989,12.548,12.555,11.208,12.609,11.586,11.093,12.302,12.764,11.214,10.576,11.516,11.589,13.986,12.705,11.405,11.593
Q9BY27,DGCR6L,16.145,15.71,14.4,15.896,15.331,15.388,15.759,15.724,16.234,15.861,14.79,15.79,16.591,15.754,15.291,15.281,17.022,15.09,15.867,15.891,14.905,15.331,17.262,15.766,16.446,15.581,15.151,16.14,13.552,15.119,16.52,15.888,13.682,14.383,14.636,15.595,15.634,15.602,15.456,15.978
Q9BY77,POLDIP3,8.033,6.851,,8.646,7.188,7.412,7.629,,8.009,7.972,7.689,6.48,5.959,6.116,,7.354,6.564,5.664,6.355,7.664,7.683,6.145,,8.233,7.467,8.151,6.959,6.705,8.129,7.16,6.237,,8.218,7.455,5.81,,7.661,7.584,6.865,7.453
Q9BY89,KIAA1671,9.648,5.768,7.67,6.724,8.355,6.765,7.978,6.588,7.258,6.961,6.818,7.288,7.848,7.132,8.017,7.942,6.607,8.807,8.004,6.68,,7.868,7.588,7.676,4.618,6.396,8.284,6.371,8.006,8.245,,5.856,6.617,,,5.269,7.157,6.497,,
Q9BYB0,SHANK3,6.703,7.204,7.018,6.856,5.96,7.366,7.988,5.617,7.599,5.711,7.754,7.492,7.69,5.774,7.225,7.299,4.643,6.667,,,7.27,,7.801,6.618,6.832,7.072,5.366,6.626,6.477,5.185,7.755,7.148,6.888,7.179,6.281,6.855,7.459,6.754,5.767,7.195
Q9BYB4,GNB1L,11.431,13.373,12.256,11.956,11.75,13.671,11.992,12.58,13.5,11.196,13.817,13.89,13.562,11.167,9.664,13.001,11.534,10.962,12.408,12.055,11.569,12.202,13.077,13.059,12.807,12.913,11.328,12.107,13.056,11.917,12.381,12.213,12.511,13.49,13.8,13.401,11.048,12.353,13.136,13.285
Q9BYH1,SEZ6L,10.212,11.464,9.647,9.962,9.523,11.314,9.029,9.689,10.285,9.083,12.294,10.158,9.918,11.655,9.952,10.469,9.846,,11.257,10.059,7.638,10.189,10.083,,,9.479,10.127,11.893,10.433,10.796,9.376,9.856,9.311,10.987,8.813,10.59,10.921,10.362,8.068,8.859
Q9BYW1,SLC2A11,12.293,13.78,13.425,14.351,12.923,14.362,13.518,13.199,14.519,13.338,13.474,14.315,15.543,13.802,12.085,12.367,13.939,14.544,13.416,13.776,13.737,14.564,14.245,12.786,14.338,12.62,14.202,13.628,14.351,13.695,13.842,14.776,14.148,13.782,14.569,15.229,13.76,13.692,13.259,13.898
Q9BZE7,C22orf23,12.351,13.696,12.907,12.442,12.991,12.881,11.734,12.223,14.546,12.315,11.128,13.116,12.526,12.914,12.256,13.202,13.89,12.715,12.765,13.616,11.875,13.753,13.883,11.464,13.909,11.803,12.373,13.095,13.924,12.658,12.354,12.447,12.632,13.994,12.304,12.186,11.401,12.061,12.408,11.802
Q9BZR6,RTN4R,9.439,8.082,8.546,,9.055,8.673,10.572,10.636,10.391,8.462,,8.251,10.716,10.277,8.313,9.658,7.551,9.135,9.587,10.029,10.396,9.64,9.562,6.644,10.869,9.485,,10.748,8.203,9.494,9.235,9.982,9.238,,9.543,9.978,9.333,10.424,9.59,8.133
Q9H0A3,TMEM191A,15.419,15.459,15.181,13.959,14.619,14.601,13.4,15.958,13.642,14.197,15.61,14.938,14.732,14.739,16.045,15.005,15.551,13.924,15.692,15.854,16.159,14.053,14.843,16.999,15.722,15.169,15.119,15.353,14.577,15.314,15.525,13.831,14.419,14.625,15.151,15.224,15.147,14.09,16.565,15.32
Q9H1I8,ASCC2,14.864,13.442,13.561,14.249,12.868,14.497,13.761,12.977,12.67,14.953,13.817,12.897,14.319,12.872,14.9,13.562,12.408,13.596,12.722,13.614,12.844,12.988,13.76,13.562,15.028,,13.54,13.727,12.559,14.014,13.843,14.133,13.439,12.996,,14.609,14.067,12.574,14.172,13.509
Q9H1K4,SLC25A18,8.422,9.158,,9.894,8.312,8.054,9.4,9.58,,8.748,9.469,8.285,8.356,8.013,,9.475,8.827,8.445,9.182,8.253,7.24,8.431,8.483,9.227,,,7.222,7.772,8.832,,10.045,7.604,7.711,8.197,8.221,8.44,,9.608,8.815,8.135
Q9H2D6,TRIOBP,8.989,8.187,8.146,12.663,8.128,8.838,9.936,,8.312,7.603,9.845,9.007,10.225,9.987,9.87,9.738,9.164,8.865,9.001,8.51,10.551,,8.03,9.883,9.317,9.275,9.309,10.48,9.377,10.441,10.613,8.195,9.904,9.466,8.374,8.307,9.857,11.944,8.78,9.958
Q9H4I3,TRABD,8.642,7.431,8.866,8.041,9.54,,,10.619,9.731,9.54,9.147,8.719,,9.016,9.606,10.055,,7.965,8.475,10.809,8.761,8.152,9.689,6.776,,10.191,8.781,9.25,,9.353,9.049,9.753,9.336,8.05,8.807,9.144,9.916,9.636,9.219,7.28
Q9H4I8,SERHL2,8.112,6.434,8.545,7.375,7.3,6.611,,7.192,6.255,7.37,6.578,9.135,9.35,7.705,7.064,9.174,8.99,6.932,8.48,7.493,,,7.889,7.645,7.43,8.956,7.02,8.588,6.531,7.91,7.933,7.887,7.112,7.953,8.753,6.691,7.859,8.528,,8.741
Q9H4I9,SMDT1,8.191,7.594,6.488,6.306,7.982,6.455,7.833,7.283,6.871,6.106,6.327,6.291,8.535,7.874,6.665,6.524,8.495,8.495,7.204,,7.97,7.965,6.925,6.398,6.524,,6.739,,7.811,7.564,7.378,7.242,7.807,6.645,6.591,5.942,6.092,,8.338,7.107
Q9H4K1,RIBC2,15.063,14.571,15.013,15.244,14.054,14.694,16.429,15.63,16.292,16.277,14.92,14.804,16.689,16.093,16.693,15.268,16.199,15.181,15.662,14.823,15.351,15.199,14.846,16.288,14.23,15.88,14.895,15.107,14.878,15.285,13.459,15.489,15.401,14.981,15.848,14.347,16.055,14.256,16.921,15.723
Q9H6A9,PCNX3,9.137,10.906,12.014,12.27,9.906,9.215,10.476,10.216,10.737,,10.831,8.396,10.485,9.847,10.175,10.728,11.007,11.088,,11.951,9.399,10.953,10.672,10.938,9.988,9.796,10.963,11.021,10.639,9.293,10.737,,9.601,10.64,10.602,11.548,9.678,10.679,11.402,9.717
Q9H6E4,CCDC134,9.586,9.243,9.626,9.818,9.519,9.745,9.836,9.863,10.357,7.463,,8.76,10.1,8.651,10.06,10.39,8.86,10.084,8.794,10.654,10.064,9.192,8.435,9.712,8.724,8.759,10.363,9.862,,9.135,9.842,10.502,9.244,10.304,9.786,9.585,9.109,10.456,10.062,9.038
Q9HBE1,PATZ1,11.391,13.119,13.223,14.025,12.172,12.857,,14.112,13.214,14.049,13.211,14.245,12.394,13.784,13.799,12.081,14.293,,12.748,12.866,13.032,11.961,13.098,13.108,13.979,12.287,14.629,13.564,13.171,13.984,14.692,12.869,12.347,13.689,12.018,12.481,14.234,13.789,12.636,15.92
Q9HBI0,PARVG,10.163,9.378,11.991,12.083,10.595,9.834,11.052,11.033,12.723,11.952,11.916,11.656,12.547,10.226,11.736,10.799,12.409,12.49,12.784,11.568,,11.503,11.076,,11.438,10.844,13.395,11.913,12.544,11.838,10.86,12.736,12.994,9.803,11.076,10.933,11.288,12.314,,10.863
Q9HBI1,PARVB,15.407,15.699,14.375,14.01,16.193,,14.715,14.742,14.757,15.222,14.832,14.258,15.761,15.937,13.949,15.668,16.087,15.89,15.212,14.86,16.133,16.286,14.102,15.299,14.995,14.233,15.069,16.028,14.419,15.741,14.606,14.479,15.789,16.122,14.122,16.307,15.328,13.267,14.28,16.875
Q9HC16,APOBEC3G,12.291,14.295,11.912,14.647,13.696,13.084,13.925,12.845,14.287,,10.194,12.926,13.929,14.788,14.107,14.89,12.664,14.51,15.014,12.513,14.709,14.221,13.414,13.28,12.99,13.811,14.163,14.439,13.385,14.017,13.501,15.108,14.681,14.194,14.059,12.279,12.293,13.433,14.519,13.264
Q9HCN8,SDF2L1,11.262,10.5,12.418,10.599,,12.824,11.977,,11.156,10.565,10.922,10.287,9.717,11.117,9.383,11.104,10.149,9.853,11.608,9.804,9.941,10.135,10.914,10.847,11.755,9.282,13.668,9.688,12.961,12.36,10.995,10.88,11.047,10.888,10.081,,11.247,9.981,11.588,11.216
Q9NNW7,TXNRD2,10.018,9.417,11.31,8.802,10.518,,10.23,10.406,8.061,9.041,10.058,,9.268,9.36,8.733,10.02,,9.894,9.077,9.278,10.981,,8.484,9.282,10.549,8.673,11.42,9.879,9.43,,11.116,7.992,10.391,11.011,9.783,10.089,9.997,9.856,9.229,9.762
Q9NP61,ARFGAP3,15.407,15.778,15.101,16.783,16.069,15.422,15.473,17.599,16.247,15.42,13.603,16.829,15.183,15.172,15.557,16.875,15.888,14.782,15.34,15.358,16.399,15.847,14.278,15.489,15.805,14.83,14.304,15.985,15.698,14.928,16.66,14.757,15.749,16.457,16.224,14.743,15.429,16.058,15.214,15.845
Q9NPC4,A4GALT,13.008,13.84,13.341,12.635,13.243,12.818,14.191,11.841,12.851,12.41,15.31,12.971,12.431,13.307,12.227,13.27,13.957,14.808,13.698,13.317,,13.593,13.932,12.314,14.168,12.472,13.952,12.682,12.449,12.911,12.537,13.329,14.405,11.902,12.693,12.374,13.473,,13.349,13.217
Q9NQ50,MRPL40,15.664,14.588,16.567,16.219,15.68,15.781,15.129,15.089,16.042,15.26,16.592,15.007,15.664,15.713,15.051,15.587,16.105,17.121,16.316,13.532,14.864,15.7,14.596,14.3,15.657,15.56,15.862,14.961,15.277,14.694,16.372,16.024,16.155,15.343,14.43,15.389,16.184,14.081,15.138,16.413
Q9NQF3,SERHL,,6.406,6.542,7.545,7.322,7.61,7.531,6.859,8.417,5.732,7.009,7.321,,6.687,6.207,6.949,7.191,7.034,6.459,6.472,,7.8,7.079,,7.13,8.102,7.266,,,6.703,7.341,8.782,7.352,6.817,6.304,6.722,8.58,5.767,7.476,6.249
Q9NQG6,MIEF1,13.949,12.803,14.88,14.417,15.181,14.354,15.149,15.226,14.476,13.696,14.776,15.322,14.623,14.18,13.882,15.006,13.529,14.067,13.857,14.131,16.031,13.641,14.583,15.761,13.674,14.853,13.702,14.544,16.639,15.033,14.572,13.873,14.707,13.776,13.411,12.529,13.778,14.8,,13.638
Q9NQG7,HPS4,11.244,12.56,11.851,12.411,12.9,12.725,12.054,13.287,13.105,13.817,12.451,12.068,12.831,12.132,12.464,10.862,11.542,11.941,11.83,12.44,12.923,11.95,10.805,11.877,12.585,12.255,11.433,10.823,12.925,12.976,11.231,11.333,12.354,11.334,12.78,12.89,14.482,12.394,,12.554
Q9NQH7,XPNPEP3,8.201,8.171,5.561,7.018,6.203,6.834,6.579,5.62,,6.952,7.402,6.291,6.737,7.318,7.313,8.594,7.881,,5.98,7.765,6.994,7.149,5.738,6.315,8.415,7.1,7.093,6.877,8.498,7.171,6.977,7.564,8.568,6.741,6.594,5.659,8.062,8.439,7.958,6.672
Q9NRA8,EIF4ENIF1,12.946,10.368,12.581,10.429,13.343,10.499,13.548,12.314,11.253,12.781,11.188,12.324,12.773,12.299,11.579,13.297,12.24,11.445,12.921,11.474,11.21,12.426,11.005,11.269,12.577,13.706,12.715,10.36,11.014,13.723,12.134,,11.374,12.22,,12.697,11.245,11.047,10.882,11.429
Q9NRD5,PICK1,14.083,13.15,12.213,12.953,12.494,13.555,12.215,12.564,12.356,13.354,12.709,12.151,12.67,12.986,10.951,13.67,13.488,12.918,13.025,11.603,11.839,12.176,11.756,13.044,12.275,11.434,12.307,13.084,13.64,12.135,14.403,12.225,11.444,13.898,11.928,14.167,12.85,12.395,11.791,14.156
Q9NRW3,APOBEC3C,5.771,5.238,5.717,6.335,5.49,8.203,,6.793,5.172,6.815,6.413,5.777,7.543,5.929,4.981,,,6.339,5.869,4.555,7.597,7.093,6.408,,7.337,6.52,5.74,6.851,5.652,5.109,6.292,4.37,5.17,,5.881,5.086,5.145,4.847,5.968,
Q9NS69,TOMM22,10.188,10.994,10.307,11.274,10.748,9.818,9.153,11.861,10.857,11.419,10.035,11.303,10.167,,11.254,11.149,10.256,11.862,11.526,10.379,11.121,10.969,,11.616,11.015,9.882,8.565,10.86,9.582,9.604,11.095,11.134,9.942,11.676,10.92,9.392,10.264,11.664,9.723,10.532
Q9NSP4,CENPM,13.568,12.22,13.979,14.701,14.738,14.484,13.209,14.53,15.287,14.931,15.099,14.873,15.127,14.083,15.211,12.672,15.727,12.631,14.264,14.747,13.724,13.015,14.986,14.529,14.58,14.018,14.897,14.163,14.377,13.454,16.212,13.672,14.991,12.839,13.711,14.177,14.159,13.964,14.219,13.522
Q9NSQ0,RRP7BP,8.789,8.956,7.55,9.014,8.881,,8.695,8.794,8.216,9.147,,9.395,,,7.211,8.48,9.388,8.467,8.732,7.719,8.146,8.625,9.981,7.09,7.798,7.576,,10.022,9.65,9.541,8.682,9.269,8.411,9.122,9.167,8.487,9.34,8.656,9.794,11.013
Q9NST1,PNPLA3,,11.073,,10.692,9.897,12.134,11.542,,8.994,10.93,10.331,12.463,10.868,10.932,10.183,11.127,,10.882,,10.01,,11.222,10.703,,11.661,11.249,10.937,,10.758,10.657,10.908,10.954,10.116,8.843,10.004,11.119,10.802,11.6,11.566,10.935
Q9NTG1,PKDREJ,9.965,9.38,9.831,11.04,9.466,10.45,10.251,10.235,11.481,10.13,10.794,12.268,10.477,8.501,10.311,9.688,10.735,,10.817,9.786,10.844,10.083,11.493,9.242,10.27,9.937,10.071,12.653,9.903,10.096,9.228,10.131,10.637,10.403,11.319,11.838,9.556,11.083,10.549,9.317
Q9NV39,PRR34,8.982,,9.767,10.462,8.832,9.548,7.892,9.936,6.251,10.129,8.489,8.845,10.028,9.227,,10.011,7.606,7.544,9.5,9.237,8.84,9.728,9.857,8.086,9.358,7.983,7.741,8.304,8.823,8.696,9.491,,9.376,9.356,8.48,10.09,8.559,9.303,,9.862
Q9NWS6,SIRAL2,15.196,17.453,15.749,14.77,14.663,14.25,15.112,14.611,15.596,13.236,13.98,16.746,15.012,16.59,14.594,13.539,14.79,17.497,14.114,16.618,15.291,14.907,14.787,14.846,15.764,16.41,15.075,15.597,14.459,16.848,15.67,16.602,14.39,15.359,16.404,14.804,15.456,14.181,14.597,14.369
Q9NY65,TUBA8,13.91,14.455,13.0,13.332,15.036,13.412,13.528,13.595,14.348,12.643,13.826,,15.59,13.164,14.775,14.021,14.455,12.685,14.737,15.387,14.696,14.673,13.871,14.611,12.926,11.84,13.716,13.853,14.541,14.399,12.909,15.92,14.46,13.093,13.07,12.486,14.144,13.508,13.845,12.747
Q9NY91,SLC5A4,6.791,6.815,6.861,6.204,7.072,8.157,5.297,8.117,6.911,,7.471,,6.201,6.625,8.226,6.104,7.298,5.969,,7.493,6.51,6.209,6.551,7.296,5.61,5.956,,7.302,8.241,6.885,7.66,6.892,4.683,8.403,,7.54,6.732,7.309,7.648,6.769
Q9NYQ6,CELSR1,15.405,16.038,16.71,15.446,15.714,16.962,16.276,16.256,15.753,16.475,15.769,15.595,15.662,14.708,16.206,15.508,15.052,14.683,14.36,13.892,14.577,15.793,17.396,16.073,16.253,16.834,13.624,16.666,16.249,16.821,14.924,15.841,15.235,14.972,17.705,15.667,16.588,16.64,15.13,15.044
Q9NYZ3,GTSE1,14.867,14.338,14.935,16.137,15.594,13.908,15.546,14.221,15.958,14.984,15.3,14.279,15.297,13.565,14.958,14.011,14.205,15.133,14.434,12.737,14.86,14.686,15.745,13.817,16.234,14.949,14.265,14.745,14.641,14.79,14.497,14.338,13.768,15.327,14.846,14.21,,14.471,14.607,13.826
Q9NZ20,PLA2G3,9.765,8.882,9.22,,9.403,9.704,10.609,9.399,9.117,8.771,,9.854,7.856,9.953,,8.804,9.335,8.74,9.221,7.661,9.678,9.047,8.771,9.222,8.279,9.03,8.41,8.374,7.379,9.658,8.412,10.267,8.407,9.291,9.498,9.51,8.686,8.646,,
Q9NZK5,ADA2,14.472,14.383,16.228,15.003,14.839,15.761,13.089,14.252,14.108,13.943,12.91,15.554,13.771,13.346,13.535,14.221,14.083,15.175,15.243,14.14,14.251,14.582,13.765,14.078,,16.3,14.862,13.557,15.392,13.149,14.0,15.548,14.0,15.36,12.091,15.158,13.749,12.689,12.764,14.029
Q9P0X4,CACNA1I,6.464,8.113,6.388,7.211,7.359,7.236,7.497,7.56,5.972,7.782,6.288,5.881,,6.224,,,7.144,6.503,,6.952,6.114,6.808,6.088,5.636,7.096,6.332,7.467,6.966,7.877,7.314,6.337,5.262,5.516,6.877,5.926,,7.179,,7.665,6.547
Q9UBB4,ATXN10,16.3,17.32,15.158,15.911,15.505,14.527,13.972,16.636,15.161,15.818,16.35,15.395,14.901,16.066,15.404,15.563,16.445,15.451,16.183,16.096,16.653,16.452,15.754,17.196,15.568,15.873,15.366,13.787,15.521,16.243,14.739,17.452,13.635,15.845,14.985,16.173,16.693,15.911,15.293,15.549
Q9UBB9,TFIP11,12.77,12.094,12.552,13.438,11.373,13.132,12.324,13.043,12.278,12.481,11.79,,13.025,12.137,12.0,13.504,11.948,13.714,11.011,12.637,12.195,,12.416,13.086,12.815,11.268,,11.074,13.102,13.101,12.882,12.071,12.092,13.074,13.15,12.476,12.932,10.831,12.77,12.643
Q9UBR1,UPB1,10.831,12.44,12.114,12.428,13.36,12.155,11.828,,13.255,12.308,,11.199,13.254,12.892,12.25,12.832,13.04,,12.417,12.477,12.369,12.706,12.241,11.568,13.499,11.167,12.894,12.773,13.464,12.572,13.145,12.621,11.996,12.691,12.411,13.075,12.979,12.565,13.047,13.104
Q9UC06,ZNF70,7.576,7.612,,7.469,5.911,5.363,7.061,6.785,7.798,6.161,7.186,7.543,7.758,7.421,6.809,6.529,6.975,6.941,5.316,6.342,7.013,6.522,6.882,6.66,6.706,8.154,7.401,4.855,5.932,4.711,6.901,6.097,6.297,7.673,6.576,6.252,,6.697,5.354,7.827
Q9UDW1,UQCR10,14.822,15.591,15.801,15.222,15.224,16.52,14.602,14.826,14.328,14.891,16.543,15.696,13.862,13.862,16.361,14.984,14.972,14.263,14.576,15.938,14.145,14.332,15.58,13.914,13.87,15.212,14.954,14.553,15.283,14.974,12.869,15.256,14.253,15.699,16.601,14.609,13.62,16.212,14.562,16.774
Q9UDW3,ZMAT5,5.887,5.31,8.726,5.868,5.276,6.863,5.993,5.15,6.874,5.379,5.725,,6.474,6.631,5.655,,,5.398,6.078,5.752,7.129,6.886,,7.923,6.374,7.578,,4.604,4.994,,4.768,4.844,6.247,4.921,6.039,6.673,,5.479,6.251,7.596
Q9UDX3,SEC14L4,7.85,8.452,7.592,7.751,9.788,7.083,7.754,8.749,8.223,7.73,10.205,7.898,,9.021,10.178,7.937,7.554,8.921,9.967,8.062,8.066,9.03,5.976,8.337,7.12,8.05,8.084,6.587,8.562,9.187,8.509,7.238,9.087,9.897,8.116,8.259,8.009,8.57,8.677,8.376
Q9UDX4,SEC14L3,8.264,8.314,5.927,7.153,7.161,8.108,6.811,,7.337,8.933,8.004,7.508,6.378,6.326,8.778,8.217,,7.147,7.499,6.05,6.944,8.267,8.27,7.165,,7.858,6.533,6.413,7.916,6.875,7.182,7.724,7.21,8.097,7.701,5.656,8.368,,7.657,7.319
Q9UDX5,MTFP1,12.533,13.129,13.561,14.021,14.34,13.251,14.349,,13.705,14.312,13.0,13.032,12.552,13.84,15.163,13.189,13.612,11.53,14.012,12.791,13.647,13.999,12.271,15.997,13.51,14.31,14.775,13.66,12.583,13.967,12.804,13.439,14.859,13.286,12.997,15.012,13.506,12.916,14.46,12.891
Q9UFD9,RIMBP3,8.624,8.626,7.784,,8.862,8.271,,,7.783,8.209,7.816,,7.595,7.663,7.483,8.579,9.459,7.258,8.28,8.639,7.727,8.895,8.55,8.425,7.403,9.136,7.848,7.817,8.389,7.901,8.011,7.263,7.824,8.014,6.462,,6.953,7.636,8.548,7.434
Q9UG56,PISD,14.231,13.965,15.715,16.396,14.376,16.096,14.655,14.84,15.783,13.6,16.897,15.874,16.053,15.426,15.389,,15.117,14.216,14.17,15.377,15.606,15.243,14.527,15.861,14.627,15.138,16.222,15.823,14.372,14.015,14.366,15.544,16.189,16.012,16.083,16.433,15.259,15.852,13.867,13.914
Q9UGB7,MIOX,11.728,12.813,12.824,12.869,11.517,10.726,11.602,13.273,13.119,12.83,11.942,13.583,11.866,12.123,11.861,11.876,12.109,12.706,11.577,12.611,11.957,,12.898,11.692,12.95,12.976,13.13,12.124,12.842,13.633,12.344,14.219,13.251,13.713,,10.61,13.156,,13.48,12.078
Q9UGR2,ZC3H7B,,4.785,7.414,5.31,5.995,7.404,7.084,6.609,,,6.027,7.13,7.005,6.403,5.162,7.247,5.588,7.522,6.111,8.602,6.087,7.114,7.172,6.073,5.849,8.661,6.081,5.825,6.125,6.546,5.472,7.393,,6.259,,5.366,,6.341,6.673,
Q9UGT4,SUSD2,6.051,5.208,4.588,7.34,6.45,6.601,6.017,6.468,6.186,6.385,6.662,6.764,7.658,5.291,6.067,4.649,5.991,5.953,6.785,6.031,5.935,5.458,5.509,5.507,6.312,5.447,4.019,6.961,4.665,5.413,5.672,5.607,3.636,5.577,5.263,4.999,7.149,6.176,5.474,4.902
Q9UGU0,TCF20,7.184,5.96,7.101,6.014,6.519,7.45,6.353,6.747,6.933,6.121,6.346,4.618,5.465,7.275,7.253,5.241,7.009,,7.151,8.479,6.684,6.392,,5.822,8.617,5.803,7.108,6.321,,,7.748,6.584,6.57,8.015,6.367,,,,,7.624
Q9UGU5,HMGXB4,11.882,11.745,12.793,12.283,14.609,11.883,12.229,11.821,12.358,11.918,12.638,12.411,12.381,11.201,10.923,10.42,12.038,11.151,13.722,,13.337,12.59,11.873,11.597,12.127,13.448,13.537,10.806,11.872,11.686,10.953,13.356,10.909,10.773,12.842,12.633,11.355,11.389,11.921,
Q9UGY1,NOL12,14.086,13.84,13.676,13.353,13.736,13.699,14.053,14.669,14.926,14.329,13.027,13.254,12.855,14.655,13.825,13.968,13.697,15.269,14.333,13.784,14.582,14.284,12.947,14.966,14.833,13.927,13.515,14.3,13.267,15.539,14.817,14.117,12.692,13.707,13.897,13.031,13.526,14.132,14.048,15.217
Q9UH03,SEPTIN3,9.076,9.904,8.977,6.783,8.629,9.061,7.801,7.38,8.911,8.084,9.414,8.655,6.774,8.299,8.052,8.832,8.977,,8.296,9.082,8.967,9.286,8.021,8.867,6.952,9.085,8.712,8.329,8.114,8.547,9.299,8.398,,8.906,6.799,7.757,8.799,,9.642,7.535
Q9UH17,APOBEC3B,13.654,14.993,14.701,13.985,15.607,15.959,12.884,15.618,14.648,12.914,14.556,14.261,15.475,15.125,14.893,13.198,13.336,16.136,14.121,,16.395,,15.226,14.126,14.863,12.819,14.287,14.677,13.632,13.012,13.407,15.975,14.191,13.109,13.897,14.678,15.097,14.369,16.322,15.671
Q9UH36,SRRD,,5.634,7.335,,7.586,6.584,7.408,7.439,9.89,7.727,5.293,8.651,5.185,6.115,6.718,6.347,6.357,6.183,,6.158,6.485,7.997,7.312,6.207,7.081,8.169,5.201,5.827,5.926,6.942,7.334,6.079,5.872,5.506,5.917,6.3,,6.155,,5.896
Q9UH99,SUN2,14.146,14.519,12.813,14.183,13.722,14.853,14.623,15.14,12.668,14.506,14.397,12.366,14.065,15.099,14.929,14.028,14.448,14.185,13.509,13.075,13.733,13.927,13.636,13.579,13.718,12.75,15.58,12.429,13.73,14.102,14.386,,13.107,14.036,13.862,14.319,12.787,,13.505,11.309
Q9UHP6,RSPH14,15.65,15.381,16.606,14.766,15.445,15.52,13.603,15.602,16.057,15.664,16.055,15.773,15.956,16.408,15.513,15.314,15.599,13.09,16.649,15.176,14.766,14.734,16.778,15.258,15.611,17.313,16.389,,13.621,15.647,15.037,15.987,15.161,15.33,14.823,13.416,15.289,15.176,15.632,15.862
Q9UIA0,CYTH4,13.615,14.13,13.621,14.351,13.84,12.425,11.646,12.748,13.966,13.487,13.187,14.384,14.647,13.428,13.993,15.228,12.464,14.864,11.52,12.96,13.367,12.428,13.314,13.527,14.234,14.732,13.807,15.608,14.156,12.956,13.922,13.527,12.883,14.122,12.408,13.486,11.184,14.036,13.026,14.52
Q9UJY5,GGA1,12.607,12.372,13.545,11.244,13.329,13.926,13.845,13.861,,14.015,13.695,12.334,13.12,13.127,14.924,13.375,12.072,13.262,13.061,13.428,12.957,14.225,12.934,13.983,11.62,13.148,13.201,12.243,,12.629,11.497,14.149,14.083,14.216,,12.733,12.45,13.441,13.161,12.333
Q9UKI3,VPREB3,14.7,15.081,13.984,13.673,14.674,12.435,15.328,14.265,13.613,14.77,15.699,14.028,15.022,14.607,14.701,13.404,14.843,14.497,12.816,15.028,13.458,14.293,15.502,14.172,13.648,14.603,15.33,13.52,12.612,15.315,15.009,14.289,13.09,15.111,,16.15,13.974,14.411,12.704,15.149
Q9UKX7,NUP50,7.388,6.34,,6.038,6.839,7.294,5.931,6.135,,6.332,6.311,,5.496,7.504,7.485,5.711,7.798,5.838,5.818,6.808,5.819,7.187,6.507,5.96,,5.473,7.246,6.386,6.413,6.303,6.262,,,6.468,6.657,5.824,5.836,6.135,,5.154
Q9ULC8,ZDHHC8,8.676,7.755,7.111,8.995,8.384,8.49,,7.796,7.288,9.204,7.313,9.715,8.461,7.877,10.45,9.039,7.289,7.443,6.858,7.693,6.913,7.478,8.076,8.752,9.595,8.322,8.708,6.777,8.625,7.467,8.065,7.863,7.363,7.334,7.114,,7.704,9.024,7.846,7.16
Q9ULT6,ZNRF3,6.985,9.472,8.029,6.212,8.466,8.289,7.183,7.95,7.946,6.784,8.078,6.724,8.432,7.079,,7.375,7.151,7.692,7.656,8.747,6.688,,8.11,7.296,6.575,7.518,,7.556,8.923,6.832,6.519,8.327,,,7.606,5.697,8.376,6.771,8.554,6.412
Q9ULX9,MAFF,,10.891,,11.263,10.985,10.868,11.59,11.201,10.087,9.841,11.792,11.542,11.718,,12.275,10.657,10.988,10.036,11.509,11.15,11.397,11.722,11.368,11.355,12.188,12.03,9.667,11.566,11.111,12.639,10.623,10.701,10.992,11.176,10.553,10.209,9.912,10.81,10.646,11.563
Q9UMW8,USP18,13.825,13.363,13.563,13.31,13.262,,12.201,14.937,13.77,13.439,13.471,14.38,14.01,13.054,13.266,13.336,13.411,14.176,15.687,13.336,13.541,12.614,,11.307,14.498,12.75,13.224,13.412,14.01,12.607,13.279,13.809,12.306,13.324,11.868,13.464,13.736,14.408,13.049,12.027
Q9UNF0,PACSIN2,12.534,11.897,12.663,11.955,12.859,11.729,12.268,13.047,12.129,10.978,11.655,13.249,12.655,12.758,12.459,13.674,,12.231,12.718,12.347,,12.605,12.055,11.165,14.089,12.491,,13.358,,12.991,12.174,14.248,12.605,11.783,14.12,12.809,11.82,11.158,12.388,13.543
Q9UNT1,RABL2B,14.769,14.235,15.56,15.248,15.254,13.31,14.408,15.413,15.885,15.16,14.295,15.324,14.367,14.873,14.621,14.13,13.555,14.595,14.232,13.531,14.939,15.189,,13.878,15.495,16.054,15.189,15.933,14.421,15.377,13.849,13.84,14.578,13.251,13.965,14.044,13.641,14.258,13.274,14.038
Q9UPQ9,TNRC6B,7.306,6.695,6.813,9.173,8.471,7.315,7.246,8.337,7.334,6.324,7.829,6.79,,6.68,7.947,7.41,6.288,8.46,,6.325,6.491,7.842,6.94,7.543,8.368,7.424,9.746,,,6.388,7.598,7.078,8.361,7.287,7.963,7.529,7.887,8.594,,8.214
Q9Y259,CHKB,13.555,13.213,13.56,14.501,12.934,13.106,12.95,12.408,14.917,13.124,13.376,13.373,13.542,13.186,13.183,14.251,11.702,13.391,12.656,12.26,12.857,12.231,12.604,,13.583,14.302,,12.648,13.431,,11.834,15.045,13.021,13.2,13.285,12.55,12.748,,13.076,13.37
Q9Y262,EIF3L,8.628,8.95,8.194,8.724,9.182,8.403,7.806,9.052,7.679,7.476,8.927,9.233,7.213,7.595,7.758,8.029,7.324,7.514,7.064,8.669,8.866,7.545,,7.689,7.486,7.29,8.135,6.979,9.73,7.526,8.594,7.136,8.089,8.498,7.688,7.683,7.535,7.668,7.782,7.769
Q9Y295,DRG1,8.694,8.342,8.262,8.124,9.768,8.68,8.611,7.836,8.703,9.16,8.711,7.92,8.686,7.158,,9.235,8.096,7.618,8.831,8.233,9.371,9.211,7.943,7.767,8.306,10.702,7.129,7.257,9.646,,8.829,6.914,8.935,,8.801,8.911,9.459,8.712,9.472,9.714
Q9Y3A4,RRP7A,12.598,12.632,12.208,12.721,14.45,13.317,12.609,14.465,13.118,12.522,14.964,11.804,12.513,13.265,12.926,13.07,11.658,13.455,12.385,12.527,12.07,12.202,13.095,12.756,12.94,13.778,12.195,12.899,12.722,12.197,12.13,13.143,13.282,12.243,13.161,13.311,13.861,13.635,13.209,12.905
Q9Y3I0,RTCB,15.079,14.473,15.754,17.427,15.411,15.339,16.132,14.697,16.287,15.814,17.007,16.866,16.186,16.044,15.26,15.71,15.659,15.162,15.746,16.619,16.195,15.432,17.375,15.784,14.554,16.661,15.113,15.196,15.494,16.607,16.029,15.915,14.486,14.903,15.41,15.357,15.606,16.117,15.015,15.374
Q9Y3I1,FBXO7,11.976,12.674,13.572,13.571,13.319,12.348,11.352,11.89,11.98,,11.704,10.892,12.385,13.198,13.433,12.608,,12.434,13.445,13.341,12.161,13.123,12.636,11.374,11.986,13.394,13.298,11.52,13.252,12.278,11.898,11.464,,10.601,11.743,11.872,12.834,13.044,12.266,10.716
Q9Y3L3,SH3BP1,7.403,6.547,6.721,6.885,,7.455,5.129,7.649,5.372,5.846,5.973,,5.497,6.956,4.558,,6.211,5.943,6.271,6.23,,5.574,5.412,7.553,,5.937,6.284,6.94,,6.521,7.031,6.422,6.499,7.446,5.763,6.007,5.218,7.997,,6.275
Q9Y3M2,CBY1,12.239,11.893,10.632,11.324,12.188,12.442,12.204,10.922,12.66,13.104,12.597,12.158,12.245,12.185,12.81,13.906,12.65,12.07,12.107,12.671,12.625,11.642,13.879,11.898,13.304,10.441,11.316,12.266,12.038,11.31,12.731,11.713,11.485,11.739,11.887,13.263,12.767,11.132,10.963,11.138
Q9Y3P4,RHBDD3,5.481,6.295,,5.187,7.643,6.887,6.276,6.778,7.133,8.026,6.312,5.616,,,5.788,6.304,6.677,7.042,4.415,6.399,6.624,4.133,7.054,8.122,,6.493,6.212,,,6.264,8.21,6.765,7.507,7.076,6.856,6.26,6.563,,6.009,6.714
Q9Y442,YWHAH-AS1,13.976,14.733,13.584,15.46,14.249,15.339,14.585,14.137,14.816,13.844,14.591,14.629,13.959,13.129,14.473,15.525,15.118,15.775,13.631,14.323,15.282,14.638,14.742,16.377,14.515,14.336,13.959,14.332,15.67,15.03,15.808,15.115,12.274,16.092,15.082,14.939,15.659,14.65,14.942,14.127
Q9Y512,SAMM50,14.371,13.888,12.399,12.906,13.628,12.094,14.534,13.546,14.018,13.281,12.1,14.133,13.764,,12.463,12.804,12.483,13.784,14.482,12.658,13.26,11.345,11.01,13.777,12.759,11.739,12.12,14.135,13.427,11.851,14.575,12.998,13.528,12.855,13.12,12.501,13.662,14.196,12.757,13.432
Q9Y519,TMEM184B,,6.907,7.898,7.658,8.487,7.261,6.305,7.683,7.987,6.298,7.669,7.299,6.911,8.322,7.705,8.041,6.262,7.782,8.424,7.979,,8.405,7.628,,,7.913,7.643,9.217,7.937,6.413,8.032,6.695,,8.208,7.426,7.121,,6.718,,6.9
Q9Y534,CSDC2,8.752,7.098,,7.362,7.728,6.236,7.175,6.284,6.377,7.447,6.944,5.911,6.792,6.72,7.553,6.09,6.366,6.019,7.098,6.296,7.565,6.666,6.956,7.914,5.672,6.884,7.47,7.847,5.743,7.427,6.731,,6.614,4.139,6.998,7.459,6.258,5.899,6.746,7.454
Q9Y535,POLR3H,6.21,7.365,7.523,7.723,6.866,7.087,7.865,,7.299,6.623,7.261,7.595,,7.209,7.306,7.844,8.25,7.906,8.281,7.313,7.663,7.592,7.348,6.127,,9.013,,7.486,9.157,10.179,6.576,7.865,8.149,6.151,6.32,,8.052,,6.231,8.338
Q9Y698,CACNG2,17.476,14.924,15.91,16.061,16.864,15.978,15.287,14.961,18.243,15.971,17.651,15.486,16.14,14.413,15.887,17.29,15.107,15.124,16.354,15.352,16.367,15.859,16.193,15.285,15.065,14.827,14.291,13.423,16.074,15.078,15.893,16.916,14.794,16.357,14.652,15.708,17.118,15.268,16.334,17.947
Q9Y6J0,CABIN1,9.302,10.92,12.04,10.534,9.64,11.467,10.373,10.783,10.416,9.886,11.317,11.56,10.42,9.616,9.202,9.63,9.987,10.699,,9.037,11.156,11.695,11.623,9.303,10.612,11.112,10.363,10.438,10.799,11.114,11.191,11.153,10.587,10.12,9.987,10.005,10.217,10.79,9.846,11.344
Q9Y6U7,RNF215,11.636,14.08,13.426,12.685,13.379,16.438,13.334,13.992,,12.517,13.078,12.057,12.695,13.116,12.806,14.085,13.844,13.065,13.944,13.037,14.158,12.289,14.293,15.39,14.585,14.017,13.088,15.621,13.833,13.302,12.616,15.624,13.926,14.546,13.44,13.779,13.024,14.495,14.03,13.095
Q9Y6X9,MORC2,10.244,11.362,13.063,10.363,12.766,12.145,12.85,12.378,12.65,12.037,12.979,13.723,13.588,12.21,10.689,12.866,14.004,11.914,13.094,13.082,12.51,13.19,10.979,11.301,,13.162,13.375,12.549,13.032,12.26,12.109,11.555,12.434,12.343,13.285,13.069,12.055,12.388,12.146,10.918
