protein_id,gene_symbol,SITE2_PT001,SITE2_PT002,SITE2_PT003,SITE2_PT004,SITE2_PT005,SITE2_PT006,SITE2_PT007,SITE2_PT008,SITE2_PT009,SITE2_PT010,SITE2_PT011,SITE2_PT012,SITE2_PT013,SITE2_PT014,SITE2_PT015,SITE2_PT016,SITE2_PT017,SITE2_PT018,SITE2_PT019,SITE2_PT020,SITE2_PT021,SITE2_PT022,SITE2_PT023,SITE2_PT024,SITE2_PT025,SITE2_PT026,SITE2_PT027,SITE2_PT028,SITE2_PT029,SITE2_PT030,SITE2_PT031,SITE2_PT032,SITE2_PT033,SITE2_PT034,SITE2_PT035,SITE2_PT036,SITE2_PT037,SITE2_PT038,SITE2_PT039,SITE2_PT040
A0A024R1R8,TMA7B,16.859,13.956,13.349,14.772,15.288,13.929,14.5,12.709,16.552,12.425,14.248,16.838,14.658,14.521,13.212,15.641,15.163,15.099,13.599,16.033,14.536,13.947,13.334,11.632,15.065,,14.121,14.801,15.209,14.756,13.414,14.209,14.237,14.594,14.94,13.212,14.393,16.313,14.358,14.325
A0A087X1C5,CYP2D7,12.899,16.436,14.76,13.665,12.12,16.177,13.277,15.737,14.366,16.211,15.713,12.281,14.045,14.873,13.075,11.815,13.284,14.46,15.461,,16.142,14.074,15.252,13.967,14.009,13.093,15.018,13.415,10.332,15.547,15.291,13.434,14.426,13.225,14.891,15.121,13.681,12.977,,18.693
A0A0A0MRZ9,IGLV5-52,8.467,9.43,9.801,8.028,7.857,9.694,7.883,7.79,,9.66,8.897,8.42,8.829,8.176,8.102,8.627,7.855,8.384,9.03,8.936,,6.938,8.095,9.322,9.107,,8.053,,8.16,8.278,9.279,9.531,8.269,7.885,9.269,8.008,8.282,9.067,8.307,8.633
A0A0A0MT76,IGLJ1,9.211,11.868,12.476,10.325,9.953,13.809,11.299,12.758,10.296,11.834,12.392,9.572,10.888,11.117,11.63,10.703,12.761,11.038,12.346,10.81,11.816,13.437,10.319,10.706,9.243,11.513,10.882,,11.03,8.993,12.741,9.154,10.324,9.946,10.095,10.345,10.2,9.389,12.817,10.96
A0A1W2PR19,GSTT4,13.411,11.897,13.12,14.58,12.014,12.521,11.028,11.31,13.183,11.272,11.298,12.869,14.024,13.103,12.106,14.33,12.193,11.581,12.871,13.771,11.601,10.304,,11.941,14.22,11.52,12.742,13.265,11.298,12.254,12.924,14.244,,11.978,12.586,13.759,12.744,12.847,13.13,13.829
A0A494C0N9,FAM246B,13.921,14.247,15.747,14.33,15.338,14.374,13.87,13.646,14.633,15.576,13.682,15.264,17.073,15.233,13.459,15.306,14.772,16.018,15.208,14.827,14.36,13.253,14.409,13.139,15.073,15.023,14.793,16.257,14.968,16.133,14.761,15.719,14.18,15.75,14.322,15.101,14.721,15.85,15.137,13.72
A0A494C0Y3,FAM246A,11.237,11.741,9.939,10.799,12.088,10.722,12.478,10.893,10.681,12.437,,13.3,10.996,11.355,10.265,,11.579,13.03,11.86,12.8,11.859,11.859,13.184,10.723,12.361,10.895,10.004,10.983,12.554,9.052,10.734,11.271,11.484,12.645,,10.211,11.229,10.315,10.525,12.807
A0A590UK83,SMIM45,9.097,,7.382,8.714,10.965,,8.72,,9.222,10.069,6.827,9.04,8.735,10.824,8.562,9.364,9.726,10.543,10.277,10.331,8.239,9.252,11.661,7.148,8.543,11.727,,9.366,10.544,9.363,7.767,8.482,8.762,,6.803,9.2,10.094,10.05,7.639,10.158
A0A6I8PU40,TUG1,9.007,8.861,11.564,11.104,10.356,8.406,9.966,,9.861,9.551,10.096,12.272,9.069,8.54,9.058,10.115,10.199,10.972,10.646,8.282,9.049,,10.76,10.581,9.678,12.347,8.063,9.262,10.225,9.763,8.672,10.164,7.401,9.983,10.641,8.788,9.234,10.779,9.761,8.624
A0M8Q6,IGLC7,8.38,9.796,9.846,,8.805,10.885,10.104,12.969,10.054,10.77,9.654,9.543,8.594,9.024,11.223,8.675,9.923,10.534,8.47,11.655,10.054,9.995,9.759,10.819,11.65,,,7.707,9.193,8.906,8.88,9.282,9.051,10.194,10.981,10.294,9.632,10.985,9.429,9.635
A1L190,SYCE3,13.273,12.785,12.176,11.514,12.506,11.956,13.696,12.088,11.491,11.467,10.99,11.482,13.377,12.666,12.802,10.831,12.185,12.641,12.674,12.441,14.088,11.032,13.377,13.019,12.89,12.258,12.761,12.003,11.95,11.327,12.294,12.025,12.692,11.934,11.298,11.758,12.073,13.692,12.361,12.448
A4QPB2,LRP5L,16.014,13.028,13.723,16.035,,13.86,14.409,13.528,14.71,13.753,13.251,17.561,14.714,15.659,16.495,15.476,15.079,16.46,14.716,15.447,14.929,14.264,15.626,14.716,13.532,15.552,13.453,15.579,14.144,14.022,14.045,15.183,14.082,13.699,14.448,14.179,15.782,15.546,13.621,14.617
A4QPH2,PI4KAP2,10.622,9.31,12.841,11.033,9.218,12.583,,11.937,12.654,11.171,10.336,9.861,13.774,10.093,11.361,10.351,9.051,10.609,10.169,9.817,11.251,10.625,10.959,11.137,9.194,,12.431,10.181,10.499,10.465,11.899,11.305,11.816,,9.901,9.211,12.623,10.527,,9.903
A6NGB0,TMEM191C,8.078,7.591,7.189,9.099,8.736,7.696,9.256,6.962,7.174,8.181,7.13,9.015,6.787,7.613,8.63,8.412,9.526,8.546,8.389,,8.352,,9.417,8.198,9.101,8.495,5.756,8.435,,9.033,7.28,9.328,9.228,,,10.266,,9.373,,
A6NHG4,DDTL,8.596,6.553,7.769,8.481,8.906,,6.847,7.082,7.676,8.796,7.499,7.846,7.398,9.048,7.749,8.495,6.533,9.221,,7.911,,6.804,7.96,7.616,8.37,7.193,,8.303,8.873,8.791,8.599,9.73,7.366,8.177,8.38,11.101,11.026,8.716,9.82,6.937
A6NJZ7,RIMBP3C,12.945,11.558,12.87,14.565,13.915,,14.455,12.601,14.049,12.748,,14.41,14.076,12.002,13.123,14.9,12.079,13.906,13.175,13.799,11.963,14.254,14.09,,12.883,14.163,13.257,14.109,12.794,14.005,12.472,14.508,12.645,13.103,13.393,14.501,12.758,13.082,11.669,13.608
A6NM43,CCT8L1P,11.919,14.557,12.334,12.927,14.011,11.201,15.239,15.336,14.255,14.258,13.856,12.928,12.959,14.491,13.548,10.579,13.265,13.036,13.126,13.685,12.629,16.039,12.727,13.558,15.034,13.397,,11.727,13.024,11.573,12.897,11.389,11.792,14.637,11.563,12.109,13.613,13.45,13.942,13.356
A6NNM3,RIMBP3B,7.98,8.629,7.437,6.854,7.883,6.775,8.325,5.56,,6.471,,8.519,,6.713,7.518,7.495,7.681,8.37,7.801,8.592,5.659,,6.816,5.884,4.872,,6.208,6.617,,8.564,6.636,8.361,7.137,6.755,7.279,,7.71,7.56,6.477,7.981
A6PVC2,TTLL8,4.841,6.466,5.544,4.434,,4.524,4.474,8.135,4.968,7.176,5.222,5.834,5.236,6.468,6.094,5.35,6.566,6.173,7.244,5.449,6.195,6.87,5.251,7.311,7.168,5.509,6.863,7.019,4.841,6.852,6.672,4.603,6.351,5.721,6.172,6.077,4.941,6.815,6.304,5.471
A8K8P3,SFI1,12.913,10.884,,11.978,12.986,13.359,11.902,10.844,13.129,12.134,12.633,10.348,11.054,11.394,12.368,10.385,12.691,12.842,11.715,14.426,,12.096,12.164,13.133,11.911,10.362,12.052,12.679,11.916,13.035,11.777,11.441,11.947,12.69,12.471,11.835,11.584,9.999,12.909,12.391
A8MPS7,YDJC,8.679,,8.939,8.084,7.565,7.035,7.057,8.259,8.622,8.196,7.777,7.961,7.483,,8.201,7.894,6.442,7.798,8.508,,8.386,,6.021,7.097,9.079,7.343,7.494,6.656,7.428,7.147,8.799,7.589,7.152,7.928,7.703,7.995,8.223,7.07,,8.726
A8MYP8,CIMAP1B,13.767,15.476,14.812,13.774,13.265,15.795,14.497,15.93,14.255,15.363,13.519,15.749,12.481,14.28,12.44,12.965,15.512,13.228,14.627,13.349,15.962,13.864,14.197,13.944,14.086,13.989,13.831,13.267,13.991,14.001,14.681,13.093,14.114,15.315,13.456,12.552,14.268,15.102,13.579,13.912
B1AH88,TSPO,12.874,7.906,9.246,8.785,10.879,9.552,8.271,8.118,9.277,10.358,10.938,11.04,10.183,,11.318,10.576,7.741,9.575,9.46,9.176,8.742,9.113,9.447,8.396,9.676,,8.597,10.71,11.307,10.851,8.339,11.551,,11.016,9.626,10.401,8.608,10.08,9.388,10.605
B5MCN3,SEC14L6,7.007,6.172,6.668,7.246,8.598,,7.129,7.127,6.166,6.719,,7.772,,6.328,5.459,6.68,5.329,8.183,5.055,5.846,,6.147,7.804,7.379,7.319,8.027,7.109,7.697,,7.524,5.807,6.17,6.924,9.687,4.611,7.547,7.915,7.389,8.175,7.007
B5MD39,GGTLC3,16.205,15.302,15.541,16.399,14.511,17.978,14.91,15.831,16.254,16.245,16.05,16.014,15.938,17.086,16.865,13.06,16.936,13.423,16.346,17.125,15.772,15.958,15.715,16.206,14.905,14.565,17.022,16.58,13.787,15.929,16.256,16.033,18.175,14.683,15.966,14.555,15.322,14.105,15.429,16.399
B8ZZ34,SHISA8,,7.446,8.545,9.195,7.653,7.169,6.802,9.28,7.786,8.636,7.49,8.047,6.939,7.698,7.287,9.445,7.023,7.167,7.093,6.979,6.865,8.165,7.442,6.57,7.443,6.135,6.591,8.694,7.739,6.171,6.454,7.845,,7.423,6.815,8.068,7.214,8.476,7.091,8.149
B9A064,IGLL5,,,10.465,9.708,,8.193,9.717,7.515,9.618,,9.026,8.775,8.498,8.551,9.949,9.979,7.879,8.843,7.354,7.976,8.581,8.709,8.274,,9.445,9.539,10.581,,,10.107,8.054,10.05,9.968,10.38,10.331,9.801,10.129,8.133,9.42,7.887
F5H4B4,FAM227A,6.37,8.764,8.421,7.965,7.333,,7.479,10.677,7.022,,6.567,5.991,7.725,7.094,7.416,,6.834,7.419,7.217,9.201,8.25,8.378,7.23,8.887,7.371,6.207,9.349,5.911,4.836,6.789,8.632,7.098,6.874,5.915,8.165,7.143,6.459,5.267,6.71,8.594
H7C350,CCDC188,5.999,8.29,7.643,,7.892,7.965,6.634,7.879,7.582,8.616,7.745,5.608,,7.426,7.454,6.14,6.44,6.602,,6.919,8.72,5.863,6.631,8.499,8.104,,8.641,7.05,6.911,8.34,7.43,,8.114,5.158,8.232,6.867,6.068,6.207,7.108,8.91
L0R8F8,MIEF1,6.7,7.31,,6.389,4.906,8.273,6.753,7.684,,6.528,6.775,,6.25,5.502,5.257,6.92,6.111,4.379,7.383,7.127,7.461,6.985,6.498,7.376,,4.619,7.005,6.874,4.264,8.089,,4.566,,7.008,5.205,6.958,4.821,5.389,5.172,7.777
O00178,GTPBP1,6.002,,5.993,5.567,,6.383,8.322,7.278,,7.486,6.945,5.591,5.019,7.292,5.368,5.118,6.36,,6.528,8.923,6.734,7.165,5.012,5.617,6.902,5.841,5.701,,5.989,4.196,7.005,5.063,6.715,,3.868,5.091,8.212,7.005,6.363,5.334
O00192,ARVCF,7.323,7.029,7.772,8.149,6.965,4.378,,7.603,8.778,7.666,8.512,5.712,6.087,,7.095,5.483,7.076,7.372,7.178,8.505,7.874,7.118,8.325,7.162,7.171,7.019,6.388,7.867,7.638,5.504,,6.85,5.999,,6.542,8.199,9.303,7.289,7.844,6.422
O00501,CLDN5,7.323,8.632,7.719,,4.532,9.969,6.851,7.722,,7.482,9.42,,8.039,7.285,8.269,6.458,7.825,4.72,8.219,9.06,9.448,6.89,6.935,9.858,7.925,5.936,8.701,6.472,5.16,5.1,8.664,8.117,,5.724,,,5.869,4.874,6.749,7.882
O00541,PES1,13.225,12.067,12.114,11.913,10.635,12.44,12.945,11.835,12.095,10.985,11.607,12.369,12.059,12.183,12.793,11.269,12.12,12.292,13.691,12.272,12.024,12.884,10.955,,10.333,,11.805,11.515,10.952,11.357,11.869,10.439,11.789,10.832,12.303,11.642,12.039,11.548,,12.958
O00587,MFNG,13.245,12.782,13.061,11.684,13.494,12.087,12.151,12.246,11.566,12.983,13.239,12.721,12.068,11.39,13.664,13.347,11.994,13.496,12.494,12.458,12.647,12.774,11.778,12.231,11.251,13.16,12.075,12.792,12.896,12.533,12.289,13.042,13.161,13.372,12.462,,11.54,12.93,14.26,12.979
O14791,APOL1,9.76,9.558,8.048,10.231,10.331,9.57,10.074,,8.443,11.751,10.36,8.411,10.627,8.41,8.78,10.064,9.015,9.961,8.78,8.354,9.253,9.914,10.964,10.155,9.799,10.151,9.684,10.127,10.015,9.8,8.99,9.585,7.14,9.849,10.554,10.849,,8.956,9.11,8.601
O14994,SYN3,13.263,,9.72,,9.01,11.085,11.358,8.619,9.012,9.299,8.666,7.589,10.236,12.216,11.327,9.906,10.226,11.181,10.306,9.155,9.596,9.555,9.312,11.675,,7.468,9.932,9.576,9.328,8.685,,9.808,10.039,9.025,,,9.482,10.271,8.512,9.009
O15031,PLXNB2,,10.355,10.511,10.741,11.545,13.62,10.599,11.58,9.438,10.813,11.008,11.585,10.809,10.155,11.831,,10.476,10.97,9.664,10.821,12.175,9.528,10.257,11.502,11.438,11.092,10.541,12.565,11.219,10.711,11.412,11.191,11.447,9.822,11.13,11.276,12.078,10.746,10.759,10.411
O15371,EIF3D,14.37,15.816,13.947,14.151,14.841,14.209,15.568,13.737,16.46,14.871,14.199,15.767,14.346,14.043,13.981,16.628,13.623,15.805,13.233,13.699,14.36,15.42,12.719,13.708,15.468,15.76,13.875,13.644,14.604,15.217,14.432,,14.567,13.687,13.318,15.092,13.742,14.5,15.563,
O15442,MPPED1,16.154,13.589,14.34,14.644,15.424,13.197,15.219,12.739,13.699,14.886,14.626,13.388,14.744,14.904,14.457,14.72,12.943,14.833,14.281,,13.749,13.224,16.03,13.691,13.61,14.034,14.166,15.128,14.51,14.201,15.06,14.037,14.952,15.0,14.357,15.471,13.383,14.728,14.529,13.87
O15499,GSC2,5.338,6.714,6.931,6.89,6.238,5.531,,5.351,5.804,7.218,6.535,7.242,5.529,5.932,7.175,5.915,5.992,5.046,6.229,5.106,7.339,6.141,6.339,,6.045,6.023,6.863,7.133,5.388,5.71,7.0,6.256,6.192,7.017,6.973,,6.866,6.997,,5.216
O15547,P2RX6,,9.981,9.754,8.695,,8.755,7.598,8.297,,6.801,9.801,,9.384,8.801,,6.937,9.813,8.119,8.065,8.747,9.328,8.199,,9.272,7.795,6.795,9.392,8.446,7.804,8.403,8.905,,,8.145,,8.836,6.84,8.377,7.403,9.381
O43246,SLC7A4,8.145,8.379,7.981,6.462,7.725,6.674,8.579,10.146,8.317,8.272,7.023,8.914,,,,,6.454,8.6,7.9,6.839,9.747,8.668,7.82,7.248,8.258,,7.703,7.169,8.221,,7.539,6.932,8.728,8.188,7.186,7.177,9.147,,6.9,8.106
O43247,CIMIP4,8.819,9.054,10.404,9.217,7.511,9.105,8.895,9.833,,9.186,9.92,9.25,8.831,8.577,9.582,10.941,9.539,,8.839,,11.146,9.915,7.871,9.489,,7.794,8.796,7.874,6.694,10.555,8.194,8.952,9.42,9.034,9.79,9.312,8.854,8.603,10.249,9.525
O43251,RBFOX2,10.151,10.634,10.591,12.215,8.124,11.786,11.249,12.703,9.534,11.371,11.144,11.682,10.152,9.934,10.457,9.121,12.0,10.882,13.867,11.282,11.816,11.834,11.212,11.983,10.858,10.902,12.244,10.24,11.008,10.307,11.735,8.605,,,11.152,,10.473,,9.685,
O43272,PRODH,10.552,9.897,,9.77,,9.67,10.238,10.84,9.886,11.506,10.366,8.981,11.447,10.853,8.38,10.908,11.214,9.135,9.04,11.146,9.94,10.701,11.097,10.271,11.795,9.292,9.204,10.939,9.819,11.079,9.551,,9.382,10.454,10.974,10.087,,8.779,10.149,
O43435,TBX1,6.42,4.382,5.761,6.851,7.535,6.127,8.504,,4.829,4.913,7.007,7.931,7.861,5.613,,5.506,6.434,6.328,5.868,7.331,6.332,7.299,6.764,5.92,,6.227,6.284,8.084,,6.224,7.27,7.106,5.425,6.912,6.335,4.821,7.061,5.57,5.974,5.846
O43731,KDELR3,10.702,9.147,10.217,10.099,9.38,9.04,9.622,8.976,8.111,8.496,9.627,10.056,,10.097,8.045,8.892,10.964,,10.766,11.782,9.533,9.021,10.402,8.799,9.758,10.397,9.2,8.42,11.015,9.692,9.548,10.461,9.255,8.86,10.479,9.463,,,9.717,9.502
O43759,SYNGR1,9.962,10.919,,8.93,11.824,10.571,10.219,11.257,11.595,10.452,8.76,11.086,,11.176,10.845,11.316,12.258,8.579,10.195,11.369,12.011,9.931,11.03,11.952,11.012,11.31,12.158,9.826,11.343,10.935,10.64,9.35,11.24,11.157,10.099,11.034,8.809,12.497,10.823,11.149
O43808,SLC25A17,8.091,5.825,7.425,,8.463,7.411,5.834,7.488,6.695,7.254,6.617,,,8.679,6.332,6.919,9.22,6.606,7.257,8.468,6.435,5.84,5.663,5.853,8.213,6.526,6.155,6.432,8.468,6.84,7.559,8.203,8.174,5.309,6.548,5.078,6.803,7.814,5.832,8.655
O43819,SCO2,15.991,13.121,14.526,15.644,14.783,12.48,15.815,12.473,15.4,11.794,13.275,16.955,14.871,13.421,13.353,16.142,13.578,15.705,13.082,12.546,11.344,13.675,13.985,12.203,14.679,14.312,13.546,16.211,15.876,15.232,13.046,14.958,14.51,14.101,12.176,13.269,16.14,16.312,13.481,
O60688,YPEL1,6.237,7.485,8.713,7.234,6.746,7.27,5.82,6.002,7.917,6.912,8.556,6.831,7.197,6.754,7.236,6.214,7.876,7.748,9.373,5.98,7.132,6.182,5.95,9.277,5.388,6.667,9.084,5.811,,7.613,5.993,7.52,6.281,7.626,8.525,6.631,4.089,,,7.154
O60704,TPST2,18.497,14.729,15.129,16.714,16.937,13.479,14.535,14.574,17.648,13.023,14.664,15.809,17.6,15.093,17.201,18.7,14.233,18.452,14.316,14.997,12.892,12.216,16.749,13.193,16.777,15.752,13.992,16.648,16.645,14.765,13.677,17.594,16.41,18.432,15.036,16.751,16.539,16.224,16.342,16.321
O60733,PLA2G6,6.648,5.347,5.336,5.86,8.445,4.311,,7.149,6.849,5.611,4.133,6.927,7.063,7.593,5.43,5.607,6.365,7.05,8.547,6.299,6.576,7.605,6.901,5.613,7.346,8.431,5.708,7.637,8.849,6.769,6.947,,8.165,8.866,6.427,6.037,6.65,8.43,5.292,
O60755,GALR3,16.317,15.625,13.436,17.369,16.487,13.768,14.619,14.526,14.421,14.661,14.399,17.449,15.704,14.877,14.214,16.121,15.411,14.524,,13.026,12.439,12.794,15.663,13.462,13.367,13.686,15.148,16.063,14.607,15.025,14.058,16.556,16.239,15.482,13.684,14.63,15.339,16.274,15.634,14.58
O60784,TOM1,15.648,15.799,17.026,14.998,13.185,18.963,16.959,16.793,17.091,15.597,18.25,13.551,,15.919,15.761,15.449,15.539,12.102,15.85,14.963,17.376,15.984,14.273,15.831,15.101,14.158,17.637,16.18,12.738,15.0,16.071,14.067,15.786,12.917,15.647,14.446,14.573,15.187,17.178,16.595
O75132,ZBED4,17.14,15.822,14.308,15.437,15.631,17.142,16.8,14.937,17.26,15.378,15.603,14.455,16.811,16.039,17.959,15.324,17.378,14.831,17.638,16.362,16.809,15.424,15.449,16.847,16.98,14.464,,14.829,14.858,14.614,16.371,16.011,18.305,17.227,15.98,16.473,15.14,16.009,16.24,17.782
O75140,DEPDC5,14.911,15.881,16.363,14.72,13.893,16.611,14.611,14.388,15.892,14.713,16.366,14.511,14.465,12.509,15.139,15.062,13.927,13.335,14.079,13.739,12.388,12.599,13.179,15.965,14.934,14.501,14.254,17.193,13.707,15.749,14.655,15.395,16.701,12.038,17.066,16.314,14.182,,15.267,17.222
O75170,PPP6R2,13.264,13.621,14.364,14.522,15.514,16.143,16.664,13.34,15.932,15.773,15.051,,14.006,13.293,13.211,12.448,12.111,13.55,14.027,12.786,14.73,14.834,13.969,15.116,13.455,14.334,15.857,13.206,14.555,13.569,14.07,15.235,14.18,12.718,14.618,15.061,13.889,12.705,12.423,13.383
O75419,CDC45,13.125,11.989,13.489,14.06,11.8,13.032,12.636,12.585,12.215,11.499,10.603,12.11,11.278,12.043,12.915,12.007,13.322,14.698,11.54,12.779,,12.265,11.212,11.325,11.692,12.115,12.775,13.419,11.992,12.592,11.632,12.675,12.639,11.019,12.194,13.232,12.906,11.726,12.363,12.516
O75600,GCAT,14.077,13.806,13.427,13.397,13.909,12.838,13.459,12.999,14.396,13.641,12.596,14.288,12.724,13.467,13.111,14.312,13.478,14.188,12.869,12.139,13.508,12.695,15.324,13.688,,13.511,14.068,13.54,15.796,13.006,12.199,14.303,12.878,13.72,14.144,13.602,13.747,14.257,13.2,14.285
O75631,UPK3A,5.325,7.497,6.979,6.688,6.682,6.533,6.542,6.693,5.495,,,7.485,5.481,8.575,6.957,6.785,8.917,6.275,6.873,8.251,6.719,7.145,6.905,7.491,8.291,7.028,,6.611,6.21,5.564,7.57,6.65,,6.357,6.45,7.143,7.068,7.084,5.064,6.825
O75648,TRMU,8.01,9.92,8.841,8.937,10.054,9.556,11.632,12.299,11.622,10.898,,12.724,9.363,10.284,11.151,9.659,12.544,10.206,12.216,12.017,10.381,11.123,9.196,10.654,9.768,9.573,10.79,10.957,9.285,11.605,12.044,10.464,10.548,12.249,9.089,11.337,13.525,11.088,10.801,9.32
O75677,RFPL1,11.184,11.557,11.044,11.821,12.765,11.402,10.916,11.425,9.401,,9.278,10.956,10.631,11.833,10.966,11.983,11.698,12.348,10.152,10.803,9.676,9.833,11.15,10.78,11.627,10.742,10.573,11.76,11.967,11.248,11.291,11.827,10.645,,11.038,10.135,11.06,12.026,12.031,10.217
O75678,RFPL2,13.24,13.991,14.451,16.14,15.39,,14.53,16.678,14.537,14.571,13.942,13.366,14.454,12.473,13.465,13.102,12.802,13.55,14.86,15.13,14.189,14.91,12.964,13.056,13.275,14.588,14.542,14.554,13.827,14.946,15.674,13.127,12.955,13.86,15.99,13.54,13.489,12.105,12.861,15.156
O75679,RFPL3,11.868,10.345,9.482,11.76,11.106,9.612,11.427,10.123,10.401,,10.939,11.689,10.708,10.605,11.715,10.246,10.772,9.962,9.525,11.769,,10.875,11.643,10.531,11.576,,10.053,11.286,11.046,10.99,10.56,11.037,10.101,11.204,9.954,10.44,11.95,9.928,10.614,11.18
O75791,GRAP2,11.425,9.582,10.152,10.278,11.713,9.61,,8.253,8.305,10.024,8.56,10.474,10.61,,,11.425,9.766,11.0,9.909,,8.889,9.5,10.256,8.187,10.178,7.6,9.653,9.274,11.39,10.735,10.736,9.63,,10.335,10.375,10.765,10.651,10.263,9.751,11.287
O76054,SEC14L2,12.551,10.991,10.727,,13.366,10.41,13.195,11.431,11.446,12.065,11.951,12.595,11.022,10.571,11.958,14.859,11.136,13.836,9.441,10.819,7.691,12.302,15.161,9.218,12.789,13.407,,12.433,14.179,12.646,10.719,12.061,10.961,14.668,,,11.381,12.159,11.963,11.144
O95236,APOL3,9.363,8.316,8.043,7.616,7.483,9.302,9.062,8.419,8.891,10.164,,9.069,8.6,8.782,8.498,9.374,7.074,9.919,7.849,8.484,6.425,8.25,,8.654,7.568,8.07,9.204,6.781,9.646,9.747,10.444,8.054,9.33,8.202,9.714,9.441,8.42,8.005,8.547,
O95248,SBF1,8.498,7.363,6.361,5.49,7.013,7.286,7.233,7.022,6.174,7.602,7.667,8.34,7.209,7.843,5.843,6.7,,,8.335,,8.995,7.748,7.444,5.436,7.629,,7.979,7.392,7.855,7.003,6.523,7.981,5.887,6.599,7.093,6.67,7.307,6.912,,5.94
O95461,LARGE1,10.746,9.243,11.154,10.701,11.325,10.648,11.653,12.359,10.85,10.629,,12.277,9.693,9.857,10.499,12.296,11.192,10.955,10.659,8.752,9.615,8.685,11.487,11.144,10.991,10.756,10.582,11.211,10.721,9.676,,10.876,10.795,12.35,11.007,,,11.108,11.619,10.383
O95502,NPTXR,7.436,9.804,10.084,7.769,8.778,10.001,9.781,8.784,9.801,10.859,9.046,9.056,7.245,9.864,7.847,6.392,10.804,9.998,9.524,10.491,10.426,10.249,9.723,10.763,9.959,8.5,9.835,9.103,8.159,8.295,10.532,8.123,7.82,9.461,7.347,8.911,8.344,9.644,,
O95503,CBX6,8.034,7.269,6.963,9.437,,6.533,9.239,6.32,,9.736,6.504,9.325,7.209,7.531,6.709,8.44,8.059,9.791,7.703,7.158,4.78,6.352,7.919,,8.141,9.068,6.868,9.694,11.781,7.905,5.445,8.341,7.659,10.348,,6.823,9.413,9.227,7.146,6.764
O95567,C22orf31,9.132,9.949,9.865,10.023,9.547,11.187,9.8,9.118,8.308,7.462,10.179,,9.458,8.873,9.924,9.886,10.195,10.635,9.153,8.917,9.467,9.606,10.085,7.596,9.755,9.011,9.26,10.671,,10.38,8.198,10.749,10.384,,9.72,9.042,8.578,10.336,8.423,11.058
O95696,BRD1,7.837,,8.165,9.852,7.994,8.568,,10.338,9.867,9.915,8.139,9.453,,8.658,8.829,9.403,8.47,9.557,10.624,9.866,9.588,,10.163,10.026,9.35,,,,,8.024,9.41,9.017,8.97,9.408,8.269,,9.971,10.847,8.893,10.283
O95721,SNAP29,8.224,9.775,10.13,9.268,10.541,,9.546,9.307,8.52,8.435,8.833,9.574,9.6,9.144,8.479,8.332,9.113,8.007,9.575,8.552,8.312,10.171,8.752,9.374,9.776,9.869,8.964,8.992,8.351,9.806,9.406,7.015,9.46,8.754,8.246,8.618,8.621,10.239,8.962,
O95755,RAB36,10.984,8.828,10.119,11.09,11.139,12.087,9.677,,11.421,8.476,12.914,9.346,10.965,10.057,10.264,9.383,9.785,,10.029,9.61,7.263,8.858,10.131,11.42,9.203,8.86,10.964,11.319,9.809,11.064,9.379,11.42,10.935,,9.483,10.495,9.844,,11.716,10.914
O95907,SLC16A8,14.659,14.509,12.517,13.162,13.338,13.037,13.009,13.109,12.498,13.604,12.558,14.606,14.565,13.749,13.429,12.409,12.838,15.963,14.913,15.101,13.656,11.756,12.362,12.89,12.503,13.703,12.464,14.066,13.625,11.47,13.324,,14.17,12.741,13.457,12.176,11.91,12.767,13.567,
O95922,TTLL1,10.834,6.723,7.611,8.233,8.588,7.898,,7.137,,8.502,8.21,11.94,7.809,9.447,,9.354,9.318,,8.274,8.752,7.488,,10.269,7.897,,10.15,6.831,8.04,10.894,7.607,7.846,10.882,8.726,10.288,7.09,7.548,10.088,8.265,8.703,7.033
O95931,CBX7,15.476,15.964,15.297,16.111,16.32,14.951,15.456,15.253,15.345,15.499,13.939,16.026,16.291,16.138,17.14,16.967,16.248,16.427,15.007,15.698,15.135,15.767,15.403,16.733,16.016,15.865,15.798,15.439,16.416,15.826,14.139,,15.432,16.958,14.807,14.044,15.62,16.11,15.546,16.959
O95985,TOP3B,17.542,15.709,16.411,16.152,14.756,15.788,15.852,13.978,15.082,14.527,16.134,15.628,16.462,16.855,17.75,16.703,15.423,14.904,15.298,14.886,16.137,14.778,14.715,15.234,15.59,15.219,14.795,,15.534,,14.486,15.813,15.595,15.315,15.496,15.362,15.361,17.477,18.22,17.018
O96015,DNAL4,11.478,,11.873,11.07,10.82,14.124,9.517,12.569,12.229,10.988,13.442,8.71,9.447,11.945,10.779,10.255,10.244,10.706,11.778,11.761,11.634,11.725,11.201,12.946,,10.098,13.003,11.872,10.067,11.804,12.439,9.92,12.295,,14.081,10.708,8.903,8.78,11.681,12.545
O96017,CHEK2,8.878,8.952,7.602,10.245,9.566,6.753,9.569,,8.234,6.376,7.969,11.23,9.768,8.756,8.807,9.821,10.105,11.225,7.56,9.848,8.048,8.074,10.574,8.207,9.447,10.164,7.695,9.407,,9.661,7.036,10.101,9.879,10.266,8.656,,10.553,10.112,8.906,8.502
P00387,CYB5R3,10.609,11.54,12.36,10.576,11.158,11.863,12.438,10.994,11.756,12.012,12.011,11.446,11.435,10.25,10.664,10.99,,11.199,10.143,11.616,10.83,11.292,11.795,12.036,11.635,12.523,9.769,11.917,10.805,11.491,11.366,10.641,10.331,9.847,9.672,11.454,10.805,11.751,12.178,11.957
P01127,PDGFB,13.733,15.881,15.491,13.934,12.403,,14.733,15.942,17.386,15.784,14.742,15.019,14.349,13.884,14.071,13.02,15.499,13.94,16.73,,15.83,12.968,13.662,14.955,,14.179,15.699,,14.23,14.155,14.038,12.895,14.821,12.924,15.836,14.935,13.009,13.005,14.334,14.837
P01701,IGLV1-51,13.303,11.36,13.462,13.044,12.763,13.48,13.12,11.641,12.864,13.109,12.105,11.678,14.013,12.748,12.339,13.461,11.726,11.455,12.414,,12.068,12.89,12.327,12.017,13.118,13.48,13.127,14.199,14.055,12.057,12.146,13.874,11.283,12.916,11.742,12.192,12.88,11.049,14.451,12.881
P02144,MB,15.124,15.401,14.119,15.436,13.677,15.344,13.843,14.651,14.131,13.257,14.608,15.626,15.177,13.87,13.78,13.927,14.77,13.31,14.749,15.727,14.643,14.259,15.266,16.88,14.477,,15.507,15.464,14.304,16.299,15.411,13.933,15.46,12.206,16.012,13.363,14.041,14.139,14.83,16.598
P05162,LGALS2,8.747,10.988,,10.38,10.681,10.35,11.741,12.005,10.291,10.732,11.535,11.737,11.347,10.942,13.231,,11.256,12.959,,11.667,11.888,12.395,12.118,9.716,11.891,11.929,10.573,10.353,,11.208,13.06,10.229,9.783,11.328,,9.856,10.793,11.424,10.014,10.11
P05546,SERPIND1,13.345,13.948,12.492,13.637,11.706,13.02,13.35,12.698,12.695,11.364,13.604,11.336,11.983,12.578,13.018,,12.27,12.564,13.35,11.057,13.256,13.142,11.231,12.772,11.848,12.684,12.106,11.868,12.258,12.019,12.714,,12.421,14.148,14.672,14.664,14.1,12.507,13.059,11.469
P07305,H1-0,9.274,8.169,8.784,8.8,8.385,9.157,,11.032,10.091,8.978,8.475,9.533,,,8.719,8.103,8.994,8.005,10.298,9.158,9.588,8.34,7.923,10.828,9.114,11.136,10.344,9.014,9.182,9.592,8.793,8.092,8.773,10.027,9.94,9.819,9.253,8.544,8.812,11.409
P09382,LGALS1,11.807,14.214,13.877,13.087,12.446,14.14,12.775,13.361,14.014,14.656,14.386,12.989,11.17,13.419,12.935,13.322,12.745,13.546,12.124,,14.584,14.506,14.324,14.614,13.574,13.748,13.46,12.767,12.976,13.304,13.56,12.655,13.128,13.006,13.148,13.279,12.773,12.834,14.683,13.23
P09601,HMOX1,7.172,7.652,9.053,8.867,10.299,6.887,9.467,8.494,8.055,8.753,9.205,7.628,4.434,7.517,7.161,7.736,5.783,,,6.501,6.639,9.56,8.276,7.039,8.386,7.649,8.912,7.273,,7.961,5.967,6.554,8.956,6.792,8.109,9.734,,,9.401,8.282
P0C7N4,TMEM191B,13.699,10.531,13.011,14.094,15.033,9.149,13.457,11.505,12.838,11.086,12.859,14.519,12.48,12.387,,,13.78,15.152,10.676,,8.552,12.228,13.871,9.368,14.688,14.756,12.217,13.23,15.95,12.199,10.051,14.965,13.162,16.246,12.619,13.515,14.253,15.215,12.704,10.005
P0C7P2,RFPL3S,12.013,14.533,14.485,14.341,14.72,12.755,14.062,15.415,,13.912,15.275,15.52,13.955,14.359,14.555,14.042,14.591,13.235,14.081,15.186,16.849,15.401,13.993,13.819,13.645,15.211,15.081,13.032,14.153,14.993,14.81,13.413,14.002,14.394,13.18,13.864,13.323,14.67,16.88,14.62
P0CF74,IGLC6,8.421,7.539,8.758,8.586,5.83,9.497,9.1,7.727,9.013,7.578,9.149,6.929,,5.553,7.767,8.558,6.144,7.301,8.052,7.945,6.848,7.593,5.983,9.55,6.016,6.507,,9.141,,8.245,8.515,,8.892,4.405,8.928,8.702,6.571,6.926,8.308,8.347
P0CG04,IGLC1,13.755,,13.72,,11.793,14.683,12.156,11.6,13.459,12.756,,12.596,12.78,13.375,13.37,13.077,13.093,11.975,,12.111,14.121,12.984,13.149,12.687,11.313,11.808,12.984,13.0,12.785,12.486,11.523,12.952,13.449,12.123,12.579,12.136,11.586,12.767,12.996,13.388
P0CG29,GSTT2,5.816,6.57,6.359,8.104,7.917,7.722,6.229,5.833,7.982,5.788,6.903,7.263,8.281,7.946,6.239,,6.38,7.226,,5.282,6.763,7.341,6.773,,7.162,7.148,6.364,7.589,8.325,6.372,6.422,,7.553,6.716,7.051,6.667,7.812,6.201,6.093,
P0CG30,GSTT2B,14.242,12.552,11.593,11.705,14.656,12.806,10.643,12.922,12.854,13.75,13.011,11.841,11.143,11.525,13.174,12.276,11.834,12.941,11.767,13.986,13.516,13.98,11.766,13.591,13.907,12.723,11.425,12.208,11.993,13.806,13.553,12.105,12.245,12.734,14.27,12.395,13.143,13.0,12.018,13.075
P0DOX8,P0DOX8,,7.602,7.144,5.147,9.287,7.196,7.528,6.319,6.246,6.81,6.264,7.472,9.153,,8.017,,8.188,7.568,6.581,7.902,,7.867,,6.42,8.012,,5.235,8.687,6.976,7.377,8.629,8.226,7.754,,6.773,6.827,6.919,7.847,5.664,6.565
P0DOY2,IGLC2,15.908,15.345,16.308,14.896,15.666,14.522,17.319,14.689,15.835,17.643,16.078,15.709,15.318,14.549,16.466,15.647,15.775,14.956,14.911,15.215,15.798,15.789,16.441,12.882,16.866,14.122,15.714,13.202,15.459,16.953,14.417,15.832,15.747,15.965,14.069,16.613,16.501,16.842,14.523,14.593
P0DOY3,IGLC3,4.648,,,6.592,5.905,6.755,8.406,7.116,6.02,6.662,6.578,8.585,4.987,5.38,6.606,5.732,,7.495,,7.822,7.614,6.784,5.411,7.939,6.75,,,7.87,5.789,6.771,7.635,5.769,,7.823,5.355,6.142,7.012,,6.217,6.027
P0DSO1,FAM246C,14.09,14.908,15.275,14.25,13.004,15.351,15.781,17.574,14.758,15.771,15.724,16.109,14.836,15.994,15.213,13.835,15.994,13.845,15.841,13.821,14.422,14.358,17.271,15.134,14.313,17.322,14.784,14.757,14.464,15.316,16.276,13.975,13.089,14.18,14.008,13.096,15.666,16.315,14.317,13.913
P10323,ACR,12.5,14.915,13.655,13.442,13.706,13.031,13.865,14.136,12.053,14.459,12.934,14.886,13.856,13.695,14.181,12.986,14.384,12.415,13.724,14.07,14.79,14.1,14.336,14.464,13.376,12.741,12.449,13.44,14.378,12.563,13.099,12.204,15.14,14.601,13.143,13.027,12.417,13.806,13.785,13.118
P10635,CYP2D6,14.305,14.563,12.26,11.406,,11.886,11.268,13.399,12.348,13.413,11.558,11.738,11.148,12.981,12.867,11.94,11.927,12.678,13.065,12.673,11.661,12.178,,13.538,11.886,12.341,12.012,11.476,12.102,13.028,11.446,13.728,12.847,10.682,12.168,14.133,11.829,11.428,11.558,11.831
P11274,BCR,,13.458,13.889,14.344,14.531,13.938,13.788,14.601,14.798,14.094,15.539,12.576,12.768,11.676,12.797,12.075,,13.854,10.82,13.421,,13.717,12.663,14.178,14.567,14.63,14.943,13.884,12.876,13.046,12.437,13.055,13.87,14.211,13.552,13.162,13.411,14.844,15.341,14.702
P12018,VPREB1,14.773,13.073,13.549,13.735,14.24,12.277,14.07,12.609,14.079,15.059,13.764,14.394,,13.256,13.77,14.571,14.458,15.783,13.229,14.427,12.934,12.976,14.109,13.701,13.645,14.604,14.575,15.613,15.984,14.83,13.347,13.907,,13.801,12.962,13.461,,14.987,14.653,13.735
P12036,NEFH,17.775,15.252,17.386,15.195,14.697,18.362,16.842,15.649,15.792,16.065,16.326,15.033,17.617,17.302,16.668,14.793,14.926,12.677,18.143,15.787,18.279,15.971,14.486,18.563,15.891,14.662,17.241,15.975,14.322,16.705,16.805,16.116,,13.809,17.961,14.968,14.564,14.175,15.565,17.904
P12956,XRCC6,,10.549,,10.384,9.279,10.191,8.52,6.625,9.372,8.864,9.618,8.574,8.499,9.275,9.878,8.054,8.239,8.563,6.641,,11.163,,7.794,7.062,7.201,7.035,8.788,10.409,9.58,,9.696,9.0,8.219,7.982,8.049,7.114,9.363,9.029,8.334,9.658
P13224,GP1BB,11.768,11.522,11.903,12.453,11.542,13.236,12.261,11.926,13.301,11.917,13.767,12.179,12.727,11.799,12.914,12.612,12.013,11.667,12.422,12.515,11.614,12.63,11.423,12.734,11.444,11.955,13.018,11.772,12.029,12.634,12.622,14.604,12.293,12.142,11.798,12.068,11.071,10.945,10.908,12.25
P13725,OSM,5.899,4.064,5.288,7.642,7.894,5.548,8.013,4.921,6.86,7.936,6.93,6.922,4.489,8.609,7.728,7.503,7.205,7.143,,7.247,6.319,6.106,7.813,7.81,7.835,,6.608,7.234,5.075,6.82,6.635,4.825,7.165,6.76,3.707,6.824,8.084,6.042,,5.027
P13866,SLC5A1,13.144,11.867,13.063,12.476,11.916,13.826,11.741,13.613,13.927,12.778,12.771,11.14,,13.276,12.168,12.617,12.49,11.342,12.787,11.661,13.304,10.582,10.407,13.189,12.145,11.427,12.102,12.849,11.671,13.414,11.967,11.012,12.438,11.116,11.374,12.019,12.276,12.827,12.36,11.97
P14174,MIF,,8.314,8.311,8.864,7.012,9.574,,7.939,,7.849,,7.323,7.607,8.452,8.435,,,7.073,9.084,7.93,7.649,7.158,7.988,8.802,7.134,8.627,10.346,7.75,7.651,8.367,8.687,8.992,9.236,7.619,6.853,7.588,7.402,,9.17,7.436
P14784,IL2RB,11.699,11.044,12.883,12.834,10.541,14.384,9.582,11.394,13.128,12.776,11.895,10.912,11.706,9.825,11.254,13.014,11.8,11.366,11.54,11.426,10.937,11.138,12.032,11.428,12.407,11.596,14.069,11.413,10.546,,11.347,11.833,11.858,11.427,11.618,10.769,12.452,10.486,12.979,10.406
P15018,LIF,10.078,10.237,12.056,11.831,13.06,10.144,11.142,10.713,10.949,11.633,10.488,11.637,10.668,12.438,7.931,10.581,11.363,10.925,9.403,12.557,11.203,14.033,10.61,,10.699,12.949,9.378,11.775,12.636,10.864,9.35,10.13,10.822,11.503,10.029,11.158,,,10.806,10.145
P15153,RAC2,,10.186,9.525,9.459,,9.429,9.238,11.078,11.318,10.812,10.434,10.085,10.132,11.768,10.001,,10.382,12.002,10.609,10.009,9.969,10.344,10.386,8.298,9.81,10.667,,10.743,10.629,8.897,11.792,10.566,8.722,11.981,9.407,10.237,10.252,,10.848,9.128
P15289,ARSA,10.97,11.512,11.899,10.736,12.298,12.256,12.314,11.938,10.589,10.584,12.29,11.046,11.244,11.714,11.43,12.194,11.365,12.544,10.69,9.85,9.323,10.063,12.017,11.073,11.737,11.172,10.888,10.721,11.557,12.044,11.191,13.564,10.204,11.853,12.156,10.577,11.957,,11.682,11.387
P15814,IGLL1,12.807,13.454,14.194,12.913,12.481,14.914,13.387,14.623,12.93,13.186,15.57,13.56,13.642,14.447,15.251,13.516,13.329,13.673,14.26,14.306,14.315,13.579,14.45,15.511,12.618,14.154,14.247,12.981,12.493,13.708,14.967,13.36,,13.591,14.132,15.442,14.045,14.341,13.353,13.552
P17050,NAGA,13.622,13.421,12.311,14.169,15.19,10.05,,12.695,13.097,12.075,11.086,15.051,13.856,13.35,11.449,15.436,12.176,16.253,11.098,13.134,12.327,12.338,15.338,10.6,14.566,14.525,10.788,14.3,14.884,14.551,12.165,13.524,11.985,,11.7,13.803,15.719,14.69,11.214,11.784
P17861,XBP1,10.793,9.727,9.898,12.374,10.254,11.562,9.158,11.781,11.576,9.691,10.608,10.626,10.83,11.343,12.292,11.784,10.873,11.34,10.935,10.968,10.753,10.497,11.671,10.822,11.843,12.171,13.457,10.044,11.249,10.619,11.692,12.126,11.319,10.702,,11.404,10.759,11.381,12.481,11.59
P18848,ATF4,11.567,13.311,11.665,11.467,11.063,11.912,11.927,12.806,12.101,12.006,12.392,12.419,11.284,,11.663,11.336,13.272,11.345,12.903,14.686,11.858,,12.162,14.416,10.699,12.516,,11.579,10.424,,11.895,12.135,12.816,,11.882,12.698,11.123,11.045,9.34,13.56
P19086,GNAZ,14.57,14.506,16.308,14.386,15.909,16.671,14.917,14.917,15.909,16.392,14.804,14.96,15.622,14.822,15.575,13.61,15.364,17.071,15.865,16.013,14.662,15.039,15.792,15.491,14.68,15.142,14.49,14.754,16.082,14.881,14.954,13.761,14.708,14.422,15.959,15.149,15.884,13.543,15.995,14.976
P19440,GGT1,6.993,7.03,7.043,7.443,,7.689,6.466,7.412,7.928,8.357,8.421,6.704,5.532,5.972,5.65,7.902,6.056,4.938,,,9.876,6.038,6.513,7.464,5.793,5.831,7.593,7.728,,7.739,9.647,6.798,,6.954,7.589,8.458,6.125,6.139,,8.216
P19971,TYMP,,7.264,,8.108,5.743,6.754,7.849,8.376,7.229,6.241,7.62,6.213,8.013,6.787,8.576,7.974,6.676,7.011,7.236,6.303,,8.734,6.734,7.037,7.667,,7.504,7.866,,7.396,5.752,6.322,5.998,6.906,7.437,6.756,6.557,8.072,7.784,7.097
P20062,TCN2,5.779,6.892,6.024,5.881,6.815,8.838,7.383,7.719,4.765,7.102,8.363,6.475,5.91,9.17,7.348,6.255,6.539,6.746,9.319,9.448,6.779,6.389,6.383,7.69,8.489,6.718,7.053,6.817,5.525,6.097,7.632,5.916,7.492,6.725,6.355,5.953,8.539,5.201,4.7,5.607
P20472,PVALB,12.693,12.891,11.663,12.486,12.413,10.542,11.916,11.108,12.672,11.827,12.324,13.242,10.662,12.939,12.449,12.671,12.458,13.276,11.999,12.742,11.604,11.115,12.901,11.031,14.768,12.701,12.346,12.575,12.765,11.172,,13.457,13.407,12.761,12.028,13.049,12.654,14.159,14.619,12.197
P21964,COMT,10.55,10.792,8.817,10.556,,9.955,9.476,9.131,9.309,9.761,8.025,12.664,11.402,11.046,9.154,,11.284,11.937,12.417,9.692,9.582,9.77,10.791,8.813,9.426,10.218,,10.521,9.649,10.707,9.901,9.886,8.635,11.507,9.278,11.302,10.32,12.029,9.31,8.536
P23142,FBLN1,15.182,13.968,14.837,15.681,14.627,16.097,12.913,15.375,15.301,13.031,,14.746,15.232,14.562,14.861,15.136,14.185,15.967,15.36,14.763,14.092,12.284,13.899,14.858,13.777,13.504,12.859,14.75,13.276,15.677,13.139,15.192,13.867,13.328,14.421,16.152,14.483,16.137,14.644,16.259
P24347,MMP11,14.982,14.313,11.829,14.214,13.597,12.825,12.277,11.986,12.492,12.781,11.77,13.702,13.121,13.75,14.277,13.446,12.671,13.429,13.817,14.606,11.187,12.9,13.731,12.825,13.362,12.794,12.417,10.889,12.634,12.005,12.046,13.348,13.061,13.293,12.977,12.972,12.477,12.97,12.445,12.012
P25325,MPST,8.061,8.44,10.92,9.289,9.379,9.589,10.007,9.615,11.532,10.799,,8.481,8.911,9.891,9.666,8.95,,8.475,9.151,10.572,9.676,8.453,10.116,9.75,,8.53,10.918,10.994,8.285,9.727,9.633,7.355,9.514,8.165,9.6,10.915,8.205,10.475,11.19,9.968
P26998,CRYBB3,15.342,14.233,14.706,15.5,15.794,15.815,16.378,14.845,16.072,14.709,15.167,13.919,15.002,14.882,15.914,14.664,13.738,15.069,15.306,14.385,15.97,15.296,15.707,17.336,14.691,14.103,13.943,14.491,15.257,15.48,15.697,16.575,15.058,14.499,14.345,11.668,13.714,16.041,15.9,13.619
P28482,MAPK1,11.642,13.992,13.682,13.754,,13.88,12.683,14.842,14.398,16.183,15.275,12.873,12.27,13.326,11.891,12.401,13.015,12.24,13.001,14.196,13.702,12.852,13.827,14.91,12.852,12.428,13.96,13.072,13.554,13.675,12.775,13.613,13.223,12.668,14.269,13.588,12.97,12.29,14.152,13.272
P29274,ADORA2A,10.753,,11.084,11.538,10.266,8.754,9.525,7.748,10.038,8.551,9.772,10.051,8.324,8.886,8.987,11.205,8.365,9.539,9.061,9.721,8.37,8.716,8.073,8.061,7.826,8.385,9.166,10.022,10.419,8.108,8.21,10.656,7.53,10.124,10.553,9.19,8.542,9.327,10.345,9.341
P30046,DDT,7.395,11.002,9.95,9.676,11.043,,9.081,9.649,9.163,8.71,9.668,10.881,9.858,9.624,7.243,7.858,9.875,9.935,8.137,10.133,10.304,,9.351,7.543,10.836,8.599,10.476,8.373,10.451,9.339,9.12,9.008,8.544,9.002,8.537,8.39,10.961,8.819,9.949,8.985
P30536,TSPO,,,8.092,8.626,7.887,9.1,9.118,8.174,8.281,9.996,7.339,7.882,7.56,8.98,9.132,8.758,7.914,9.222,8.472,8.352,6.511,,9.775,9.026,9.654,9.78,9.041,7.942,8.446,9.595,10.333,,9.068,8.904,6.329,8.008,8.789,9.702,8.8,6.566
P30566,ADSL,9.008,8.628,9.731,10.181,8.298,11.297,7.708,7.234,10.493,6.394,10.957,8.419,9.735,6.812,9.796,8.032,6.753,,8.818,9.011,8.058,6.135,7.465,11.478,7.968,7.132,9.752,10.039,8.86,10.006,6.859,10.531,9.999,7.212,9.033,9.322,8.061,7.168,9.339,10.915
P31941,APOBEC3A,9.492,8.476,7.231,6.973,9.442,6.833,6.849,7.18,8.058,6.666,8.475,8.721,7.939,8.538,,9.157,9.143,6.285,8.725,7.981,6.509,6.064,7.632,6.54,7.88,7.867,7.089,8.085,8.134,5.92,,7.894,8.963,6.929,7.858,7.79,5.886,6.772,7.82,
P32745,SSTR3,16.694,14.693,16.816,16.12,14.003,16.026,16.841,15.118,15.326,14.003,15.339,14.81,15.738,16.456,15.436,15.261,14.111,15.626,16.167,13.847,16.054,15.727,13.046,14.838,17.559,14.799,17.263,15.339,16.412,14.653,15.212,14.614,15.799,14.896,14.777,14.33,15.014,15.678,14.967,15.29
P32927,CSF2RB,,,7.954,9.534,,10.074,10.242,10.139,10.198,9.724,8.404,11.85,10.293,11.306,9.444,8.949,9.945,11.64,9.064,10.194,11.056,10.645,10.124,10.135,9.925,10.34,7.828,8.361,10.801,,9.786,8.876,9.509,10.211,8.349,10.553,10.669,10.235,8.73,9.957
P33992,MCM5,10.833,9.574,9.25,11.543,,8.729,9.639,9.264,9.264,9.089,9.824,11.151,11.5,9.563,10.504,10.185,10.017,11.342,8.598,9.698,8.501,9.325,10.552,10.048,10.299,8.663,8.948,9.022,11.741,10.245,8.108,9.284,,11.563,8.795,,10.856,10.316,10.233,10.187
P35240,NF2,14.196,14.336,12.436,16.196,12.936,13.618,,13.947,15.108,12.665,12.908,13.698,13.159,13.68,13.685,14.794,12.804,13.945,13.69,11.706,13.484,14.553,12.576,14.116,13.519,13.611,13.716,14.92,14.242,13.09,12.561,,13.101,13.729,,14.503,14.317,14.075,13.611,15.153
P35579,MYH9,11.661,11.335,11.395,11.715,11.588,11.937,11.186,11.139,12.311,11.532,12.44,,12.679,10.711,11.386,11.983,10.797,10.155,12.079,10.622,,11.423,12.362,11.729,11.477,11.515,12.001,12.22,12.648,13.384,11.068,10.309,11.637,11.743,12.478,11.213,12.123,10.76,12.965,
P35625,TIMP3,14.617,15.948,14.083,15.138,13.943,18.039,14.417,16.475,16.513,17.014,16.881,15.265,16.706,15.42,15.85,16.026,14.364,14.579,,17.047,16.043,15.816,14.065,17.201,15.008,14.352,16.656,14.704,14.961,15.187,16.024,15.462,16.647,14.275,17.311,16.275,15.445,13.617,15.223,16.372
P35626,GRK3,13.814,15.383,13.754,12.034,13.838,15.552,13.166,14.348,13.904,14.329,14.272,12.317,13.859,14.489,14.914,12.404,14.869,13.794,15.256,13.801,14.925,15.448,12.373,14.213,13.02,13.326,,14.232,13.416,14.139,14.076,14.79,15.514,12.521,15.537,13.796,12.468,11.652,15.048,16.046
P36269,GGT5,10.774,10.496,11.064,9.825,10.011,9.374,12.038,,9.111,9.892,10.175,10.604,9.775,9.946,,10.925,11.75,8.668,10.604,11.635,11.704,11.752,10.772,11.261,8.959,9.98,10.885,11.346,9.01,9.918,,10.357,11.314,11.329,10.493,9.281,12.92,10.268,9.87,10.085
P36543,ATP6V1E1,,8.829,8.341,10.42,9.295,9.412,11.332,9.788,9.604,10.77,7.809,,,8.465,8.361,8.525,9.012,9.746,,9.005,10.041,10.626,12.458,9.76,9.085,8.078,9.329,7.571,9.583,9.135,8.691,8.546,7.968,9.885,8.878,9.399,10.753,10.455,10.718,9.293
P39023,RPL3,16.094,16.188,17.549,16.331,14.211,18.309,15.497,17.589,16.748,16.886,16.636,15.344,17.283,16.007,16.624,15.954,16.247,13.761,15.977,15.701,17.015,16.253,15.037,16.493,15.138,16.338,19.301,15.575,15.385,18.631,16.916,17.011,17.589,14.734,18.589,16.101,15.999,15.93,17.632,17.251
P42356,PI4KA,12.193,12.873,13.728,12.259,13.275,13.129,12.763,13.547,13.988,13.191,13.111,13.971,13.823,12.703,11.965,13.945,12.27,14.177,11.581,11.792,11.288,12.046,14.214,12.974,13.377,15.118,13.004,12.719,13.177,12.319,11.946,11.404,12.084,13.093,12.856,12.614,14.761,,13.075,13.24
P43320,CRYBB2,15.617,15.694,14.543,17.231,,17.586,16.549,14.689,16.296,15.213,16.775,15.462,14.666,15.196,16.886,16.28,15.147,15.359,16.019,16.022,16.106,15.252,15.793,16.319,16.642,15.495,15.213,18.106,14.705,15.683,15.126,15.592,16.482,14.384,16.388,16.179,14.844,14.045,16.194,14.981
P43487,RANBP1,7.845,,5.366,6.046,7.722,6.169,,5.647,6.971,8.2,7.143,6.856,6.994,7.356,7.523,7.961,7.366,,6.411,,6.195,7.813,7.253,5.602,7.857,6.907,6.961,6.966,,7.795,8.363,7.931,7.213,6.641,7.806,7.265,5.63,6.693,5.36,7.801
P46060,RANGAP1,12.705,13.882,15.156,13.902,13.258,13.483,14.134,13.832,14.129,16.165,15.683,15.559,13.805,14.754,13.957,13.257,12.874,12.933,15.101,13.518,14.351,14.726,12.731,15.788,14.889,14.401,13.939,15.143,13.639,15.447,,13.091,13.875,14.851,14.527,13.828,14.083,14.526,13.799,14.315
P46109,CRKL,13.275,13.487,11.269,12.282,12.779,11.927,12.347,12.115,11.13,13.195,11.923,12.559,11.833,12.175,12.213,12.602,13.005,12.39,12.348,10.974,12.09,12.48,12.606,10.107,14.583,12.029,12.793,12.286,12.849,12.908,12.804,12.504,12.541,12.828,11.862,13.898,12.597,,12.222,12.014
P48050,KCNJ4,6.492,7.51,8.626,6.16,5.613,8.951,7.076,8.442,9.165,8.047,7.921,5.963,4.905,7.729,8.079,,9.375,5.714,6.901,9.102,9.419,8.886,5.882,7.428,5.444,,7.581,5.534,,,8.121,,6.303,6.159,7.431,7.638,7.006,6.74,6.572,
P48739,PITPNB,12.493,10.291,10.651,10.227,14.596,10.545,12.206,10.636,10.511,11.921,10.757,13.592,13.271,9.89,,14.565,11.255,,10.914,10.465,10.695,9.999,12.178,9.425,13.082,12.549,,12.73,13.478,12.351,9.865,12.2,11.982,14.046,10.358,11.977,12.858,12.159,10.333,12.162
P49593,PPM1F,13.425,13.624,13.195,12.526,12.529,13.764,13.421,14.196,11.383,13.046,12.703,,13.161,,13.034,13.563,13.374,12.577,12.609,13.389,13.338,12.739,13.65,13.728,12.849,14.906,12.813,11.406,12.375,15.271,11.911,,15.136,12.197,15.067,14.466,12.433,12.143,13.683,13.176
P49674,CSNK1E,4.243,5.354,6.063,6.209,4.392,7.921,5.715,6.614,6.848,,6.547,7.586,7.344,,7.06,4.38,6.608,3.922,,9.19,6.714,7.664,5.207,,7.389,5.085,7.179,6.04,6.396,5.649,8.974,3.979,,6.408,6.905,6.492,,,6.069,6.554
P50502,ST13,10.669,10.12,11.639,12.42,12.484,12.418,9.288,10.343,11.152,11.562,12.681,10.088,11.839,10.781,12.577,12.826,10.553,10.957,10.831,10.11,11.37,10.662,11.375,12.607,10.475,12.079,11.528,12.015,12.169,13.562,11.386,12.253,11.839,10.711,12.358,12.028,10.417,10.096,12.077,10.745
P53007,SLC25A1,14.568,13.29,12.689,14.157,15.967,10.528,15.911,12.224,12.701,11.206,13.37,15.077,14.579,14.601,12.851,16.149,13.835,15.278,13.232,10.608,11.531,12.651,15.894,10.836,15.607,15.729,11.948,15.29,16.502,13.189,12.242,13.235,13.025,15.57,13.22,14.911,14.669,15.237,13.849,13.497
P53671,LIMK2,10.46,9.538,7.065,9.164,8.416,10.492,9.449,9.791,9.409,9.242,9.599,9.762,10.166,8.348,10.464,8.82,8.61,10.278,7.693,8.329,,9.798,9.079,9.06,9.636,9.763,9.371,,8.194,,9.233,8.611,7.522,8.632,10.948,9.509,7.925,10.822,8.171,10.357
P53673,CRYBA4,11.806,11.383,10.073,11.19,11.409,10.876,10.521,8.152,10.446,11.3,11.393,9.51,11.704,11.867,11.143,10.107,10.177,8.875,11.423,11.044,10.512,9.723,11.64,11.353,11.491,10.19,9.524,12.352,10.9,11.193,10.709,,12.729,10.178,11.045,10.269,,10.293,10.451,11.096
P53674,CRYBB1,9.34,,10.563,11.338,9.214,10.965,9.533,9.731,11.621,10.08,10.643,9.802,11.897,10.57,,,12.722,10.467,,11.327,11.96,11.065,,12.829,10.557,9.105,11.117,11.29,10.343,9.662,11.612,12.133,9.636,8.65,10.367,11.555,8.42,,10.773,
P53675,CLTCL1,9.973,9.559,8.94,11.382,9.298,8.489,,,8.504,7.488,8.223,9.657,9.375,9.081,,8.365,10.095,10.356,9.661,9.559,7.94,8.851,10.077,7.701,8.279,7.419,9.956,9.492,10.484,8.768,11.103,10.949,9.088,9.561,8.262,,10.573,10.616,10.55,9.733
P53778,MAPK12,14.511,17.25,13.2,14.114,14.013,13.34,15.486,16.592,14.094,14.952,13.475,16.423,10.895,17.761,15.013,11.593,17.477,13.585,14.16,15.196,15.674,16.422,14.743,14.241,14.963,15.237,15.135,14.203,14.844,13.358,14.631,14.937,13.844,15.731,14.287,15.001,15.441,15.647,15.088,14.158
P53814,SMTN,14.686,12.265,12.927,13.872,14.796,10.689,12.846,13.236,12.744,12.679,11.882,15.189,13.303,14.556,13.849,15.198,14.205,13.515,12.869,11.405,11.95,11.786,15.085,13.153,14.257,16.321,12.009,12.834,14.465,14.353,13.002,14.245,13.097,15.851,12.608,16.309,15.0,13.425,13.183,
P54198,HIRA,6.389,6.006,6.623,6.946,,5.824,5.516,,4.894,5.933,6.911,6.734,,7.831,6.591,5.983,5.646,6.168,6.924,,,7.792,7.165,4.483,6.761,6.61,6.874,,8.034,,5.393,6.164,6.084,7.824,,5.876,,,3.841,5.381
P55769,SNU13,20.457,17.771,17.182,17.617,16.43,16.864,14.335,15.839,16.591,16.672,17.369,16.452,18.793,16.619,17.322,17.127,16.146,16.604,17.404,17.437,15.385,16.559,15.672,17.765,16.871,15.074,16.475,18.476,15.888,16.867,15.04,18.842,17.362,15.624,18.038,18.133,15.139,16.046,17.123,18.049
P55957,BID,12.925,13.604,14.77,13.934,15.368,14.163,14.892,15.106,14.219,13.97,14.723,14.663,15.233,15.37,13.537,15.14,14.147,14.149,14.475,15.293,14.693,13.83,14.246,13.149,14.052,14.731,13.845,14.405,15.138,14.748,14.589,13.908,13.908,15.717,14.167,15.888,15.364,15.42,13.647,12.978
P56556,NDUFA6,9.084,8.957,6.253,7.318,10.719,6.584,8.697,8.451,7.166,6.901,8.206,10.067,8.59,7.407,7.123,,8.04,,7.879,8.198,8.244,7.6,9.628,6.884,9.712,9.941,7.32,8.496,,8.397,8.612,9.861,8.914,9.603,6.624,8.287,,9.421,7.445,6.774
P56693,SOX10,13.369,15.973,14.306,12.771,15.065,12.534,14.638,14.616,15.23,14.371,14.137,14.331,13.595,13.269,13.935,15.433,14.185,14.509,13.275,13.941,13.362,15.192,14.774,13.582,13.9,14.377,14.947,13.023,14.213,13.463,13.106,14.192,13.555,13.747,12.52,12.318,14.033,13.378,12.639,13.073
P56706,WNT7B,6.226,7.372,6.638,,6.469,7.931,7.378,7.094,6.854,8.162,7.442,6.99,6.401,7.178,5.978,7.366,8.452,8.317,6.082,7.624,8.126,8.335,6.122,9.773,7.078,6.64,6.079,7.832,7.094,,7.92,7.682,7.224,6.67,7.17,9.081,,5.472,7.106,6.635
P59817,ZNF280A,17.099,15.495,14.739,16.31,17.136,16.125,15.288,14.803,13.992,15.352,14.678,16.992,15.996,17.572,16.689,16.87,15.731,18.422,15.748,15.535,16.024,14.914,16.621,15.684,18.702,17.388,15.076,17.44,15.688,15.867,15.492,17.323,18.36,16.265,16.828,16.79,17.328,16.668,16.104,14.724
P61218,POLR2F,10.529,12.485,12.826,10.586,12.791,12.749,14.268,12.336,12.846,12.071,12.818,13.067,11.763,12.767,12.391,11.161,13.483,13.13,12.711,11.651,13.21,13.251,11.385,12.379,11.872,11.255,13.011,10.797,13.449,12.501,13.385,12.549,,12.042,,11.244,13.293,12.036,10.892,12.368
P61580,ERVK-10,14.107,12.383,13.231,12.432,12.374,13.788,11.132,10.701,12.324,12.039,12.632,12.611,13.026,12.517,14.238,13.865,12.166,13.631,10.714,13.136,13.235,12.29,13.212,12.214,12.865,11.44,13.12,13.212,12.91,13.098,,,13.596,12.17,13.627,14.323,14.347,10.557,12.639,11.551
P61581,ERVK-24,7.701,7.977,6.525,7.261,7.897,7.85,7.322,7.439,5.985,7.656,,6.508,7.86,6.509,7.094,,,7.373,6.881,7.46,,8.332,6.941,8.434,5.821,7.225,7.06,8.812,,6.804,8.019,8.731,7.701,7.207,9.254,8.149,7.14,5.983,7.479,7.311
P62318,SNRPD3,17.215,13.315,15.226,16.05,14.068,15.625,15.629,14.826,16.575,15.539,16.796,15.321,17.967,14.905,17.651,17.382,15.817,15.295,14.801,15.21,13.598,15.449,15.009,15.515,14.13,14.048,17.549,15.552,15.346,14.639,14.184,16.185,16.137,14.697,16.454,15.686,16.105,16.705,17.123,15.622
P62877,RBX1,4.023,6.955,6.075,4.877,6.389,8.164,,5.695,6.661,7.185,6.614,5.109,6.417,5.594,5.106,3.943,6.228,4.977,5.739,4.721,,5.94,5.441,8.384,,5.703,7.603,5.925,5.581,4.008,7.729,3.796,4.235,3.982,5.982,5.078,5.08,5.231,5.843,6.627
P68036,UBE2L3,6.323,9.026,,6.31,5.463,9.757,9.11,7.999,7.489,7.958,8.967,,7.836,7.859,5.565,5.707,7.051,8.196,10.269,,8.319,,6.906,7.637,6.616,,7.837,,,7.171,9.616,5.414,9.193,6.416,8.411,8.604,8.105,6.742,,6.827
P78395,PRAME,8.754,5.083,6.119,7.681,8.409,5.231,7.945,,7.282,7.462,8.085,9.07,,7.026,,6.784,8.383,7.789,7.219,,7.592,7.854,8.845,8.481,6.53,8.166,8.332,7.093,7.447,7.277,6.874,8.592,7.113,8.404,7.965,,7.553,6.665,5.847,5.141
P85298,ARHGAP8,13.556,13.595,12.202,11.912,13.12,12.784,14.775,13.093,12.425,14.5,13.084,12.743,14.436,14.245,12.043,13.845,13.188,15.47,12.929,12.661,12.64,12.72,14.679,12.656,12.48,13.728,12.601,13.612,12.978,12.409,13.101,14.289,12.033,14.245,14.501,13.594,12.205,14.652,13.401,11.913
P85299,PRR5,9.723,8.069,7.543,8.201,8.101,7.6,6.78,5.515,8.556,7.442,8.279,8.729,,,8.603,9.245,,9.452,9.737,9.812,9.816,6.722,9.524,8.377,8.535,7.796,7.301,6.572,9.447,7.82,7.911,10.914,9.192,7.962,9.593,9.62,,9.569,7.623,9.774
P86434,ADORA2A-AS1,13.761,15.037,14.59,14.419,14.859,15.705,15.498,14.604,15.231,14.999,15.858,13.885,15.608,15.107,13.75,13.381,15.306,12.736,15.008,14.735,15.023,15.371,13.756,13.946,15.506,14.247,15.787,14.763,14.865,15.252,15.961,15.017,15.019,14.893,15.147,13.303,14.445,15.992,15.389,14.964
P98153,DGCR2,10.082,10.686,11.134,11.823,14.302,10.601,13.62,11.517,11.061,12.804,11.649,12.618,9.418,10.846,11.005,12.039,12.161,13.145,12.118,11.623,9.127,11.899,12.009,9.458,12.975,12.442,9.906,11.139,13.259,11.647,9.496,10.789,10.815,12.805,10.497,12.341,11.337,12.958,12.461,8.554
Q00587,CDC42EP1,,4.902,4.959,6.822,7.76,4.184,8.369,5.232,5.318,5.387,5.399,,3.798,6.275,3.921,7.616,,,2.806,3.551,4.065,5.913,6.966,3.503,,6.023,5.327,6.448,7.251,6.347,3.016,,5.442,6.874,4.379,4.327,7.014,7.097,4.549,4.817
Q01844,EWSR1,5.475,6.973,9.302,6.269,,7.46,4.987,6.775,7.557,8.493,7.541,5.518,5.979,5.926,,5.357,5.795,,6.216,7.972,7.522,7.086,5.692,7.098,4.496,5.165,7.951,7.299,5.527,5.616,9.012,5.993,,4.725,7.678,6.43,6.18,,6.517,6.055
Q04917,YWHAH,,7.425,5.189,6.069,,6.062,8.359,5.694,6.455,8.093,5.648,6.029,6.895,6.858,5.804,5.807,6.076,,7.715,,6.623,7.141,5.771,6.364,5.303,6.232,4.977,5.419,7.297,5.265,7.203,5.733,6.437,5.65,5.891,5.579,5.484,7.521,5.762,
Q07869,PPARA,10.637,13.729,11.928,11.217,11.294,11.367,11.553,12.597,11.478,12.97,10.71,11.823,11.656,13.005,13.406,12.114,12.64,11.48,12.186,11.961,13.176,10.345,11.573,13.232,,12.045,12.586,11.026,,10.239,12.731,11.809,10.995,12.355,11.246,11.791,11.089,12.523,11.59,13.131
Q09327,MGAT3,14.744,13.816,15.118,13.629,14.504,14.837,14.02,11.329,13.255,13.683,14.311,12.932,12.292,14.361,13.887,13.406,14.766,13.402,16.023,14.883,14.722,14.738,13.713,14.045,15.082,14.851,14.286,13.89,13.599,14.235,13.309,13.682,,15.314,12.28,15.306,15.084,13.797,13.034,15.275
Q09472,EP300,8.38,7.366,7.676,,8.493,6.978,7.838,7.189,7.526,7.644,8.069,8.357,8.168,7.809,8.921,10.073,8.188,8.763,5.45,7.61,5.445,8.572,8.652,,8.859,8.045,6.459,9.082,10.712,8.997,7.222,9.868,7.725,8.328,,10.0,9.621,8.755,6.54,6.125
Q10567,AP1B1,13.381,14.142,15.3,15.026,14.374,14.171,14.206,15.684,13.862,14.117,14.599,13.938,14.277,13.097,14.253,15.798,13.753,14.193,13.145,14.259,,15.027,15.401,14.113,13.938,14.742,13.591,14.597,13.858,,12.963,14.134,16.448,13.761,13.285,15.202,13.855,14.431,14.184,13.496
Q10571,MN1,7.173,7.291,6.016,7.168,5.388,7.885,7.279,7.841,8.455,,7.772,7.27,,7.351,8.997,6.041,7.733,6.257,7.246,,7.078,,5.669,9.493,5.761,6.305,,7.845,6.665,7.421,,7.741,7.072,5.992,,6.582,,5.754,8.707,8.769
Q10587,TEF,13.991,12.939,,14.606,12.903,16.359,13.724,12.782,15.313,15.228,15.035,14.996,13.956,15.629,13.748,12.81,13.981,12.139,14.025,14.67,14.093,13.167,13.583,16.343,12.289,12.437,15.9,13.572,13.161,15.667,13.878,13.968,14.651,11.803,14.044,15.534,13.692,14.42,15.151,14.903
Q12772,SREBF2,16.592,14.724,16.183,14.673,14.803,17.288,15.44,14.8,15.162,14.296,14.58,14.451,15.696,14.837,16.449,14.87,16.323,14.664,15.745,14.519,14.904,14.916,15.397,14.4,16.96,15.539,15.177,,16.187,16.194,14.358,15.875,15.795,15.413,14.633,16.142,16.636,15.311,14.976,15.212
Q12824,SMARCB1,11.766,11.025,15.202,13.639,15.703,11.371,12.564,14.402,13.46,,12.37,12.946,12.234,10.882,,12.844,12.847,13.741,12.207,13.22,12.733,14.508,15.318,12.269,14.09,14.204,14.944,13.061,13.543,12.793,12.142,13.001,12.566,14.198,12.481,13.27,14.417,15.455,13.578,12.017
Q13323,BIK,14.637,14.496,14.31,15.977,14.095,12.848,13.295,12.306,13.243,12.123,,12.896,15.597,13.36,14.923,,13.492,12.89,11.356,11.579,11.903,11.648,13.296,13.052,,13.376,12.979,13.734,13.919,13.995,12.355,14.751,15.616,13.433,14.485,15.642,13.581,13.017,12.655,13.79
Q13356,PPIL2,14.881,14.369,13.484,14.301,15.101,14.066,14.881,14.47,14.354,15.318,11.777,14.605,14.715,16.525,14.681,15.342,16.621,15.023,16.436,14.571,13.148,12.765,14.085,13.757,13.797,14.915,14.679,14.56,,14.588,14.75,14.519,14.043,15.129,14.134,14.298,15.557,17.158,13.736,13.588
Q13387,MAPK8IP2,,6.134,4.955,8.361,6.398,7.55,7.211,6.49,5.666,6.322,5.84,6.543,6.184,7.178,7.535,5.574,6.671,6.429,6.762,6.873,6.09,6.296,8.64,,,8.238,7.125,6.889,7.258,6.567,7.601,,6.765,6.038,8.948,7.88,,5.844,6.292,6.525
Q13615,MTMR3,,8.51,9.057,8.101,6.89,7.866,6.787,8.933,8.727,7.991,,6.744,6.425,6.491,,6.573,6.978,7.751,,10.237,10.706,8.229,,,8.255,7.504,11.233,7.974,5.395,,9.41,8.088,9.198,4.655,8.822,9.237,5.966,7.728,8.477,7.989
Q13769,THOC5,7.099,7.545,6.771,,6.799,7.677,8.944,6.708,,5.957,6.617,8.983,7.962,7.839,6.416,6.387,7.576,8.052,9.19,6.907,9.014,6.611,7.717,8.692,8.145,6.757,8.473,9.454,6.097,,8.819,6.852,7.254,8.387,7.009,6.972,6.183,8.053,7.127,
Q14106,TOB2,11.145,9.543,7.998,10.525,11.333,10.789,10.999,9.633,10.075,11.15,9.19,10.509,10.585,11.91,10.061,11.553,11.836,10.144,11.819,11.47,11.993,11.414,10.766,9.743,,,10.448,,10.494,9.885,9.569,10.718,9.65,10.123,10.917,11.584,10.353,10.982,10.109,
Q14129,DGCR6,13.293,13.363,13.626,16.368,12.736,14.539,13.415,13.885,13.107,14.233,13.585,13.42,13.257,14.778,12.618,12.9,12.998,14.034,14.544,,,14.504,13.187,14.99,12.918,13.939,14.709,13.053,13.087,12.697,14.519,12.889,15.011,12.358,14.624,13.406,13.378,13.449,14.504,13.568
Q14166,TTLL12,11.452,13.402,12.13,10.408,11.406,13.595,10.612,12.995,12.53,11.332,12.027,11.85,12.918,13.962,13.234,10.5,12.469,11.349,14.021,14.685,14.286,12.984,12.222,13.874,10.568,11.43,12.962,12.052,10.005,10.85,14.39,10.601,12.772,11.231,14.139,12.568,11.314,11.137,12.501,12.834
Q14390,GGTLC2,15.633,14.395,13.332,15.385,13.844,14.336,14.691,14.058,15.642,14.654,16.055,15.027,13.508,14.122,13.749,13.727,13.774,14.652,13.37,13.117,15.474,13.008,13.224,13.819,15.76,13.451,14.809,14.411,14.598,13.977,14.38,14.99,13.464,13.5,13.807,14.434,15.054,15.226,14.491,15.063
Q14565,DMC1,7.77,7.236,,7.263,8.596,5.799,8.421,7.756,8.848,6.228,8.547,,9.651,6.352,9.694,8.281,8.66,,8.15,10.696,9.697,8.545,7.962,,8.705,8.03,7.311,6.92,8.727,8.068,8.967,10.51,9.802,8.35,7.922,,8.391,8.508,8.567,7.566
Q15040,JOSD1,12.212,12.309,12.987,12.566,14.513,13.131,13.379,13.36,11.838,13.17,12.42,15.267,12.784,11.047,12.716,13.526,13.644,12.673,14.708,13.876,14.189,11.843,,13.165,12.614,15.165,13.188,11.994,12.615,12.898,15.278,12.489,12.223,12.67,12.416,11.61,14.439,13.281,12.185,13.3
Q15049,MLC1,9.37,7.223,5.702,8.581,10.071,6.792,8.05,6.009,7.717,6.804,8.208,,9.064,,7.919,9.193,6.79,9.359,8.668,,,,9.286,,8.035,9.496,6.907,8.142,9.81,8.402,7.335,9.696,9.168,9.632,7.442,8.174,9.377,8.879,7.559,7.808
Q15080,NCF4,5.869,8.328,,8.888,10.735,8.445,7.653,9.215,8.587,8.596,8.265,8.528,9.055,6.971,6.116,8.447,,9.502,7.736,9.101,,9.249,,8.219,9.183,8.661,6.831,7.96,8.187,8.461,6.636,7.839,8.182,7.837,7.777,7.966,9.183,7.781,8.316,8.406
Q15459,SF3A1,13.183,16.094,12.999,13.877,12.552,13.575,12.473,14.079,14.43,14.281,13.457,11.805,13.666,12.93,14.721,11.439,14.393,11.138,14.415,,14.947,14.47,12.111,14.806,11.373,11.794,13.175,13.59,11.891,13.719,14.076,11.598,14.299,11.287,14.814,11.169,11.482,11.507,13.207,12.869
Q15735,INPP5J,13.316,14.351,15.367,15.978,15.084,16.396,14.435,14.758,12.044,14.014,14.637,15.361,14.487,15.394,12.991,13.444,13.79,15.55,15.83,14.606,13.149,16.747,16.492,12.349,15.051,16.583,11.875,12.764,17.284,13.754,15.323,13.351,15.27,16.098,14.264,13.649,15.329,15.884,13.829,14.298
Q15750,TAB1,13.043,12.815,10.655,11.627,,11.292,12.196,,9.973,12.014,10.812,11.243,12.946,12.268,11.385,11.695,12.156,11.724,14.521,13.531,13.591,12.009,12.396,10.619,12.263,11.116,12.711,11.806,10.862,,13.436,10.776,12.15,13.18,,11.597,11.904,11.683,10.893,11.627
Q15759,MAPK11,5.079,5.986,6.524,6.047,7.582,5.133,7.451,,5.956,4.717,4.468,6.941,6.479,5.543,4.963,7.353,4.809,5.724,5.246,6.346,4.115,6.319,6.945,4.959,8.163,6.875,6.652,6.601,6.704,5.262,6.226,4.948,5.001,,6.339,5.368,7.28,,6.667,6.801
Q16587,ZNF74,9.492,10.913,11.889,12.33,11.818,12.08,10.996,12.408,13.935,12.769,12.385,,12.054,12.572,11.406,12.409,11.921,12.368,12.125,11.231,11.864,13.216,13.156,11.751,13.42,11.072,12.149,12.632,14.403,12.796,9.363,13.99,11.773,11.594,10.509,12.617,12.98,12.467,12.944,10.693
Q16762,TST,5.371,6.442,5.204,5.51,7.112,5.269,6.839,5.594,,6.237,5.505,,5.019,5.93,5.642,6.058,6.018,6.226,6.304,6.872,6.768,7.485,6.765,6.339,6.472,6.567,5.763,5.093,6.148,5.817,6.118,,4.923,6.093,,4.737,5.79,5.31,4.201,4.588
Q2M1V0,ISX,14.155,14.719,12.469,13.165,15.997,13.252,16.097,12.695,13.769,12.936,12.98,16.261,14.095,14.378,13.401,16.2,16.795,16.183,13.782,15.07,,14.929,,13.52,14.593,14.654,12.945,13.003,15.251,14.644,15.615,14.323,15.544,15.839,13.387,12.728,14.133,14.183,13.67,12.661
Q2NKQ1,SGSM1,12.781,13.674,13.347,13.883,12.805,13.684,13.307,12.641,14.886,12.132,,12.659,13.356,10.748,12.897,12.848,11.673,13.485,12.05,13.119,12.22,12.73,12.838,13.776,13.648,13.786,14.509,,14.004,14.262,13.102,13.725,12.354,13.82,13.427,12.919,13.497,13.67,13.529,11.336
Q2VPJ9,LRRC75B,8.746,6.925,8.627,9.216,8.807,7.536,8.301,8.846,7.725,,7.68,8.573,,8.512,8.623,8.139,,9.532,8.119,8.605,7.133,6.301,8.481,,10.089,7.104,9.142,9.586,7.196,,8.226,9.791,9.188,,9.42,9.808,6.771,,8.808,7.402
Q2WGN9,GAB4,6.345,7.431,8.492,7.022,5.005,8.688,6.439,7.59,,6.712,9.293,4.207,7.307,,4.937,3.902,7.097,5.456,7.82,6.998,8.584,7.739,7.249,9.305,6.855,5.911,9.609,6.462,4.334,,8.028,6.661,7.79,5.978,7.422,7.87,6.394,5.326,6.04,8.557
Q3SXP7,SHISAL1,9.089,7.481,7.287,7.888,9.663,6.714,8.06,4.995,8.968,,7.485,8.503,,7.071,,11.056,7.071,8.546,7.84,8.558,8.033,6.733,8.228,8.007,9.058,8.846,,8.577,8.571,7.298,8.903,7.753,8.119,9.667,7.749,,,,5.983,8.377
Q3SYA9,POM121L1P,13.907,14.984,14.26,15.098,15.987,14.023,15.131,13.81,15.442,14.773,13.954,15.513,16.285,15.916,14.42,15.521,14.863,16.014,13.396,15.776,14.901,15.346,16.931,13.867,15.144,14.533,14.084,14.779,16.324,14.508,15.696,15.787,15.097,16.696,15.205,15.483,16.456,18.097,,14.829
Q53GT1,KLHL22,10.112,11.405,9.52,,11.256,,11.739,10.788,12.002,10.169,11.765,12.036,10.247,9.609,11.222,10.748,10.672,11.472,10.151,10.657,10.545,11.953,10.984,10.372,10.527,10.41,9.987,12.269,10.203,13.3,,11.929,11.521,10.641,10.92,8.929,11.973,10.074,12.173,12.564
Q569K6,CCDC157,15.183,11.901,12.366,13.921,15.719,11.238,13.208,12.374,12.587,14.145,13.987,14.111,14.092,13.37,14.113,17.452,14.31,,13.004,13.097,13.019,10.451,13.482,12.065,14.668,14.238,11.575,14.05,14.839,14.839,13.003,14.755,14.107,12.9,12.876,11.874,15.627,14.115,14.88,13.487
Q5BKY6,Q5BKY6,13.774,11.572,,13.625,13.51,12.01,,9.567,13.869,10.51,11.626,13.923,11.395,12.261,13.025,15.155,12.335,14.139,11.277,12.238,9.854,10.921,11.879,11.348,12.517,12.708,12.275,13.384,15.386,13.122,,,10.862,13.459,11.389,11.922,13.012,14.079,11.811,12.447
Q5GH77,XKR3,13.226,11.19,13.272,10.768,11.257,14.311,11.266,10.594,13.227,11.476,13.223,11.968,13.027,12.953,14.423,14.002,13.339,10.978,12.89,11.795,,11.869,11.269,13.105,10.413,13.507,,12.496,12.398,13.426,13.725,,14.189,11.052,13.28,14.277,11.388,11.648,13.117,13.587
Q5R3F8,ELFN2,7.189,8.422,9.426,7.671,7.519,,8.262,7.47,,7.51,9.735,8.492,10.124,8.39,8.831,8.56,8.529,7.605,8.557,9.28,8.275,6.135,6.763,9.565,7.378,6.562,9.39,8.307,7.89,10.328,9.032,8.478,8.984,6.234,9.96,9.118,7.962,7.809,8.569,8.157
Q5R3I4,TTC38,16.021,15.963,17.526,15.897,13.513,15.113,16.474,13.899,16.114,15.28,15.677,15.911,15.807,17.638,16.009,16.872,14.517,16.971,14.431,15.599,14.871,16.172,16.312,16.265,16.179,15.435,16.873,14.986,13.969,14.392,16.225,15.336,15.396,15.19,15.437,15.3,15.756,14.15,14.485,14.465
Q5THK1,PRR14L,9.021,9.918,6.881,8.341,,7.552,9.18,10.918,8.637,10.338,8.008,8.095,,,8.172,9.026,8.097,7.897,,,9.792,8.869,,8.959,9.294,10.085,8.883,9.204,,8.058,,8.533,8.019,10.401,7.633,,9.716,8.665,7.95,
Q5THR3,EFCAB6,10.499,13.483,,10.505,9.39,14.195,11.436,13.603,10.746,13.703,12.662,9.666,10.799,12.61,10.042,9.974,12.536,10.302,,11.302,12.692,12.857,11.332,12.977,12.024,11.225,12.565,9.705,8.913,12.831,12.937,11.588,10.132,10.217,11.428,12.194,12.935,11.283,11.147,11.523
Q5TIA1,MEI1,13.385,12.879,11.359,12.23,11.586,13.359,13.613,,12.996,11.505,13.006,14.437,12.832,12.063,12.07,12.735,13.148,11.419,13.398,11.918,13.966,12.595,12.891,13.7,13.088,12.761,15.171,,14.044,13.242,13.116,12.386,13.029,12.923,14.539,12.336,12.007,11.621,11.868,12.962
Q69YQ0,SPECC1L,,11.597,12.942,11.807,12.149,12.938,12.291,13.323,12.432,11.691,12.321,12.27,13.137,11.456,12.214,11.513,12.618,11.805,12.026,11.805,12.289,11.757,13.212,12.599,10.812,12.487,13.599,12.351,11.732,13.601,13.877,13.355,12.291,13.428,12.394,12.036,12.31,11.385,12.53,12.92
Q6IBW4,NCAPH2,13.153,17.063,15.751,13.647,15.233,17.913,14.902,16.913,16.826,14.436,16.626,13.475,14.691,15.554,14.916,14.753,14.354,15.041,16.657,15.884,17.119,16.374,15.476,15.577,15.304,15.635,17.102,14.672,14.013,13.766,16.102,13.697,15.103,13.686,17.208,15.189,14.969,14.617,15.354,17.7
Q6IC83,C22orf42,6.979,6.676,5.979,7.728,8.852,6.023,7.56,6.934,6.678,7.844,7.285,8.5,7.21,7.129,8.078,6.229,6.234,7.717,6.478,6.692,6.86,8.206,,7.844,,7.854,7.131,7.6,9.069,6.281,6.311,7.783,6.224,,7.753,6.653,8.123,7.98,8.085,7.412
Q6IC98,GRAMD4,10.115,11.303,9.938,9.153,11.306,,10.128,11.67,9.846,11.642,9.194,11.07,11.617,12.196,10.0,9.612,11.939,11.674,11.476,11.488,12.21,10.311,11.489,11.331,11.296,10.639,9.364,9.808,11.613,11.608,11.795,10.572,10.397,9.853,10.292,9.659,,10.494,9.304,8.61
Q6ICB0,DESI1,7.792,10.99,9.385,9.267,,9.978,8.91,9.671,10.138,10.798,11.649,11.066,9.025,10.55,10.503,9.716,10.09,10.186,,9.481,10.333,9.846,10.571,10.525,7.98,9.693,11.546,9.73,9.883,9.593,10.181,10.56,9.581,8.752,8.79,9.646,8.752,8.822,,9.74
Q6ICB4,PHETA2,14.39,10.382,11.9,10.635,11.546,12.587,9.066,8.89,11.517,10.861,11.144,12.368,12.136,11.922,12.317,12.418,11.381,,12.112,11.844,11.332,12.071,11.144,11.602,11.265,10.048,10.448,10.892,,10.607,10.141,12.733,11.15,11.047,11.733,,10.17,11.321,11.352,12.336
Q6ICC9,RTL6,7.646,6.809,9.22,8.553,8.166,7.837,8.231,7.16,,8.631,,6.414,6.304,6.687,7.461,6.862,,,7.12,5.682,6.398,8.335,6.308,6.538,6.155,6.588,,6.171,5.541,8.627,5.77,4.902,8.032,7.386,7.227,7.692,8.537,6.997,7.085,7.209
Q6ICG6,KIAA0930,7.317,,7.591,8.964,6.969,7.038,7.017,,8.124,8.24,7.618,6.361,5.475,6.414,7.832,6.203,7.724,6.49,5.295,6.206,5.335,8.508,5.623,6.632,6.816,,8.246,7.182,7.283,7.148,6.357,5.876,5.105,7.125,6.885,,7.505,7.058,6.868,7.08
Q6ICG8,WBP2NL,8.469,,,,8.479,9.075,8.722,8.447,8.988,9.37,9.419,9.447,9.275,7.599,8.936,7.586,8.406,5.244,9.72,8.002,9.423,8.199,8.841,,9.239,,8.676,7.517,8.818,9.327,,9.452,9.654,8.085,9.72,8.745,7.943,6.607,,9.362
Q6ICH7,ASPHD2,10.555,8.95,10.044,9.564,9.059,10.486,,9.75,9.136,9.597,10.88,9.42,10.849,11.212,10.598,8.543,11.753,9.222,10.056,10.487,,8.615,10.764,9.112,9.011,,9.473,11.367,7.466,9.399,,10.584,10.386,9.391,10.04,9.298,7.849,8.888,8.655,9.484
Q6ICI0,LHFPL7,11.411,9.669,9.927,,11.281,6.528,9.812,9.222,9.574,8.578,,12.232,9.92,9.789,,12.929,10.238,,10.213,11.095,6.948,8.155,10.106,8.194,10.882,11.102,8.739,10.847,11.963,10.062,8.179,12.548,8.822,12.206,,11.022,9.643,10.976,,8.499
Q6ICL3,TANGO2,13.803,10.975,14.304,13.969,14.067,11.354,11.71,9.875,12.249,,11.44,14.796,14.034,,13.318,15.321,,12.74,12.632,,11.287,11.451,12.982,10.918,11.54,12.728,12.19,12.761,12.648,13.79,,12.891,13.858,14.594,11.506,12.361,11.442,13.059,13.868,12.634
Q6ICL7,SLC35E4,11.715,11.954,12.633,12.29,11.708,11.305,14.356,11.657,11.617,13.118,11.965,13.58,11.986,12.937,11.898,,12.288,12.878,12.493,13.079,11.579,10.853,12.274,10.809,12.33,12.59,11.937,12.296,13.295,12.847,,11.581,11.577,12.281,12.497,13.865,14.074,12.445,11.757,12.961
Q6NTF7,APOBEC3H,9.995,11.9,9.545,8.315,10.121,8.762,,8.223,8.861,9.23,8.504,11.999,10.886,,9.1,10.463,,9.124,11.824,11.061,9.28,9.723,10.203,10.907,10.219,,,10.385,11.081,9.544,10.505,10.636,9.172,10.839,9.709,10.625,,9.786,10.337,11.297
Q6NUI6,CHADL,8.902,9.042,11.209,,9.217,9.566,10.742,10.859,12.349,11.097,11.317,10.041,10.491,9.844,11.002,11.522,9.114,9.283,9.532,9.069,9.038,10.829,9.644,9.934,11.063,9.762,12.456,11.009,9.967,11.475,8.982,,,9.917,9.29,13.092,,9.844,11.655,10.826
Q6NVV7,CDPF1,6.771,8.496,9.009,8.28,7.435,10.372,8.27,8.768,8.674,7.815,9.209,,9.465,5.928,7.017,,,7.348,,6.939,8.154,8.133,7.235,8.424,9.415,8.162,8.48,9.148,6.611,7.379,6.681,,,8.049,8.702,9.519,7.569,7.217,10.497,9.503
Q6NXT1,ANKRD54,13.596,13.395,10.686,11.149,11.748,11.613,12.988,10.031,10.556,11.674,10.501,12.24,12.457,10.989,,14.305,12.384,13.248,12.741,13.029,10.302,10.994,12.464,10.803,12.819,11.177,10.724,12.68,13.792,11.677,12.531,13.702,14.008,12.394,11.955,11.239,13.737,,11.071,12.788
Q6P575,GUSBP11,8.021,,,9.871,8.421,8.123,9.538,,8.954,8.922,9.001,9.373,7.136,7.838,9.669,9.299,9.191,,7.98,,9.624,,8.739,9.93,9.204,9.37,9.552,9.472,7.511,9.636,7.535,9.726,9.756,9.353,7.717,,9.238,8.788,8.882,7.867
Q6P5X5,C22orf39,6.857,5.502,6.84,5.892,5.213,6.853,,,6.578,5.718,5.38,6.994,5.798,6.331,7.353,6.833,5.468,3.826,5.725,6.999,,,,7.13,6.287,6.17,,7.79,5.721,6.9,6.792,4.555,,6.115,8.158,6.671,6.759,5.423,,6.097
Q6PGQ1,DRICH1,11.465,9.85,8.998,10.041,9.802,8.632,10.022,12.231,8.527,11.317,10.083,9.758,9.437,10.93,10.475,9.969,12.19,10.326,9.667,10.608,9.814,10.139,9.23,11.024,10.659,10.423,8.796,9.511,,10.392,7.862,10.913,10.911,11.36,11.227,,9.618,11.129,8.771,9.845
Q6S545,POTEH,9.801,10.992,11.742,10.833,9.001,13.398,9.776,14.432,12.933,12.533,12.489,10.023,11.078,9.723,10.531,9.74,11.605,8.34,10.922,10.712,11.65,11.58,,13.473,9.585,10.407,12.867,10.423,8.699,12.395,,9.053,9.151,8.879,12.287,10.139,9.003,8.698,11.741,11.467
Q6UXH1,CRELD2,8.054,,9.802,,5.808,9.728,7.19,9.617,9.603,9.39,10.299,7.178,8.99,6.644,,7.826,7.608,8.574,9.785,9.012,9.397,8.222,,9.458,7.803,,10.076,7.059,7.636,9.852,9.05,8.805,9.366,7.326,8.124,8.265,8.141,6.345,10.379,9.29
Q6UXV3,UNQ6126/PRO20091,11.685,13.193,10.707,11.939,11.503,12.881,11.745,11.529,11.79,12.017,,11.516,12.555,12.447,13.413,12.048,12.312,,12.347,12.95,12.522,11.794,12.679,13.253,11.015,11.206,12.702,10.356,10.621,12.263,10.048,11.566,11.203,10.658,11.08,,12.868,9.763,11.401,12.534
Q6UXY1,BAIAP2L2,12.42,12.043,11.782,12.637,12.657,11.678,10.492,11.735,13.209,12.246,11.602,11.079,12.455,10.659,11.978,12.502,12.088,11.822,,,11.59,11.453,11.284,12.971,12.415,10.828,11.463,12.675,,12.437,10.989,11.353,12.105,12.878,12.874,12.144,12.542,10.525,12.458,12.273
Q6ZQY2,LRRC74B,11.642,14.004,13.403,11.823,11.38,13.057,13.115,12.943,12.894,13.934,11.549,11.79,12.46,11.856,12.09,10.365,13.899,11.207,13.27,14.006,13.434,14.969,12.88,13.804,12.721,13.656,10.764,12.365,11.353,11.306,13.811,11.575,11.109,,12.27,11.158,13.179,11.918,13.458,12.31
Q6ZR54,Q6ZR54,13.306,12.373,13.247,13.254,,16.167,,12.698,12.62,13.551,12.227,11.582,12.782,12.292,13.205,12.819,12.738,10.749,14.566,14.161,13.743,13.312,12.87,14.819,13.11,12.693,12.995,12.209,10.935,11.591,14.402,12.969,12.855,11.117,12.503,11.602,11.684,,13.566,13.546
Q6ZT62,BARGIN,11.947,13.426,12.825,11.384,12.443,11.635,13.448,14.029,12.25,12.58,11.177,12.176,13.028,11.373,10.974,11.373,13.315,12.517,13.77,12.403,13.32,13.28,12.366,12.709,13.093,12.629,12.85,,11.415,10.742,11.976,12.126,11.062,12.497,11.998,13.019,11.588,10.117,11.723,12.476
Q6ZVW7,IL17REL,9.1,9.252,8.396,10.122,10.568,8.802,9.508,7.962,10.245,9.568,7.692,9.873,9.459,9.313,7.864,,9.186,9.907,,,8.215,9.066,9.537,7.934,9.757,9.399,8.917,9.21,9.725,8.086,7.678,8.675,8.381,9.6,8.39,8.925,,11.286,8.292,8.798
Q7L3V2,RTL10,10.73,12.993,12.132,11.668,12.888,12.816,11.711,14.267,13.512,14.152,11.753,13.944,11.079,14.092,13.473,12.401,13.341,14.211,14.239,13.76,13.236,14.195,,11.611,11.892,13.849,11.58,13.485,13.496,12.922,,12.693,12.352,13.974,12.29,,15.03,16.826,10.434,12.188
Q7RTP6,MICAL3,11.673,10.32,10.114,10.999,12.163,11.43,12.499,9.821,9.413,11.86,10.446,11.23,12.409,12.924,12.088,11.111,9.735,12.511,11.186,11.095,9.719,11.321,11.219,11.435,12.4,11.492,11.718,11.202,13.216,10.797,12.097,11.999,12.924,14.596,10.421,9.203,11.222,12.269,11.124,11.326
Q7RTV0,PHF5A,10.926,9.04,12.948,11.581,8.815,11.833,10.329,10.699,11.228,,13.782,8.485,10.619,9.817,11.011,10.067,10.645,9.645,9.244,9.793,,11.25,8.971,11.126,11.18,10.394,11.545,10.959,10.393,11.657,9.316,11.164,9.814,9.898,10.868,11.992,,9.917,10.552,10.836
Q7Z3Z3,PIWIL3,13.507,11.959,14.435,14.594,12.909,13.373,11.473,11.663,13.397,12.383,13.735,11.711,13.07,11.873,,13.156,11.046,11.729,12.799,12.624,12.136,11.735,11.589,13.067,11.92,11.384,13.592,14.467,11.213,12.848,11.956,12.936,14.091,13.442,13.283,12.702,12.808,12.184,14.354,15.464
Q7Z412,PEX26,7.661,9.051,8.085,,8.267,11.494,7.67,9.781,10.375,9.465,10.24,7.981,10.342,11.629,10.198,9.695,9.366,8.869,9.082,10.439,10.276,9.552,8.875,10.445,9.164,10.627,10.07,8.198,5.868,9.232,10.794,8.266,9.375,7.715,8.29,9.525,8.63,,10.564,9.07
Q7Z4H4,ADM2,12.992,,11.211,11.22,11.592,11.306,10.799,11.631,,11.012,11.879,11.152,12.564,11.067,,12.051,12.772,10.634,11.443,11.757,11.576,11.765,10.824,,10.777,11.0,10.339,10.821,10.514,11.13,10.934,10.705,10.788,9.838,10.698,10.87,9.917,10.065,11.035,11.031
Q7Z4Y8,ATP5MGL,13.892,14.264,13.927,12.526,11.977,15.268,14.699,12.216,12.217,12.908,12.24,13.142,14.05,12.779,15.918,12.533,12.307,14.043,13.468,14.504,13.348,13.066,13.204,14.329,14.408,13.043,13.636,13.322,13.607,12.318,13.852,12.852,12.77,12.86,12.443,12.5,12.825,14.013,11.972,13.991
Q7Z5A7,TAFA5,15.017,15.989,16.088,14.539,12.687,17.313,13.823,17.524,17.594,15.393,17.54,12.896,14.728,15.093,15.34,13.892,15.976,13.144,16.251,15.407,16.285,,14.705,18.313,14.504,12.078,16.784,14.593,13.594,15.887,16.293,14.338,15.817,14.615,16.368,14.632,14.28,15.017,16.526,16.602
Q7Z6W7,DNAJB7,14.548,16.262,13.605,15.059,15.493,14.788,14.408,14.238,15.406,15.271,15.309,14.738,14.372,14.74,13.881,13.396,15.183,14.525,15.359,14.333,16.101,15.248,15.202,14.745,14.667,14.898,15.917,15.001,15.335,14.47,15.098,13.597,17.041,15.587,16.366,14.397,15.758,14.342,15.349,16.537
Q7Z6Z6,PNPLA5,11.548,,10.485,11.827,11.857,10.031,10.474,8.873,10.618,10.34,10.644,12.434,12.123,9.817,11.673,12.383,9.453,,11.433,12.417,10.811,10.388,11.289,10.575,11.566,11.15,11.162,12.632,11.812,11.919,11.01,11.588,,11.06,11.107,11.769,10.272,10.574,12.253,12.094
Q86V35,CABP7,9.916,8.772,10.115,11.184,11.294,9.762,10.322,9.733,9.389,9.33,8.791,13.155,9.374,11.372,11.435,10.465,10.492,11.674,12.395,9.896,9.333,10.063,10.549,9.743,10.225,10.492,10.108,11.706,9.716,11.755,11.321,10.209,8.011,9.694,8.468,11.313,10.351,10.443,10.021,11.409
Q86V86,PIM3,14.23,11.98,13.702,15.454,15.128,12.363,15.0,11.619,15.295,14.461,13.77,14.016,14.403,12.594,12.417,14.776,14.387,16.189,14.035,12.761,12.404,13.974,13.643,11.695,14.236,15.965,12.186,14.969,15.35,16.031,12.414,13.846,12.078,14.001,12.203,14.729,14.012,15.487,13.194,12.38
Q86WX3,RPS19BP1,6.238,9.05,8.478,6.967,8.618,7.487,9.326,,9.689,9.621,7.877,9.533,7.091,9.562,7.649,6.13,8.202,7.863,7.926,10.628,8.772,10.911,8.116,9.291,9.188,7.958,7.745,9.198,8.475,8.335,9.751,8.034,9.006,8.519,8.455,6.999,7.562,8.918,7.965,
Q86YH2,ZNF280B,15.917,,15.861,14.814,12.743,14.538,14.453,12.4,15.552,15.122,,14.584,15.737,14.112,16.655,15.628,13.667,14.223,14.592,15.484,14.027,15.548,14.202,14.158,15.387,14.408,16.646,16.632,15.24,,13.62,16.164,14.343,13.782,14.814,14.38,14.345,14.675,14.943,14.834
Q8IU80,TMPRSS6,12.33,9.852,12.177,12.89,11.91,11.403,11.436,10.848,11.354,11.664,12.087,,11.611,10.827,11.194,12.94,10.09,10.745,9.91,9.929,8.246,10.915,12.414,11.174,9.652,11.117,11.012,13.491,13.634,12.558,10.735,12.84,11.205,11.509,12.134,12.611,11.455,10.675,9.901,11.059
Q8IUG5,MYO18B,,8.088,7.245,6.609,7.783,,,9.85,7.419,7.046,,7.274,,7.221,8.183,6.304,6.087,6.619,7.663,,7.784,7.849,5.989,8.4,,6.498,7.083,,,8.22,8.041,6.013,6.285,7.423,8.172,7.732,,7.209,7.239,8.872
Q8IUX4,APOBEC3F,8.597,7.491,7.032,6.457,6.686,6.734,6.617,7.351,,6.162,6.633,6.844,7.38,,4.547,6.088,8.119,6.191,7.029,,,6.252,5.026,5.92,7.151,7.146,8.451,5.974,5.062,7.121,,5.738,7.498,7.015,5.796,6.473,6.374,5.363,6.037,7.563
Q8IVS2,MCAT,12.072,14.807,15.218,14.409,14.732,15.553,13.451,15.927,14.46,13.714,15.084,14.969,12.985,13.581,12.753,13.989,13.11,13.873,14.461,13.592,15.017,15.018,14.286,13.824,14.099,13.911,15.526,14.922,12.712,13.722,,14.294,,13.13,14.056,15.203,13.319,,13.767,14.037
Q8IWD4,CCDC117,5.331,5.975,6.264,5.739,6.518,,6.694,,7.744,8.098,7.381,6.921,6.777,,6.666,5.608,6.356,7.002,6.017,6.294,7.243,6.031,7.277,,6.289,,,7.064,6.402,5.925,7.03,6.573,5.078,,6.764,5.176,8.109,6.478,5.886,5.335
Q8IWF2,FOXRED2,6.616,7.809,9.301,8.757,9.609,6.519,8.83,9.435,8.457,8.438,,8.653,8.535,8.624,8.696,9.667,7.897,,7.042,8.717,6.011,7.016,9.421,,8.162,10.01,8.086,9.786,10.371,,9.571,9.321,8.698,,8.748,8.966,10.188,9.186,8.846,8.433
Q8IWL3,HSCB,8.189,9.949,8.219,8.764,11.385,8.311,8.934,8.589,9.71,,6.318,9.99,8.857,10.203,8.028,9.677,9.069,9.797,10.518,9.507,7.788,8.507,,8.137,9.316,9.535,8.394,9.966,10.104,9.217,8.583,9.354,7.896,10.558,9.482,8.676,9.942,8.898,8.886,7.165
Q8IWY4,SCUBE1,4.982,7.03,7.853,8.073,6.188,6.451,,,7.64,8.643,8.993,,,6.92,6.451,6.02,,6.817,8.428,7.62,8.186,7.13,8.797,7.662,7.99,7.557,6.326,8.64,,6.455,8.776,6.233,6.399,6.23,6.676,6.068,6.857,7.656,8.025,5.566
Q8IYW4,ENTHD1,11.926,,8.332,9.314,11.272,9.403,9.109,7.759,,9.371,9.337,9.121,,9.807,10.565,10.621,9.245,9.948,10.386,9.643,9.95,9.495,7.692,,10.973,9.675,8.748,9.672,9.128,,10.666,10.999,9.307,9.111,,9.118,9.428,,8.865,11.248
Q8IYX3,CCDC116,12.772,13.513,12.128,11.628,13.268,11.446,14.478,11.991,12.749,12.958,12.222,13.718,11.947,13.737,11.44,13.319,13.255,13.712,12.574,14.531,14.443,13.436,14.738,11.294,14.393,13.102,11.164,13.541,13.119,11.404,12.214,12.528,11.603,15.336,13.658,10.086,,12.739,12.978,13.39
Q8IZ69,TRMT2A,8.048,6.238,6.453,6.308,8.327,6.524,5.359,5.856,7.523,6.58,6.378,5.834,,8.452,6.984,5.485,6.061,4.529,,5.58,8.422,,6.588,,6.242,6.819,5.818,5.442,6.058,6.962,7.517,8.982,7.505,7.785,7.397,6.455,6.445,5.158,6.234,
Q8IZJ4,RGL4,15.518,14.228,13.901,15.087,12.593,14.232,14.724,15.948,15.843,14.467,12.841,11.864,14.336,16.259,14.481,16.14,14.761,13.785,14.353,13.398,14.744,13.763,15.162,15.435,,12.615,15.115,15.117,15.528,14.81,14.903,15.127,13.627,13.7,14.437,13.859,14.009,14.268,14.996,15.62
Q8N1L1,LINC00528,15.099,13.903,13.834,15.022,16.581,12.011,15.17,12.982,13.576,12.931,12.184,15.522,14.655,15.412,12.903,15.782,14.589,15.376,12.926,12.866,13.326,14.193,14.923,12.968,14.196,14.594,12.54,15.811,16.217,14.43,11.941,15.744,12.521,16.517,12.56,13.779,14.869,16.268,14.921,13.751
Q8N3F8,MICALL1,10.193,,8.463,10.195,10.422,8.358,8.973,8.296,9.76,8.389,8.074,9.563,10.89,10.5,9.614,10.529,9.723,11.805,11.26,9.559,10.275,9.45,9.648,,8.998,9.917,8.89,10.775,10.955,9.441,9.256,10.04,11.478,10.725,12.372,10.074,11.651,,,11.775
Q8N5Z5,KCTD17,6.728,4.508,,7.175,9.112,3.461,7.519,,3.89,7.38,5.583,7.719,6.307,7.167,4.831,8.385,,8.014,7.742,6.439,,7.291,8.105,4.413,8.21,7.454,4.075,5.592,9.997,5.428,6.238,7.335,4.402,8.514,5.197,5.493,7.94,8.649,,4.686
Q8N653,LZTR1,10.888,,12.356,9.586,11.97,11.691,10.814,13.57,11.746,11.566,10.743,,11.727,12.681,11.3,10.588,11.562,12.023,13.297,,11.768,,11.899,11.13,11.855,12.847,11.341,13.077,13.054,12.411,11.788,11.506,11.034,12.411,11.856,11.551,12.108,12.375,,11.137
Q8N7B1,HORMAD2,6.846,7.783,,6.869,5.74,8.205,6.908,,7.48,7.409,7.752,6.661,,7.408,6.267,6.946,9.653,7.033,8.244,8.343,,7.264,5.899,9.301,6.098,7.666,8.175,7.848,6.806,5.191,7.215,,8.801,,7.132,7.408,,5.98,7.419,8.485
Q8N8J0,PI4KAP1,,7.325,9.28,10.87,12.354,7.861,9.562,8.749,7.925,8.519,,11.862,10.341,9.161,10.134,13.585,9.924,12.388,,7.792,8.061,8.667,11.042,7.586,10.606,8.85,8.133,10.379,11.753,10.093,9.687,11.274,10.71,11.568,9.522,10.231,10.261,11.428,10.124,9.7
Q8NDV3,SMC1B,15.154,16.903,15.392,16.24,14.552,16.105,16.084,16.284,14.737,16.274,13.783,15.227,14.349,16.519,16.355,15.226,16.91,13.906,17.523,16.748,15.43,15.871,16.191,15.795,14.44,15.5,16.155,15.031,14.353,14.384,16.924,15.126,16.239,16.174,16.093,14.954,15.484,16.542,14.444,15.453
Q8NEG4,SACK1F,16.144,16.91,18.14,16.265,14.408,14.945,15.612,17.141,16.868,17.381,15.838,15.77,15.94,15.069,16.035,13.021,15.597,13.398,16.907,14.664,16.178,16.094,15.287,17.861,15.741,17.424,17.429,15.833,14.406,14.838,15.407,13.85,15.547,13.923,14.804,16.046,14.796,13.873,17.146,15.249
Q8NEG7,DENND6B,15.465,13.046,14.197,15.276,16.186,13.176,14.573,13.317,13.174,13.36,13.271,14.755,14.132,14.413,,15.798,11.557,13.486,11.981,,11.962,12.504,12.172,13.334,13.138,13.273,13.647,15.474,15.212,14.522,13.203,13.322,14.546,12.956,13.088,15.515,13.876,14.68,12.015,12.877
Q8NEJ0,DUSP18,8.814,8.923,8.213,9.029,8.913,11.262,9.93,8.763,7.579,8.671,8.946,9.675,10.011,8.642,9.505,8.736,9.142,10.6,8.942,9.579,8.051,9.036,9.515,8.228,,8.188,10.146,9.061,8.108,9.179,9.354,10.357,8.69,9.333,9.178,9.884,9.668,9.776,10.067,9.443
Q8NET5,NFAM1,,,12.925,12.467,13.452,13.744,13.642,13.334,11.149,12.886,12.853,12.05,15.075,13.958,,12.491,13.646,12.428,14.286,13.918,13.069,13.28,13.907,13.782,13.213,12.749,12.449,14.488,12.881,11.443,12.907,13.269,13.631,12.669,12.341,13.323,12.375,,13.26,12.37
Q8NFI4,ST13P5,14.794,12.862,11.546,14.723,14.273,13.194,14.274,11.905,,10.905,11.851,15.359,13.607,12.723,13.071,15.1,11.948,15.78,12.758,10.651,9.879,12.707,14.32,,12.853,14.623,12.668,13.505,15.016,13.662,11.315,15.12,12.302,,13.966,13.02,14.777,14.33,13.339,13.115
Q8NFQ6,BPIFC,8.918,10.14,11.71,9.2,9.725,8.38,9.364,8.14,10.803,11.049,9.328,,9.775,9.452,10.084,8.915,9.063,8.648,10.56,7.68,10.291,11.444,8.196,,11.565,9.724,10.149,9.726,9.734,8.301,8.881,7.956,10.154,9.402,9.016,9.929,9.847,9.15,10.269,9.468
Q8NG94,OR11H1,12.546,12.61,12.94,12.93,12.017,11.792,11.977,11.888,10.877,12.692,11.499,13.386,12.008,11.758,11.274,12.487,,,13.202,12.321,12.538,,14.055,11.785,12.389,13.654,10.203,12.592,14.04,12.423,11.332,11.699,12.621,13.307,10.953,11.793,15.037,12.307,10.548,10.331
Q8TCT0,CERK,8.449,4.288,,6.334,5.792,4.403,5.239,3.633,6.412,5.805,7.085,6.794,6.8,5.316,6.653,6.886,5.064,6.416,6.423,5.647,5.99,4.865,6.517,6.233,5.191,6.367,5.66,,7.087,8.237,,6.675,,5.392,7.0,6.432,,7.758,,6.437
Q8WTX7,CASTOR1,8.321,,7.927,7.216,9.438,9.997,,,8.218,9.538,8.143,6.4,8.383,8.217,7.733,7.795,6.653,7.593,7.261,6.725,7.403,8.228,7.278,8.203,7.26,8.06,9.215,8.075,7.471,8.673,7.734,6.601,7.5,7.556,9.112,9.406,9.837,8.532,,
Q8WUA7,TBC1D22A,9.401,11.562,8.114,9.834,11.651,10.629,11.179,11.914,10.11,10.873,,12.934,8.074,10.329,9.825,10.075,11.386,11.062,10.574,11.277,10.534,12.778,12.608,9.816,11.409,9.612,,11.156,,,11.751,9.014,,10.797,9.34,10.091,12.153,11.437,10.061,9.764
Q8WWX9,SELENOM,8.102,,,6.612,7.322,4.751,8.676,6.769,,7.088,5.414,8.037,7.066,5.909,6.532,7.725,6.54,8.452,7.465,8.043,7.359,7.228,7.831,7.568,8.444,8.661,5.344,5.696,8.278,7.696,7.724,6.167,7.789,8.33,5.695,6.533,8.15,,8.762,5.226
Q8WYQ3,CHCHD10,8.207,7.323,6.582,8.204,8.101,5.402,,6.878,,,,6.689,7.502,7.969,7.076,,8.052,6.529,8.72,8.759,9.597,7.324,8.52,8.395,,7.394,6.013,,6.561,6.049,8.887,6.1,5.609,7.303,,7.397,,7.026,7.037,7.765
Q8WYQ4,C22orf15,15.25,14.716,14.186,14.114,15.422,14.037,14.661,13.199,14.602,15.503,14.007,12.706,14.958,14.158,14.584,14.152,14.979,15.196,14.408,14.894,14.495,13.998,13.548,13.548,14.377,15.906,13.985,16.735,13.843,14.328,13.807,14.411,15.381,13.976,14.07,15.609,13.575,13.613,14.812,15.095
Q8WYQ5,DGCR8,13.872,14.325,14.186,15.018,16.084,14.037,16.288,16.356,14.512,16.527,14.554,14.965,13.864,14.073,12.268,15.686,15.745,14.365,16.069,14.687,14.38,15.995,15.904,15.404,14.306,15.759,17.03,13.483,15.053,14.252,14.659,15.214,14.364,17.085,14.151,16.405,15.974,16.584,14.745,14.361
Q92523,CPT1B,10.868,,11.153,10.927,11.268,10.214,11.039,10.424,11.36,11.033,9.714,11.418,12.205,11.786,10.964,9.266,10.173,,11.889,,11.676,12.483,,11.545,12.275,12.755,9.584,10.653,11.821,10.368,12.11,9.701,,11.587,11.776,10.47,10.426,10.42,9.027,10.929
Q92737,RASL10A,14.484,13.056,13.129,13.596,14.235,13.309,13.171,16.666,15.079,14.69,14.611,14.205,14.968,15.074,13.676,14.292,12.943,13.638,15.44,14.793,15.425,14.247,15.024,15.699,13.454,,13.334,13.392,14.3,14.92,15.36,15.011,13.681,12.962,15.333,14.354,14.064,14.979,14.889,15.142
Q92841,DDX17,14.223,16.595,15.697,15.711,15.057,14.847,17.268,17.509,17.805,15.801,16.141,16.422,15.055,14.895,15.26,14.239,14.39,17.164,16.076,15.989,15.441,16.104,15.953,14.615,14.931,16.443,16.551,15.435,14.343,16.397,15.632,14.464,14.443,15.999,15.283,15.619,17.066,15.212,14.641,14.823
Q92871,PMM1,7.349,4.512,7.459,,8.172,,7.479,5.9,7.276,7.21,6.544,,7.802,5.971,6.885,10.425,6.554,7.88,5.166,5.599,4.47,6.897,6.541,4.361,8.46,7.219,,,6.964,8.188,6.555,9.013,,8.101,4.808,7.774,8.005,,7.008,6.654
Q92890,UFD1,9.627,9.766,7.651,10.024,10.855,9.07,10.461,9.579,8.433,9.641,9.31,,,9.327,9.076,10.588,,10.462,9.999,9.445,10.468,9.48,10.332,8.707,11.046,10.536,8.528,9.712,10.488,9.975,9.222,10.8,,12.172,8.273,9.883,10.934,10.802,9.227,8.575
Q969R2,OSBP2,10.059,9.009,8.055,10.989,10.783,9.025,9.636,8.519,9.766,9.438,9.915,9.581,11.897,11.266,9.884,10.926,9.409,10.312,8.159,9.007,7.391,10.624,9.447,9.162,10.045,10.719,8.442,,12.466,10.02,9.696,10.599,10.454,10.895,8.76,7.954,10.543,12.089,,8.657
Q969R5,L3MBTL2,,6.336,7.493,,5.621,8.109,7.339,7.153,7.677,,7.701,,8.277,8.558,8.641,7.941,8.17,7.32,,7.458,,7.242,,8.026,6.098,5.396,6.035,6.256,6.647,5.293,6.411,6.287,7.325,6.731,8.831,7.239,6.185,7.198,,8.227
Q969S8,HDAC10,12.724,14.322,12.373,11.123,13.271,14.011,14.143,14.045,12.923,14.208,13.355,14.021,14.609,14.816,13.814,12.114,14.403,12.909,15.202,14.694,13.916,14.379,14.435,13.863,13.408,13.967,,12.753,15.335,12.943,14.02,13.987,12.856,13.468,13.846,12.876,14.011,12.15,13.165,14.907
Q969V6,MRTFA,12.837,10.687,,,9.643,10.58,,9.468,10.235,9.838,11.603,,12.61,8.85,10.785,,10.441,10.387,10.077,12.452,11.852,8.59,10.933,10.861,10.208,10.369,,10.521,11.178,12.35,10.88,10.735,11.032,9.944,12.155,10.112,9.29,10.094,11.521,10.779
Q96A84,EMID1,12.194,10.191,11.4,12.17,11.325,9.515,11.244,9.132,11.152,9.095,10.421,10.521,12.517,11.156,10.968,13.174,11.204,11.178,10.951,10.221,9.974,9.067,,9.982,11.212,11.014,11.09,11.147,11.362,10.908,9.724,11.379,13.199,,10.113,12.196,9.886,10.693,11.89,11.359
Q96AK3,APOBEC3D,5.609,6.789,8.591,7.325,6.875,8.021,7.591,8.318,5.829,8.37,7.823,7.762,7.144,8.003,6.106,7.574,7.709,,7.671,,9.11,6.761,8.264,9.444,6.955,7.83,8.669,6.794,7.67,,,,7.022,7.807,7.554,8.732,5.34,7.065,6.532,7.322
Q96AY4,TTC28,8.494,7.492,9.349,8.382,7.856,6.794,8.696,6.89,7.418,8.167,7.49,7.28,7.386,7.782,7.476,7.478,10.033,9.094,,7.401,,4.944,8.568,7.441,8.798,9.295,7.713,8.366,,8.075,,7.34,9.539,8.46,,7.853,,7.821,7.959,8.226
Q96D21,RASD2,15.25,16.122,14.288,13.987,15.461,13.885,14.331,14.923,14.824,14.977,12.193,14.579,14.144,16.431,13.491,15.516,14.342,15.373,15.903,14.707,,16.341,16.155,15.063,15.554,16.216,15.282,14.567,15.586,14.369,15.619,15.114,14.598,15.175,15.456,,14.284,14.988,14.668,15.218
Q96DF8,ESS2,6.466,7.173,7.221,4.318,5.376,8.615,5.49,7.829,5.677,7.141,4.432,,6.081,7.869,7.179,3.863,,,8.535,7.002,8.762,6.66,6.539,7.269,4.091,4.994,6.799,,4.629,5.583,,,6.257,7.047,7.129,,,5.875,,
Q96EK2,PHF21B,6.795,9.702,7.875,8.672,8.535,9.54,6.426,7.98,9.48,8.227,7.947,8.216,6.409,7.754,8.437,8.854,6.382,8.197,7.714,8.142,,7.973,9.505,,,7.432,7.737,9.151,,7.471,,8.119,7.896,8.533,8.53,9.182,8.214,7.976,9.004,7.279
Q96F46,IL17RA,9.851,8.966,9.078,10.167,8.681,9.445,9.619,7.32,,9.799,9.113,8.083,12.195,9.261,9.026,8.037,10.061,7.881,9.247,8.851,7.979,9.39,8.37,10.882,,9.965,9.647,10.011,8.839,,9.924,7.248,9.766,,8.41,9.3,7.377,7.799,9.259,10.965
Q96FE7,PIK3IP1,9.832,10.853,11.064,10.575,11.096,9.398,9.28,11.168,10.51,11.668,,9.635,9.614,12.166,9.611,9.212,10.978,10.8,11.492,11.355,11.316,11.492,10.454,8.602,10.976,10.672,10.258,9.014,10.883,9.295,10.938,9.917,10.652,10.262,10.004,9.357,10.006,10.622,9.392,10.074
Q96G42,KLHDC7B,11.659,12.362,11.363,11.582,10.011,12.91,12.256,11.868,14.177,13.304,12.353,,12.066,12.807,12.486,12.175,12.096,11.775,13.917,12.223,12.519,12.249,12.326,13.461,10.213,10.773,13.618,12.454,11.377,11.407,14.164,12.491,13.186,11.932,13.122,14.087,12.342,11.68,13.513,14.583
Q96GD0,PDXP,11.666,9.051,10.618,11.918,11.855,8.109,11.587,10.603,,9.964,11.309,9.848,11.35,10.577,11.305,11.526,10.517,12.228,10.012,8.44,10.627,11.2,11.438,9.694,12.012,11.537,9.065,11.052,13.407,10.653,10.236,10.117,10.781,12.182,12.219,11.335,11.949,10.155,10.345,12.292
Q96GF1,RNF185,6.407,7.101,7.46,8.122,,6.774,6.231,9.345,7.349,6.072,9.22,8.256,8.058,7.463,9.623,7.73,7.899,8.231,6.033,,7.176,8.292,7.818,7.126,7.632,6.884,8.21,,6.759,7.059,5.891,7.409,7.875,6.999,7.012,7.008,6.648,5.521,9.195,5.988
Q96GP6,SCARF2,10.173,6.568,7.834,7.597,10.161,6.553,9.489,9.08,6.55,8.264,6.993,,8.002,10.024,8.899,10.192,7.515,8.293,7.842,8.89,8.562,7.461,10.147,7.067,,9.991,,8.101,10.59,8.122,7.672,9.534,9.058,,8.229,7.829,8.951,10.285,8.156,8.521
Q96HU1,SGSM3,15.557,13.951,,15.098,13.529,14.775,15.182,13.258,14.434,14.603,14.583,14.418,13.221,15.411,14.039,15.822,12.209,13.479,13.996,13.247,14.733,13.82,14.126,13.446,15.729,14.185,15.455,16.441,15.063,14.855,13.169,15.698,13.285,14.013,13.204,,13.985,15.356,14.609,
Q96JB3,HIC2,13.936,11.467,11.132,13.151,13.213,10.071,12.517,,9.792,11.454,10.918,14.805,11.011,13.871,12.024,13.046,13.238,14.014,10.285,12.502,8.794,12.902,12.979,8.921,,13.415,9.058,11.996,14.49,12.186,11.738,13.414,11.686,13.739,11.493,12.182,12.994,13.438,11.601,11.186
Q96M85,Q96M85,13.504,12.7,12.965,13.952,13.107,12.87,12.639,12.555,13.282,11.7,13.12,12.509,13.341,11.411,13.553,12.393,10.942,11.843,12.742,13.856,11.874,13.292,13.189,12.4,12.88,13.355,14.874,13.117,12.694,14.352,13.043,12.901,13.016,11.752,12.716,12.033,13.377,13.013,11.119,12.715
Q96MU8,KREMEN1,11.893,12.143,12.407,11.888,12.999,12.864,13.408,12.793,13.45,11.15,11.886,14.132,11.471,13.019,12.748,13.51,12.007,13.325,12.016,12.062,12.603,12.335,13.457,13.693,13.199,,13.613,14.323,13.084,13.574,11.952,11.771,10.489,12.416,13.433,11.028,12.067,13.442,10.647,12.43
Q96NN9,AIFM3,11.994,14.903,14.655,13.628,13.325,14.583,14.702,15.028,,13.219,14.788,13.293,14.05,13.674,13.35,10.92,13.001,11.862,16.52,13.705,14.765,14.01,11.773,13.224,14.554,14.79,14.558,13.763,11.218,14.11,15.194,13.229,13.891,13.478,14.95,13.075,14.178,12.714,13.811,14.512
Q96NT3,GUCD1,5.812,5.057,,7.334,5.183,4.478,7.135,6.28,6.323,7.214,7.566,,5.235,6.038,5.653,7.053,,6.58,5.462,4.607,4.838,7.628,5.995,6.588,6.26,6.535,6.809,6.256,6.391,6.976,4.63,5.496,5.818,6.535,5.1,6.497,7.335,5.394,7.642,5.07
Q96PF2,TSSK2,12.341,9.688,8.79,9.527,10.958,9.638,10.097,7.378,8.329,10.996,,11.085,11.04,,7.757,10.149,9.301,9.655,10.256,10.486,9.36,8.265,,9.747,8.449,11.748,9.343,10.523,10.621,8.877,9.659,12.205,10.668,11.093,10.242,10.016,10.003,11.887,,9.723
Q96Q80,DERL3,10.016,11.591,12.993,10.949,8.352,,9.599,13.568,11.77,,11.884,9.523,10.861,11.674,11.802,8.668,11.049,8.932,12.779,12.121,11.744,13.281,11.374,12.166,10.222,,13.478,,8.426,12.218,12.418,7.968,11.176,7.963,10.997,,11.194,9.554,10.521,12.969
Q96RD6,PANX2,9.308,11.291,9.647,8.89,7.925,,9.815,8.803,,9.563,8.958,9.46,8.028,7.839,8.188,7.398,,8.211,9.061,9.818,12.476,10.394,6.778,10.717,7.147,8.267,,8.005,7.938,10.196,11.235,8.301,9.921,9.055,10.459,10.363,7.972,10.278,10.066,
Q96RJ3,TNFRSF13C,14.18,14.641,14.009,14.54,14.483,14.806,14.993,13.935,14.447,14.718,15.705,13.703,14.201,14.56,15.004,13.467,13.893,13.879,12.346,14.904,13.624,15.241,14.072,14.42,14.329,13.832,13.307,13.814,12.965,13.802,14.971,,13.484,13.657,15.496,13.268,14.476,15.29,14.84,15.683
Q96RN5,MED15,10.577,9.085,9.744,9.922,12.986,9.328,11.524,10.23,9.497,9.278,9.578,9.607,9.435,10.884,8.804,10.793,11.552,10.82,9.633,11.515,,10.781,11.608,9.731,10.343,10.091,10.643,9.932,12.7,9.829,11.533,9.453,,11.412,,11.045,10.884,11.09,9.436,10.432
Q96RT7,TUBGCP6,14.129,12.209,13.583,13.882,13.767,14.518,12.469,13.822,13.372,13.656,13.22,13.207,14.943,15.065,,14.057,13.532,13.571,15.285,14.284,14.221,12.324,13.882,13.482,13.253,10.931,13.726,14.286,14.347,12.902,14.462,14.585,13.167,,13.998,12.549,13.221,13.501,12.005,12.358
Q96SF2,CCT8L2,16.251,13.755,15.213,17.418,16.923,12.649,16.02,12.821,13.408,13.079,14.071,14.09,14.879,16.5,17.251,14.087,16.308,14.98,14.034,13.344,15.329,14.337,15.353,15.005,15.499,13.827,13.822,14.51,15.201,15.415,15.138,16.056,16.772,14.972,13.301,13.871,13.871,15.483,15.997,15.281
Q99501,GAS2L1,8.525,11.239,9.229,10.952,12.112,9.374,12.185,9.773,9.269,12.243,10.997,11.509,9.276,11.606,,12.678,11.785,,9.859,10.019,11.701,11.355,9.126,9.451,12.139,10.895,10.628,12.182,12.771,10.328,11.088,10.51,10.314,11.48,10.692,9.149,10.383,,11.284,10.406
Q99705,MCHR1,16.771,15.045,15.132,16.075,16.08,14.603,14.185,15.864,15.564,14.152,15.109,14.302,15.734,15.428,16.235,15.855,14.023,13.718,14.812,15.35,11.255,14.574,15.201,15.034,16.169,13.649,14.526,16.454,16.383,15.607,15.44,16.707,16.525,17.172,15.673,16.295,15.055,16.146,15.23,16.066
Q99719,SEPTIN5,11.484,13.063,11.927,11.387,12.256,11.851,11.498,10.34,11.355,10.983,11.269,12.258,12.08,12.239,12.267,13.106,13.021,11.172,12.874,,12.815,9.998,,12.199,12.652,11.813,9.256,13.095,11.846,11.155,10.459,,,13.102,12.314,11.5,12.996,13.13,10.891,12.186
Q99757,TXN2,14.714,15.006,15.274,15.443,15.237,15.403,13.126,14.604,15.012,14.476,15.271,15.09,13.708,14.611,14.642,14.666,14.996,14.113,13.461,13.8,15.156,14.022,15.539,14.111,14.544,13.91,15.644,15.633,15.509,15.849,13.204,13.83,14.597,13.41,15.835,15.113,12.889,13.281,14.949,14.745
Q99798,ACO2,9.146,8.374,7.74,8.59,9.751,8.649,10.235,,9.416,8.334,8.279,10.862,6.217,8.496,7.383,9.439,9.305,9.115,,7.856,8.17,8.549,10.758,7.711,9.335,10.457,7.899,8.307,8.42,8.5,9.279,7.812,6.989,9.509,6.504,,8.811,10.738,8.453,6.808
Q99999,GAL3ST1,10.334,10.066,11.159,11.509,11.111,8.877,12.792,11.326,11.608,11.929,10.666,11.663,11.971,11.036,11.446,11.017,11.06,10.203,9.845,7.743,9.997,10.794,10.836,9.951,10.213,11.239,10.667,,11.441,10.857,9.29,11.013,12.975,11.545,11.185,11.647,9.369,12.306,11.243,11.315
Q9BPW4,APOL4,10.974,13.037,11.25,10.305,10.918,12.337,11.297,11.607,9.929,10.868,10.904,11.097,11.356,12.498,,8.96,13.363,11.874,12.813,12.241,10.891,9.771,10.942,10.542,11.52,10.696,10.634,10.035,11.091,10.332,12.158,11.24,12.441,12.305,10.264,10.065,11.253,10.709,11.017,9.92
Q9BPW8,NIPSNAP1,4.946,6.982,6.072,6.111,6.698,6.448,7.854,8.192,6.746,6.493,,6.547,7.032,7.505,5.978,6.643,4.771,6.859,7.94,7.291,6.019,6.16,7.198,4.775,7.434,,6.561,7.841,7.42,,7.993,5.726,,,7.976,5.775,6.721,6.031,7.305,
Q9BQE5,APOL2,8.516,8.467,10.708,9.204,10.095,9.91,9.732,,,9.819,10.115,9.827,7.973,8.757,9.381,10.684,9.06,,8.559,7.912,9.225,8.769,8.389,8.636,9.412,,,10.026,,11.926,9.852,8.604,7.066,9.216,9.406,9.726,9.352,10.426,10.56,8.41
Q9BR01,SULT4A1,12.837,15.103,16.683,15.473,14.727,15.775,15.405,16.542,17.973,16.27,16.236,14.385,15.36,15.902,15.244,13.451,14.993,14.939,15.186,15.45,16.882,15.893,15.011,17.077,14.781,15.366,15.655,13.751,14.214,13.983,17.118,13.815,13.903,13.362,17.127,14.327,14.311,14.691,17.067,15.261
Q9BT49,THAP7,11.904,13.626,12.746,11.384,12.829,12.521,12.514,,12.816,13.364,12.915,11.56,11.05,12.909,12.503,13.125,13.128,12.141,12.106,11.865,11.754,12.306,11.526,13.06,12.43,10.923,11.952,11.553,11.087,11.09,10.726,10.489,10.775,12.322,13.57,10.74,13.1,12.755,,10.767
Q9BU23,LMF2,8.336,6.128,6.732,9.402,9.828,,,5.84,6.58,5.254,6.28,7.708,10.221,10.09,7.364,9.822,8.073,9.215,7.252,7.949,7.248,6.29,8.178,4.127,8.667,6.722,5.152,9.073,,6.724,8.007,9.803,8.239,8.641,9.009,8.659,8.13,6.683,6.662,7.949
Q9BV10,ALG12,9.234,7.868,9.47,10.699,10.876,7.578,9.132,7.392,10.066,8.618,8.403,10.483,9.789,9.222,,10.063,10.629,9.616,,8.855,8.67,8.877,9.088,,9.283,10.726,6.513,11.011,8.921,10.808,8.872,9.673,9.14,10.376,7.875,9.53,10.118,9.812,10.065,7.769
Q9BVL4,SELENOO,7.635,8.807,5.884,8.866,7.662,8.225,8.001,,5.941,7.589,6.045,8.508,,7.629,7.683,5.956,7.226,7.639,5.949,,6.798,7.407,8.527,8.935,8.662,7.068,6.377,5.769,8.05,8.489,8.514,8.595,6.478,8.559,7.59,,7.948,8.995,8.08,7.797
Q9BW83,IFT27,,5.052,5.914,5.956,,,6.139,5.908,7.104,6.883,7.387,,5.243,5.274,4.884,5.274,6.003,6.686,6.522,6.318,7.082,5.674,6.761,,6.833,7.107,7.158,3.817,6.517,7.589,5.295,3.73,5.988,,4.233,4.988,6.03,6.909,6.063,6.286
Q9BWT7,CARD10,15.353,14.026,16.455,13.848,13.139,17.625,13.416,17.265,14.628,16.906,15.696,,14.913,16.763,14.184,14.305,17.927,12.79,15.161,16.073,17.445,15.371,14.574,17.812,14.954,12.789,15.496,15.712,14.101,15.032,15.389,15.138,15.486,13.515,17.264,13.939,15.232,14.052,16.081,16.54
Q9BWW8,APOL6,10.45,9.403,,10.832,,10.094,10.811,,10.734,10.065,12.563,10.583,10.318,11.643,10.621,10.759,9.602,,9.899,9.807,9.289,10.164,10.526,9.96,11.133,9.579,10.29,11.27,11.37,8.553,9.953,,9.894,11.619,9.48,,11.251,12.073,10.018,10.837
Q9BWW9,APOL5,8.4,9.962,8.602,8.189,,8.878,8.535,8.279,9.335,10.095,,8.514,8.738,9.09,10.023,10.029,8.885,7.882,9.613,8.773,9.242,7.624,8.678,9.73,9.345,7.859,10.306,9.217,8.644,,8.81,10.153,,9.957,8.38,9.594,7.703,8.888,,7.805
Q9BXF3,CECR2,10.909,9.509,12.505,,11.69,9.679,12.547,10.978,9.988,11.961,10.739,12.737,12.127,12.377,11.473,10.92,11.916,11.509,9.994,11.25,10.904,11.862,12.46,11.63,12.228,11.955,12.326,11.216,10.695,10.914,11.628,11.083,12.795,11.655,11.485,10.936,12.262,12.535,12.582,11.178
Q9BXI6,TBC1D10A,5.07,6.569,6.514,5.47,5.497,6.493,5.213,6.663,5.655,5.164,6.12,,,5.489,4.8,3.469,5.787,5.063,,,5.689,6.761,6.651,5.612,6.979,6.413,8.183,4.488,5.62,5.436,,5.877,6.561,5.192,,,8.005,4.222,5.98,
Q9BXI9,C1QTNF6,9.887,9.427,6.966,8.332,8.753,8.306,10.467,8.395,8.546,8.169,8.02,9.037,,9.347,7.6,7.704,9.559,7.147,7.365,8.205,8.832,9.186,8.931,8.572,8.232,9.317,7.769,7.692,10.399,9.919,8.132,9.388,6.919,8.824,7.094,8.381,9.353,8.289,7.817,8.834
Q9BXK5,BCL2L13,12.246,14.821,14.847,13.139,13.194,12.942,12.695,15.239,12.826,13.933,13.137,12.945,12.6,,10.83,10.921,12.226,12.909,14.491,13.656,14.898,14.765,13.374,13.358,12.082,12.738,13.687,11.411,10.356,10.512,13.027,11.089,12.38,10.613,12.848,13.268,13.003,14.053,11.949,13.12
Q9BXQ6,TMEM121B,9.672,12.212,12.646,12.867,11.561,13.457,11.499,12.397,12.491,13.661,13.249,12.924,10.356,11.893,9.848,11.162,13.052,,12.266,12.657,12.364,,13.086,11.484,12.287,11.578,11.464,11.927,12.664,12.007,11.75,10.593,10.413,11.833,11.12,11.911,11.419,10.922,10.134,12.377
Q9BXT6,MOV10L1,16.627,16.598,16.422,16.286,15.7,17.444,15.177,15.954,16.209,14.179,17.123,15.816,15.882,14.855,15.677,14.78,14.122,15.083,15.23,16.933,16.465,15.535,14.186,15.271,16.881,16.196,16.804,16.411,16.528,15.939,17.334,15.497,15.085,14.031,16.69,16.355,15.19,16.375,16.416,15.596
Q9BXW7,HDHD5,12.896,11.758,12.116,12.592,12.961,11.067,11.125,12.275,12.988,12.955,11.608,13.2,11.026,10.553,,11.488,11.627,12.164,12.781,12.201,11.134,12.035,12.444,11.655,11.389,12.735,11.439,14.046,11.961,12.559,11.391,11.737,12.651,13.624,10.93,11.944,13.285,12.691,11.511,10.235
Q9BY27,DGCR6L,13.234,10.709,10.4,12.283,10.34,12.345,10.244,,10.172,9.799,9.777,10.33,11.444,12.067,13.405,12.626,12.009,10.62,11.697,10.08,11.926,11.744,,9.67,10.113,10.19,9.469,11.092,10.905,10.869,10.316,12.312,11.154,10.08,10.826,10.761,9.291,10.852,11.651,
Q9BY77,POLDIP3,13.585,15.489,13.385,12.878,12.293,15.609,14.117,14.153,13.202,15.554,14.33,13.906,13.357,14.713,13.23,10.949,15.624,11.963,14.395,15.781,15.5,13.499,12.844,15.039,12.908,13.591,14.019,12.748,12.446,,15.278,12.213,13.445,11.948,14.992,11.498,12.976,13.303,13.174,14.727
Q9BY89,KIAA1671,14.499,14.846,15.199,14.738,15.412,14.478,14.365,15.311,14.788,14.452,13.141,13.646,13.441,13.895,14.606,,15.602,15.198,15.002,12.924,17.239,16.501,14.095,15.961,13.579,14.19,14.93,13.562,15.681,15.727,13.966,14.349,13.042,14.981,13.921,13.717,14.996,14.545,14.074,12.079
Q9BYB0,SHANK3,12.443,13.023,11.767,13.094,12.847,13.072,,12.476,11.991,11.904,13.6,14.518,,,12.633,13.702,12.522,15.132,12.994,11.181,11.817,13.145,13.045,12.478,13.508,13.339,13.46,12.495,14.943,11.511,11.917,12.442,12.517,13.692,12.278,15.215,12.127,13.005,12.458,13.278
Q9BYB4,GNB1L,14.641,14.398,17.046,17.665,15.871,14.359,16.223,16.485,16.995,15.246,16.364,15.259,13.825,12.994,16.094,15.612,15.663,16.098,15.267,13.92,14.445,15.613,16.299,15.801,15.762,15.849,16.328,16.484,16.433,15.791,14.907,15.981,15.567,15.538,14.765,14.449,16.07,16.109,16.164,15.911
Q9BYH1,SEZ6L,15.97,14.874,12.726,13.779,14.717,14.535,14.516,12.141,13.977,12.704,13.645,14.292,14.629,13.981,14.829,14.411,14.868,14.683,14.786,15.438,14.517,13.174,12.772,13.772,14.779,14.421,11.829,12.826,14.718,13.908,14.647,15.18,14.535,15.022,14.801,13.353,15.791,15.183,13.873,15.351
Q9BYW1,SLC2A11,14.585,12.763,15.395,15.322,15.243,16.117,13.327,13.627,15.947,15.151,15.104,14.494,15.204,13.997,14.315,13.998,14.627,15.174,14.052,16.32,14.866,14.382,13.526,16.217,14.113,14.005,14.726,14.788,13.913,15.557,13.785,14.689,16.467,15.393,14.969,14.247,14.946,16.132,17.088,15.33
Q9BZE7,C22orf23,6.315,7.491,6.088,5.716,6.214,6.528,6.583,7.379,7.133,7.716,,6.19,6.533,6.899,5.44,6.375,6.029,5.304,8.057,6.622,9.15,6.689,5.795,7.039,5.682,,8.057,5.037,7.869,,10.388,5.716,5.641,6.552,5.448,5.024,6.6,6.535,4.829,
Q9BZR6,RTN4R,13.214,13.802,16.014,14.286,13.254,12.357,12.246,14.144,15.772,14.329,13.712,11.854,12.298,12.53,15.035,13.72,12.553,12.953,12.409,12.98,10.888,12.682,13.162,,13.099,13.216,13.61,15.057,13.515,14.255,13.488,13.861,13.079,12.133,14.527,15.678,13.703,13.466,12.904,13.912
Q9H0A3,TMEM191A,8.441,11.168,9.621,9.446,9.618,10.046,10.428,9.415,7.468,10.767,,9.951,8.354,10.492,9.374,9.228,10.381,,10.119,10.274,12.574,10.848,11.128,,10.463,9.718,9.995,10.061,9.641,9.452,10.598,,9.399,9.956,10.174,8.334,9.422,10.765,9.25,9.86
Q9H1I8,ASCC2,12.275,11.968,11.591,12.684,13.19,10.478,10.356,9.924,,11.902,11.4,11.404,12.704,10.965,12.282,12.725,12.001,13.093,11.788,11.46,10.662,,12.82,13.969,13.347,12.468,10.789,12.272,12.077,12.171,13.393,14.331,13.4,13.615,13.16,13.875,12.667,12.176,13.616,12.082
Q9H1K4,SLC25A18,11.462,11.951,13.315,10.918,10.964,14.152,13.504,14.639,14.837,14.134,13.998,11.617,11.198,12.181,11.648,12.685,10.193,11.253,11.825,11.136,13.498,13.893,12.222,11.867,12.007,12.91,,10.86,12.014,12.665,11.794,12.99,10.998,13.076,13.01,12.47,13.963,13.675,12.687,12.443
Q9H2D6,TRIOBP,14.433,13.877,14.886,14.044,14.822,14.478,15.391,16.569,15.521,16.446,16.832,14.308,14.126,12.692,15.243,15.843,15.511,15.091,15.389,16.31,16.092,15.583,16.26,16.136,15.306,14.693,17.134,14.784,14.607,16.038,12.949,13.617,14.238,14.77,14.907,17.042,14.662,14.136,16.982,14.366
Q9H4I3,TRABD,14.579,15.318,15.084,14.024,15.62,15.662,15.128,17.26,14.887,17.41,15.35,14.519,14.109,14.149,13.45,13.398,16.086,15.582,16.276,15.369,16.503,16.652,15.786,14.239,16.034,15.032,15.163,14.864,14.583,13.614,15.434,13.826,15.797,14.681,14.537,15.144,16.317,16.476,13.512,13.643
Q9H4I8,SERHL2,9.697,9.501,9.734,8.399,8.708,,7.646,8.624,6.562,8.527,,8.791,6.989,10.525,7.995,9.28,9.167,9.711,9.163,8.532,8.329,8.467,8.588,8.5,9.681,8.164,7.899,8.655,9.933,8.063,7.853,9.999,8.796,10.281,10.164,7.866,7.98,6.328,9.247,7.572
Q9H4I9,SMDT1,12.826,12.605,14.485,13.672,14.442,13.459,12.691,10.927,13.822,13.389,14.65,14.393,14.564,14.25,12.91,13.534,11.856,12.725,13.525,12.827,12.301,12.662,13.3,12.73,11.83,13.788,13.353,12.027,13.149,14.498,12.593,13.04,13.239,12.238,11.938,12.391,14.495,13.163,13.24,14.106
Q9H4K1,RIBC2,13.383,13.527,14.608,13.952,12.728,13.252,13.401,12.249,12.982,13.617,12.891,13.188,11.958,11.586,10.951,11.596,,13.271,13.932,12.606,14.778,14.172,12.509,12.128,14.046,13.479,15.056,11.922,12.771,12.373,12.071,12.124,13.096,,13.835,12.62,14.079,12.554,14.593,13.648
Q9H6A9,PCNX3,9.17,,8.079,9.936,9.471,9.784,9.421,8.529,10.426,7.84,8.679,9.033,8.029,8.449,8.03,9.745,7.806,8.325,8.967,,7.582,9.165,,6.794,7.801,8.675,11.138,8.903,10.154,10.032,9.237,7.924,9.131,10.062,9.08,12.106,11.25,9.87,10.252,8.874
Q9H6E4,CCDC134,8.558,6.913,,7.248,6.884,7.643,6.763,,,,7.656,7.253,8.703,6.466,7.083,7.233,5.241,5.723,7.794,6.218,7.666,5.785,6.596,8.012,6.074,7.158,7.67,7.779,6.071,8.951,6.074,8.025,7.374,7.119,,8.142,6.902,7.817,8.373,8.306
Q9HBE1,PATZ1,6.993,,,7.713,,2.891,6.074,4.353,5.265,4.991,6.03,7.094,6.567,6.675,6.828,8.597,4.108,8.428,4.278,5.489,3.299,6.604,6.155,2.838,8.55,7.247,4.884,6.681,,6.546,4.236,,5.411,,5.14,6.564,7.97,8.268,6.4,4.853
Q9HBI0,PARVG,15.226,14.286,14.309,14.934,14.356,11.763,14.897,11.915,13.044,12.826,13.908,13.175,14.373,12.157,14.173,14.13,13.558,,14.522,,14.416,12.34,,14.269,13.26,13.288,14.011,12.553,14.884,13.457,13.69,15.593,13.953,14.671,12.747,13.387,14.057,14.263,13.141,12.803
Q9HBI1,PARVB,11.422,13.053,11.388,10.374,10.397,,11.733,10.838,10.435,10.232,10.611,,11.362,10.474,11.352,10.822,11.15,9.976,10.545,11.827,12.435,11.343,10.024,11.433,10.471,10.017,11.591,10.887,12.301,10.863,12.822,11.301,,9.936,14.63,,11.041,11.248,9.946,10.517
Q9HC16,APOBEC3G,15.456,14.994,16.302,15.284,16.195,14.553,16.458,14.567,15.083,15.357,15.523,16.666,15.359,15.124,15.319,16.646,14.998,16.404,13.365,14.288,16.348,15.82,16.107,14.959,17.142,16.445,15.136,17.829,16.442,16.424,16.344,15.984,15.697,15.104,14.663,15.377,15.004,16.225,14.26,15.723
Q9HCN8,SDF2L1,8.65,11.292,10.016,9.509,10.934,,,13.392,10.027,,11.416,9.821,11.455,11.348,9.4,9.036,11.083,10.967,,11.473,13.056,11.692,10.257,10.807,11.397,9.283,,9.202,10.738,9.538,11.043,11.104,10.524,11.453,10.577,9.895,8.827,8.287,,9.976
Q9NNW7,TXNRD2,18.023,15.909,16.217,17.188,13.954,17.367,16.643,16.386,16.42,16.611,18.287,14.601,16.728,15.246,17.712,15.226,15.208,15.19,15.521,16.545,17.174,16.087,14.152,17.362,15.434,15.046,16.207,18.069,15.634,15.652,17.338,17.467,16.284,15.933,17.033,15.218,15.247,14.525,15.997,17.674
Q9NP61,ARFGAP3,12.041,9.139,10.322,9.411,11.76,10.852,10.705,8.054,10.526,10.468,,9.86,11.208,9.574,10.254,10.61,11.407,9.71,9.146,9.706,,9.564,,,10.661,10.411,8.847,11.686,,9.914,9.423,11.356,9.762,10.35,10.289,9.631,11.897,9.668,,10.894
Q9NPC4,A4GALT,13.363,,13.522,13.778,,12.816,13.34,12.919,13.804,14.297,12.913,14.345,11.405,,13.641,13.954,13.442,12.346,13.423,13.929,12.889,13.983,13.429,14.291,12.236,14.672,15.946,13.993,13.055,13.818,13.983,12.47,11.362,14.818,13.221,13.9,14.149,12.967,14.371,13.624
Q9NQ50,MRPL40,5.847,7.433,8.139,6.632,5.627,6.034,5.863,7.553,,5.973,7.904,4.522,6.661,6.811,,,6.923,6.353,,7.888,7.388,6.667,7.244,8.362,5.684,5.647,6.692,8.642,6.665,6.214,,6.684,7.093,6.245,5.956,6.599,6.271,6.901,6.584,7.695
Q9NQF3,SERHL,11.98,12.351,10.628,9.337,12.31,11.682,11.713,10.747,9.963,11.991,10.417,11.013,11.734,12.419,12.509,11.342,12.667,,11.762,12.112,12.57,11.06,12.319,12.698,12.494,10.821,9.719,11.054,10.762,10.491,11.478,12.425,11.205,13.027,11.978,10.445,12.237,10.613,10.841,12.151
Q9NQG6,MIEF1,15.55,15.575,15.213,14.406,13.022,14.243,14.188,14.44,15.176,14.524,14.56,14.161,15.157,14.211,15.758,15.03,13.507,14.573,15.163,14.283,13.88,13.849,13.569,14.977,14.882,12.414,13.509,,13.388,15.168,12.571,14.085,13.625,14.314,14.182,13.964,13.562,13.846,14.689,13.555
Q9NQG7,HPS4,15.559,13.986,12.772,13.242,16.274,11.747,16.583,14.052,14.127,14.209,13.027,15.915,15.059,14.931,13.568,15.173,15.333,16.665,13.515,12.721,13.097,13.894,14.801,14.403,14.107,16.007,13.661,12.682,17.3,15.562,13.858,15.048,13.426,16.975,11.669,13.905,15.786,15.868,15.229,13.082
Q9NQH7,XPNPEP3,13.988,13.107,13.892,,14.181,13.307,15.085,13.942,14.272,14.74,13.387,14.536,,14.169,15.309,15.231,14.496,13.456,13.482,14.15,12.264,13.576,15.441,14.108,,14.894,16.107,13.582,16.519,14.559,14.116,14.463,12.503,14.211,13.518,15.642,13.746,14.343,14.064,12.231
Q9NRA8,EIF4ENIF1,5.713,9.218,,5.196,6.221,6.892,,7.776,8.144,6.095,6.916,4.915,5.714,7.576,5.602,6.529,5.698,,6.075,5.381,5.926,5.483,5.041,5.998,6.247,6.17,8.042,6.823,6.3,6.353,7.195,,,6.548,6.329,6.015,7.023,4.719,5.676,6.293
Q9NRD5,PICK1,,8.489,9.472,9.15,9.975,8.457,9.081,10.066,8.938,11.055,9.18,9.864,9.187,9.674,10.935,9.832,9.263,9.822,10.655,9.049,9.409,9.737,9.401,8.324,9.443,8.515,10.164,10.61,9.507,10.78,10.366,11.086,9.483,9.667,11.015,9.557,8.895,11.05,10.927,11.534
Q9NRW3,APOBEC3C,,6.715,6.008,6.517,8.317,6.026,,7.033,6.406,,7.655,,8.028,6.024,6.253,9.737,4.525,6.962,6.567,6.395,7.426,6.168,5.942,6.657,6.377,7.245,7.767,6.93,,7.858,6.219,6.459,5.968,7.431,,6.037,,5.747,,7.628
Q9NS69,TOMM22,5.797,7.397,8.56,6.689,6.939,9.561,7.118,7.372,7.82,8.011,8.202,8.324,5.979,7.321,5.979,7.011,6.002,7.236,6.136,7.961,7.113,8.266,7.392,6.789,6.735,7.514,6.114,7.242,5.751,6.975,6.922,7.091,7.447,5.774,,8.197,6.161,7.427,6.696,7.502
Q9NSP4,CENPM,15.099,10.904,13.371,13.044,,12.151,12.895,13.284,11.027,11.209,13.817,13.253,13.538,13.101,12.725,13.698,13.174,14.68,12.272,12.053,12.765,12.556,12.655,13.154,14.039,12.851,12.645,14.36,14.927,13.262,11.328,15.39,,14.12,13.002,12.93,13.969,13.694,13.713,13.329
Q9NSQ0,RRP7BP,12.326,14.444,11.088,13.251,14.17,13.484,12.856,13.863,13.494,13.275,13.817,11.882,12.414,13.949,12.609,12.254,13.248,14.196,13.555,14.537,,14.395,11.716,13.247,13.173,14.768,14.002,12.445,13.224,12.722,13.002,12.728,13.422,12.448,,13.622,11.86,12.868,12.451,15.176
Q9NST1,PNPLA3,15.372,14.154,15.268,14.454,12.688,13.63,12.949,13.549,13.667,14.531,15.459,12.425,12.52,12.805,12.88,12.056,13.599,13.505,13.761,,13.985,12.886,14.165,14.627,14.131,13.634,13.522,13.189,14.361,14.344,13.875,13.786,14.497,14.206,14.127,14.984,13.651,13.834,13.042,14.69
Q9NTG1,PKDREJ,13.053,13.357,14.443,14.817,14.401,15.307,14.745,14.419,14.219,14.193,14.402,13.18,12.792,14.282,13.554,13.662,14.792,15.162,14.167,15.398,14.083,15.924,16.049,14.4,13.723,12.759,14.958,14.068,14.417,14.291,14.58,14.124,12.563,13.784,14.404,14.526,13.432,13.971,13.804,14.454
Q9NV39,PRR34,12.513,12.9,11.611,11.993,14.747,11.794,14.771,,10.597,11.311,11.276,13.743,11.923,11.652,12.633,,14.197,14.897,13.371,12.234,11.817,12.413,12.89,11.087,13.98,13.309,12.442,11.196,,12.344,12.656,10.515,,13.656,11.813,11.669,14.219,15.154,,11.936
Q9NWS6,SIRAL2,14.37,14.208,14.392,14.31,13.593,16.698,14.022,13.278,15.212,12.799,16.164,13.359,15.828,15.268,15.281,14.778,15.082,15.065,16.826,15.006,16.427,12.643,13.527,16.141,13.054,15.576,16.127,14.323,15.043,15.131,15.672,16.101,14.947,13.49,15.052,14.141,13.967,14.363,14.868,17.794
Q9NY65,TUBA8,8.267,6.155,6.748,8.554,7.648,7.095,,5.632,6.892,5.947,7.277,,7.466,6.585,,8.697,5.97,8.695,5.676,6.894,6.497,5.712,5.375,6.846,6.25,,6.675,8.385,8.345,6.7,7.269,,6.832,7.264,6.836,7.43,6.25,7.325,8.412,6.541
Q9NY91,SLC5A4,7.102,9.18,6.036,6.185,7.218,6.21,7.662,7.482,5.802,,5.886,9.574,6.89,8.992,7.542,7.12,7.266,,,8.041,7.028,,7.991,,8.404,,6.826,8.202,8.171,6.836,9.603,7.18,7.024,9.447,6.686,8.676,,9.1,8.999,6.714
Q9NYQ6,CELSR1,12.134,11.561,11.916,13.197,15.053,12.426,12.009,10.824,12.104,11.587,12.398,13.058,11.061,11.139,12.428,11.011,10.194,12.912,10.727,11.939,11.773,11.642,12.71,10.261,12.461,11.572,12.53,11.786,11.684,,11.397,10.587,10.739,12.969,12.99,11.858,13.577,12.237,13.442,10.662
Q9NYZ3,GTSE1,15.893,14.626,14.622,15.492,16.58,12.733,13.678,13.477,15.35,12.944,15.23,16.584,15.391,14.614,16.363,17.242,13.268,14.82,15.263,13.168,14.272,13.505,15.067,12.234,15.879,14.148,14.259,16.563,15.06,15.732,13.973,16.115,15.251,16.447,14.062,14.337,14.955,15.667,14.462,14.38
Q9NZ20,PLA2G3,6.002,6.171,5.938,5.58,,3.893,6.956,6.433,4.492,4.714,,5.974,4.403,6.014,,6.244,4.717,6.607,,6.068,5.459,4.824,5.679,4.683,5.474,4.636,4.51,4.879,5.491,5.998,5.384,,3.153,5.675,3.36,,,6.775,5.466,2.918
Q9NZK5,ADA2,9.575,10.589,,9.399,11.25,8.348,11.34,11.698,10.542,11.15,10.516,9.429,,11.366,11.322,9.731,12.56,,11.126,10.7,11.796,10.834,12.101,9.383,10.674,,10.019,8.783,10.849,,12.629,8.91,10.222,11.779,7.35,11.162,10.501,11.656,10.53,10.278
Q9P0X4,CACNA1I,11.222,15.122,11.969,,12.269,13.624,12.937,12.358,,12.704,12.641,11.861,13.188,12.099,12.586,11.535,11.908,11.649,13.844,13.883,12.927,12.078,12.848,11.915,11.183,12.308,12.912,13.221,12.942,10.841,11.86,12.5,11.043,11.966,12.05,12.192,11.669,12.563,12.034,13.253
Q9UBB4,ATXN10,5.471,6.589,7.486,6.12,5.343,6.029,6.898,5.649,7.325,6.765,,6.659,7.484,5.164,6.232,7.807,7.244,5.149,,5.245,5.978,6.154,5.546,6.164,5.776,6.879,7.066,8.206,5.607,7.008,7.087,7.687,5.825,,8.041,6.859,6.729,7.683,,6.305
Q9UBB9,TFIP11,9.472,11.173,10.084,10.054,11.272,10.767,9.136,10.292,7.959,,9.992,9.979,10.471,11.385,9.291,9.047,9.116,10.309,10.117,9.862,10.104,9.757,9.947,10.204,8.99,9.97,9.624,8.368,11.087,10.723,11.918,9.581,9.331,10.08,9.258,9.138,8.848,,10.16,10.572
Q9UBR1,UPB1,15.085,15.927,15.006,14.326,15.051,14.191,16.78,14.638,15.831,14.111,14.48,14.006,14.336,15.277,14.592,16.466,15.062,14.899,14.562,14.639,14.319,14.696,14.367,14.428,14.364,16.298,14.881,14.795,14.193,13.482,13.926,14.727,,15.3,,13.629,14.537,15.911,14.748,13.77
Q9UC06,ZNF70,11.405,11.666,13.293,12.281,11.559,13.31,12.782,13.297,,12.55,13.572,10.813,11.383,12.981,12.216,12.747,11.759,12.042,,11.301,13.139,,12.797,11.144,12.48,13.597,11.677,14.31,10.01,12.986,11.118,12.301,12.904,10.788,14.741,11.847,13.098,11.819,14.536,14.198
Q9UDW1,UQCR10,7.077,6.412,9.088,,8.176,8.685,8.19,9.132,8.563,7.58,9.481,7.9,8.405,6.096,7.28,6.891,7.332,,7.531,8.974,7.557,7.712,9.243,10.071,,7.759,9.058,8.945,7.833,9.565,7.341,8.028,8.176,7.263,7.772,9.773,,8.104,9.348,7.067
Q9UDW3,ZMAT5,16.135,12.678,13.501,16.366,16.979,10.488,14.695,12.162,14.881,,14.059,15.763,14.61,14.451,13.478,16.787,14.205,15.001,13.179,11.948,11.166,12.798,15.973,12.844,14.542,13.922,12.608,14.899,16.082,15.344,11.905,16.878,14.257,17.653,14.298,15.737,16.601,14.959,16.403,12.001
Q9UDX3,SEC14L4,7.687,,9.986,7.491,11.637,7.749,9.809,9.301,8.521,9.152,7.189,8.556,6.754,8.713,7.575,9.034,8.573,10.821,,9.16,,9.113,9.491,8.182,10.332,9.27,7.751,8.002,9.957,8.967,10.242,6.827,8.22,10.313,8.062,8.556,9.262,9.33,9.061,8.988
Q9UDX4,SEC14L3,13.435,12.93,16.057,14.63,12.051,15.344,14.058,16.754,16.701,16.273,15.279,14.159,14.481,11.452,12.699,14.183,12.069,13.858,14.622,13.942,14.893,14.636,15.253,14.419,14.644,14.885,17.512,16.717,15.089,14.945,14.286,13.61,14.166,14.538,14.699,15.898,13.333,14.043,15.984,15.211
Q9UDX5,MTFP1,9.357,8.123,,7.731,7.517,7.878,9.214,10.073,8.297,9.819,8.849,8.16,,7.331,8.179,8.237,7.089,9.181,8.418,7.651,8.721,8.219,,8.212,10.06,9.054,7.527,9.051,8.465,6.645,,7.415,8.413,8.363,8.05,9.137,9.064,9.928,9.149,6.974
Q9UFD9,RIMBP3,14.117,10.764,12.016,14.146,13.633,11.823,11.89,12.865,14.013,12.739,11.824,12.443,12.316,12.452,12.528,13.04,10.75,13.219,13.095,12.435,9.785,11.741,13.458,10.881,11.869,11.977,11.247,12.663,12.209,12.074,13.688,16.28,13.611,12.846,11.995,12.246,12.118,12.814,9.803,12.354
Q9UG56,PISD,10.508,,8.91,9.284,10.256,7.403,10.766,8.495,,,9.435,9.888,9.794,11.475,8.14,,9.615,10.437,9.704,8.527,9.49,9.724,9.882,9.02,10.493,9.873,8.327,9.152,11.57,11.353,,9.948,9.311,10.817,8.871,,8.351,11.232,8.794,8.043
Q9UGB7,MIOX,7.149,,9.967,,,9.497,8.29,10.858,11.06,9.708,10.033,9.237,8.803,7.875,8.936,8.345,7.843,6.658,8.539,8.981,8.572,9.506,7.559,8.5,8.485,8.573,10.147,9.289,,9.823,9.112,9.275,8.667,8.145,9.467,10.147,7.151,7.091,9.939,9.213
Q9UGR2,ZC3H7B,13.472,14.515,15.218,13.738,16.369,13.602,15.329,15.224,13.8,13.69,13.424,14.545,14.376,13.772,13.144,14.079,13.715,14.548,13.973,13.56,12.909,15.317,14.569,14.676,14.978,16.25,14.501,15.046,13.936,13.513,16.074,14.528,13.019,15.251,14.354,15.927,14.773,14.696,14.764,13.881
Q9UGT4,SUSD2,8.028,6.59,6.693,9.729,8.073,4.797,7.564,6.909,5.769,,8.786,8.397,7.185,7.718,6.759,,5.262,8.273,7.953,5.711,7.601,8.672,7.779,5.876,7.339,8.667,8.994,7.525,7.974,7.949,6.988,7.82,5.126,7.512,7.193,8.832,7.318,9.417,6.435,7.394
Q9UGU0,TCF20,7.289,6.433,6.647,6.867,8.31,5.317,8.096,5.965,5.598,4.326,6.815,9.016,4.814,6.799,4.213,8.005,5.982,6.888,7.038,5.423,5.771,8.068,6.909,5.215,,,4.926,7.408,7.711,6.935,5.794,6.148,5.248,8.505,4.457,6.762,7.429,7.769,,5.2
Q9UGU5,HMGXB4,10.874,8.298,8.898,,10.755,7.009,9.468,8.19,,8.451,8.199,9.907,7.362,9.129,9.899,10.981,9.005,9.835,7.195,6.81,8.199,8.157,10.827,5.964,9.392,,,8.57,10.401,8.148,8.329,7.71,9.932,11.645,,7.062,9.091,11.255,9.18,7.081
Q9UGY1,NOL12,15.107,14.913,14.937,13.747,13.702,14.177,12.298,11.688,13.31,11.978,12.222,12.906,14.072,14.029,13.961,14.105,14.923,13.38,13.008,13.018,,14.599,13.84,14.643,11.373,12.226,11.141,13.877,14.18,,14.399,15.514,13.752,13.148,13.13,14.996,14.462,12.986,13.58,15.316
Q9UH03,SEPTIN3,11.656,15.024,11.26,13.572,13.39,12.766,13.476,13.96,12.927,15.513,13.36,13.423,14.664,14.115,12.161,14.05,13.45,13.821,13.671,14.129,13.053,13.66,13.78,13.951,14.795,14.395,13.276,15.26,13.068,13.898,13.404,11.88,,14.204,13.368,13.539,13.688,15.797,13.72,11.429
Q9UH17,APOBEC3B,16.282,14.395,15.87,16.708,15.179,17.462,14.453,15.821,17.633,15.535,17.082,15.435,14.633,16.137,15.934,16.476,16.035,14.379,14.514,15.394,16.551,16.146,14.232,18.93,15.719,14.506,18.576,15.629,15.819,17.299,16.749,15.792,17.136,17.63,15.581,16.32,15.276,14.76,17.74,17.245
Q9UH36,SRRD,9.531,8.778,8.68,10.754,10.051,6.445,8.301,8.566,7.305,9.769,7.314,8.617,7.872,10.273,9.741,8.942,8.236,9.365,6.944,8.511,8.667,8.352,9.028,6.723,8.692,9.934,,8.989,8.98,8.223,9.782,11.189,7.831,9.686,8.413,7.845,9.524,8.176,7.544,8.108
Q9UH99,SUN2,8.543,,9.671,9.362,9.96,9.698,9.341,9.567,9.061,10.491,8.501,10.022,11.233,,9.627,10.679,9.701,9.965,10.801,10.858,9.14,9.69,10.754,,8.788,9.886,9.08,9.097,11.064,9.007,9.802,7.81,10.987,9.767,10.327,9.48,,9.138,10.449,
Q9UHP6,RSPH14,7.125,6.791,6.968,9.083,7.669,6.284,8.575,6.366,7.951,,7.914,6.916,7.096,7.499,7.128,7.434,5.761,8.824,6.003,6.409,7.771,6.815,8.602,5.971,7.682,8.573,7.059,6.565,7.953,6.776,7.135,7.556,7.156,,7.101,8.168,7.407,6.214,7.797,
Q9UIA0,CYTH4,,12.666,12.418,11.498,11.924,12.526,11.608,13.259,12.888,13.128,12.014,11.631,11.075,10.352,12.156,10.951,11.512,10.493,12.204,11.136,10.953,11.063,,11.492,11.541,12.409,10.466,11.588,10.32,10.843,,11.074,10.135,11.34,12.679,12.693,13.457,,10.972,11.388
Q9UJY5,GGA1,16.582,16.501,16.442,16.44,15.536,14.644,17.158,16.378,16.525,16.363,16.123,16.358,15.989,16.243,14.865,17.186,17.119,16.563,17.53,16.707,17.355,16.558,15.934,16.056,15.723,15.878,15.509,16.033,16.791,15.336,15.843,14.995,15.445,14.107,15.271,17.117,14.891,15.422,16.872,16.236
Q9UKI3,VPREB3,13.195,12.87,10.966,11.83,12.416,13.007,12.086,13.096,12.362,13.824,12.769,11.734,12.364,14.384,14.111,12.972,14.38,12.93,15.344,15.51,14.566,13.062,13.638,12.123,12.824,,11.945,11.153,12.287,12.646,13.573,12.975,13.507,11.528,13.368,11.896,13.379,12.192,12.917,13.132
Q9UKX7,NUP50,10.308,12.514,,11.7,10.459,11.892,9.633,12.636,12.549,12.108,12.307,10.79,10.311,11.298,11.458,,12.371,11.139,11.08,12.361,12.462,13.323,13.187,10.725,12.11,12.797,13.294,11.088,11.18,11.857,12.228,10.352,11.461,11.016,12.462,12.322,11.9,10.311,11.972,12.054
Q9ULC8,ZDHHC8,,10.167,10.415,9.27,9.415,10.995,10.161,9.679,11.233,11.192,10.392,8.812,11.122,9.698,10.287,8.042,10.719,8.011,10.064,,12.619,10.599,10.224,,,10.685,11.186,8.792,,8.112,11.872,7.321,10.104,8.359,11.159,10.104,8.061,9.313,9.933,10.721
Q9ULT6,ZNRF3,15.58,14.947,14.839,17.118,15.14,,16.078,13.781,15.341,14.412,14.0,16.487,15.431,16.124,14.706,15.939,14.166,15.555,13.779,14.546,15.26,15.537,14.735,15.34,15.049,14.211,13.847,14.307,15.555,16.04,,14.711,15.206,15.626,15.913,14.237,14.596,15.101,14.962,14.586
Q9ULX9,MAFF,11.403,9.333,10.02,10.495,11.748,10.715,,9.61,10.035,11.667,10.456,11.177,10.686,,,11.548,11.187,12.171,9.795,10.416,9.333,,11.377,10.139,11.33,10.764,9.874,10.546,11.211,11.882,10.218,12.1,11.319,,,11.086,11.101,10.199,12.219,10.634
Q9UMW8,USP18,,7.231,4.462,5.473,7.11,5.076,6.498,,5.826,8.258,5.37,7.932,5.99,6.971,5.952,8.315,7.277,,7.827,7.107,6.286,7.789,6.551,5.839,6.925,8.356,5.983,6.475,8.144,5.466,7.444,,,7.852,4.928,8.129,8.142,6.956,6.639,6.813
Q9UNF0,PACSIN2,9.955,,8.684,9.852,8.53,8.238,9.677,9.184,10.377,9.827,10.494,10.418,10.18,10.949,9.863,10.202,11.037,9.562,10.909,10.512,10.317,8.884,10.745,9.998,9.592,9.641,8.754,9.539,,11.889,11.019,9.403,,10.538,,9.846,9.898,9.432,9.824,9.548
Q9UNT1,RABL2B,6.381,6.613,7.443,7.91,4.602,8.815,5.264,6.824,6.838,6.995,6.558,4.8,6.286,5.943,5.39,,6.619,5.292,6.087,,6.973,7.377,7.15,8.626,5.73,,7.314,4.936,6.098,6.232,7.321,7.228,,6.714,6.855,,6.617,7.14,7.073,8.757
Q9UPQ9,TNRC6B,7.848,7.848,8.238,6.789,7.11,6.845,6.381,9.66,6.81,8.667,8.383,7.588,8.878,8.157,7.833,8.496,6.646,8.753,,8.209,8.116,,7.058,6.959,7.867,8.68,8.168,,8.262,8.208,8.678,7.941,7.658,5.75,6.868,7.117,8.624,7.281,8.7,8.218
Q9Y259,CHKB,3.817,7.29,7.423,5.241,5.544,7.683,,7.141,7.45,9.004,7.545,4.628,4.902,6.391,6.676,4.567,5.539,4.235,5.255,7.365,6.464,7.71,5.588,8.835,,5.556,7.184,4.684,4.02,5.239,6.323,5.474,,3.933,4.499,5.237,6.162,4.238,5.372,
Q9Y262,EIF3L,9.834,10.029,9.269,10.81,11.069,10.941,10.689,9.493,9.299,9.855,12.078,,10.931,10.842,10.029,9.852,,11.058,10.199,11.345,11.864,10.826,9.166,9.614,10.534,9.813,,10.562,10.401,10.39,10.994,,10.094,11.014,9.387,10.072,10.899,10.252,9.038,10.262
Q9Y295,DRG1,11.279,12.072,13.012,12.038,11.453,12.277,12.54,14.328,11.923,14.361,13.008,12.841,,10.596,12.124,11.125,12.86,10.61,,14.121,13.708,13.153,,11.969,11.281,,12.81,11.441,10.814,12.332,,8.129,11.943,13.015,10.114,10.985,13.363,10.378,,11.914
Q9Y3A4,RRP7A,8.841,9.461,7.745,7.709,9.378,8.676,8.901,,8.33,9.585,9.693,7.944,8.787,10.287,7.873,7.928,10.899,8.616,11.04,9.077,9.425,11.148,9.72,9.862,8.399,8.122,9.193,10.165,8.085,,12.807,8.056,8.524,8.189,8.663,8.356,,8.603,8.139,9.272
Q9Y3I0,RTCB,9.375,10.223,10.837,11.292,9.41,12.55,8.805,11.353,10.64,9.136,11.591,8.29,11.019,,10.338,9.001,,10.058,10.531,10.376,10.659,10.708,9.862,12.522,9.929,9.305,12.223,10.018,7.543,9.438,11.913,10.88,11.598,9.34,,10.503,9.781,10.188,11.098,11.734
Q9Y3I1,FBXO7,14.802,15.712,16.006,16.272,13.945,16.319,15.695,17.114,16.03,15.379,16.476,13.824,13.895,16.144,16.755,13.852,15.421,14.424,15.231,15.74,15.893,15.834,14.815,16.977,15.785,15.092,16.644,14.903,13.478,15.226,16.92,15.356,15.047,14.2,16.638,16.183,14.011,13.3,13.473,17.332
Q9Y3L3,SH3BP1,12.587,14.013,14.136,,15.792,13.202,13.165,13.521,13.583,13.158,12.98,13.895,13.463,14.595,13.72,13.612,13.117,12.496,13.641,13.761,14.869,14.579,14.289,13.257,13.652,14.592,12.067,13.475,12.615,13.857,13.807,13.396,13.948,14.447,13.719,13.345,13.475,14.698,14.433,14.456
Q9Y3M2,CBY1,11.076,9.956,11.053,11.156,10.793,11.706,12.736,11.68,11.082,9.882,10.565,11.912,12.169,11.636,12.543,11.453,9.986,11.352,9.641,10.772,10.727,10.446,11.981,10.485,10.581,9.957,11.46,13.492,11.814,12.816,10.307,11.52,10.56,10.576,11.77,12.809,10.981,11.564,10.136,10.079
Q9Y3P4,RHBDD3,,6.319,7.257,7.173,9.36,5.607,10.496,8.335,6.649,7.796,7.807,8.122,7.181,8.25,7.638,8.273,7.881,10.334,7.506,7.365,,8.795,8.836,7.212,8.71,10.0,8.563,8.106,8.719,7.073,8.84,7.556,8.371,7.701,6.848,7.807,7.642,7.653,7.855,9.553
Q9Y442,YWHAH-AS1,12.946,12.648,15.792,14.414,16.456,15.824,14.702,14.784,14.599,14.381,14.679,14.404,13.024,12.244,14.911,13.923,13.842,15.679,15.291,14.553,14.156,14.106,15.678,13.987,13.62,14.374,14.513,14.062,15.462,16.67,13.549,13.174,12.897,16.264,15.563,14.427,16.437,14.609,15.14,14.216
Q9Y512,SAMM50,7.634,7.44,9.002,8.476,8.761,8.321,8.938,7.556,7.846,8.683,8.768,8.773,7.364,9.27,9.184,8.351,8.0,8.06,9.362,,8.829,,,,7.143,9.805,6.598,8.263,9.44,8.159,9.241,9.766,8.045,8.554,8.434,7.821,8.995,9.085,8.886,7.943
Q9Y519,TMEM184B,8.463,8.885,,9.298,7.797,9.653,9.895,9.887,9.04,10.5,8.363,8.817,10.346,9.719,7.781,8.064,8.568,7.716,8.1,7.87,9.707,10.358,8.456,9.452,8.696,9.842,9.092,8.385,8.999,10.149,9.891,7.099,10.532,6.896,8.362,,8.55,,10.438,9.627
Q9Y534,CSDC2,15.132,14.332,17.083,13.734,15.948,15.193,13.491,15.677,15.927,15.65,15.782,15.576,16.039,15.115,15.538,17.199,14.686,,15.177,16.039,15.735,13.698,14.763,16.884,14.528,15.417,17.792,16.228,15.808,15.957,15.7,15.303,14.287,14.72,15.265,15.153,14.942,15.314,14.971,14.534
Q9Y535,POLR3H,12.538,13.319,10.441,12.732,13.302,11.563,10.95,11.0,10.315,10.045,11.494,11.73,11.612,12.054,11.383,12.793,,11.923,11.278,10.507,9.823,10.277,10.482,12.176,11.6,12.196,11.301,12.375,11.543,13.017,11.732,11.869,11.315,13.012,11.096,12.8,12.078,11.317,12.187,11.435
Q9Y698,CACNG2,13.05,15.382,13.583,13.707,12.472,14.074,14.419,13.996,14.108,13.357,13.153,11.527,12.971,15.491,15.461,13.631,15.794,13.038,14.87,14.419,14.782,13.829,13.73,14.117,13.392,13.682,12.55,11.435,12.703,12.832,14.462,14.581,16.266,15.946,13.448,12.213,12.694,13.407,12.118,14.914
Q9Y6J0,CABIN1,13.194,9.836,12.984,,13.535,10.339,13.049,12.134,11.747,12.535,12.454,14.597,13.82,12.474,,13.668,10.04,13.446,11.067,10.583,,12.563,12.77,10.267,11.71,12.239,12.221,12.535,12.611,13.08,10.082,12.398,10.394,12.222,11.206,11.531,12.607,13.869,11.727,10.588
Q9Y6U7,RNF215,11.349,12.102,14.678,11.443,12.929,12.685,,13.544,11.127,13.62,10.742,12.343,11.357,12.401,12.179,10.475,10.669,13.11,13.553,12.784,11.59,12.59,12.613,11.829,12.775,13.122,11.602,12.824,11.222,11.679,12.964,11.584,11.524,13.252,11.528,14.068,11.942,12.779,11.778,10.139
Q9Y6X9,MORC2,8.349,10.12,10.323,9.562,8.807,11.966,8.644,9.785,10.603,8.512,8.367,7.32,7.526,7.677,10.145,8.46,7.726,8.135,8.996,9.3,9.54,10.181,8.81,,8.286,7.778,10.69,9.55,8.105,9.634,8.564,8.208,7.268,8.068,8.666,9.787,9.349,7.066,9.599,6.648
