sample_id,A0A024R1R8,A0A087X1C5,A0A0A0MRZ9,A0A0A0MT76,A0A1W2PR19,A0A494C0N9,A0A494C0Y3,A0A590UK83,A0A6I8PU40,A0M8Q6,A1L190,A4QPB2,A4QPH2,A6NGB0,A6NHG4,A6NJZ7,A6NM43,A6NNM3,A6PVC2,A8K8P3,A8MPS7,A8MYP8,B1AH88,B5MCN3,B5MD39,B8ZZ34,B9A064,F5H4B4,H7C350,L0R8F8,O00178,O00192,O00501,O00541,O00587,O14791,O14994,O15031,O15371,O15442,O15499,O15547,O43246,O43247,O43251,O43272,O43435,O43731,O43759,O43808,O43819,O60688,O60704,O60733,O60755,O60784,O75132,O75140,O75170,O75419,O75600,O75631,O75648,O75677,O75678,O75679,O75791,O76054,O95236,O95248,O95461,O95502,O95503,O95567,O95696,O95721,O95755,O95907,O95922,O95931,O95985,O96015,O96017,P00387,P01127,P01701,P02144,P05162,P05546,P07305,P09382,P09601,P0C7N4,P0C7P2,P0CF74,P0CG04,P0CG29,P0CG30,P0DOX8,P0DOY2,P0DOY3,P0DSO1,P10323,P10635,P11274,P12018,P12036,P12956,P13224,P13725,P13866,P14174,P14784,P15018,P15153,P15289,P15814,P17050,P17861,P18848,P19086,P19440,P19971,P20062,P20472,P21964,P23142,P24347,P25325,P26998,P28482,P29274,P30046,P30536,P30566,P31941,P32745,P32927,P33992,P35240,P35579,P35625,P35626,P36269,P36543,P39023,P42356,P43320,P43487,P46060,P46109,P48050,P48739,P49593,P49674,P50502,P53007,P53671,P53673,P53674,P53675,P53778,P53814,P54198,P55769,P55957,P56556,P56693,P56706,P59817,P61218,P61580,P61581,P62318,P62877,P68036,P78395,P85298,P85299,P86434,P98153,Q00587,Q01844,Q04917,Q07869,Q09327,Q09472,Q10567,Q10571,Q10587,Q12772,Q12824,Q13323,Q13356,Q13387,Q13615,Q13769,Q14106,Q14129,Q14166,Q14390,Q14565,Q15040,Q15049,Q15080,Q15459,Q15735,Q15750,Q15759,Q16587,Q16762,Q2M1V0,Q2NKQ1,Q2VPJ9,Q2WGN9,Q3SXP7,Q3SYA9,Q53GT1,Q569K6,Q5BKY6,Q5GH77,Q5R3F8,Q5R3I4,Q5THK1,Q5THR3,Q5TIA1,Q69YQ0,Q6IBW4,Q6IC83,Q6IC98,Q6ICB0,Q6ICB4,Q6ICC9,Q6ICG6,Q6ICG8,Q6ICH7,Q6ICI0,Q6ICL3,Q6ICL7,Q6NTF7,Q6NUI6,Q6NVV7,Q6NXT1,Q6P575,Q6P5X5,Q6PGQ1,Q6S545,Q6UXH1,Q6UXV3,Q6UXY1,Q6ZQY2,Q6ZR54,Q6ZT62,Q6ZVW7,Q7L3V2,Q7RTP6,Q7RTV0,Q7Z3Z3,Q7Z412,Q7Z4H4,Q7Z4Y8,Q7Z5A7,Q7Z6W7,Q7Z6Z6,Q86V35,Q86V86,Q86WX3,Q86YH2,Q8IU80,Q8IUG5,Q8IUX4,Q8IVS2,Q8IWD4,Q8IWF2,Q8IWL3,Q8IWY4,Q8IYW4,Q8IYX3,Q8IZ69,Q8IZJ4,Q8N1L1,Q8N3F8,Q8N5Z5,Q8N653,Q8N7B1,Q8N8J0,Q8NDV3,Q8NEG4,Q8NEG7,Q8NEJ0,Q8NET5,Q8NFI4,Q8NFQ6,Q8NG94,Q8TCT0,Q8WTX7,Q8WUA7,Q8WWX9,Q8WYQ3,Q8WYQ4,Q8WYQ5,Q92523,Q92737,Q92841,Q92871,Q92890,Q969R2,Q969R5,Q969S8,Q969V6,Q96A84,Q96AK3,Q96AY4,Q96D21,Q96DF8,Q96EK2,Q96F46,Q96FE7,Q96G42,Q96GD0,Q96GF1,Q96GP6,Q96HU1,Q96JB3,Q96M85,Q96MU8,Q96NN9,Q96NT3,Q96PF2,Q96Q80,Q96RD6,Q96RJ3,Q96RN5,Q96RT7,Q96SF2,Q99501,Q99705,Q99719,Q99757,Q99798,Q99999,Q9BPW4,Q9BPW8,Q9BQE5,Q9BR01,Q9BT49,Q9BU23,Q9BV10,Q9BVL4,Q9BW83,Q9BWT7,Q9BWW8,Q9BWW9,Q9BXF3,Q9BXI6,Q9BXI9,Q9BXK5,Q9BXQ6,Q9BXT6,Q9BXW7,Q9BY27,Q9BY77,Q9BY89,Q9BYB0,Q9BYB4,Q9BYH1,Q9BYW1,Q9BZE7,Q9BZR6,Q9H0A3,Q9H1I8,Q9H1K4,Q9H2D6,Q9H4I3,Q9H4I8,Q9H4I9,Q9H4K1,Q9H6A9,Q9H6E4,Q9HBE1,Q9HBI0,Q9HBI1,Q9HC16,Q9HCN8,Q9NNW7,Q9NP61,Q9NPC4,Q9NQ50,Q9NQF3,Q9NQG6,Q9NQG7,Q9NQH7,Q9NRA8,Q9NRD5,Q9NRW3,Q9NS69,Q9NSP4,Q9NSQ0,Q9NST1,Q9NTG1,Q9NV39,Q9NWS6,Q9NY65,Q9NY91,Q9NYQ6,Q9NYZ3,Q9NZ20,Q9NZK5,Q9P0X4,Q9UBB4,Q9UBB9,Q9UBR1,Q9UC06,Q9UDW1,Q9UDW3,Q9UDX3,Q9UDX4,Q9UDX5,Q9UFD9,Q9UG56,Q9UGB7,Q9UGR2,Q9UGT4,Q9UGU0,Q9UGU5,Q9UGY1,Q9UH03,Q9UH17,Q9UH36,Q9UH99,Q9UHP6,Q9UIA0,Q9UJY5,Q9UKI3,Q9UKX7,Q9ULC8,Q9ULT6,Q9ULX9,Q9UMW8,Q9UNF0,Q9UNT1,Q9UPQ9,Q9Y259,Q9Y262,Q9Y295,Q9Y3A4,Q9Y3I0,Q9Y3I1,Q9Y3L3,Q9Y3M2,Q9Y3P4,Q9Y442,Q9Y512,Q9Y519,Q9Y534,Q9Y535,Q9Y698,Q9Y6J0,Q9Y6U7,Q9Y6X9,age,sex,phenotype
SITE1_PT001,17.844,11.558,8.903,10.157,12.694,14.06,,10.985,10.198,8.19,12.523,16.115,8.462,,8.469,12.748,13.149,,,11.989,8.184,11.642,12.011,6.787,16.049,,7.41,,7.757,4.891,8.203,8.211,,10.543,11.351,11.076,9.771,12.246,14.976,15.011,6.604,6.819,9.569,8.626,11.701,9.574,7.261,10.564,10.463,,15.756,5.862,18.339,7.374,14.606,13.396,14.684,14.313,13.73,11.422,13.206,6.672,13.011,10.913,15.441,9.294,9.754,14.207,8.553,,11.554,8.421,9.307,10.334,10.74,7.314,8.956,13.969,9.871,14.773,15.407,9.453,,11.366,13.291,12.826,14.394,,10.992,,,7.672,14.763,15.136,6.996,11.118,6.501,13.092,8.265,15.869,6.568,14.46,14.358,10.448,13.958,14.523,12.93,8.937,11.573,,12.239,,10.991,11.621,10.525,10.12,12.053,15.538,11.356,10.975,14.333,5.302,6.254,6.162,13.47,10.66,12.116,13.798,10.501,15.039,12.072,9.983,9.144,9.561,8.723,7.362,15.329,11.426,11.333,,,13.848,11.834,9.308,9.336,15.006,12.211,13.216,,12.591,12.462,6.142,11.869,13.644,4.07,8.68,16.781,6.832,9.573,11.353,9.603,15.358,15.791,10.085,16.126,14.984,11.698,13.591,6.007,18.17,11.917,12.455,7.086,13.9,,6.864,6.258,14.095,7.801,15.995,,7.545,4.92,7.846,11.431,13.434,,15.442,6.539,13.351,15.823,14.846,14.335,14.286,7.64,5.355,7.796,12.151,12.842,10.214,13.126,8.213,13.717,9.186,9.434,10.605,16.13,12.027,3.855,11.972,6.027,16.148,15.14,7.955,4.986,8.597,15.398,11.278,15.136,12.976,10.101,7.266,14.329,8.968,10.645,12.93,13.106,13.95,7.246,,8.811,11.676,6.504,6.639,8.719,,13.201,12.232,12.219,10.776,10.825,7.35,13.045,7.912,5.18,9.202,8.906,7.206,10.208,11.542,11.153,13.332,12.306,8.454,13.903,13.227,9.643,11.302,,10.496,13.486,13.027,15.138,11.322,10.806,14.209,,14.515,13.045,6.295,6.155,13.55,,8.507,9.332,5.121,10.099,13.203,6.846,16.856,16.034,9.463,8.693,11.51,,,17.366,15.053,14.149,8.736,11.107,14.702,8.957,12.09,6.781,6.704,11.623,,7.235,15.226,16.88,12.492,13.865,15.211,9.21,,10.834,7.006,11.645,11.231,12.83,,8.295,12.852,7.077,6.289,8.632,9.874,9.896,11.642,7.466,10.077,14.449,14.292,13.471,12.551,12.594,,,11.1,8.004,14.999,12.28,13.669,15.654,12.239,16.184,11.616,13.828,11.196,10.757,10.47,7.828,11.583,14.065,11.377,9.586,11.45,,6.285,14.136,8.294,8.813,12.184,6.407,9.717,10.957,11.756,16.098,13.711,10.829,12.21,15.466,13.531,14.763,14.761,14.348,,13.933,10.986,13.106,11.198,14.405,15.774,7.154,13.061,12.72,8.852,6.0,8.957,13.943,11.857,16.635,9.175,14.023,10.218,14.313,6.618,13.188,16.049,17.135,12.59,,10.34,7.896,5.839,14.253,12.668,12.953,13.958,14.927,14.041,8.368,9.535,12.244,16.701,6.787,11.668,13.233,6.179,10.547,15.462,12.649,8.851,16.424,,13.239,10.403,10.488,11.378,6.185,14.2,9.517,7.7,12.042,13.664,14.044,15.931,10.288,9.789,7.378,11.09,14.463,12.558,10.616,9.714,15.321,11.646,7.61,,,6.539,,8.688,10.454,7.761,9.628,14.607,14.122,12.1,8.266,15.261,,,14.436,11.109,12.486,12.216,11.566,8.013,24,0,0
SITE1_PT002,14.429,15.42,9.699,10.74,12.24,14.966,12.811,,10.219,10.899,13.515,14.038,,7.576,,13.549,13.01,7.401,8.417,10.432,6.074,16.452,9.104,4.849,17.579,5.046,8.361,8.59,,5.434,7.242,7.951,,,13.111,10.41,10.717,12.452,15.008,11.471,6.16,9.775,6.2,8.67,10.625,10.491,6.558,9.154,11.733,6.984,11.539,,14.466,6.886,14.004,15.54,15.065,13.358,,11.253,14.519,6.485,10.513,11.976,14.095,10.107,8.861,9.372,7.645,7.728,11.404,11.035,7.781,11.353,9.791,9.294,9.591,14.139,7.534,15.038,15.714,10.229,8.744,10.753,15.393,12.53,14.882,10.986,14.299,9.617,14.684,6.273,10.0,13.016,,10.874,6.82,12.93,8.191,14.492,6.695,16.318,13.292,10.858,13.074,,18.389,9.804,10.622,7.966,13.561,7.956,,10.383,9.769,10.967,11.457,14.128,11.954,10.641,16.262,6.844,6.766,8.264,11.274,10.156,13.51,11.258,10.28,15.26,14.458,7.33,9.364,7.983,7.654,7.639,15.863,9.73,9.946,13.155,11.583,17.98,15.19,11.036,9.454,16.559,12.651,14.518,9.164,14.302,12.578,,11.051,12.234,7.808,10.942,11.085,9.192,,11.403,10.101,16.404,12.681,,17.433,13.575,6.129,13.086,8.546,16.334,11.996,13.146,8.532,14.84,6.157,9.463,8.804,14.334,8.784,17.112,10.445,2.471,,7.596,11.404,14.984,8.748,13.134,6.587,13.072,16.34,13.561,12.754,13.999,6.419,,7.885,9.866,13.846,14.169,14.628,8.221,15.398,7.395,7.205,13.763,15.42,11.655,5.713,9.911,6.053,14.515,13.323,8.963,8.077,6.582,15.097,11.42,13.022,,10.915,8.583,15.224,7.933,12.138,12.892,11.974,17.028,5.34,11.442,11.154,10.587,6.846,8.268,9.054,11.121,8.516,11.93,13.412,,9.365,8.74,10.691,9.222,6.206,10.414,11.33,9.569,12.785,12.26,13.137,14.36,11.918,8.1,13.339,12.113,10.538,11.663,8.824,10.992,,17.167,15.618,10.433,10.647,11.889,10.762,,10.662,,6.612,15.206,7.79,8.32,9.121,8.144,9.277,14.993,6.585,15.59,12.518,8.423,6.044,12.574,9.203,7.713,15.442,15.422,13.316,10.925,14.322,11.085,,10.382,5.915,7.258,9.227,8.67,9.199,13.989,16.11,11.206,15.452,16.638,4.936,9.279,9.683,,13.258,11.052,10.093,8.466,,14.079,,8.77,,11.286,12.418,10.107,4.879,7.622,13.373,11.507,13.311,13.232,14.708,5.21,8.752,11.929,11.02,14.081,11.301,12.519,13.58,8.638,14.486,9.858,13.712,6.953,9.315,12.54,7.052,8.597,15.902,12.848,6.441,,8.133,6.802,17.143,,9.33,11.159,6.98,8.685,13.821,13.661,16.31,,10.073,15.622,13.925,11.874,15.532,14.162,12.718,7.777,13.785,9.53,10.434,13.471,15.867,16.73,7.922,13.494,12.903,8.616,7.804,4.118,12.597,12.638,15.108,10.294,15.711,10.899,13.064,6.979,12.281,14.64,14.292,11.603,4.297,8.748,5.856,6.319,13.422,13.773,12.93,14.53,11.257,13.373,3.673,,10.313,14.704,4.538,11.068,12.467,6.03,12.364,14.859,11.458,6.807,,8.188,13.109,8.266,11.108,9.425,9.315,15.666,6.142,5.637,7.827,13.661,14.673,15.193,8.126,10.739,,12.478,16.219,15.478,11.229,,16.052,10.252,6.083,10.787,7.572,8.08,6.618,,12.666,12.071,12.36,16.376,13.58,11.31,8.498,14.055,,,14.361,9.636,16.118,11.129,13.479,8.781,70,1,0
SITE1_PT003,15.301,14.555,,12.232,13.072,14.458,10.406,7.935,9.442,10.103,11.403,13.225,12.026,,7.673,13.151,12.605,7.406,6.763,12.614,7.697,13.466,11.007,6.254,15.983,6.392,10.949,,7.361,6.587,6.261,,7.747,13.343,12.947,9.265,11.935,11.184,13.242,14.999,,9.617,9.182,9.833,10.473,9.961,5.09,9.464,10.66,7.371,14.496,7.884,15.937,,15.927,16.604,16.167,16.487,14.179,13.458,13.64,7.015,9.739,11.896,14.391,10.063,9.962,10.905,8.349,8.519,10.131,8.787,8.12,10.894,9.522,9.885,9.045,13.723,8.427,17.755,17.005,11.008,8.023,13.036,15.027,11.552,17.304,,12.734,8.699,13.39,7.201,11.225,14.4,9.553,12.177,7.059,11.789,6.168,15.201,,15.478,15.435,12.258,13.65,14.652,17.489,9.898,13.591,4.646,,8.225,12.829,9.98,,10.949,15.381,11.225,12.864,12.413,15.288,7.977,7.787,4.835,,9.59,15.542,14.15,9.568,14.563,,9.95,8.538,6.488,9.334,7.902,16.499,9.431,10.047,13.088,11.528,16.541,14.813,11.157,9.872,17.356,12.931,16.777,6.556,13.528,,,11.967,13.059,,11.854,11.786,10.381,11.668,11.397,9.498,15.245,10.812,4.964,16.851,14.103,8.059,14.604,7.233,15.506,12.352,12.48,,16.964,6.077,6.809,8.546,11.495,10.243,16.465,10.186,3.253,7.014,6.236,13.158,13.295,7.573,14.165,7.554,14.906,16.319,11.609,13.395,14.16,6.422,9.774,9.148,10.41,14.218,14.219,14.011,8.911,11.814,8.48,8.703,13.731,13.408,12.574,5.498,10.832,6.956,12.395,12.916,,6.702,,14.122,9.868,13.801,12.541,12.44,10.084,13.901,6.092,12.325,11.258,12.483,16.785,7.852,9.857,9.901,11.664,8.464,5.274,8.217,11.232,9.742,11.621,11.862,11.447,10.066,8.98,12.533,8.973,6.925,10.39,11.44,9.788,11.857,10.744,12.588,12.728,11.721,,12.562,12.774,10.17,13.955,,10.34,12.896,17.724,15.6,12.136,9.66,14.298,6.735,14.454,10.384,,7.826,14.124,5.12,,8.65,7.716,,12.982,6.635,15.835,12.821,9.677,5.084,10.864,8.464,9.995,15.902,17.014,13.716,10.252,12.609,13.729,8.133,11.482,,7.513,11.193,6.428,9.349,15.193,14.668,10.535,14.304,14.454,6.41,,10.049,6.759,14.157,13.346,10.258,5.681,7.666,15.204,7.281,9.334,10.5,9.528,13.196,10.457,6.87,10.527,14.952,10.418,12.584,11.429,14.095,8.441,11.217,10.661,10.909,14.296,7.475,14.455,15.458,8.371,15.412,11.422,13.564,7.304,10.742,12.076,6.802,10.379,14.257,11.771,8.205,8.833,6.653,4.844,14.133,8.986,8.681,11.722,,5.71,14.874,,17.507,9.698,12.108,14.513,12.916,12.82,15.787,13.331,14.863,6.301,12.433,10.091,11.509,,15.094,15.066,8.738,13.57,12.836,9.365,7.61,4.436,12.558,12.101,14.03,,16.981,,14.711,7.874,11.412,15.269,12.407,12.051,6.417,11.113,,5.908,13.571,13.315,14.857,14.019,10.372,17.58,7.236,6.814,14.102,15.528,,8.989,11.501,7.315,8.881,14.294,13.689,8.249,13.56,7.926,14.225,,12.173,8.804,,13.307,6.525,5.636,7.999,13.957,,15.117,6.91,7.993,6.628,12.008,15.526,13.061,12.603,10.048,13.158,10.761,5.054,9.824,7.013,8.283,7.415,10.196,12.12,9.27,11.147,17.273,,,8.742,13.15,10.162,8.823,15.554,12.055,13.599,,12.825,9.191,62,1,1
SITE1_PT004,14.368,13.602,9.137,9.911,12.458,15.535,11.547,10.768,,10.801,13.942,14.802,10.649,7.292,9.041,13.641,12.183,8.494,7.414,11.56,5.942,13.332,8.992,,14.646,7.845,8.285,6.091,7.312,,5.191,8.101,6.697,,13.018,10.602,9.96,10.45,14.672,13.695,7.157,6.965,8.282,8.3,,11.323,4.597,9.465,11.199,6.617,13.195,5.835,15.339,6.707,15.018,14.429,17.323,12.506,12.446,10.61,12.249,6.775,10.102,9.816,14.404,10.684,10.473,12.6,8.921,7.762,10.667,9.447,7.757,9.236,8.462,10.994,9.243,13.81,7.604,15.028,14.84,10.039,9.414,11.418,13.204,11.595,12.45,10.969,12.998,9.571,12.677,6.885,14.636,15.765,6.387,11.055,5.578,,6.362,14.621,5.818,15.24,14.473,12.827,12.864,14.128,15.288,7.892,12.064,8.08,13.421,7.643,11.212,12.457,9.722,11.479,13.649,14.415,10.115,11.747,16.453,,7.195,8.164,14.398,11.258,13.761,12.462,,14.413,14.324,8.516,8.96,8.852,,,14.973,10.434,10.473,12.178,12.103,15.893,14.598,10.112,9.765,14.657,13.437,16.573,7.101,15.151,11.581,7.1,12.886,14.54,5.968,10.615,14.296,9.189,,10.204,9.763,13.984,,,17.19,15.342,8.295,13.238,7.841,15.566,14.215,12.442,8.176,15.135,5.548,6.262,7.32,12.727,8.329,14.054,12.521,6.024,6.87,6.249,11.388,13.036,7.851,15.68,,14.363,15.501,13.798,13.102,12.585,5.908,,7.168,12.673,13.297,11.544,14.662,8.883,12.1,10.56,8.021,13.003,15.677,13.078,4.223,11.7,7.988,15.573,13.878,,6.381,,14.914,11.634,14.767,11.787,12.031,7.534,16.499,8.988,11.547,,11.29,14.462,7.074,11.793,8.572,10.246,5.833,6.676,,7.108,11.123,12.343,14.082,11.246,9.137,10.16,13.244,10.145,4.14,10.686,12.101,8.615,11.133,11.431,11.596,12.33,12.295,9.433,14.701,10.689,8.877,13.028,9.004,11.427,15.236,,13.797,9.84,10.784,13.63,8.742,15.26,10.694,8.104,5.49,13.882,6.857,10.079,,8.542,10.055,13.196,5.525,15.496,16.168,8.509,,,7.534,10.285,15.296,17.064,14.585,8.765,14.255,,9.028,11.396,5.974,9.194,10.474,7.813,7.755,13.824,14.373,13.361,13.887,16.036,7.706,10.63,,5.327,14.254,10.091,11.418,5.333,9.107,14.625,6.739,6.633,8.108,11.001,11.115,11.495,8.523,8.587,13.657,11.469,13.22,12.499,14.758,6.977,8.218,11.985,10.605,13.524,10.34,14.536,15.095,10.287,14.707,12.057,13.751,10.003,12.67,12.339,7.5,,16.267,10.994,8.698,9.516,6.466,7.72,14.763,9.013,9.459,12.52,7.127,10.441,13.537,12.147,14.285,12.566,8.496,13.659,14.069,,16.214,13.842,14.468,,13.229,10.692,11.026,11.087,13.951,16.557,8.018,13.321,14.956,9.03,7.168,7.26,13.09,,16.969,10.733,16.701,10.371,12.747,7.595,11.197,14.171,14.585,14.043,6.16,9.982,,5.603,14.128,11.698,12.297,15.767,13.824,13.979,5.457,9.428,11.919,14.247,5.689,,15.001,5.776,10.626,15.019,13.466,6.856,15.738,10.955,14.289,8.454,10.77,11.483,8.459,14.287,6.842,8.539,8.693,14.037,13.967,16.038,10.06,10.099,,10.947,15.692,11.745,13.014,9.415,14.394,,6.954,8.236,6.702,8.902,8.173,9.742,12.698,8.707,10.593,16.296,12.844,12.537,8.552,15.089,7.613,9.291,14.839,11.051,13.284,12.99,13.187,9.067,47,0,0
SITE1_PT005,13.439,14.083,9.904,9.188,13.137,14.243,10.255,9.121,,9.983,12.016,15.039,,9.221,7.876,12.932,11.646,6.883,5.476,12.294,8.684,14.607,8.749,,16.45,7.731,9.651,5.575,9.043,,5.467,7.087,7.979,13.302,12.007,9.292,10.294,12.134,12.968,16.054,,8.158,7.375,9.776,11.01,9.172,6.526,10.596,8.842,8.402,14.177,7.56,16.164,4.501,13.392,15.641,16.474,17.4,15.007,13.319,13.484,5.412,8.366,10.14,13.102,,,11.8,,6.498,9.71,8.07,7.682,9.544,9.529,9.447,11.342,15.757,8.876,15.555,16.72,11.869,7.247,10.917,14.238,12.494,15.599,10.42,12.756,9.419,13.09,7.094,14.103,14.669,8.288,12.457,6.231,12.077,8.1,15.365,5.961,12.894,13.139,13.301,11.533,14.774,16.866,7.422,11.889,6.616,13.41,8.029,11.163,8.893,11.331,11.822,14.375,11.488,12.309,11.991,16.111,8.218,7.627,7.714,12.151,,14.592,14.402,8.736,16.242,13.249,9.012,8.376,,9.09,9.649,15.906,9.275,10.631,14.411,12.641,16.493,13.725,9.411,7.869,17.436,11.949,17.502,7.224,14.47,13.015,6.469,11.733,14.133,6.464,12.006,,8.966,11.121,10.508,7.827,14.42,13.702,5.53,17.18,13.07,7.607,,6.958,14.039,12.797,12.819,9.358,16.739,5.247,6.963,8.151,13.683,9.308,15.447,10.231,4.934,7.446,6.765,11.61,14.795,8.219,14.025,6.848,14.342,17.14,12.808,13.455,14.194,,9.297,7.539,9.804,14.111,11.835,,8.362,13.122,,6.546,12.795,14.085,11.979,5.96,11.359,,14.103,12.138,9.608,7.481,7.131,14.236,11.649,14.126,11.347,13.73,,15.231,7.915,11.034,12.956,10.936,15.651,6.408,9.3,8.922,13.367,7.198,6.503,8.171,9.273,11.453,13.588,11.728,10.488,9.938,8.517,13.167,,6.004,10.252,10.553,8.865,11.771,10.616,12.354,12.13,12.098,11.032,,13.507,,13.505,8.271,11.266,14.793,15.194,14.495,13.17,8.515,13.277,7.409,14.952,,8.158,5.346,13.818,,7.672,8.096,5.314,9.559,11.741,7.81,14.712,13.977,,6.125,11.809,9.312,9.819,16.078,15.029,,8.336,14.739,13.551,10.03,11.547,,6.644,11.469,7.26,6.667,13.761,13.55,11.825,15.591,14.985,7.819,10.13,7.629,5.034,11.704,,12.848,6.603,8.269,13.54,8.141,8.037,8.798,8.983,11.03,10.745,7.792,9.757,13.238,13.037,12.851,,13.906,6.248,12.535,9.764,10.464,,,12.737,16.235,9.365,15.464,12.742,16.865,8.937,7.672,10.423,6.106,8.226,14.541,12.199,8.388,10.97,6.657,5.821,16.219,10.239,,10.031,4.222,8.88,12.45,11.6,15.125,11.297,11.361,13.931,15.766,12.665,15.161,13.988,15.715,6.214,13.241,8.471,12.878,11.271,14.327,13.678,,13.724,12.168,7.211,6.354,5.015,12.477,12.764,15.776,10.578,15.175,10.185,13.465,6.0,11.456,15.444,13.049,14.856,7.037,10.327,,6.757,13.821,12.802,13.98,14.364,11.936,16.942,7.602,7.691,,16.866,4.337,10.38,11.551,5.246,9.451,16.132,12.476,8.245,14.945,8.88,13.715,,12.528,9.472,9.955,14.29,7.096,5.162,9.244,16.583,13.174,15.707,,8.881,6.462,10.468,16.228,13.895,10.42,10.418,15.208,10.907,7.073,9.028,6.711,6.434,,,12.061,7.575,10.144,15.854,14.442,12.25,7.292,11.799,8.894,7.968,15.117,,14.909,11.977,12.795,8.277,47,1,1
SITE1_PT006,12.871,16.043,,12.588,13.759,14.8,13.182,9.418,8.535,10.827,13.049,12.83,11.657,8.139,6.735,12.086,14.437,6.369,6.191,12.008,8.053,15.054,7.686,4.101,16.404,5.835,6.798,10.209,8.734,7.049,8.074,8.746,7.05,10.361,12.527,8.968,8.64,12.12,12.769,14.362,5.487,,8.218,9.815,,9.01,6.363,8.401,,6.967,12.783,5.068,13.881,,13.285,16.08,16.362,13.322,14.378,12.713,13.293,7.618,10.779,10.93,14.145,11.715,,9.573,9.076,7.09,9.533,12.293,8.241,7.869,,,9.549,13.6,8.568,14.272,15.039,13.06,8.573,10.811,15.642,12.354,14.433,11.57,12.564,,13.576,6.963,10.311,12.499,,11.451,5.285,13.222,8.765,16.382,7.044,14.095,14.263,13.966,12.284,12.135,16.511,7.506,10.962,7.668,13.624,7.813,12.553,10.288,9.979,10.72,12.948,11.929,,11.501,16.001,7.239,6.824,7.883,13.178,11.302,13.562,12.733,9.211,15.323,12.71,9.477,10.71,,8.217,7.725,15.412,10.677,,12.216,10.883,18.467,14.939,11.869,8.312,16.617,13.565,15.816,6.447,16.889,12.4,9.238,10.53,14.137,7.14,10.459,11.835,10.247,10.61,10.62,9.818,14.958,12.033,5.379,16.423,13.477,8.263,14.839,7.879,15.509,12.886,13.155,7.481,,7.143,,7.807,12.906,7.87,15.78,10.917,2.519,,7.854,14.047,14.277,8.257,13.429,6.096,14.869,15.925,12.239,,13.167,,8.017,6.335,10.679,13.511,13.258,15.833,8.766,13.514,9.471,8.662,15.681,14.08,13.071,4.694,10.355,,15.425,11.259,7.485,7.185,8.165,14.716,11.847,13.151,9.039,13.037,7.589,13.083,,15.273,13.749,12.362,16.543,4.535,,11.087,10.814,7.687,7.2,11.084,11.34,9.312,,,10.146,8.223,7.898,11.216,,7.31,10.212,10.798,9.541,12.58,11.497,13.905,15.408,,8.501,13.46,11.136,8.769,11.838,9.929,14.134,13.883,17.885,17.89,11.514,12.297,10.635,10.873,14.041,9.036,7.761,,15.137,,6.535,9.205,,10.156,14.394,,14.102,12.679,10.029,6.476,12.551,8.911,10.639,15.975,17.276,13.259,,12.849,11.45,10.558,12.501,,8.114,12.393,7.338,6.797,13.6,15.063,,16.419,16.394,4.894,11.042,8.262,7.653,14.164,11.035,9.666,,7.337,15.744,6.738,8.369,7.801,11.536,12.114,9.458,6.344,,13.634,11.547,12.194,12.123,14.511,4.817,,11.904,11.444,15.166,10.641,13.908,14.905,11.342,13.84,12.105,13.115,7.171,9.951,12.31,7.015,8.488,16.83,12.381,6.678,8.602,8.358,5.708,16.521,,,11.725,5.616,,14.335,11.3,15.894,11.047,12.021,15.662,13.75,11.822,14.351,13.582,13.055,7.298,11.766,10.427,11.319,13.218,15.437,16.855,8.661,12.712,13.7,8.068,6.354,3.598,14.037,12.173,13.978,11.493,15.472,10.535,12.927,7.59,12.713,12.775,13.854,,5.484,10.26,5.683,5.906,12.669,11.808,14.245,12.865,11.705,,5.52,7.215,,13.751,6.106,11.258,12.292,7.394,,16.528,12.096,7.587,12.7,8.185,13.778,8.339,11.512,9.704,8.667,13.682,5.637,,8.031,13.521,13.386,14.628,6.848,8.775,7.593,11.451,15.448,13.233,12.619,,14.696,12.123,6.653,11.207,8.799,,7.353,12.044,13.562,12.266,11.38,17.31,12.833,12.077,8.32,13.933,8.277,7.489,15.356,11.396,15.26,10.466,12.373,6.716,76,1,0
SITE1_PT007,15.146,12.672,8.485,11.158,13.968,16.574,11.621,8.672,9.91,9.298,12.577,15.229,11.128,11.613,10.535,13.636,11.668,6.209,6.771,11.584,9.03,12.174,12.393,5.242,14.926,8.746,11.65,5.167,5.53,,5.392,5.617,5.79,12.319,14.264,9.332,8.286,11.189,15.499,15.492,6.118,7.748,8.076,9.354,10.938,12.507,6.927,8.779,9.887,7.72,16.17,6.152,18.865,9.03,17.644,15.331,16.556,14.193,12.627,13.078,12.424,6.193,8.874,11.053,13.962,12.311,9.507,13.591,9.46,7.382,11.342,,9.677,8.913,8.751,9.116,11.507,12.482,9.064,17.639,18.104,11.39,10.049,10.43,13.508,12.852,13.368,10.6,12.294,8.271,12.047,7.156,16.6,13.141,9.141,12.667,6.372,13.01,7.211,15.787,7.392,15.956,12.422,11.892,13.441,15.2,16.543,8.451,11.525,7.358,,7.952,12.845,12.02,12.888,11.391,13.397,14.784,12.14,12.148,15.26,7.822,8.754,,15.152,10.521,14.499,14.741,8.922,14.946,13.25,10.461,7.871,8.14,9.716,9.798,16.349,10.023,10.935,13.815,12.053,12.672,13.05,10.564,8.589,14.742,12.914,17.902,5.951,13.945,12.243,5.453,12.882,13.238,5.115,10.25,15.917,9.099,11.31,10.294,9.668,14.008,13.123,6.502,17.305,15.023,8.726,14.067,,17.166,10.887,13.219,6.314,17.527,,6.9,6.905,14.087,9.933,13.085,12.349,7.326,4.017,5.031,10.4,13.574,9.621,14.368,7.933,15.423,15.352,13.917,14.763,13.735,6.552,6.829,,10.689,12.099,10.303,14.695,6.82,12.914,,8.399,11.287,15.662,10.686,5.339,13.312,6.282,12.516,12.361,8.902,6.184,9.518,16.594,,16.305,13.633,14.259,8.641,16.187,7.347,10.542,11.995,11.557,14.549,,,10.865,,9.033,6.29,8.428,10.853,,14.363,,9.412,11.092,8.042,12.654,9.057,5.628,9.288,9.486,7.989,9.949,12.521,12.018,13.237,11.479,9.969,12.555,,10.395,12.967,8.229,10.877,14.994,15.871,13.902,12.849,10.734,15.426,,15.918,12.364,6.221,5.923,14.427,5.922,9.195,8.443,6.841,,12.525,6.188,15.893,16.274,9.423,8.879,12.551,4.739,11.731,14.29,15.046,15.304,8.726,12.553,,10.615,12.559,,7.54,,8.131,,14.684,15.903,11.064,13.247,14.641,8.56,11.834,,7.175,12.224,11.073,12.83,5.296,8.683,15.816,5.108,,8.219,,12.189,11.164,6.305,9.466,16.456,11.711,12.63,13.075,12.231,7.236,11.185,9.84,6.97,15.516,10.726,14.161,14.316,10.11,15.606,12.294,14.221,,12.525,9.676,4.78,9.639,14.331,10.671,8.128,10.403,8.021,,14.188,10.269,6.479,,5.61,10.614,11.431,11.844,16.906,12.096,11.242,13.009,,12.826,16.837,14.813,16.966,7.303,13.741,7.479,14.007,10.744,13.845,13.81,9.102,14.682,14.156,9.892,9.011,8.83,12.916,10.273,14.547,9.788,14.798,,13.788,5.48,12.446,13.044,13.726,14.252,7.422,9.692,6.744,7.575,13.61,13.22,14.298,12.616,13.565,12.594,6.822,6.489,12.017,16.279,6.094,9.99,11.528,5.712,,13.395,12.959,8.593,15.905,9.586,14.098,9.017,13.669,9.465,7.945,15.271,8.034,8.463,10.668,13.996,,16.788,8.513,9.296,8.784,13.294,14.955,11.515,11.629,8.742,14.597,12.058,8.108,9.811,6.341,7.273,4.32,8.337,10.783,7.808,7.967,14.703,14.486,,8.044,14.687,8.353,8.906,14.208,,11.656,13.15,11.918,9.974,23,0,1
SITE1_PT008,13.413,15.473,8.964,10.896,13.837,13.274,11.279,,7.417,,12.606,14.098,11.736,6.871,8.44,11.524,11.455,7.56,5.179,12.181,8.467,14.13,9.442,6.496,16.983,7.737,9.558,8.535,7.837,,2.294,5.253,,12.575,13.096,9.663,9.164,10.614,15.224,14.271,6.244,9.774,,8.266,11.142,10.154,5.561,9.587,10.263,6.682,13.76,7.744,15.795,7.306,13.837,16.794,16.177,16.338,12.153,12.001,13.712,6.523,9.94,11.452,13.418,10.364,9.237,,9.001,6.827,8.95,9.332,6.628,,8.242,7.576,12.818,12.442,5.968,15.889,16.05,13.339,10.395,11.626,,11.613,15.548,10.546,13.517,10.193,13.86,5.689,10.517,13.104,7.984,12.822,6.418,13.076,5.525,,8.447,15.316,13.093,12.275,12.865,14.13,17.197,8.974,12.764,7.157,,,12.147,10.274,9.93,10.672,15.056,11.766,11.102,11.833,18.06,7.632,6.589,7.388,11.902,8.943,15.349,13.554,10.569,15.904,15.076,9.406,9.143,8.687,11.373,9.244,13.829,9.588,8.999,14.73,12.553,16.81,15.457,9.59,10.046,18.509,11.656,17.08,8.491,13.298,12.224,10.511,10.256,12.818,7.335,12.906,11.63,10.069,10.848,11.393,8.818,15.646,12.297,5.316,18.054,13.511,7.012,14.434,8.045,15.204,11.587,13.67,7.807,15.699,5.357,,9.092,13.629,9.469,14.978,10.154,2.455,8.155,6.777,12.528,14.327,6.371,13.309,8.332,14.598,14.366,12.591,13.424,14.788,6.531,8.465,6.868,10.559,14.69,14.023,12.932,7.227,11.28,8.413,9.399,14.794,14.095,12.13,4.737,11.099,5.701,13.642,13.32,7.562,,7.032,15.04,10.579,13.907,11.328,13.195,8.452,16.287,,12.559,13.625,13.906,15.623,,9.878,8.861,9.759,7.817,,9.729,11.577,8.614,11.996,10.774,9.88,12.433,,11.993,9.133,6.286,10.576,10.016,9.784,12.269,12.85,12.829,13.673,11.421,7.5,,10.936,,13.411,10.614,11.881,12.785,15.613,14.229,11.537,10.066,13.535,7.824,15.405,12.671,,6.827,15.698,6.032,6.599,6.661,7.193,9.134,11.996,8.076,16.201,13.113,10.312,,12.353,7.115,10.097,15.218,17.618,13.53,9.481,14.556,13.105,7.501,11.52,5.47,,9.617,6.304,7.319,14.092,14.011,11.182,15.432,14.632,8.031,8.482,9.32,5.71,13.027,13.131,10.416,6.851,7.796,14.649,5.573,8.358,10.094,10.894,12.896,8.649,7.287,8.181,12.993,11.855,12.458,11.659,14.416,7.237,10.482,11.937,9.638,14.123,9.633,12.011,15.215,9.577,14.006,12.187,13.936,8.024,10.041,11.048,6.215,9.795,16.943,12.291,7.396,,6.192,6.189,16.701,9.578,9.026,11.343,6.784,7.202,12.57,12.041,17.549,12.087,11.623,14.13,14.334,11.359,16.124,14.684,15.335,7.229,14.376,9.258,10.771,13.944,13.632,15.447,8.874,12.991,12.415,8.704,7.716,6.775,12.152,12.598,15.496,10.751,17.909,10.517,15.875,5.934,11.56,14.265,11.732,14.311,,10.442,8.735,6.818,11.517,13.624,13.985,12.094,11.38,14.71,7.33,7.528,10.709,15.366,3.194,10.117,12.234,6.372,10.816,14.571,12.026,7.541,13.637,9.584,13.324,,13.456,8.857,9.68,13.973,7.093,5.178,8.588,13.09,13.179,16.768,8.368,8.535,6.829,9.945,15.556,12.779,11.168,11.269,15.403,11.771,6.148,8.948,5.946,7.505,4.587,10.514,11.531,10.078,11.175,14.784,14.096,10.578,7.694,14.944,7.567,9.689,17.2,11.132,15.776,,12.757,9.2,65,1,1
SITE1_PT009,16.556,12.272,9.216,9.366,13.806,13.094,11.884,7.948,10.733,9.011,13.064,15.288,10.997,9.924,9.614,13.448,12.59,,,,7.545,14.875,11.678,6.845,14.456,9.009,9.88,7.083,6.797,6.48,5.626,5.844,,11.866,12.384,8.369,10.433,11.442,13.338,13.545,5.435,7.319,8.057,10.699,11.352,8.887,7.409,10.543,10.518,8.034,15.86,7.201,17.126,7.315,15.798,14.477,18.096,15.298,13.874,11.681,13.05,5.678,,13.106,13.874,11.235,11.712,12.292,8.472,5.75,10.454,7.132,8.085,9.204,8.243,8.834,11.946,14.987,8.135,15.941,16.91,11.496,9.192,10.451,13.186,12.351,17.101,10.223,13.813,9.494,14.713,5.532,14.953,13.526,7.182,14.565,6.101,13.118,8.23,15.112,6.137,13.763,13.816,11.374,13.768,14.475,15.095,9.801,11.16,6.57,10.866,8.473,10.832,10.586,11.045,12.38,14.369,13.741,11.281,12.662,14.865,5.503,7.447,4.566,12.366,,17.306,12.097,9.035,15.117,12.354,11.638,8.835,7.601,8.526,8.727,15.056,,11.629,14.267,10.982,14.848,13.142,9.82,7.982,15.371,11.589,15.727,6.75,12.788,11.834,5.689,11.719,12.483,5.379,11.241,15.59,9.331,9.751,12.054,11.02,14.063,14.321,6.029,18.002,13.427,9.34,13.964,8.203,16.131,12.078,13.734,8.595,18.768,,6.303,8.171,13.668,10.039,15.705,11.39,5.432,6.868,6.064,12.083,14.752,9.41,14.663,6.594,12.756,16.467,13.722,15.926,12.87,8.341,6.779,,11.713,14.565,11.882,14.766,7.811,12.319,8.567,8.216,11.987,14.412,11.685,6.871,11.414,4.682,13.63,13.789,7.841,5.977,6.35,15.585,11.478,15.386,14.138,13.037,7.563,15.203,8.165,10.463,11.808,11.701,,6.165,12.17,11.05,11.232,6.391,6.456,8.838,10.154,11.627,13.628,13.163,11.473,8.872,7.615,13.029,8.49,7.291,12.337,7.527,7.767,10.709,11.04,10.645,13.917,10.87,,11.318,12.661,10.529,12.758,7.552,11.075,15.387,14.338,15.231,11.577,11.514,14.872,7.523,15.369,12.972,6.876,6.22,,4.664,,9.829,6.1,9.644,12.656,6.768,15.591,14.607,10.686,6.056,11.776,7.235,11.833,14.147,15.152,15.892,8.553,14.571,13.937,10.324,13.206,6.443,6.848,,6.943,6.862,14.749,14.318,10.646,13.311,14.578,7.543,10.168,10.417,6.156,13.215,11.978,10.215,,8.543,15.628,4.723,8.317,10.76,11.271,12.191,11.659,7.861,10.594,13.365,13.0,13.782,11.9,12.787,5.586,11.454,8.736,,13.502,10.173,13.808,16.034,10.487,16.154,12.601,14.292,8.73,10.891,,7.406,8.549,15.204,,8.692,,,4.956,15.695,11.31,8.887,10.965,4.685,9.24,11.962,11.719,14.823,11.689,,14.141,14.023,12.34,15.873,,14.876,6.84,12.575,8.873,16.053,11.392,14.389,13.928,8.27,,13.19,7.799,7.709,7.563,13.031,10.794,14.454,9.852,17.819,11.53,13.073,5.97,12.318,14.937,14.393,11.071,5.273,10.094,7.927,7.37,14.238,13.141,13.94,13.49,10.363,,9.436,6.903,11.851,16.3,3.55,11.151,10.747,7.135,9.77,14.355,13.901,7.471,16.803,6.905,15.219,9.187,13.457,10.476,9.229,13.456,8.499,5.575,9.876,,12.405,15.429,8.561,8.758,6.991,,14.306,13.797,10.033,9.225,14.895,12.056,4.006,11.316,,7.174,2.74,8.413,10.376,7.89,9.466,13.791,14.971,11.278,7.297,14.019,8.754,9.141,15.324,14.041,,12.294,12.058,8.852,31,1,1
SITE1_PT010,15.734,14.061,8.915,10.02,12.664,15.83,13.049,10.972,10.08,8.42,12.005,14.258,11.367,9.246,8.425,13.554,,,4.259,11.085,8.245,15.608,12.889,7.726,16.683,7.371,9.825,6.376,,5.602,7.923,7.712,8.123,12.791,11.739,10.257,9.256,11.179,14.504,14.551,5.274,8.653,8.016,8.214,10.0,10.426,6.502,8.689,11.91,7.079,14.059,7.65,16.649,6.87,14.621,14.024,17.664,12.758,13.07,11.084,15.432,,10.709,10.848,13.574,11.432,10.356,12.418,8.515,7.933,12.369,8.445,10.382,10.014,8.618,8.968,10.263,15.688,11.224,17.364,16.919,10.686,10.567,10.65,11.988,12.906,13.963,12.068,,,13.041,7.79,15.484,14.159,4.535,10.491,7.207,13.727,8.44,17.12,5.537,14.633,14.921,12.651,,16.042,15.539,,,5.267,11.076,5.738,11.464,10.635,10.659,10.784,13.479,15.975,9.069,11.5,13.696,5.498,4.951,6.934,14.249,11.172,13.89,15.125,10.865,17.569,13.375,10.313,9.099,7.503,8.338,8.987,14.201,9.929,12.144,14.35,,14.247,13.854,10.847,8.676,16.168,12.737,17.633,7.48,15.037,12.346,5.968,,14.372,,9.768,15.279,9.756,10.5,11.351,9.966,14.949,13.832,6.1,19.009,15.279,10.924,13.155,7.638,17.253,10.898,12.42,8.082,16.626,3.783,,7.145,13.646,10.149,15.465,12.699,,,4.982,11.676,14.869,9.128,13.571,5.985,13.154,15.958,13.043,12.539,15.368,7.912,6.961,7.3,12.559,13.331,,13.877,9.186,14.427,,8.405,11.19,15.219,13.466,6.37,10.555,5.601,16.584,12.379,8.463,4.584,10.076,16.153,9.991,,,11.427,8.002,14.443,8.751,9.401,12.028,11.455,13.199,8.073,12.282,7.57,13.77,5.181,6.552,8.21,11.061,11.95,,13.23,11.167,8.868,8.849,13.603,9.851,,9.464,,6.986,10.28,10.875,11.931,12.02,13.219,8.483,12.748,12.29,9.76,12.956,7.801,11.526,14.183,13.391,15.581,12.866,9.533,14.987,8.122,13.733,12.037,7.196,7.817,13.271,5.485,8.932,10.58,6.285,9.277,13.371,6.81,15.482,16.12,11.024,8.454,13.377,,,15.438,14.833,14.451,10.744,14.497,12.616,8.864,12.585,7.528,6.099,10.457,8.335,7.186,15.757,14.317,11.938,14.43,15.182,7.834,11.827,10.978,6.541,14.058,10.153,11.903,6.155,8.571,15.306,6.856,8.065,9.519,10.203,10.038,11.008,,10.078,14.116,15.512,10.931,11.962,12.93,5.327,12.064,8.809,7.82,14.276,11.659,13.18,17.266,12.304,16.443,12.494,14.688,8.778,11.389,17.181,5.814,9.539,12.879,11.185,,10.254,9.663,5.245,14.092,11.425,8.899,12.037,4.323,9.369,12.683,11.246,14.335,13.292,11.971,12.381,14.291,11.263,14.049,15.236,14.652,6.733,12.98,10.459,11.53,10.554,13.915,14.755,,14.761,12.202,6.886,6.917,5.409,14.087,9.836,14.064,9.228,16.385,10.852,13.007,6.249,11.769,15.208,15.945,14.337,,9.829,6.125,6.34,,12.401,13.147,12.892,14.071,12.827,8.21,8.5,10.517,16.088,5.342,10.843,13.229,6.813,10.477,13.899,12.792,7.405,15.713,8.247,11.198,,15.01,10.358,6.213,14.13,9.436,6.976,10.747,12.705,11.861,14.675,9.741,,6.942,12.458,14.273,14.003,,8.904,14.924,11.864,8.784,9.526,4.933,4.961,,,10.85,8.765,10.081,12.844,13.297,12.552,8.852,12.528,10.0,9.421,12.56,11.506,14.386,10.611,12.393,7.138,24,1,0
SITE1_PT011,15.452,14.377,8.34,8.354,14.304,13.881,10.833,8.617,10.179,9.461,11.7,15.055,11.657,8.544,9.452,14.741,12.627,8.642,3.77,11.412,6.804,13.861,10.875,5.64,17.123,,10.521,7.977,8.575,7.515,3.893,7.349,8.849,11.538,14.253,9.145,11.716,10.073,14.231,13.97,4.222,8.706,8.198,9.054,12.089,8.274,6.731,,10.919,5.376,13.412,6.417,16.58,6.454,14.927,17.189,16.454,16.292,13.028,12.309,15.62,7.022,9.3,10.313,14.443,11.114,9.916,9.832,7.972,7.229,12.228,,7.582,10.137,9.19,8.643,,12.943,7.958,16.959,16.109,13.359,10.931,10.867,14.764,11.048,16.341,10.126,14.517,9.475,11.464,8.506,13.333,11.376,7.499,13.575,6.634,11.607,7.859,14.2,6.913,13.794,13.225,12.223,13.65,14.511,17.84,10.754,12.444,,12.737,8.196,12.344,11.065,,11.137,14.69,12.038,11.321,11.516,15.044,6.919,7.45,,12.033,9.573,15.462,13.767,,14.513,13.638,9.959,9.254,,10.671,8.638,15.611,9.107,9.721,13.18,13.151,16.411,12.956,9.553,8.232,17.545,11.391,15.551,,13.439,12.448,7.005,10.594,11.262,5.967,12.737,12.98,10.412,11.649,10.15,7.543,14.436,13.679,5.012,18.526,13.536,,12.564,6.932,16.996,11.575,14.755,8.655,17.073,3.278,6.232,6.263,14.183,,13.393,11.153,5.39,7.008,6.751,12.207,13.528,7.601,13.749,7.002,15.25,15.984,12.459,14.269,14.513,6.106,8.726,7.064,11.045,,12.756,14.166,10.099,13.738,9.405,8.767,13.347,13.65,,5.374,12.449,3.836,14.255,12.067,8.899,7.178,8.5,14.532,9.551,14.425,12.028,13.51,10.244,14.548,8.457,10.971,12.55,12.31,15.772,,10.914,10.149,11.547,8.396,6.466,,11.183,10.675,12.389,12.028,12.454,10.789,,12.865,7.5,6.724,11.405,11.732,8.57,11.118,11.096,12.28,12.731,11.94,9.319,12.101,10.411,10.84,15.046,8.291,12.286,14.148,15.899,16.169,11.058,10.306,13.377,7.52,15.581,11.802,8.456,5.667,14.163,7.19,8.192,9.995,4.965,9.156,11.688,5.811,14.12,14.07,11.116,4.812,11.659,7.047,,16.042,16.341,13.945,9.272,14.493,12.091,8.603,10.269,,7.666,9.306,6.051,8.35,14.002,15.988,11.556,15.322,16.026,8.922,8.808,9.297,6.739,13.329,12.474,12.128,,,13.724,8.144,8.472,,,,9.253,8.567,8.679,14.589,11.244,,13.221,13.549,6.33,10.47,10.459,9.308,13.355,9.945,14.407,13.884,7.91,14.229,10.859,14.692,6.828,9.954,12.038,6.669,10.721,14.777,12.104,7.586,11.047,7.684,2.603,15.859,10.486,8.677,10.905,5.014,9.245,11.35,10.978,15.601,12.468,11.605,14.47,13.743,12.172,15.887,14.959,16.44,5.815,12.886,8.572,14.767,,13.93,14.319,7.81,12.608,13.142,9.346,9.114,4.711,14.36,11.825,15.813,12.406,17.735,10.519,12.432,6.703,13.416,15.137,14.499,13.715,,8.886,8.049,6.062,12.818,12.522,13.191,13.4,11.043,14.325,6.529,7.483,11.48,14.743,4.618,11.581,12.444,4.773,11.124,16.045,12.736,7.646,13.341,7.443,13.974,6.386,,,7.273,12.95,7.596,,9.633,15.253,14.584,17.005,9.28,9.834,6.847,12.315,15.721,13.167,9.624,11.177,14.591,10.777,6.362,10.499,8.032,7.738,5.776,11.135,11.268,8.175,11.239,14.936,14.281,11.624,7.141,12.604,8.274,,15.295,10.983,13.348,11.672,10.66,9.076,53,1,1
SITE1_PT012,13.283,14.701,5.769,10.224,11.119,14.485,,8.831,10.667,11.919,13.572,14.469,10.888,6.718,7.031,12.498,14.274,7.922,7.182,15.352,,15.768,8.261,5.333,15.526,5.733,7.671,,7.144,7.534,,7.806,10.82,11.205,12.855,9.255,10.019,11.27,14.533,12.597,5.94,9.24,8.645,8.75,14.004,10.2,6.992,9.333,11.643,6.846,10.256,6.062,14.34,6.442,13.68,15.771,15.929,12.569,14.016,11.085,13.16,,10.32,11.582,,10.366,9.013,9.313,8.537,,8.559,11.461,5.139,9.395,9.414,8.5,9.437,13.154,8.611,14.318,15.015,12.079,7.505,,17.893,12.068,16.015,11.002,13.117,9.468,15.331,6.541,9.077,14.245,8.366,12.419,6.193,13.481,6.194,15.03,7.549,16.16,14.907,11.988,14.716,13.982,17.619,7.848,10.999,6.677,13.792,7.694,11.809,11.097,10.995,11.054,13.778,12.776,12.347,14.072,16.802,,7.797,9.479,10.186,9.878,13.629,13.511,8.484,17.033,13.223,8.441,9.198,8.656,,6.554,14.559,10.612,8.256,12.963,12.582,16.611,15.102,10.778,11.283,15.937,13.564,14.21,8.013,13.691,14.211,9.682,9.161,12.176,8.173,11.284,10.795,9.022,11.34,12.147,9.379,15.709,12.238,6.056,16.333,14.032,,11.978,6.837,15.349,13.701,11.743,7.84,14.668,6.678,8.111,,13.37,8.42,15.504,10.684,,,8.662,14.434,13.528,,15.206,7.192,15.466,15.566,11.92,13.69,13.036,7.573,8.749,7.608,11.923,13.646,15.476,14.68,9.82,14.053,7.32,9.001,15.224,14.866,12.345,,11.539,5.864,14.912,11.896,,7.388,7.604,15.86,11.274,11.783,,12.663,7.063,14.305,7.565,12.871,13.66,13.867,16.261,,11.145,9.701,9.169,6.546,7.273,10.612,10.789,6.625,10.414,11.324,10.818,,8.863,,8.428,6.736,10.633,11.973,,14.624,11.343,14.238,12.218,14.612,9.465,12.351,12.674,12.288,10.919,11.472,11.851,13.703,16.413,16.394,10.449,9.544,13.356,10.013,14.69,9.915,9.403,6.399,14.956,5.842,,,,10.052,13.084,8.422,14.292,13.825,8.971,6.876,12.318,8.027,8.636,17.298,17.202,12.115,9.891,13.17,,10.094,11.268,4.483,9.475,11.113,5.656,,,14.904,12.661,16.295,15.38,5.094,10.046,9.691,6.089,12.624,10.115,9.198,7.95,7.126,14.309,8.465,7.047,7.689,,13.416,9.445,7.75,8.621,13.329,10.598,12.987,12.32,14.076,5.905,9.723,12.304,11.574,15.563,10.9,13.808,14.195,9.926,14.122,10.044,14.535,7.733,,12.708,7.447,8.31,16.427,12.743,6.191,9.061,8.732,5.648,17.638,9.767,8.354,11.184,6.071,8.054,13.951,,15.349,9.802,11.461,16.531,14.833,12.193,16.684,15.128,13.653,9.429,12.056,,12.62,14.022,16.51,15.283,9.307,12.803,15.85,9.187,7.21,5.635,13.127,10.165,15.175,11.409,16.5,9.594,13.134,7.846,12.564,12.632,13.122,14.545,6.599,10.632,,4.92,,13.87,14.308,15.869,12.595,15.479,6.175,7.795,13.001,13.392,,11.321,12.823,5.892,10.065,13.907,11.367,,10.591,8.852,14.522,8.717,10.723,7.982,10.087,15.101,7.261,5.041,8.524,12.748,13.581,17.198,7.689,10.852,6.164,12.025,16.705,12.629,11.275,10.699,14.425,10.308,6.398,10.012,7.997,8.769,,10.489,13.439,11.391,11.707,16.261,12.469,10.977,7.186,14.888,7.198,10.968,14.708,13.036,13.074,10.947,14.481,9.972,84,1,0
SITE1_PT013,13.468,13.894,7.854,11.197,10.279,14.309,11.592,9.034,8.788,10.381,12.336,14.696,10.411,9.115,8.513,11.467,14.861,6.441,6.339,11.659,7.717,15.549,7.526,7.396,14.909,8.2,,,5.881,5.654,4.603,8.541,7.53,13.239,12.699,10.373,8.835,11.523,,14.513,6.632,9.805,9.791,8.118,12.226,9.98,7.799,7.738,10.299,5.48,12.686,8.277,14.504,6.312,14.853,15.174,17.655,13.223,14.096,11.807,13.785,,11.2,,13.806,11.233,9.197,12.748,10.309,7.714,9.459,10.953,8.949,9.547,11.041,9.275,,12.194,7.49,14.228,14.928,11.496,8.469,9.757,16.426,11.706,14.38,11.999,13.742,8.025,13.897,7.757,12.005,15.467,7.427,11.241,7.903,13.63,6.196,15.241,,15.119,15.008,13.67,13.56,13.944,15.385,9.764,11.212,,13.596,,11.597,11.792,10.56,,14.715,12.749,,12.578,14.228,7.194,7.861,6.292,12.352,10.379,12.84,12.53,10.871,15.613,14.664,,8.525,9.714,7.693,7.148,14.944,10.689,9.27,12.942,11.32,15.716,13.454,10.978,10.693,17.197,13.641,15.353,5.402,14.383,13.225,8.709,10.055,12.372,8.059,10.428,12.867,9.201,10.897,10.387,9.992,16.608,13.793,6.877,16.802,14.594,7.331,13.855,6.309,17.304,12.028,10.788,7.62,15.683,7.455,8.572,7.061,13.669,8.536,16.252,12.419,6.671,7.109,5.864,12.552,13.703,7.68,15.943,8.572,13.662,13.524,15.122,12.058,13.685,,7.909,6.706,10.041,13.245,13.067,15.235,6.489,,7.545,8.106,14.57,16.423,12.439,6.444,13.301,,14.267,13.656,7.735,9.186,7.338,15.511,11.268,12.872,11.264,12.432,7.376,15.005,8.737,11.615,12.694,11.715,17.199,9.942,12.302,11.298,9.947,7.896,7.201,9.463,8.257,8.658,12.248,12.038,10.148,8.822,9.226,,9.653,8.072,8.609,11.574,,12.186,10.522,13.051,12.241,12.709,8.623,12.036,10.807,10.691,13.215,10.452,9.252,10.771,15.85,14.782,10.408,11.22,14.072,8.243,13.868,,7.582,,15.438,6.506,8.443,9.422,7.935,8.45,13.163,,15.599,14.531,10.533,6.325,11.457,7.248,,15.268,17.58,13.831,9.753,12.737,11.887,10.29,13.603,6.079,8.93,10.981,6.437,8.281,14.519,16.076,10.132,15.777,17.895,,10.524,9.906,7.789,13.817,10.018,10.834,7.981,7.758,16.589,6.285,8.339,8.213,10.842,13.183,10.776,7.263,,13.987,11.778,12.245,14.256,13.537,6.723,9.208,13.742,10.302,13.301,,14.64,12.717,9.843,14.535,,13.862,9.5,11.304,10.615,6.274,10.413,15.134,13.427,7.404,10.112,7.464,7.786,14.543,8.85,9.031,12.931,7.725,,13.271,13.594,15.68,12.151,10.738,14.619,14.229,12.571,14.795,12.858,13.747,,13.837,10.427,11.334,11.219,15.001,16.108,9.262,14.707,14.207,8.362,6.997,5.869,15.312,10.214,15.149,11.883,16.368,10.129,14.174,,12.867,15.889,15.194,13.192,6.343,9.178,5.838,5.704,9.957,13.744,13.922,14.68,14.541,12.936,7.319,8.826,11.845,13.98,6.633,,13.268,5.28,,13.683,12.585,9.121,14.773,10.113,15.326,8.726,11.691,7.788,9.902,14.836,6.31,8.024,7.31,12.596,,16.752,10.67,,7.477,,15.443,12.152,12.021,10.024,16.026,10.941,7.851,9.837,,7.484,5.47,,12.061,10.104,10.949,17.994,13.867,11.54,,15.379,7.959,10.283,15.331,11.15,13.88,10.625,11.293,9.235,68,0,0
SITE1_PT014,15.544,13.719,9.577,,14.019,14.818,12.997,6.195,8.139,10.333,13.288,,11.01,8.938,7.975,12.37,11.879,7.364,3.91,12.678,5.875,13.576,8.515,6.129,17.228,6.459,9.484,8.65,7.753,6.828,6.589,,,13.331,12.175,9.315,,11.036,13.079,13.8,4.903,8.48,8.132,,11.111,8.951,5.033,7.052,11.027,5.138,11.578,6.308,15.151,6.106,15.276,17.875,17.269,15.402,14.355,11.761,13.367,4.872,11.859,10.497,13.646,8.925,10.252,11.072,8.623,6.392,8.357,9.448,7.374,8.599,11.115,8.403,11.027,14.542,7.934,16.767,15.376,13.272,7.298,10.607,,11.388,16.134,9.881,12.995,,15.237,6.445,10.297,13.687,,12.999,6.487,13.039,7.383,16.968,,13.851,13.291,12.647,13.853,13.851,16.825,10.012,13.633,7.073,11.576,7.119,12.11,10.652,11.174,11.286,14.902,11.8,12.358,12.448,15.059,7.969,6.614,7.162,12.617,9.707,15.692,13.729,10.909,15.098,13.883,10.515,,7.779,10.258,10.03,14.696,10.571,9.726,15.073,11.838,17.496,15.363,11.42,8.461,18.454,14.114,15.92,6.223,13.65,12.404,6.664,,12.511,5.501,12.328,11.092,,11.905,10.554,8.519,15.697,13.875,,17.144,13.812,5.789,13.529,7.695,14.55,12.7,13.541,,16.901,5.996,6.83,7.866,12.581,8.66,13.38,10.906,3.853,7.219,7.203,12.338,13.023,6.313,14.874,,16.112,15.858,,13.774,14.427,7.301,9.571,8.008,10.333,,13.14,13.583,,12.64,6.954,8.004,15.43,14.55,12.598,5.909,12.851,4.661,13.593,14.022,7.432,6.61,7.268,15.053,11.193,12.972,13.085,14.055,,14.463,9.583,11.885,13.302,10.782,15.575,6.923,9.182,10.603,11.958,7.326,6.68,9.104,10.744,8.774,,,10.578,11.192,10.463,11.268,9.77,6.863,8.808,10.305,,12.94,9.387,,13.728,12.365,9.606,11.801,12.489,10.905,14.436,9.957,10.793,13.057,17.197,16.218,11.134,8.3,12.215,8.365,15.94,,8.431,,14.737,6.226,,9.155,7.208,9.46,11.753,7.458,15.829,13.592,9.489,4.365,,8.779,,14.799,15.903,14.373,9.468,12.477,12.093,7.579,11.189,6.375,8.603,8.914,6.148,7.74,13.615,15.175,10.906,15.87,15.75,5.469,8.537,,,13.558,11.391,11.556,5.761,6.967,13.7,7.671,8.265,9.613,11.839,13.03,9.694,7.701,7.319,14.478,11.308,13.792,12.13,14.537,7.672,8.997,11.102,,14.922,9.731,13.53,14.101,8.567,15.985,10.707,14.518,7.611,10.466,11.539,5.067,9.948,17.514,12.6,7.602,8.933,6.696,4.804,16.477,9.383,10.734,11.266,5.263,8.455,13.303,12.336,16.548,10.99,10.363,14.405,13.122,12.261,15.728,15.028,15.467,5.239,14.492,10.641,12.264,13.033,15.186,15.93,9.132,13.016,13.359,7.792,8.179,,12.943,12.315,16.283,9.558,16.894,9.603,13.632,7.631,10.847,14.947,12.508,13.321,6.02,11.647,,6.77,13.459,13.031,14.56,13.729,10.887,15.833,6.71,7.265,11.151,13.272,4.821,12.088,11.103,5.899,,15.545,12.702,6.284,13.214,7.46,,8.729,,9.675,9.505,13.876,7.556,4.582,8.239,13.795,13.957,17.534,,8.97,6.239,11.776,16.081,12.707,12.187,9.625,15.378,10.189,5.601,9.64,6.758,6.769,7.011,12.15,12.876,8.755,,15.719,14.969,11.802,,14.718,7.397,9.758,15.268,11.274,,12.721,12.476,,69,1,1
SITE1_PT015,13.909,15.101,7.991,10.782,13.204,13.587,,9.696,9.017,10.041,13.071,13.771,10.259,8.092,7.58,14.893,12.531,8.504,6.484,10.824,7.634,15.662,9.281,5.93,16.943,6.011,7.555,8.755,,6.591,6.843,6.502,7.125,12.542,11.92,8.724,10.767,12.566,14.352,13.185,6.13,8.283,6.886,9.47,12.936,10.011,6.085,8.306,11.525,8.584,12.84,7.463,14.383,6.617,14.882,14.524,16.22,,12.155,11.632,13.129,7.432,11.51,,16.451,8.912,,11.271,8.893,8.602,9.916,11.485,7.052,8.556,8.56,10.009,10.187,12.706,7.767,15.407,15.762,11.903,9.72,12.035,15.531,12.547,13.006,10.06,13.554,9.479,,,10.462,14.233,7.769,12.766,5.751,12.38,7.975,15.529,6.686,13.912,14.62,13.753,13.577,15.447,16.145,8.811,10.564,6.858,,7.946,11.234,11.609,9.059,11.385,13.076,13.445,10.88,11.484,16.324,6.427,6.791,6.0,12.732,10.257,,12.85,9.561,15.395,14.157,8.745,10.179,9.783,,7.486,14.915,10.701,8.217,13.625,9.675,15.185,14.659,,10.126,17.322,13.916,14.667,9.401,14.251,12.548,7.18,12.027,15.551,4.484,9.97,12.71,9.174,10.47,10.031,8.726,17.165,12.908,6.173,16.435,14.413,6.97,13.235,,15.584,12.965,10.911,8.047,13.637,5.939,8.613,,13.638,9.806,14.194,10.205,4.573,7.931,5.897,12.445,14.615,6.618,14.702,6.013,,15.68,13.305,13.209,15.906,6.214,8.116,6.354,12.892,13.561,13.709,14.667,8.949,14.017,5.828,7.939,14.63,15.756,13.522,6.197,10.697,6.809,14.052,12.317,8.526,8.688,7.486,14.348,11.438,12.977,10.836,,7.427,14.907,8.629,12.479,13.305,13.019,16.004,6.704,10.873,10.914,,,6.273,9.177,11.11,9.636,12.908,12.07,9.681,8.963,9.238,,8.23,6.505,12.122,11.822,8.24,12.193,10.686,12.878,13.259,12.717,8.826,13.749,11.193,,12.318,11.624,10.95,15.503,15.004,16.565,,10.93,12.648,9.628,14.37,10.86,,,14.274,,8.159,10.427,6.467,8.641,12.659,,13.286,13.532,9.967,7.873,11.224,,9.4,16.328,16.408,,10.189,12.705,12.145,8.414,13.401,5.285,7.34,9.802,6.94,7.9,12.962,14.355,11.012,14.559,16.079,4.857,9.794,8.043,5.867,13.711,10.836,9.691,7.5,7.354,14.27,8.271,7.799,,13.209,,10.738,6.076,7.136,12.112,11.765,11.781,13.256,13.894,4.807,8.487,12.452,10.431,14.667,9.649,13.257,14.525,11.483,15.844,12.314,14.105,9.433,10.356,12.987,7.357,9.405,15.312,12.907,6.507,,8.965,6.753,16.115,10.364,9.29,11.227,,9.188,,11.135,16.585,10.354,10.789,15.727,12.934,11.443,15.196,14.855,12.767,7.23,11.598,11.611,11.782,13.383,15.817,14.517,8.435,12.55,12.871,8.52,8.607,4.227,12.439,11.355,15.086,10.859,16.615,7.951,14.294,7.433,,13.099,11.642,12.943,5.257,9.526,5.79,5.395,12.071,13.589,14.268,14.94,11.092,15.554,6.13,6.461,13.026,14.1,6.527,8.809,12.379,7.731,,15.615,11.495,6.484,11.762,7.935,13.032,8.256,11.14,10.264,7.239,14.174,6.405,4.595,8.475,14.428,,15.46,8.125,9.901,8.718,10.981,16.35,13.448,12.205,12.174,13.94,10.838,6.771,10.63,,7.909,5.502,10.539,12.123,10.87,9.713,16.428,14.973,11.905,8.194,14.684,9.458,,15.568,10.513,16.079,10.345,13.355,9.023,66,1,0
SITE1_PT016,14.049,15.306,10.116,11.525,12.813,14.617,10.424,8.821,,9.993,10.634,12.264,10.454,,7.467,13.846,13.121,6.732,7.837,12.405,6.718,13.079,8.533,7.079,15.503,6.377,8.171,6.92,8.13,6.989,,7.328,9.149,11.179,12.907,10.04,8.683,12.484,12.96,14.914,7.33,8.636,9.432,,10.767,10.16,4.543,8.833,11.797,5.921,12.276,7.979,14.206,5.569,14.748,18.467,16.944,17.176,16.654,14.435,15.489,5.737,10.66,8.088,15.943,10.321,,12.017,7.86,6.394,10.698,9.976,6.761,8.766,10.561,,10.882,11.194,7.917,13.971,13.841,13.016,6.958,10.934,16.16,11.845,14.751,10.172,13.272,9.562,,7.376,11.702,14.163,9.252,13.303,8.44,12.699,6.764,13.595,6.936,14.117,13.814,11.23,15.365,14.14,17.66,9.276,11.702,,12.988,8.873,13.489,,10.708,11.192,15.237,11.675,,11.578,15.308,7.158,9.572,,11.922,9.059,14.765,11.391,10.25,14.465,15.0,9.465,9.478,,7.912,7.953,14.417,8.352,7.019,14.577,13.915,17.155,15.441,,9.835,18.244,12.184,16.603,7.464,14.868,13.828,,10.609,14.568,,11.269,12.302,8.539,10.278,11.301,7.654,13.898,12.932,7.325,17.368,13.166,5.964,15.814,7.503,14.828,10.816,13.663,9.376,15.102,6.922,8.182,6.18,12.916,8.238,15.211,12.752,5.177,7.595,,12.051,15.146,7.218,15.799,8.37,15.336,15.419,12.556,13.648,14.432,6.022,8.087,7.128,12.406,15.346,13.023,16.567,,12.639,7.738,9.986,15.099,14.436,12.463,5.072,13.296,5.621,12.356,15.578,6.905,,5.747,14.438,11.517,13.086,12.104,13.99,9.917,14.391,8.481,11.476,13.397,12.883,16.918,6.955,12.074,10.697,,9.579,6.877,9.934,9.969,9.395,11.964,11.682,8.875,10.128,,11.548,9.095,7.453,,12.979,10.979,12.383,11.577,12.992,13.358,12.259,,12.671,10.246,11.758,14.556,12.513,10.028,13.219,16.825,14.843,12.96,11.974,,,16.028,10.384,8.626,7.13,14.347,5.939,7.902,8.752,7.501,9.299,12.781,5.526,14.737,12.55,8.921,3.465,13.857,9.118,9.478,13.238,17.357,14.628,10.557,13.251,13.316,9.583,12.143,7.005,8.211,10.635,7.945,7.301,15.594,15.419,11.557,15.528,16.385,8.195,8.737,8.88,6.185,13.017,12.17,10.477,7.564,,16.393,6.598,8.513,9.254,7.782,12.792,9.805,5.906,,14.479,11.352,12.224,12.021,15.497,6.539,7.962,11.145,9.199,14.912,9.88,13.288,13.38,8.618,14.667,12.532,14.834,8.227,12.017,9.118,6.656,9.362,16.125,12.784,7.214,9.374,6.819,7.434,14.575,9.407,9.685,12.397,,8.146,13.125,12.864,16.615,10.099,10.877,15.003,13.215,12.964,17.236,12.855,14.91,6.28,15.25,9.723,11.875,13.281,16.545,14.383,7.553,12.159,13.671,8.759,7.336,5.962,14.53,10.473,15.039,10.639,17.255,9.557,15.629,6.722,12.108,13.52,14.594,13.012,7.364,10.319,7.768,,13.023,11.322,14.272,14.501,12.959,16.163,6.154,7.857,12.207,13.408,4.523,,12.327,6.51,10.046,13.985,12.745,9.772,13.065,7.604,15.737,8.665,12.25,9.851,11.07,14.304,7.591,7.101,9.592,11.942,14.492,17.503,6.864,,7.14,11.699,16.941,12.06,12.607,12.459,13.529,10.78,5.44,11.083,6.363,8.386,5.978,9.108,12.124,9.292,10.866,16.461,14.203,,9.059,13.649,9.118,9.41,16.434,12.054,12.284,12.482,13.573,9.928,71,0,1
SITE1_PT017,14.649,13.923,8.542,,13.083,14.577,13.111,8.943,8.512,8.682,13.984,13.832,10.684,7.961,7.771,12.091,12.254,7.453,7.256,10.561,7.704,14.871,9.142,6.666,16.937,6.927,8.38,9.719,7.628,6.634,6.573,7.47,,11.214,11.633,10.338,9.446,12.38,13.529,12.865,5.183,8.758,7.471,8.478,12.238,8.78,8.01,10.076,10.656,6.872,13.889,6.74,16.36,,14.756,13.912,17.316,15.621,15.043,11.564,13.548,8.666,9.524,,13.694,10.04,9.975,12.605,10.243,7.324,11.249,10.189,9.123,8.406,7.021,8.333,9.653,15.596,8.917,14.391,17.447,10.917,9.571,11.78,14.238,11.581,15.287,12.964,12.836,9.175,14.161,6.426,10.777,13.137,7.052,13.44,6.869,13.27,7.54,13.836,7.449,15.778,14.428,15.104,13.096,13.752,16.671,10.449,12.546,,12.127,7.502,11.803,12.775,,,14.607,13.927,11.027,12.173,,8.105,,,12.053,10.574,14.105,13.103,9.67,16.066,13.947,7.921,9.984,,8.389,8.901,16.605,8.138,10.406,12.908,12.382,16.018,15.989,11.436,8.58,17.896,12.169,15.631,7.74,13.696,11.668,8.767,12.055,14.379,7.119,11.365,11.493,9.881,11.747,11.809,9.218,17.714,,6.274,15.022,14.696,9.342,13.785,7.112,17.825,12.904,12.737,6.483,15.71,5.458,6.927,8.009,12.852,9.918,14.701,10.689,6.745,,6.97,13.196,12.67,,13.74,6.285,13.695,16.141,13.386,13.309,15.698,5.532,,8.502,9.823,14.717,13.583,14.217,8.292,12.627,8.324,7.973,14.864,14.185,12.586,8.46,11.846,5.401,16.403,14.406,7.403,6.772,8.254,14.843,,13.555,12.344,12.178,8.118,15.164,8.154,12.254,13.616,11.935,16.382,7.541,10.667,9.578,11.777,7.011,5.745,6.724,10.916,11.372,11.589,11.485,10.105,9.752,7.927,,8.797,4.521,10.695,10.177,7.481,13.167,10.921,13.31,13.278,12.056,,13.192,10.809,8.43,12.058,10.003,9.695,15.675,15.232,15.64,10.88,10.545,12.585,9.42,14.007,9.826,7.304,,14.301,6.435,8.134,9.696,6.841,10.492,14.046,9.358,15.774,12.789,10.267,6.987,10.337,9.369,10.029,17.523,13.641,12.577,9.304,12.791,13.983,7.955,11.949,,8.383,11.159,7.303,6.678,14.118,15.463,11.254,15.052,15.602,6.696,9.858,10.526,,13.752,10.498,10.744,7.838,9.096,14.956,8.426,7.743,8.806,12.592,,9.602,8.258,9.458,14.978,13.548,11.696,11.711,14.587,,,12.419,,14.67,9.548,14.549,14.11,10.482,16.27,12.414,15.723,8.782,11.392,11.895,6.722,8.635,13.678,13.712,7.738,7.715,7.271,,16.672,10.041,8.219,12.754,4.717,9.942,12.356,11.818,14.995,12.127,12.11,13.824,13.222,11.587,14.326,14.522,14.956,7.022,12.725,10.686,,12.045,13.723,14.885,8.603,12.666,12.608,8.912,6.633,,12.926,10.37,14.528,10.849,15.728,10.557,12.509,7.949,11.919,12.713,15.013,15.4,6.087,10.729,,6.5,14.186,13.317,14.082,12.804,12.481,14.086,7.052,7.683,10.829,14.543,6.24,,12.848,6.264,11.434,14.359,12.433,,14.474,8.099,13.401,7.939,11.047,,,,7.102,,8.662,14.024,13.054,14.808,8.893,8.243,7.67,11.902,16.375,14.17,9.588,9.862,14.156,9.977,5.238,9.578,6.242,8.06,5.023,9.152,12.698,,11.064,15.367,14.566,12.452,7.775,15.506,8.492,7.896,14.843,11.713,14.506,10.737,13.676,8.508,52,1,0
SITE1_PT018,15.085,14.519,9.93,11.961,12.122,14.458,11.652,11.142,9.798,10.73,12.089,14.755,10.372,9.015,11.644,13.821,12.876,6.252,5.9,11.559,6.542,13.672,10.116,7.701,14.766,7.072,7.735,5.24,7.457,6.601,,7.597,4.848,11.816,13.541,9.339,10.81,11.656,15.451,16.878,6.047,6.551,9.485,8.716,11.25,9.436,7.241,10.94,10.576,7.323,14.765,5.824,17.461,8.34,14.485,13.291,16.949,13.755,13.059,13.083,13.393,7.965,9.954,11.235,13.785,11.317,9.45,12.822,,6.732,,8.551,9.727,10.515,9.394,9.579,9.929,13.803,9.861,15.125,16.565,9.77,9.75,12.145,13.051,13.594,13.652,11.061,12.456,9.044,12.087,8.285,15.864,14.722,7.559,10.65,6.577,14.38,6.721,14.815,7.66,14.176,12.919,11.808,13.431,15.184,13.058,,12.193,6.552,12.703,6.935,11.876,13.025,10.406,12.127,13.977,16.094,10.018,10.447,15.931,5.628,7.612,7.698,14.406,12.12,13.111,12.203,8.792,16.153,13.337,9.272,9.187,10.499,,7.527,15.46,9.318,8.995,12.874,11.635,13.323,12.018,10.025,,15.114,11.109,14.855,8.829,13.92,12.813,4.59,12.152,12.193,6.786,9.836,15.845,10.377,10.56,9.087,9.274,15.149,15.101,6.719,17.309,15.531,9.017,15.078,6.848,16.971,11.253,11.566,6.652,14.505,,7.056,7.922,14.735,8.949,12.953,13.486,8.136,5.091,,11.49,13.067,8.897,14.803,5.748,12.713,15.563,14.397,13.519,14.354,7.485,6.025,7.743,10.952,14.537,10.44,13.728,8.231,12.342,9.089,8.167,11.028,16.485,10.71,7.617,13.018,7.747,14.266,13.109,8.458,5.835,9.312,15.859,10.519,13.946,13.373,11.17,8.004,,9.827,9.951,11.906,12.815,14.913,,11.585,8.458,11.609,6.135,7.418,9.153,9.318,12.502,14.532,13.713,,10.297,6.653,12.933,10.333,5.275,9.83,9.025,7.184,11.527,12.278,11.747,12.526,11.948,9.461,13.623,13.443,,12.581,8.874,11.429,14.941,12.784,15.752,12.264,9.685,14.478,7.486,14.044,12.022,7.323,6.409,14.732,7.228,7.672,9.855,7.897,9.785,12.391,6.658,14.663,15.378,,8.099,12.018,5.871,11.08,13.936,16.004,14.289,10.047,12.919,15.126,9.863,11.983,6.159,6.208,10.484,7.869,,14.922,15.552,11.738,14.168,15.835,9.554,10.758,9.587,6.165,13.62,10.408,10.103,6.876,8.567,16.153,6.776,7.567,9.909,,10.504,12.499,,9.974,13.394,14.59,10.595,13.11,12.537,7.229,12.102,9.022,7.537,14.829,,12.86,15.241,11.671,16.668,12.823,13.964,10.194,11.159,11.886,,9.552,14.692,12.129,8.509,9.923,,4.179,14.163,10.793,8.718,12.156,5.111,9.624,13.548,13.19,15.57,15.063,11.673,12.667,15.843,15.22,16.036,15.103,15.108,7.12,11.079,8.295,12.664,11.977,14.531,15.944,9.788,15.138,12.087,9.918,5.679,8.628,15.085,9.143,17.164,9.48,15.681,10.963,14.555,5.971,12.012,14.775,16.758,13.899,5.312,10.613,,,13.453,12.91,13.852,14.949,16.057,13.445,7.928,8.901,12.72,16.271,5.369,12.256,,5.543,11.875,14.794,12.436,9.236,17.323,9.437,14.104,7.167,12.4,10.958,9.588,14.936,7.798,,,14.161,15.846,15.162,9.355,11.66,6.743,12.329,15.513,,11.962,9.292,14.715,,7.036,,5.146,7.94,4.893,10.352,11.785,8.195,8.28,14.142,13.356,12.567,8.816,14.194,,9.186,15.96,12.968,13.031,12.941,12.911,9.802,26,0,0
SITE1_PT019,12.537,15.904,8.661,11.985,12.508,13.512,12.627,9.68,9.874,11.825,12.945,13.796,12.217,,7.51,12.234,13.692,6.088,7.192,13.18,8.198,15.074,7.325,,14.563,7.766,9.682,8.443,,7.429,7.292,7.821,8.692,13.517,14.717,9.81,9.862,11.884,15.08,12.775,5.474,8.224,8.526,8.495,11.862,10.232,6.454,9.209,12.444,6.035,13.262,5.679,13.07,5.514,12.619,15.275,15.326,11.992,13.873,11.582,12.985,8.338,10.772,12.375,15.623,10.183,10.201,9.225,9.282,8.774,9.926,11.466,6.008,9.391,8.188,9.218,10.725,12.34,7.84,14.604,14.993,13.195,8.134,12.3,15.155,12.806,14.992,,12.845,8.124,13.867,8.077,9.609,15.235,8.234,11.758,7.414,14.035,8.043,16.267,,16.765,14.19,12.421,13.218,13.641,16.315,8.837,11.043,,12.757,8.094,13.439,11.721,10.481,11.958,14.018,12.894,,12.644,15.225,7.962,7.287,7.391,12.438,10.313,11.756,11.619,8.411,14.128,14.298,7.996,9.115,7.303,9.459,7.281,15.136,8.834,8.653,13.274,10.116,17.767,15.272,10.618,10.565,16.947,12.271,15.09,7.857,,10.854,8.02,11.344,14.213,7.566,9.188,12.854,9.88,11.274,11.839,8.964,14.579,13.408,7.701,15.328,14.25,6.12,14.941,7.075,16.727,13.662,11.538,8.404,14.732,6.302,9.521,6.882,13.892,8.336,16.505,12.113,5.19,6.655,6.763,10.549,13.093,8.423,14.579,6.574,14.26,15.838,14.354,12.006,12.632,6.05,7.502,7.961,11.741,14.708,13.734,14.301,6.724,14.113,6.444,8.449,14.456,15.26,11.541,,13.1,7.174,15.034,12.761,7.584,9.653,7.054,14.516,11.827,12.888,11.26,11.456,8.425,14.696,9.125,12.077,14.497,13.715,16.883,6.684,9.143,9.756,10.374,7.213,7.239,9.435,9.417,8.069,11.285,11.241,10.001,9.438,9.106,,8.71,7.563,9.292,11.402,8.644,,12.087,14.876,11.439,13.374,,14.022,11.452,,12.179,9.398,9.294,13.265,15.34,16.481,10.241,10.975,13.1,10.103,13.527,8.509,8.244,5.659,15.847,5.7,7.009,8.826,7.396,8.334,14.006,6.205,14.213,13.914,7.576,6.673,12.325,7.585,8.132,15.954,17.683,11.948,9.014,12.354,10.343,11.711,12.37,4.483,8.236,11.588,6.73,,12.83,16.474,11.092,14.954,17.2,6.901,8.818,8.395,6.506,13.503,8.44,9.775,7.424,7.342,14.291,,8.411,9.004,11.052,12.79,9.306,7.42,7.73,13.714,10.212,11.314,12.193,13.737,6.307,9.628,12.173,9.708,14.876,11.22,14.9,14.437,9.729,14.949,,15.023,8.721,10.98,11.105,6.3,11.537,15.761,13.086,6.731,9.995,8.624,6.315,16.426,9.857,8.223,11.807,5.706,7.09,14.243,13.547,15.564,10.882,10.514,15.58,14.704,13.195,16.569,13.504,14.05,,12.368,9.371,11.401,13.291,16.492,16.619,7.259,11.586,11.786,11.631,8.081,,13.758,11.136,14.881,11.339,15.881,10.611,14.097,7.475,10.397,13.367,13.985,14.863,,9.396,,7.927,11.412,12.026,14.775,15.421,12.026,15.747,5.493,7.963,11.5,13.108,4.388,10.503,12.254,6.833,9.179,14.284,14.177,7.854,12.595,,13.92,8.968,8.763,8.418,,14.912,6.716,6.476,8.296,11.514,14.525,16.182,9.059,9.851,7.387,11.894,16.254,12.643,,11.331,15.188,9.629,6.425,10.522,7.363,7.911,6.777,10.696,11.702,,,15.705,13.674,11.08,8.697,15.358,7.491,10.361,15.03,9.984,14.354,10.283,12.914,9.761,75,0,0
SITE1_PT020,13.366,14.617,9.58,11.069,13.123,14.898,10.273,8.095,9.848,10.114,11.556,14.194,,7.191,9.32,11.663,13.373,7.653,6.754,12.539,7.281,13.325,9.88,7.248,14.071,6.198,9.9,5.759,8.405,5.3,6.124,4.364,7.969,11.806,11.47,10.018,9.087,11.182,14.36,16.652,,6.515,8.933,9.264,10.716,,8.728,8.508,10.26,8.029,13.813,6.86,16.869,7.284,15.823,17.651,15.838,16.751,13.793,12.536,14.664,6.826,11.328,10.771,13.267,11.359,9.38,12.313,8.619,,11.856,8.988,7.644,7.529,8.478,9.684,11.166,12.155,7.974,14.519,14.459,10.604,7.917,12.366,14.926,11.04,14.861,8.783,13.098,7.824,13.355,8.321,13.16,14.697,7.207,14.219,7.139,13.371,7.433,16.28,7.262,15.299,12.741,12.966,13.626,12.966,15.432,8.924,13.044,5.092,12.005,9.178,12.08,9.949,10.983,12.575,15.146,12.72,12.126,11.143,13.595,6.582,8.628,7.227,11.84,11.372,14.871,11.852,7.377,15.087,12.992,9.115,8.566,8.323,8.636,,15.435,9.205,10.165,14.334,12.554,16.712,14.554,9.6,8.597,16.586,13.729,14.248,6.267,12.936,12.627,8.009,12.102,13.052,7.196,12.25,13.701,9.67,11.347,11.899,8.564,13.201,14.571,7.211,16.859,13.68,9.018,13.765,6.648,15.157,11.803,11.973,6.986,17.063,5.816,6.505,9.061,11.39,7.101,15.557,11.684,6.063,,6.064,11.687,13.768,8.774,13.485,9.365,14.23,14.818,14.766,12.23,14.09,,7.808,6.847,11.349,14.05,10.601,14.81,7.721,12.098,8.555,9.316,14.851,14.277,12.705,5.813,12.484,4.81,14.435,14.442,8.154,8.782,8.159,14.259,9.923,13.854,12.628,12.616,9.199,14.769,7.005,12.002,12.541,12.273,15.129,7.223,9.85,11.034,11.825,6.531,4.976,8.015,10.572,10.374,12.932,12.843,10.528,10.429,8.885,12.844,9.79,6.761,10.548,9.953,9.135,11.765,12.063,,13.769,11.723,8.742,11.566,10.842,9.848,13.867,,11.403,13.082,15.708,13.2,12.533,10.35,13.126,8.928,16.407,11.523,7.862,4.978,12.61,6.656,9.11,7.52,7.727,9.536,12.182,5.183,15.289,15.854,9.73,,11.737,,9.708,15.496,16.541,15.319,10.478,12.001,13.943,8.371,12.74,7.757,8.201,10.003,7.317,6.259,14.576,14.667,10.609,15.622,14.531,,10.287,11.323,7.475,12.777,11.148,10.831,6.529,7.371,14.49,5.827,9.105,8.718,10.428,12.434,13.043,7.512,8.767,14.706,,12.33,10.878,14.322,6.498,7.346,11.345,,14.814,,14.054,16.064,9.436,14.874,11.294,12.481,9.432,11.702,9.922,8.114,10.558,16.286,11.133,8.772,9.746,7.44,,15.385,11.56,9.853,11.219,4.212,,13.588,12.503,17.093,12.227,9.361,12.502,14.963,12.387,15.494,12.873,18.306,5.521,15.688,8.463,11.574,12.043,14.909,14.87,8.462,13.678,12.47,9.762,9.035,5.992,13.031,9.955,16.34,9.231,17.467,11.659,13.072,,10.46,14.657,14.423,14.66,6.101,9.858,,6.918,13.067,13.361,12.951,15.456,12.259,14.085,7.948,9.051,10.31,15.877,,9.587,9.95,6.226,9.303,14.347,13.35,10.393,17.367,8.448,,,12.79,10.135,9.573,14.719,,5.227,9.239,13.196,13.133,15.244,8.504,,8.258,12.224,14.127,12.572,11.995,9.248,15.401,10.535,7.519,9.327,5.776,7.38,,10.649,11.858,8.839,11.309,16.093,13.22,11.032,7.044,15.105,,7.571,16.712,11.276,12.412,,13.546,9.727,48,0,1
SITE1_PT021,14.593,13.055,9.149,12.481,12.375,13.688,13.116,10.578,7.576,11.802,14.342,15.51,11.601,9.29,6.975,12.361,13.393,9.931,6.787,12.377,8.854,11.856,8.533,5.73,17.023,5.729,7.127,8.538,7.204,7.531,6.221,9.254,8.193,11.702,11.247,9.367,10.433,10.473,13.887,13.248,6.403,7.739,6.994,8.926,11.368,9.85,6.886,9.93,9.656,6.938,12.678,5.326,14.961,6.657,16.156,14.855,15.723,15.203,12.013,11.003,11.707,5.856,11.438,,14.997,9.789,11.178,11.355,9.604,8.712,9.497,9.509,10.661,9.675,8.363,10.078,,13.59,9.756,14.646,14.97,11.695,10.51,11.018,13.427,11.71,15.951,11.728,13.073,9.008,14.016,5.937,12.27,14.343,6.394,12.522,6.857,12.904,8.493,14.039,7.198,15.505,13.557,11.734,13.808,13.121,16.273,6.701,12.61,5.557,12.423,6.97,12.025,10.23,11.322,13.408,12.974,13.709,10.755,12.201,14.039,6.764,,5.706,13.14,11.073,16.034,12.111,8.625,14.039,,9.059,7.97,9.094,7.676,8.748,13.974,10.987,11.184,14.086,10.898,16.46,14.012,9.94,8.256,15.95,12.216,14.484,8.349,13.629,13.148,6.86,10.724,12.649,7.232,10.494,13.762,7.088,12.375,10.931,8.918,15.503,11.39,5.134,19.189,13.907,9.366,13.553,6.226,17.233,12.882,12.604,8.71,14.85,5.919,8.565,8.276,13.544,8.544,14.147,,5.137,8.085,6.793,11.779,13.907,7.983,14.693,6.083,13.052,14.67,13.318,14.333,15.288,,7.378,7.199,11.743,12.733,12.598,12.23,7.739,14.938,7.755,6.851,14.685,15.893,10.787,7.98,10.789,,16.087,11.86,8.521,6.3,7.819,16.004,11.973,13.868,12.439,11.109,10.385,15.113,10.928,10.825,13.791,11.389,15.14,6.912,,10.47,11.569,6.872,7.094,9.764,9.239,9.801,12.138,11.278,10.059,8.465,,13.08,8.964,,,10.204,8.505,12.698,10.316,11.297,12.209,12.984,8.825,13.239,11.438,9.608,12.615,9.079,11.903,15.321,14.304,15.697,11.173,11.032,12.262,9.213,13.497,10.424,6.144,8.053,13.433,7.284,,9.228,6.971,9.161,13.788,7.881,14.909,13.854,,6.333,10.769,8.156,11.41,15.939,15.008,13.955,8.887,15.107,13.236,9.3,10.999,4.803,7.899,11.956,6.882,7.255,12.702,14.833,12.394,15.14,14.069,5.011,11.301,9.61,7.63,13.901,10.064,10.262,7.556,8.867,15.823,6.5,,,12.737,11.405,10.292,7.414,8.395,12.974,13.417,13.33,12.974,15.537,5.202,8.191,9.875,10.646,16.318,9.795,12.512,16.107,10.28,15.197,13.154,14.956,,9.824,12.164,6.013,8.71,14.046,12.676,7.366,7.845,6.844,,15.198,11.46,7.656,11.423,5.928,7.516,13.966,12.584,16.82,12.095,10.491,15.874,14.864,11.575,13.992,16.09,12.661,5.407,11.399,11.146,12.691,11.718,14.825,15.729,9.627,12.193,,,7.997,4.467,12.789,,14.445,11.667,18.253,10.372,12.72,7.721,11.485,12.973,15.168,12.825,,9.428,4.814,5.856,,12.685,14.453,13.358,14.952,15.682,,9.879,10.589,14.982,5.49,10.363,12.265,7.818,9.707,14.619,11.955,7.72,15.467,,13.044,8.748,11.664,9.987,6.368,13.707,6.917,6.913,8.593,12.613,15.001,14.924,9.259,9.694,6.764,12.706,16.181,12.256,11.677,10.983,15.115,11.183,5.75,10.18,6.03,6.4,6.715,11.143,11.761,10.263,11.589,15.132,15.044,10.335,10.376,12.903,10.264,10.376,16.334,10.33,12.773,12.104,13.151,9.241,52,1,0
SITE1_PT022,14.834,12.154,9.454,9.621,11.962,14.524,12.639,9.826,9.37,9.517,11.701,14.975,11.131,9.635,8.025,13.814,15.745,7.116,6.628,10.63,7.421,14.573,8.179,9.561,15.798,,8.297,7.31,7.115,7.141,5.465,7.759,6.312,12.664,12.057,10.002,9.335,11.413,15.632,14.806,6.463,7.473,,8.223,11.184,9.22,6.007,,13.409,5.924,,,17.057,7.159,15.125,14.15,16.187,14.919,14.295,11.549,14.398,7.766,10.209,11.171,14.626,10.703,11.627,12.234,10.002,9.141,,8.487,8.714,8.803,9.738,8.16,8.948,12.046,9.008,15.171,16.092,10.303,,11.253,14.546,13.101,13.82,11.409,13.389,10.331,13.28,7.699,13.393,14.303,7.663,12.35,7.854,11.244,7.031,15.256,7.043,14.949,12.661,12.395,11.776,13.234,14.421,8.501,12.377,5.671,12.491,7.026,12.181,11.403,11.615,11.632,14.512,13.647,,13.225,15.845,6.401,6.057,7.212,13.026,,14.329,12.936,10.888,14.774,13.146,9.727,9.096,,7.192,8.269,15.08,10.34,9.965,13.311,11.434,15.882,14.994,12.215,10.249,14.487,12.823,15.338,8.636,14.226,11.042,,12.044,12.88,6.857,10.827,12.6,8.319,,9.701,9.174,15.125,14.487,7.152,15.557,15.248,10.156,14.484,8.126,16.263,12.068,12.133,7.212,14.552,5.234,8.005,,15.208,8.939,14.499,13.968,6.428,5.128,6.149,12.992,,8.655,13.709,6.604,13.579,15.71,13.374,13.143,12.89,6.304,7.887,6.364,12.97,13.694,13.261,15.171,8.027,12.911,9.071,9.042,12.671,15.164,13.52,5.804,12.069,5.007,14.796,14.162,7.903,6.641,6.808,16.251,9.129,14.038,12.649,10.611,8.475,15.316,7.649,12.487,14.152,10.824,16.644,7.775,10.637,9.828,11.741,7.135,6.734,8.806,8.265,12.016,14.488,12.804,9.619,8.339,8.531,13.607,8.197,5.437,9.137,9.871,9.402,11.61,12.213,12.085,12.901,10.637,9.92,14.134,12.389,9.706,12.816,10.218,12.261,14.861,14.701,14.957,13.477,12.188,14.385,7.901,15.222,,7.951,,14.168,5.579,7.422,11.274,7.704,9.059,12.442,,13.425,15.095,8.929,7.946,10.881,6.761,10.318,15.04,15.471,15.635,10.272,13.044,14.158,9.835,12.39,,6.162,10.849,7.819,8.227,14.536,15.626,11.463,14.817,15.146,8.674,10.784,12.438,4.636,14.713,11.178,11.285,9.549,8.013,14.564,6.147,7.493,9.591,11.857,11.051,9.483,7.511,8.019,16.189,11.509,11.31,12.873,13.729,7.663,10.355,11.027,7.552,13.881,9.732,13.222,15.472,10.418,16.36,13.194,12.486,8.614,12.476,10.588,,8.95,15.562,9.522,6.956,8.727,9.166,4.07,14.745,11.553,9.47,11.606,4.082,8.239,11.898,12.765,14.337,12.524,11.443,15.073,15.652,13.457,15.903,13.25,15.415,6.483,13.27,,12.213,12.537,15.309,14.383,10.511,15.729,13.575,9.624,6.692,6.471,15.07,10.246,16.245,,15.901,10.302,,7.178,10.97,13.775,15.306,13.291,5.229,,6.329,8.47,12.415,13.01,13.423,12.681,14.168,14.155,6.207,8.426,13.627,13.387,9.209,12.669,11.53,7.782,10.499,15.848,11.607,8.918,15.728,8.887,11.562,9.588,12.97,9.775,9.176,14.309,7.774,6.694,9.059,13.418,14.519,15.463,9.258,9.24,7.183,10.912,15.175,14.359,11.286,8.731,15.422,11.191,8.852,,,8.25,5.849,9.641,11.206,7.487,10.687,14.877,12.968,11.966,8.265,14.004,8.363,8.958,15.225,10.514,11.847,11.768,,6.726,43,0,0
SITE1_PT023,13.994,13.014,8.533,11.233,14.393,15.0,12.492,10.265,,11.553,12.33,14.501,10.216,9.126,10.485,11.698,12.992,7.11,6.143,12.673,,13.942,10.421,7.769,14.565,8.313,7.078,7.235,5.791,4.936,6.604,7.429,6.276,11.694,12.63,12.277,9.514,11.187,15.027,14.484,7.277,6.988,,8.43,,10.635,6.684,10.501,9.914,8.052,15.911,7.162,16.905,8.514,15.591,13.234,16.043,14.526,11.9,11.709,14.1,6.923,10.214,9.839,13.748,,11.978,13.669,8.85,6.691,10.889,,8.185,11.812,,10.137,,12.768,9.563,15.671,18.305,8.754,9.403,11.194,13.339,12.257,14.628,,12.725,9.094,12.64,7.385,15.182,15.783,7.329,13.102,6.446,11.831,7.665,16.385,5.969,14.818,14.414,12.069,,13.003,13.767,7.757,11.29,6.536,12.728,7.343,12.337,12.432,12.194,11.63,13.392,14.43,12.625,10.518,14.517,5.512,5.752,6.259,13.371,10.129,15.044,14.075,10.69,16.09,12.887,,9.944,9.923,8.111,9.356,15.151,12.054,11.637,14.578,10.737,14.648,14.655,11.577,8.867,15.657,12.527,15.25,,13.694,14.294,6.888,14.057,13.898,,9.157,17.181,9.067,12.0,10.694,8.6,15.642,15.253,6.554,17.273,14.97,10.51,14.443,6.651,17.664,12.184,13.087,6.447,14.062,4.153,9.375,10.388,13.463,8.484,15.3,,8.902,,7.049,12.235,14.132,8.504,14.038,6.481,13.681,16.443,15.366,14.232,14.356,6.723,6.306,8.411,10.769,12.617,10.778,14.968,7.657,14.868,9.823,9.643,11.978,15.083,10.288,7.075,10.994,5.913,15.238,13.556,6.297,5.987,8.453,14.722,9.98,14.526,13.551,10.42,7.493,15.855,8.726,,12.818,10.957,15.926,,11.109,10.087,11.741,6.163,6.023,7.052,8.177,11.048,13.04,11.277,11.235,10.819,8.046,11.317,9.172,6.744,10.32,8.998,8.257,10.422,11.778,11.652,12.363,12.314,9.571,12.9,12.023,10.098,13.2,8.819,11.096,13.508,12.824,14.761,10.396,12.38,15.736,7.729,13.804,12.196,6.734,7.164,13.29,7.777,8.426,9.216,7.127,9.914,14.054,6.122,13.684,17.14,10.329,9.111,13.056,6.698,10.703,16.811,15.582,15.25,7.857,11.933,13.708,9.024,10.667,6.276,6.662,11.837,7.027,7.058,14.188,17.343,11.753,14.308,16.122,9.565,11.907,10.581,7.22,14.654,,11.847,7.597,8.101,15.344,,8.603,7.943,10.477,11.073,13.103,7.759,8.016,13.64,13.781,12.425,11.742,11.238,5.771,11.117,8.725,8.562,13.266,10.843,13.612,16.436,,15.08,12.6,,9.314,11.091,9.947,,,14.834,12.165,8.688,9.332,8.704,5.593,14.679,9.527,,10.613,4.881,10.347,11.452,13.026,15.843,14.04,10.744,13.912,14.319,13.628,16.601,,13.633,6.587,12.354,9.348,11.832,12.723,14.83,17.787,8.188,12.775,12.362,9.618,8.444,7.914,15.068,,16.378,10.467,14.641,11.217,14.666,5.514,11.452,14.53,15.714,13.697,6.976,,8.587,6.542,13.13,13.184,13.7,13.158,15.24,13.587,7.346,7.976,12.217,16.14,6.478,10.789,11.16,7.249,10.915,14.839,12.693,6.281,16.081,11.043,13.91,9.822,12.188,12.149,8.458,14.62,9.372,8.904,9.39,13.994,13.444,14.985,10.035,9.38,7.118,11.333,15.519,13.383,12.952,9.229,14.499,12.018,6.422,10.626,7.494,9.107,5.388,11.731,12.185,,9.433,14.265,13.183,11.017,7.848,14.362,9.349,8.77,15.248,11.946,12.041,11.983,11.962,9.32,30,0,0
SITE1_PT024,13.293,15.625,8.242,,10.404,14.132,11.887,9.604,10.079,10.702,12.727,14.135,11.259,7.705,6.89,11.866,15.219,5.388,7.354,11.151,6.852,15.06,6.837,5.993,17.008,6.316,,8.733,7.787,7.435,8.171,9.687,7.392,12.392,14.645,,8.047,12.934,13.919,13.872,4.971,,9.604,,12.038,9.756,5.603,8.478,11.51,6.659,14.038,6.691,13.096,6.203,13.461,16.129,15.986,12.796,14.269,12.055,13.115,6.889,11.314,10.425,14.606,9.98,8.535,11.506,,5.432,10.021,11.439,6.265,8.534,9.307,,8.846,12.742,9.113,16.669,15.449,10.764,9.178,12.771,15.166,13.514,13.91,11.87,10.322,8.795,16.485,8.861,10.362,14.364,7.465,10.376,5.73,13.192,5.137,14.152,7.613,16.251,14.31,,14.951,13.414,17.704,7.318,11.941,,12.037,9.51,13.145,10.638,11.055,10.742,15.122,13.652,11.445,12.205,15.183,8.959,7.226,8.169,,11.126,13.308,,9.684,13.458,14.434,,9.969,,8.032,,15.207,11.294,9.402,13.209,,17.761,14.488,10.784,8.626,17.959,13.465,15.428,7.756,15.226,11.7,7.177,8.237,11.758,6.822,8.32,13.042,9.083,12.365,9.974,7.98,14.23,13.09,7.594,15.315,14.719,6.94,14.553,7.062,14.019,12.582,12.193,6.97,14.501,7.632,10.634,7.342,13.44,8.17,15.72,11.022,4.906,7.733,6.428,13.043,15.753,7.824,13.929,7.316,13.861,15.41,,10.922,13.284,4.826,10.971,7.92,11.775,13.898,14.339,14.238,6.0,13.931,8.016,9.656,13.95,14.488,13.608,7.558,10.56,,14.127,12.804,6.389,7.447,6.099,15.552,,12.066,10.309,11.823,,15.55,8.471,13.393,13.63,13.052,17.685,7.276,10.931,9.57,9.148,6.612,,10.027,9.139,8.388,11.937,11.558,7.649,11.093,7.634,9.725,9.701,7.451,9.04,13.792,10.108,12.867,11.108,11.04,13.919,11.604,,13.542,10.996,11.765,11.687,10.586,12.399,14.467,,15.158,12.159,10.889,13.67,10.353,13.888,10.047,7.442,5.298,15.651,,8.195,6.58,,6.85,14.615,6.483,15.099,13.122,10.007,6.453,13.31,9.646,7.059,14.253,17.761,11.721,7.971,12.746,11.531,11.203,11.998,5.87,,9.625,,8.01,14.299,15.036,11.313,14.639,16.247,4.968,9.336,8.202,7.773,13.615,9.553,,7.662,7.715,15.711,6.574,9.551,8.79,10.11,13.829,9.96,6.522,6.954,13.291,10.072,13.308,12.629,15.297,6.845,9.037,14.397,,13.363,9.957,12.312,13.984,11.154,12.276,12.865,14.492,9.176,10.041,9.424,6.713,9.456,16.035,12.351,5.652,8.908,7.905,6.364,16.601,9.547,9.279,13.491,8.511,,14.042,13.339,15.355,13.136,10.136,16.053,14.914,12.66,15.802,11.696,16.16,8.46,13.76,10.172,9.903,15.701,17.401,16.913,8.217,12.994,13.917,8.602,6.792,3.976,13.045,11.506,15.434,11.855,15.259,9.066,13.373,6.872,10.947,12.349,13.881,14.553,6.883,,6.862,8.048,11.732,13.102,15.189,14.907,12.433,14.779,6.185,6.829,13.516,13.092,4.707,10.378,13.173,6.543,9.775,15.356,13.025,8.872,12.685,7.586,14.639,8.199,11.018,8.053,9.542,14.991,7.1,5.085,7.825,13.476,13.118,15.896,9.099,,6.928,11.281,17.372,13.328,13.389,9.794,13.939,9.825,6.702,8.912,,7.995,8.082,10.143,12.24,,11.755,17.818,13.939,12.046,7.942,,,9.894,16.01,,12.796,10.413,,11.199,81,0,0
SITE1_PT025,14.148,13.538,8.291,11.913,12.81,13.166,12.949,10.727,8.257,11.051,12.761,14.695,10.705,7.758,6.049,13.324,14.276,7.461,7.056,13.073,6.214,14.975,9.351,5.968,17.508,,8.889,8.115,8.428,6.776,,7.138,,12.793,12.969,9.088,11.812,12.46,13.944,14.16,3.729,10.059,8.274,9.368,12.102,10.87,,10.241,12.188,9.363,14.079,5.432,14.585,6.898,13.47,15.53,16.124,14.06,13.117,12.728,14.824,7.767,10.134,12.135,15.467,8.98,10.501,11.663,8.953,8.937,9.776,10.631,8.631,9.927,,9.592,,11.565,7.44,14.951,16.077,10.754,7.72,10.741,16.381,12.329,16.472,11.881,14.237,,13.371,5.242,9.397,13.137,,12.667,,11.381,5.801,15.832,6.746,17.059,13.513,12.019,12.554,13.735,17.533,8.994,,5.681,,6.841,11.819,11.8,9.005,11.589,,11.337,11.274,15.477,14.566,8.652,,7.397,12.017,9.142,11.686,,8.714,13.89,14.457,8.418,11.161,7.533,8.26,7.015,15.844,,8.165,13.266,,18.174,15.423,11.001,9.257,17.75,13.74,16.613,7.124,14.449,12.545,6.961,9.899,,7.079,11.03,11.686,10.481,11.039,10.306,7.949,15.136,10.603,6.648,17.159,15.153,8.164,13.624,7.137,16.207,13.248,12.188,7.061,13.562,6.839,7.399,7.286,13.058,8.681,14.314,11.63,4.048,,8.518,11.7,13.375,8.244,14.142,,13.706,15.454,10.765,13.709,14.211,6.849,7.714,7.817,11.386,,11.836,14.312,8.389,13.748,8.109,9.813,13.754,15.374,12.034,,10.788,6.445,15.268,12.096,7.346,7.842,7.922,16.591,10.06,,12.755,12.348,6.721,14.956,8.717,11.594,12.892,11.726,16.962,7.182,9.849,10.598,11.03,6.769,6.497,9.254,8.789,9.82,11.432,12.02,10.397,9.787,8.821,11.716,7.805,,11.028,10.786,8.96,10.653,12.278,14.86,13.985,12.8,7.583,12.786,11.192,,11.721,10.695,11.204,14.611,15.528,16.747,11.407,9.409,12.472,10.414,14.576,9.599,7.355,,14.392,6.849,8.099,9.542,7.386,11.395,13.382,7.205,14.854,11.4,9.285,4.213,,7.695,8.626,15.613,15.837,12.417,8.875,14.965,12.248,7.674,10.933,4.945,8.748,11.349,6.15,6.709,14.003,15.808,12.511,16.386,16.915,4.912,8.458,8.602,6.941,,11.47,10.276,,6.222,14.269,7.989,7.71,8.084,12.343,13.008,10.261,7.443,8.459,14.795,10.993,13.496,12.488,,6.232,,12.935,12.566,12.869,10.612,13.6,,12.272,13.762,12.773,14.858,,11.151,12.006,6.311,8.812,16.856,12.431,8.98,,7.63,,15.662,10.317,6.93,11.927,6.707,8.979,14.349,11.553,15.418,10.949,10.852,13.504,14.577,12.721,15.487,13.61,13.269,8.924,13.3,9.792,11.297,11.075,15.157,14.175,,13.716,12.316,8.188,6.896,5.137,13.748,10.122,14.937,10.76,16.937,10.686,14.23,9.53,12.361,13.316,13.806,14.148,5.847,9.107,7.816,7.253,12.896,12.598,12.291,15.54,12.753,15.699,4.934,8.041,11.02,13.451,5.836,10.065,15.56,6.266,,14.392,12.886,7.708,11.901,9.234,13.234,,12.259,10.146,9.485,13.021,5.991,6.414,7.768,13.351,13.393,14.343,8.024,9.568,6.738,12.136,15.825,13.266,11.759,10.152,14.918,11.486,,11.174,,8.459,6.23,,12.799,9.538,,15.923,14.793,11.36,7.853,14.138,8.566,9.326,15.01,11.524,14.592,13.735,12.885,8.697,71,1,0
SITE1_PT026,12.974,14.774,,10.592,11.657,14.628,11.635,8.305,,,12.992,14.848,12.258,8.387,6.574,12.297,12.461,6.157,4.934,13.749,7.689,15.759,9.974,6.303,17.115,8.559,10.888,8.841,8.639,6.27,3.683,6.711,9.536,10.494,13.32,9.354,,11.572,14.482,15.119,4.801,10.007,8.177,8.657,11.271,,,,10.963,,12.755,7.689,15.128,4.951,15.819,15.957,15.92,17.861,13.758,11.408,15.108,6.147,,10.507,13.076,10.714,10.702,11.938,7.481,6.97,9.917,7.834,8.17,,8.589,10.165,10.751,13.206,8.681,15.779,16.204,12.715,8.536,10.144,13.467,12.714,14.78,9.952,13.77,9.187,12.338,7.923,12.221,14.193,7.424,14.19,5.904,13.058,8.497,15.865,4.209,16.122,13.303,12.596,13.04,14.912,17.91,7.992,11.422,6.881,12.732,8.685,13.457,9.376,11.138,10.815,13.496,13.005,11.531,11.799,15.111,8.204,7.382,7.49,12.607,9.878,14.774,12.14,10.427,15.369,14.392,9.013,8.212,8.995,8.488,9.245,15.649,9.925,,13.414,11.323,17.301,15.563,10.834,10.346,16.545,10.93,15.802,,15.304,11.9,6.665,11.103,13.346,6.748,11.122,12.044,8.419,12.4,9.612,10.042,14.519,12.044,5.933,17.991,13.776,8.236,13.739,7.592,14.646,11.672,12.872,,16.207,6.004,6.738,7.249,,9.072,14.24,11.753,3.539,7.102,6.334,11.597,13.994,6.729,13.023,9.014,14.216,14.013,11.188,,13.761,6.848,9.783,,10.435,13.716,11.67,13.135,8.979,12.252,8.123,8.934,13.275,14.094,,5.827,11.983,5.694,11.799,,7.85,7.594,6.491,13.889,10.697,13.334,13.065,,,16.647,7.665,11.361,12.704,10.789,16.383,7.674,9.966,8.684,12.069,7.042,5.224,9.253,10.986,9.783,13.293,11.303,10.247,10.459,8.278,12.048,7.328,7.509,8.779,9.389,7.665,12.942,,13.516,14.364,12.112,7.572,11.723,10.742,11.312,13.07,10.475,,,16.315,16.067,11.391,8.087,13.79,7.618,17.231,11.501,7.982,8.927,14.449,,,7.667,7.921,10.498,13.346,6.756,15.799,13.476,,4.632,12.356,7.952,9.184,15.592,16.102,12.523,9.828,14.577,12.498,9.061,11.825,6.427,10.223,10.575,6.091,6.56,,16.017,9.491,13.042,15.487,6.928,10.854,7.51,7.006,12.931,11.321,12.672,6.326,8.468,16.376,8.546,8.638,9.056,9.474,12.452,10.651,,8.243,13.019,11.709,13.475,13.405,16.019,5.335,10.612,11.29,9.922,13.436,9.074,13.926,15.239,9.571,15.34,11.327,14.779,6.687,9.471,12.357,5.486,7.459,15.654,10.637,8.24,9.17,7.557,,16.634,10.762,7.692,12.004,6.033,7.389,13.556,10.615,16.37,12.955,13.737,13.517,16.009,12.332,13.682,13.721,14.796,6.425,14.946,8.45,12.761,11.983,15.483,15.669,8.672,12.733,,8.976,7.321,,14.443,,14.104,10.816,17.883,,14.187,6.603,10.7,14.959,12.214,14.932,6.547,7.932,6.639,7.585,11.789,13.31,14.658,14.542,9.668,14.828,7.575,6.256,11.686,14.919,3.423,8.113,12.27,6.76,9.107,12.85,12.1,7.903,14.655,9.096,15.525,6.483,12.466,9.102,8.609,14.78,8.122,6.405,8.623,12.596,14.09,15.594,8.869,9.656,7.079,12.106,16.842,13.966,11.0,,15.53,10.009,6.347,9.838,8.068,8.977,6.334,9.649,13.018,,11.374,15.841,14.626,,7.263,14.312,7.702,11.653,15.101,12.355,13.063,11.472,10.527,10.462,61,1,1
SITE1_PT027,14.281,13.683,9.158,10.028,13.621,14.404,9.771,8.166,9.836,9.294,13.528,16.556,11.286,8.189,7.872,13.888,13.529,8.272,5.499,12.904,8.165,13.233,11.174,7.343,14.17,8.167,10.834,8.192,5.492,7.159,4.598,6.283,7.259,12.283,12.648,9.333,11.552,11.063,15.969,16.136,5.502,9.128,6.081,9.924,9.826,10.31,5.306,8.841,10.649,7.256,,,,6.347,17.696,12.491,14.52,15.147,15.454,12.301,12.385,7.071,10.121,11.078,12.263,9.967,10.635,14.539,8.431,,11.696,8.778,9.454,8.5,10.557,10.664,,12.525,7.736,16.358,15.364,10.697,9.739,11.609,13.897,11.641,15.228,10.434,12.024,11.407,11.986,7.386,13.314,14.087,9.68,,7.353,11.751,6.897,15.127,6.083,15.488,12.313,11.691,15.572,15.114,16.057,9.181,13.259,9.451,12.005,8.932,12.219,9.98,12.596,10.125,13.545,12.581,12.393,10.954,16.343,8.276,6.815,5.753,13.307,9.048,15.872,13.214,10.07,16.123,14.587,9.762,8.5,7.367,9.282,7.783,16.336,10.312,10.266,14.122,11.466,15.487,14.425,11.358,10.249,17.128,12.286,14.998,6.939,15.596,13.198,7.887,12.14,12.332,6.204,10.731,14.592,10.549,11.027,8.934,9.896,,13.264,6.56,17.278,15.375,7.911,13.519,7.937,16.265,12.088,13.117,7.414,15.196,5.248,6.759,,14.226,7.587,14.482,11.27,6.35,6.776,6.129,11.278,13.877,9.854,15.035,8.562,14.81,17.047,12.924,14.012,13.298,6.695,8.19,7.016,9.382,13.093,,15.152,9.805,12.423,,8.688,12.805,15.157,13.288,6.56,13.361,4.454,14.125,11.83,7.619,5.126,8.413,15.405,12.503,14.857,11.822,12.403,10.55,15.631,7.555,12.382,13.178,13.065,14.028,7.446,11.132,11.235,11.515,7.788,8.787,9.439,9.677,10.476,,11.654,10.736,11.376,8.723,14.376,9.104,6.643,9.965,10.618,9.734,11.125,12.26,12.448,12.927,10.34,9.641,10.659,12.285,10.727,13.489,9.889,,13.397,16.654,15.826,13.735,9.983,15.767,7.06,16.168,12.075,8.081,5.584,14.449,6.408,8.188,8.996,6.309,9.132,12.121,4.714,14.562,15.749,10.84,5.789,11.84,,9.843,13.592,16.174,14.927,10.005,12.372,12.342,9.773,11.253,7.636,7.938,9.344,7.39,6.549,15.187,14.504,12.03,13.741,16.258,8.317,7.737,8.532,8.564,13.683,9.091,10.065,7.13,7.282,14.913,6.211,7.967,8.967,11.356,12.62,10.039,7.881,8.667,15.588,12.277,,12.776,12.777,6.679,10.13,9.781,8.607,13.848,8.422,14.738,15.001,11.071,17.19,11.411,15.172,7.706,11.965,12.379,7.656,9.541,15.572,11.243,7.595,9.395,6.53,7.152,15.36,10.106,8.542,12.795,5.792,8.839,11.835,11.276,15.661,11.215,10.767,12.526,14.396,12.372,16.462,12.869,14.497,6.301,13.312,9.258,,11.771,14.678,13.513,,13.624,10.694,9.586,7.326,6.033,13.274,11.342,15.508,9.801,16.412,11.009,13.626,6.685,9.355,14.131,14.178,14.353,,9.889,7.172,6.987,12.148,14.372,13.819,14.005,13.344,13.235,8.075,,12.128,13.614,5.142,11.242,12.087,7.002,,15.047,12.444,7.258,15.889,,15.756,9.25,12.356,9.907,9.357,15.063,8.254,6.688,9.052,13.727,13.617,17.53,9.78,9.435,9.461,9.855,16.213,11.823,10.751,8.06,15.885,12.064,6.428,11.523,,8.306,5.924,9.487,11.276,9.235,,15.99,13.195,12.252,8.327,14.259,7.899,8.643,15.387,10.933,11.946,13.226,11.708,9.152,45,0,1
SITE1_PT028,14.076,14.811,10.387,,11.596,14.968,12.287,10.466,9.887,11.233,13.023,13.355,10.057,7.084,6.06,12.492,15.396,7.27,8.478,10.841,8.924,14.817,6.624,7.485,17.394,7.717,8.834,9.0,,6.695,6.632,9.068,,11.509,13.172,9.432,,11.306,15.134,13.742,6.425,8.602,8.495,7.674,12.951,8.967,5.401,8.991,11.268,7.847,11.734,8.295,13.894,,15.507,16.254,16.633,13.44,14.18,,15.103,6.098,12.837,9.736,15.235,10.401,9.18,10.92,8.337,7.298,9.076,10.791,7.493,,10.309,9.311,10.11,12.713,8.832,14.911,15.973,11.513,,10.722,,12.514,13.838,12.672,12.02,9.207,14.625,,12.665,14.962,8.319,14.1,7.712,12.276,7.309,15.906,8.994,14.409,14.932,12.718,15.133,14.556,16.395,9.55,12.958,7.62,12.879,6.264,11.678,,9.514,12.401,14.608,14.411,11.915,12.386,14.807,6.384,6.919,7.66,11.161,10.586,13.796,11.623,10.072,15.034,13.126,8.158,10.141,,7.174,8.321,,10.313,8.36,11.673,11.826,16.33,15.188,10.523,11.255,15.93,,15.145,6.806,15.543,11.667,9.25,12.685,12.265,7.16,8.287,13.34,8.406,10.757,12.855,8.886,15.023,14.48,5.552,17.122,14.774,8.092,14.424,6.267,13.911,13.23,13.09,7.903,14.672,6.544,9.756,5.605,12.439,7.013,14.985,12.989,,,6.986,11.14,14.192,8.232,14.37,6.441,13.726,12.986,14.25,11.871,13.652,5.815,8.512,7.985,11.865,14.645,13.158,14.331,7.293,12.646,6.844,8.681,14.594,16.077,11.68,,13.053,8.076,14.061,14.304,8.307,8.278,6.373,13.983,11.356,11.828,10.754,13.177,10.138,14.053,10.195,12.275,13.852,13.499,16.613,5.887,12.268,11.001,9.26,6.858,8.629,9.131,9.354,8.359,11.75,11.138,10.15,10.214,7.796,10.078,7.746,5.196,9.874,11.033,9.846,11.496,11.225,13.266,11.512,13.344,8.094,13.217,9.802,10.14,13.141,11.515,11.83,12.853,16.081,14.767,9.656,11.267,12.502,7.677,14.508,11.666,7.186,6.044,14.672,8.258,7.914,7.921,,9.415,14.147,5.293,15.663,13.12,9.905,6.974,11.675,,9.263,16.784,16.248,10.981,7.843,12.302,10.815,9.564,12.747,4.586,7.896,11.04,6.507,7.493,14.818,15.626,12.499,14.224,15.852,7.662,9.795,8.715,,13.206,,9.98,9.113,7.729,15.244,7.269,8.109,7.502,10.522,13.265,8.649,6.197,6.408,14.507,10.444,,12.54,14.543,4.609,7.675,11.625,9.526,,9.648,14.822,13.261,10.16,14.377,11.189,15.107,8.851,10.938,10.532,7.352,8.08,15.37,12.65,6.144,,7.143,6.253,16.796,10.224,8.67,12.063,,8.562,,13.475,16.943,11.364,11.757,13.4,15.945,13.263,13.312,14.206,16.54,7.632,13.509,10.269,11.283,12.646,16.018,15.862,8.908,,15.95,8.575,,5.61,15.171,11.415,15.172,12.691,14.75,9.775,13.716,6.643,10.994,14.333,15.55,15.039,6.338,9.879,4.953,8.487,10.992,14.738,14.182,15.774,13.116,15.465,5.454,,11.692,13.993,6.777,11.354,,6.364,10.497,14.781,13.716,8.399,12.318,9.387,15.24,9.385,10.34,9.621,9.18,13.967,9.373,6.392,,11.941,14.584,15.874,8.975,10.003,7.638,10.165,16.569,14.27,12.413,10.149,14.565,11.119,8.752,10.007,4.935,,7.064,10.109,12.883,9.909,,16.904,12.5,10.699,8.113,15.717,7.966,9.234,15.798,10.874,13.28,11.354,10.884,7.791,73,0,0
SITE1_PT029,14.96,13.573,8.98,11.403,10.974,15.799,13.402,8.948,8.273,9.892,13.512,15.687,10.619,9.349,8.426,13.699,13.411,,6.586,11.666,,15.365,9.262,5.89,15.769,7.661,7.812,7.608,7.044,6.381,5.667,,8.39,11.304,11.275,8.217,11.07,10.326,14.768,13.751,6.076,,8.444,8.521,10.153,10.527,7.722,10.593,11.676,7.351,14.262,6.988,14.383,8.402,14.957,15.184,17.521,15.355,13.677,11.832,12.773,7.434,11.941,11.221,12.687,,,9.474,6.483,7.901,9.828,11.407,9.411,10.122,8.734,9.074,10.201,13.919,9.636,15.699,14.993,10.032,7.147,11.164,16.847,11.304,14.349,11.661,12.756,8.577,13.42,7.257,11.551,12.806,7.14,12.504,6.223,12.158,,14.992,6.913,14.931,13.839,13.513,13.534,13.077,16.194,8.306,11.764,6.514,12.258,7.913,11.039,10.276,9.516,10.583,13.621,11.844,9.667,12.25,14.234,6.864,5.439,,10.187,9.668,13.5,12.723,7.579,14.074,,8.16,9.416,8.577,,7.456,14.571,,10.325,13.347,11.894,15.588,,11.127,9.196,14.536,13.576,17.152,,14.81,12.607,8.105,11.307,12.73,7.067,,12.142,8.914,11.795,,8.491,16.239,13.499,7.518,18.101,15.114,7.372,14.287,6.715,15.635,13.334,12.457,7.402,15.593,5.712,,8.232,13.5,9.091,15.846,12.028,5.239,6.621,6.382,13.043,13.096,5.345,13.393,9.427,,16.062,14.813,13.398,13.632,8.23,8.396,7.542,11.653,13.494,13.706,14.158,7.862,,7.839,8.324,14.249,16.099,12.362,6.1,10.629,4.972,15.349,13.515,8.394,7.353,9.817,15.143,10.984,14.332,,12.237,7.407,13.049,7.688,11.059,13.894,11.492,17.029,8.537,12.488,10.978,10.279,6.89,6.157,10.92,8.609,7.969,12.83,,10.844,8.035,8.219,12.068,9.751,6.961,8.845,10.234,8.001,11.983,11.846,13.388,12.069,,8.21,12.473,12.294,9.934,11.967,9.966,10.989,12.822,14.802,15.667,10.972,8.881,13.275,9.227,15.616,10.293,7.781,7.825,13.423,6.167,8.679,9.041,7.391,11.33,13.516,6.142,15.247,12.618,,6.715,13.43,,10.083,14.249,15.523,13.328,8.856,12.743,13.811,8.61,11.029,5.156,7.865,11.02,,,13.582,13.813,12.624,14.994,15.541,6.232,9.754,9.781,6.632,16.216,11.831,9.934,7.246,,14.294,7.388,7.625,9.67,11.462,,12.237,,10.898,13.851,12.818,14.416,13.011,14.461,5.881,8.911,11.158,10.245,14.867,9.87,16.568,14.866,,13.643,12.141,14.515,,11.858,,4.689,9.601,15.412,12.976,,9.829,9.453,6.549,15.398,9.159,8.088,11.696,6.34,8.891,,9.847,15.568,11.663,12.472,14.96,14.468,,15.932,14.97,13.848,7.342,13.433,9.681,13.124,10.998,14.42,14.608,8.777,13.208,13.688,9.327,8.739,,14.125,12.208,15.755,10.678,15.552,9.794,14.792,6.138,13.511,13.508,13.547,15.016,,,4.987,,12.797,13.886,13.396,13.764,12.046,14.082,7.328,,12.525,15.09,4.435,11.209,11.907,6.77,7.948,15.02,12.343,6.094,13.669,9.926,14.098,8.42,11.795,10.113,8.951,13.071,7.839,5.728,8.623,14.344,14.657,16.195,8.705,8.963,,10.692,15.912,11.761,10.407,10.128,16.264,9.432,6.275,10.123,6.494,8.097,6.379,10.918,12.087,9.15,10.606,15.79,13.638,10.45,7.809,13.87,9.902,8.532,14.999,11.182,12.719,10.059,12.952,9.474,55,1,0
SITE1_PT030,13.51,13.828,9.53,11.909,12.85,14.532,10.919,10.578,9.697,10.81,9.887,15.114,11.999,8.385,11.724,12.044,,7.258,6.611,11.799,6.721,,10.396,7.7,14.956,7.126,9.219,,7.762,6.522,5.167,6.784,6.994,11.984,13.845,10.975,9.934,9.101,14.221,14.469,6.986,9.883,7.596,8.697,10.398,10.07,6.719,9.997,9.311,5.745,14.396,7.607,16.556,5.205,15.693,16.651,15.38,15.532,12.468,13.847,15.068,5.384,10.951,10.824,13.604,10.746,9.918,13.891,,8.065,10.371,8.587,7.536,9.467,8.853,9.196,9.976,12.245,7.934,16.317,14.932,,10.059,11.807,14.325,13.481,15.596,9.763,12.812,9.793,13.6,7.198,12.684,15.386,7.843,10.966,7.788,13.693,6.431,15.911,,15.056,11.709,12.173,13.612,15.062,16.311,8.977,13.184,7.13,12.831,,12.11,10.159,9.646,12.135,12.821,12.776,11.383,10.839,13.756,7.986,8.03,6.779,14.524,8.502,15.275,12.166,11.873,13.274,13.559,9.473,7.173,8.0,10.753,7.601,15.89,9.305,9.075,13.248,,16.364,11.139,8.997,9.411,17.023,13.219,17.484,7.468,14.084,12.961,6.538,13.062,12.877,5.305,11.834,12.969,9.784,10.409,10.621,9.2,12.571,13.096,,16.506,12.272,7.789,13.723,6.824,16.654,13.334,12.471,7.556,16.521,5.797,,6.807,14.879,,15.428,11.605,6.392,6.361,6.839,9.901,14.34,8.488,14.787,8.025,14.648,16.753,11.904,15.977,14.062,5.25,7.904,6.438,10.741,13.265,,13.276,7.122,11.434,,8.607,13.155,14.036,10.941,,12.271,4.317,12.892,,7.986,6.215,8.388,15.154,,13.876,14.026,12.942,9.246,17.444,9.061,11.517,11.999,11.785,14.847,6.736,9.183,,9.337,7.383,7.027,9.773,10.313,10.377,12.604,11.722,10.504,,9.578,12.323,9.734,6.85,10.838,10.262,,12.271,,11.717,13.218,11.673,9.758,11.391,12.167,10.44,14.078,8.133,12.492,11.975,15.207,,10.442,9.827,13.718,6.918,,10.817,6.843,5.85,13.537,6.956,8.631,10.015,6.853,9.932,10.503,5.454,15.827,15.559,10.22,5.631,11.313,7.299,8.906,15.935,15.321,14.684,9.422,12.391,12.111,10.807,11.079,6.553,7.654,10.895,8.085,6.74,13.971,13.523,10.663,14.586,17.313,8.387,,9.241,7.015,15.33,,11.25,6.99,8.371,16.326,3.591,8.455,,9.043,11.142,10.334,7.432,7.843,13.31,12.09,13.549,12.597,12.91,7.397,9.98,10.121,9.424,14.33,10.266,13.34,14.917,10.437,14.938,11.787,15.477,9.566,11.878,9.684,7.279,10.08,15.684,12.703,7.182,9.084,6.364,6.509,14.324,,,12.677,5.944,9.508,11.793,11.738,16.195,12.848,11.885,10.735,14.227,12.391,17.27,13.311,15.975,7.285,15.387,8.536,13.37,11.797,15.74,12.882,9.472,14.042,13.257,10.988,7.652,7.847,13.248,11.857,15.353,13.254,17.004,,14.559,5.88,11.666,15.943,13.927,14.812,,,7.423,8.295,13.63,13.186,13.506,15.393,13.287,14.137,8.468,7.286,11.715,14.329,,10.296,14.114,6.327,9.0,14.33,13.875,9.2,15.968,9.472,15.546,9.142,12.24,9.788,10.473,13.751,,8.869,9.611,13.024,14.251,16.248,8.812,11.863,8.798,12.37,16.576,12.093,11.68,9.006,14.976,10.8,7.245,9.215,6.109,8.032,5.814,,12.298,8.728,7.214,14.116,13.475,,7.305,14.976,,8.468,14.735,,12.8,13.193,12.046,10.039,48,0,1
SITE1_PT031,15.031,13.485,9.463,10.696,11.967,14.571,12.202,9.753,9.374,9.774,13.231,15.168,10.785,,7.085,14.24,12.186,8.312,7.824,11.797,,12.987,10.235,5.119,15.267,7.435,10.188,10.32,7.925,,7.5,8.988,8.001,12.835,11.827,10.022,10.698,10.033,13.762,13.171,4.539,8.893,9.006,8.1,,10.224,6.222,9.069,13.06,7.958,13.033,6.964,15.928,6.759,14.296,15.755,17.152,12.982,12.681,11.567,13.562,,11.528,12.341,15.447,9.359,10.758,10.171,7.631,7.614,,9.183,8.477,9.881,10.517,8.033,11.014,12.61,,16.008,14.167,10.673,9.894,10.776,12.079,13.229,14.79,11.804,12.125,8.894,13.069,5.925,12.335,14.319,7.095,13.026,6.106,12.089,8.045,14.229,7.184,15.704,14.262,12.512,13.023,14.778,17.066,,,4.839,11.655,6.579,9.65,10.064,10.725,10.599,13.516,14.977,10.376,12.732,15.019,7.493,7.251,8.445,12.294,10.122,14.617,14.126,9.615,,13.099,9.441,10.373,8.279,7.035,7.19,15.321,10.279,11.151,11.261,,15.081,16.367,10.281,9.052,15.963,14.097,16.179,8.051,14.982,12.82,8.225,13.0,13.199,6.621,10.738,14.837,9.749,11.932,10.997,8.587,14.59,12.208,6.054,16.069,13.796,,15.081,7.069,17.258,12.065,11.96,7.32,15.205,6.358,6.808,8.844,13.423,8.191,13.501,12.279,5.314,7.027,6.822,13.248,13.848,9.168,13.497,6.049,13.436,15.926,11.975,13.026,14.049,6.149,7.155,8.688,10.321,13.2,13.635,14.155,8.945,13.835,8.27,8.263,11.976,15.58,12.11,6.065,11.172,6.854,15.553,12.724,,,7.34,16.299,11.035,13.109,11.816,11.963,,15.499,9.303,11.398,11.953,12.952,15.699,5.25,12.632,11.511,11.554,6.491,6.398,9.864,11.077,,12.383,12.995,10.707,7.96,8.722,13.232,,7.206,,9.553,7.099,11.288,11.195,13.771,11.746,12.251,8.852,14.588,12.272,9.21,12.742,10.353,12.432,15.355,14.802,16.528,,11.468,12.578,8.366,13.956,11.405,,7.991,12.774,6.319,8.474,8.322,6.737,10.271,,8.052,14.387,14.758,,,12.971,6.873,11.354,16.487,14.336,13.286,8.024,13.031,13.058,8.514,10.441,4.981,8.185,10.0,,9.565,13.463,13.968,11.955,14.309,15.432,6.938,9.832,9.797,7.031,13.894,11.165,11.072,7.249,7.943,14.843,8.152,8.318,8.812,10.395,11.297,11.592,6.456,8.815,13.981,12.521,12.696,12.465,13.196,5.572,10.579,9.681,10.159,13.914,10.044,14.736,14.69,10.847,14.745,12.494,14.869,8.603,10.426,13.199,6.456,9.392,14.502,13.601,8.431,9.071,9.298,4.89,14.933,10.046,8.04,10.424,4.468,,13.612,11.082,15.581,11.853,10.866,15.077,15.736,12.27,15.488,14.983,14.287,6.491,13.897,10.79,12.521,12.781,13.508,15.471,8.841,12.709,13.278,7.178,6.05,4.711,12.636,13.082,14.618,11.925,16.368,9.813,12.726,,11.868,14.455,13.739,12.947,6.677,,4.97,4.916,14.022,11.994,13.655,15.462,13.272,14.39,7.069,7.899,12.767,14.587,6.665,12.259,11.83,7.408,10.931,16.168,10.766,7.37,12.919,9.71,12.132,8.158,12.62,10.405,8.629,12.674,8.582,6.185,8.452,13.731,12.363,15.539,10.427,9.103,6.556,12.23,14.134,13.458,10.069,9.308,15.176,10.385,6.943,9.937,,7.974,5.925,10.259,11.882,8.917,11.645,15.747,13.65,11.949,7.603,14.004,8.648,8.847,13.721,11.041,14.206,,12.648,8.461,48,1,0
SITE1_PT032,15.804,12.355,9.222,11.243,11.007,14.687,11.45,8.023,,,11.996,14.916,10.867,9.069,7.581,11.789,12.009,8.717,,11.109,7.581,,10.494,9.047,14.964,7.763,8.641,6.999,7.469,5.932,,8.31,6.796,10.243,13.708,9.703,8.766,10.657,14.573,14.138,6.183,7.861,8.404,8.786,10.854,11.408,7.051,10.642,11.134,7.912,15.762,7.451,16.868,8.826,14.231,13.955,16.103,15.806,13.835,12.024,13.154,7.486,10.593,12.295,14.346,10.506,9.535,12.271,8.331,8.696,10.839,9.174,9.3,8.66,,9.524,9.22,13.705,8.126,18.487,16.49,10.714,10.283,11.617,13.154,12.317,14.4,11.853,12.084,,11.787,6.885,15.788,14.521,6.944,11.831,,13.973,9.196,15.754,5.771,13.624,12.614,10.316,13.694,14.732,16.248,9.112,13.363,5.985,12.392,6.727,12.13,11.073,12.66,12.014,,15.951,10.072,11.576,15.536,7.728,6.643,4.833,14.23,12.324,13.412,13.048,8.777,13.844,13.438,9.833,9.89,10.12,7.651,7.358,15.665,9.802,10.223,13.513,11.235,14.137,12.992,10.402,7.929,16.729,12.097,14.591,7.496,14.303,12.792,6.447,13.648,13.254,5.874,11.001,16.574,9.211,10.562,9.051,7.898,15.064,15.08,7.653,16.117,14.682,11.013,14.7,6.895,15.538,11.707,12.849,6.237,15.14,,6.682,7.372,,9.03,14.868,12.665,7.147,5.77,6.282,11.061,15.079,9.425,14.657,6.173,12.096,16.167,14.128,15.184,14.357,7.242,,5.914,12.663,12.057,12.17,15.356,7.741,,9.812,8.32,13.036,16.621,11.593,6.721,11.115,6.377,14.101,11.021,,6.363,10.83,15.424,11.181,13.21,13.512,11.831,8.542,16.071,9.408,10.774,10.837,11.807,16.008,6.468,12.601,11.519,11.167,5.268,5.523,8.688,,10.951,14.741,13.359,9.65,10.248,8.532,13.531,9.02,5.775,9.892,9.333,7.069,12.777,11.067,12.697,12.146,12.889,9.337,13.833,12.399,9.711,12.004,8.167,11.549,13.541,14.583,16.107,11.313,10.636,16.023,9.423,13.77,11.999,7.024,5.403,14.079,6.143,10.088,9.464,7.349,8.658,12.992,6.716,13.468,13.493,11.108,9.205,10.676,7.171,9.645,14.471,17.448,13.791,8.827,11.398,14.178,9.655,13.086,8.249,8.491,11.674,7.437,7.391,14.073,15.725,,14.131,16.227,9.015,13.548,,6.101,12.16,10.361,11.753,5.713,7.661,14.636,7.461,7.705,9.835,9.368,10.711,12.278,7.606,,14.512,13.128,,13.483,13.494,,9.346,10.89,7.656,13.626,10.569,13.277,14.679,12.14,17.607,11.91,14.057,8.177,11.712,12.429,8.525,9.426,14.066,12.126,8.414,10.586,9.55,6.014,15.427,11.413,8.171,11.822,4.817,8.901,12.291,12.242,15.012,13.049,11.246,12.588,16.103,14.408,14.428,12.838,13.981,6.264,12.713,10.39,11.185,11.96,15.149,16.566,10.922,14.614,15.119,9.958,7.9,8.495,12.541,9.502,16.944,10.134,16.656,9.759,14.761,6.693,11.826,15.84,15.599,12.953,5.841,10.626,6.428,6.589,14.084,12.681,12.754,13.247,13.378,14.165,9.63,7.706,12.318,15.719,7.128,10.597,11.175,6.203,10.417,14.595,13.24,8.427,15.597,10.107,14.161,8.436,11.051,11.644,8.223,15.006,8.67,8.436,11.238,13.546,13.546,14.617,9.642,9.54,5.507,13.209,16.501,13.116,9.908,8.08,14.188,11.509,8.106,10.049,6.455,8.969,5.914,9.782,11.261,8.818,9.341,13.714,13.273,12.698,9.4,13.988,9.055,7.83,14.014,12.625,12.859,11.484,13.238,9.345,33,0,0
SITE1_PT033,16.619,13.336,9.392,10.011,14.483,15.321,,8.629,,,11.714,14.849,10.661,8.075,9.669,13.022,10.344,8.129,6.217,10.909,7.7,13.515,13.161,7.046,14.53,7.607,11.258,7.023,,5.503,5.703,,8.439,12.84,12.798,9.842,11.862,9.238,14.22,14.283,5.405,8.235,7.359,8.211,11.321,9.879,7.733,11.579,10.922,6.295,15.941,6.098,18.059,6.951,14.946,15.415,16.727,15.92,13.575,14.325,13.758,5.503,10.523,11.513,13.878,9.928,11.871,13.01,9.089,7.318,11.241,7.858,10.205,,6.967,8.979,10.365,13.916,8.544,17.327,16.831,10.322,10.433,9.771,13.414,13.112,14.824,9.944,14.239,11.324,11.92,6.206,14.507,12.478,6.894,14.493,6.258,13.162,7.48,16.571,6.248,12.004,12.365,12.516,11.673,14.476,15.137,9.298,13.219,6.239,12.387,7.157,10.48,10.26,11.087,13.168,15.618,13.693,11.749,11.248,16.715,7.574,6.891,6.52,13.448,,16.134,15.245,8.994,15.748,12.041,10.982,7.038,8.94,8.958,7.888,17.025,7.972,11.336,13.944,13.107,16.002,13.745,9.71,8.022,17.061,13.395,16.421,6.329,14.103,12.462,6.199,12.272,13.208,4.427,10.038,14.818,,11.789,10.511,9.934,14.538,14.623,6.683,20.181,13.573,,12.672,7.105,15.8,10.714,12.815,7.89,17.186,3.641,5.673,8.107,13.336,9.197,14.661,11.224,7.456,5.193,6.906,11.483,13.597,8.217,13.268,7.793,14.297,16.469,14.642,15.699,14.307,6.801,,,10.23,12.988,10.902,13.356,9.234,13.251,8.68,7.318,10.639,14.609,10.287,7.747,9.915,3.086,15.121,12.115,9.091,,,17.529,10.489,14.463,13.948,12.885,8.379,16.029,7.5,8.695,,12.975,14.279,8.238,9.481,9.582,11.905,7.332,6.949,,10.439,11.061,15.018,12.159,10.614,9.186,8.515,,9.863,7.057,10.703,8.322,7.452,12.547,11.249,11.478,12.524,9.812,,13.217,14.022,8.65,14.788,7.429,12.054,13.516,14.713,14.661,13.069,10.089,13.675,5.682,16.633,14.227,6.355,6.231,14.788,5.749,9.71,10.132,5.507,9.981,13.364,6.098,14.688,16.307,11.102,6.536,11.003,6.243,12.73,13.752,16.401,15.523,9.897,13.428,13.016,9.393,12.635,6.281,,9.666,7.009,8.305,13.988,13.684,9.024,15.095,15.938,8.015,10.576,,7.078,14.024,10.475,13.004,7.945,7.794,15.651,7.006,,10.55,10.684,9.895,,,9.809,13.975,13.613,13.438,11.37,11.753,6.666,11.308,9.103,8.754,15.838,10.862,15.011,15.916,10.009,15.102,11.752,15.786,7.837,11.538,12.403,5.777,9.983,13.319,11.033,10.72,9.469,8.322,4.666,14.746,10.116,9.607,,4.59,,10.995,11.137,15.653,12.074,12.21,12.18,14.856,12.802,15.587,16.321,13.069,4.927,13.929,6.524,,10.894,13.93,14.01,6.898,13.975,12.719,9.934,7.398,7.268,13.984,10.863,15.206,10.426,15.102,11.165,14.777,5.527,12.349,15.556,13.571,12.888,,12.175,,6.642,13.399,12.684,14.509,12.737,12.798,14.893,9.364,7.266,11.708,17.618,5.542,10.522,11.68,7.36,8.604,13.828,11.933,7.025,16.401,8.406,14.67,6.836,12.425,11.515,8.012,13.312,9.381,6.42,9.984,15.477,12.984,15.906,9.376,9.653,6.447,10.945,15.953,13.633,11.478,9.445,15.892,,7.036,9.405,7.261,,4.229,9.554,10.087,6.848,8.177,13.114,15.593,12.295,7.583,13.403,8.03,,14.337,13.177,13.483,14.97,12.203,7.596,24,1,1
SITE1_PT034,14.804,15.117,7.17,10.667,,15.938,12.525,11.329,8.232,,13.229,14.452,9.917,8.88,8.25,13.295,13.443,,7.479,12.961,7.734,15.077,8.966,7.686,16.161,8.016,10.304,,7.637,6.603,7.503,8.905,7.574,12.178,13.103,11.265,10.365,,14.156,14.305,6.472,8.164,8.866,8.069,,11.338,6.393,9.699,11.329,5.962,14.62,6.06,15.458,,13.929,14.432,14.624,13.294,12.76,13.06,13.777,7.658,,12.441,14.754,9.069,,11.822,8.641,6.937,11.698,9.751,8.046,8.883,10.043,9.313,9.383,11.604,9.64,14.457,15.336,10.502,7.426,11.453,15.306,14.15,13.273,11.897,13.622,9.083,13.57,8.372,11.923,15.339,6.553,12.99,,14.006,7.101,15.993,8.399,16.919,14.183,12.366,14.277,12.639,15.493,8.736,10.082,7.538,11.22,7.38,11.384,11.155,10.221,11.391,11.91,12.624,9.804,12.924,15.297,7.812,8.4,7.827,13.093,9.137,,13.839,10.174,15.111,13.827,9.594,9.71,10.085,7.735,6.943,15.717,10.988,9.688,13.675,10.672,14.776,13.399,10.712,9.36,16.275,13.24,16.235,6.642,13.722,11.998,8.083,10.132,11.961,5.306,9.736,14.09,9.332,10.884,,9.477,15.518,13.326,7.635,16.856,14.739,9.326,14.364,6.759,16.058,11.909,12.277,,16.607,6.204,7.978,7.197,13.329,8.014,14.772,11.571,7.033,6.343,5.848,,13.59,7.994,14.655,7.366,14.004,15.436,13.584,14.137,14.912,6.456,8.338,6.753,10.274,13.723,11.505,12.255,6.228,14.513,8.723,9.522,12.969,16.251,10.86,6.128,11.257,7.843,15.528,12.798,8.247,,8.16,15.824,10.24,13.391,,10.469,9.703,15.908,9.027,11.308,13.944,12.158,16.189,,12.542,11.191,11.361,8.256,8.182,7.6,9.416,9.466,13.425,13.421,9.419,9.206,10.224,10.021,10.264,6.079,10.106,11.031,9.187,11.201,11.728,13.448,12.237,12.22,9.532,13.698,11.466,10.477,12.875,,10.459,13.826,14.662,14.477,12.697,10.637,14.246,8.053,15.343,10.926,6.684,7.607,15.224,6.523,8.951,8.614,7.436,7.509,13.596,6.101,14.173,13.529,9.869,7.297,12.57,,9.136,15.584,16.457,14.036,,12.851,12.203,8.739,12.942,,8.322,11.636,7.127,7.792,13.608,16.321,10.461,13.773,15.807,6.244,10.176,9.626,7.97,15.326,12.356,10.294,,9.909,13.749,5.3,8.671,9.357,9.722,12.696,10.734,,8.031,13.706,13.817,13.531,12.589,12.549,7.014,7.962,11.46,8.98,14.862,11.819,12.937,13.863,10.708,13.846,11.46,14.769,9.503,12.73,11.464,6.737,11.195,14.921,12.412,6.808,9.071,7.485,5.628,16.974,9.142,7.301,,5.014,8.216,13.652,12.176,14.201,13.761,12.557,15.562,14.772,14.993,16.641,11.466,14.529,5.393,12.528,9.8,10.732,11.63,15.003,16.642,8.412,14.421,12.749,7.841,6.613,5.985,13.908,10.762,15.326,9.972,16.781,7.785,12.717,6.612,11.987,14.515,15.955,13.49,,10.272,7.575,7.269,12.82,12.789,14.744,,13.193,13.314,6.054,8.993,12.431,15.377,5.275,10.984,12.617,5.632,10.596,13.206,12.513,8.475,15.08,10.545,15.489,8.635,13.433,9.509,8.348,15.509,6.763,7.072,7.717,,14.313,17.764,8.352,8.672,7.674,10.759,15.618,11.932,,9.713,14.778,10.063,7.267,10.582,7.081,,6.034,9.172,11.657,8.978,10.19,15.263,14.545,10.954,10.039,15.786,6.097,8.315,14.356,,13.416,11.999,11.553,10.17,55,0,0
SITE1_PT035,13.086,15.384,9.446,12.47,14.14,15.012,11.129,9.597,9.489,9.928,11.829,12.588,11.582,8.201,8.851,14.183,12.935,6.746,8.987,12.653,7.907,13.184,8.856,5.641,15.17,7.186,8.748,8.42,8.867,8.12,5.672,9.297,,12.725,12.764,10.566,9.463,10.947,15.746,13.307,6.063,8.738,5.886,10.854,,10.792,6.693,10.368,10.305,,13.289,7.765,15.031,6.205,14.499,17.239,13.909,15.269,15.247,11.581,14.411,6.322,11.93,9.977,16.832,,8.94,10.922,8.175,6.52,10.06,8.875,6.205,9.415,9.855,9.082,11.057,12.314,,15.849,16.008,13.766,7.224,11.216,17.591,12.051,15.403,10.25,13.397,10.384,14.073,8.174,11.304,13.652,8.706,12.506,6.511,14.066,6.438,16.158,6.926,14.852,13.15,12.372,16.19,15.294,18.638,9.317,11.988,7.654,12.188,8.747,,10.398,9.172,12.019,16.662,9.712,10.154,12.621,15.836,10.156,7.651,,12.082,,14.682,12.438,10.235,14.235,14.928,9.452,8.143,8.034,10.597,6.553,14.66,8.425,7.499,14.272,14.664,16.55,,,11.14,17.613,12.958,16.063,,15.016,13.015,9.508,11.041,11.186,5.514,10.732,13.211,8.232,10.838,10.603,7.672,13.277,12.599,8.046,16.457,14.288,6.887,13.866,7.375,16.088,10.896,12.026,7.843,16.494,7.036,7.69,8.062,14.395,6.744,15.963,10.177,2.327,,5.962,12.554,14.968,7.597,15.69,8.354,15.927,17.041,13.077,13.584,12.668,6.123,9.738,5.607,9.497,13.815,14.294,14.71,6.754,12.676,6.363,7.91,,12.485,11.405,6.553,13.691,,10.831,12.717,7.284,8.776,6.106,13.523,11.747,14.362,12.532,12.272,,15.75,,12.086,14.7,13.198,16.919,,10.156,11.085,9.723,,7.891,,10.768,9.573,11.926,11.363,8.669,11.093,8.733,11.94,7.979,8.25,10.15,11.993,,13.824,11.867,,12.824,13.387,8.401,12.504,,8.537,13.378,,10.361,12.922,17.273,14.486,11.019,9.95,,9.238,14.207,13.149,7.505,5.963,16.199,5.797,,8.358,8.662,8.358,11.738,5.413,15.211,13.941,9.603,3.784,13.189,8.886,,14.667,18.193,12.498,9.407,12.46,11.313,8.988,11.548,6.145,8.494,10.421,6.343,,14.288,14.841,11.704,14.562,17.463,7.558,7.283,9.263,8.091,11.48,11.777,8.422,,5.181,14.769,5.814,8.683,8.774,,12.917,11.81,8.58,8.289,14.665,9.02,13.074,11.666,15.553,,6.865,14.181,9.242,15.026,,14.944,14.504,10.008,14.983,9.448,14.11,8.969,11.249,10.203,8.559,10.105,15.829,11.324,6.674,8.828,6.801,6.13,17.792,12.137,8.377,11.125,6.24,,14.891,13.548,14.836,11.624,11.412,13.532,15.776,11.93,16.67,12.161,15.778,7.572,14.021,,11.987,13.374,16.132,15.713,7.894,12.398,15.098,9.539,8.068,5.866,14.504,11.773,15.165,11.534,18.178,,13.958,6.609,11.638,,,13.316,6.438,,6.929,6.781,11.826,11.823,14.901,14.411,12.526,16.341,5.035,7.137,12.312,14.745,4.871,9.577,13.017,6.953,8.495,14.352,13.329,9.073,14.315,10.971,14.803,9.599,10.994,7.695,12.214,14.555,8.249,6.259,5.916,13.132,15.337,15.697,9.545,10.522,8.945,10.595,18.04,11.3,13.655,10.267,14.315,,4.168,7.439,6.54,6.345,7.618,7.544,12.96,10.84,12.172,16.295,15.143,11.942,7.341,16.404,6.907,,16.383,11.481,14.125,10.647,12.396,9.257,78,0,1
SITE1_PT036,15.424,11.369,7.433,10.638,12.976,13.737,12.573,11.917,11.334,,12.897,14.747,8.526,10.056,8.221,13.179,12.635,8.614,4.768,11.008,7.501,14.636,11.036,6.497,15.812,7.237,8.235,7.219,5.624,,,7.529,5.486,,12.712,8.922,9.758,11.307,15.249,14.93,6.325,7.705,8.443,8.442,10.411,10.948,7.239,11.683,11.429,8.181,15.672,5.919,16.9,7.895,14.633,12.81,15.921,16.22,13.376,12.717,12.744,6.784,10.036,12.393,12.707,11.686,,12.098,8.373,8.384,12.239,8.654,9.006,10.66,8.13,,8.553,13.872,,15.437,15.023,8.3,9.491,12.98,13.457,13.439,14.272,11.273,13.128,8.696,12.642,6.528,14.854,15.641,6.318,13.461,5.961,12.697,7.61,15.669,4.947,13.084,14.562,13.07,12.397,15.253,17.136,8.528,12.132,6.362,,,10.757,10.872,10.102,11.263,13.333,16.828,11.956,11.41,14.887,6.56,5.218,7.143,13.25,10.447,13.192,15.298,8.875,17.363,11.698,11.633,8.993,9.375,7.689,6.939,15.075,9.043,11.655,14.654,12.462,13.603,13.1,9.007,9.229,17.107,10.685,14.989,,14.235,11.972,5.798,14.097,,,9.519,15.454,8.556,11.383,9.989,9.199,15.078,14.211,8.942,17.243,15.116,10.33,12.023,6.056,17.262,12.635,12.701,8.282,13.293,,7.411,,13.653,9.885,15.075,13.211,5.408,,7.308,11.984,13.038,9.288,14.188,7.121,11.329,15.464,13.692,14.932,14.908,7.884,8.187,7.205,11.356,11.575,12.749,15.446,8.77,14.681,,7.614,11.627,15.588,13.315,,12.316,7.12,15.265,11.266,8.844,4.752,9.548,17.013,9.142,15.151,14.697,11.317,5.938,14.528,7.215,10.887,13.301,12.535,14.929,7.427,11.475,7.565,13.144,5.797,6.416,9.375,,13.794,14.87,12.993,12.065,8.815,,14.85,10.576,4.722,11.806,8.066,,12.563,11.536,12.109,12.93,13.062,10.87,14.626,13.084,,12.234,8.508,11.766,14.345,13.278,15.07,9.54,10.175,15.527,8.398,14.016,12.141,6.483,7.78,11.966,6.474,8.226,10.438,6.272,10.491,12.874,7.4,15.325,13.964,9.424,9.454,12.088,7.618,11.641,15.852,15.182,15.101,11.072,13.259,15.415,8.666,12.726,6.924,8.976,10.837,7.656,,15.245,14.357,12.442,14.45,15.916,6.553,11.931,,6.673,16.224,11.897,12.317,7.423,8.049,14.819,6.746,7.494,8.403,10.929,8.813,11.166,6.548,9.737,,,12.627,12.246,13.349,6.706,11.22,9.149,9.817,14.124,10.996,15.246,16.93,11.533,17.604,13.006,15.189,8.672,10.513,13.451,5.385,8.439,12.397,10.049,10.958,9.984,9.626,4.965,13.896,11.194,8.488,11.511,4.795,8.3,12.406,11.798,14.69,14.683,,11.775,14.316,15.351,16.803,15.873,14.052,7.426,,9.81,12.335,10.145,14.946,15.839,8.813,12.878,11.706,7.858,6.867,8.586,13.467,10.818,14.821,9.198,13.902,10.452,12.509,,12.867,14.859,16.06,13.632,5.07,10.621,5.692,4.284,16.102,13.583,11.367,13.344,,13.781,,7.582,9.928,,6.683,10.585,13.682,7.285,10.415,13.987,12.547,,17.16,8.821,13.401,9.725,12.672,10.852,7.073,14.834,7.799,6.345,11.571,15.945,13.009,16.56,10.339,10.069,6.464,10.973,16.541,13.293,10.614,,14.995,10.399,7.16,8.538,5.726,7.372,3.942,11.276,10.652,9.236,7.719,16.119,12.996,10.019,7.212,14.625,9.656,7.849,13.481,13.182,13.207,,12.178,8.475,22,1,0
SITE1_PT037,14.382,15.804,,13.871,13.122,14.619,11.345,7.461,9.156,10.027,11.638,13.239,11.171,8.821,7.984,13.186,14.874,,5.717,12.32,8.019,13.896,6.941,6.506,15.738,6.33,9.633,8.747,,6.836,4.393,7.206,,11.487,11.634,,,10.775,14.217,15.834,6.557,,7.131,9.342,11.325,9.426,6.242,8.411,10.102,6.305,13.951,7.821,14.103,7.13,14.217,16.516,14.178,16.046,15.609,12.409,14.336,6.285,10.892,9.689,14.718,10.681,9.181,,7.973,7.689,10.754,8.84,5.412,9.543,8.305,9.506,10.694,11.915,6.489,16.038,14.073,13.07,7.381,11.034,15.948,12.084,15.278,10.333,12.439,8.587,14.135,6.239,11.299,13.882,9.997,14.377,,11.61,7.795,15.522,6.909,14.772,14.397,12.916,13.289,14.108,19.095,7.779,11.953,6.683,11.366,8.714,11.914,11.62,11.144,13.096,14.318,10.906,11.924,13.214,15.908,8.712,8.575,6.795,13.635,9.57,14.347,,9.638,15.104,16.337,9.702,7.595,8.05,9.283,6.34,16.626,,8.231,14.294,12.564,16.655,14.626,9.309,,18.967,12.228,15.821,6.828,15.315,11.753,8.446,10.96,13.134,6.46,11.092,10.597,,11.307,11.073,8.764,14.692,13.644,6.426,17.268,13.214,5.931,14.472,8.33,16.381,11.132,12.837,9.102,16.585,,9.261,6.944,11.648,7.497,16.405,12.538,3.945,7.573,6.948,12.598,15.314,6.883,14.176,8.963,15.014,14.329,15.573,13.618,14.732,6.397,9.163,7.156,10.951,14.358,11.527,15.55,8.063,12.573,,7.231,14.466,12.885,10.597,5.699,13.221,3.684,13.578,13.01,7.09,7.827,6.485,13.648,10.035,11.583,13.154,11.667,9.365,16.657,,11.898,14.414,12.024,16.931,7.607,9.881,11.519,10.586,8.638,8.339,9.935,10.449,8.576,11.689,11.529,10.637,11.741,9.696,11.03,7.589,6.973,,12.914,9.54,12.669,11.825,12.922,14.537,13.383,8.661,12.402,10.847,12.048,13.64,10.373,11.125,14.832,17.397,15.807,11.339,9.262,12.51,8.117,14.433,11.378,7.341,5.488,14.501,6.92,6.388,8.958,7.688,9.696,13.238,5.503,14.584,12.916,9.663,4.503,10.736,7.32,8.347,14.504,17.565,12.568,9.499,14.0,13.576,10.501,11.713,5.749,7.945,11.789,,,14.66,15.186,10.693,14.862,16.657,6.606,7.992,,,12.067,11.175,11.965,7.132,7.117,14.173,5.835,9.197,9.627,8.9,11.736,10.122,7.865,8.564,14.607,8.368,12.235,13.097,15.178,5.239,10.033,13.094,8.611,14.562,,13.302,12.882,10.138,15.363,11.251,15.041,8.085,10.228,8.452,7.81,11.192,17.146,11.894,,8.834,7.247,6.047,16.025,11.46,9.519,11.512,7.348,7.92,12.886,11.702,16.399,10.689,11.982,14.326,16.498,12.683,16.11,13.179,17.661,7.764,15.03,9.313,11.345,13.677,16.065,16.595,9.328,12.788,14.787,10.407,7.444,,12.234,,17.077,11.053,17.264,12.096,14.154,7.994,,14.329,12.67,13.396,7.298,10.952,4.977,8.54,13.068,10.015,13.508,13.673,11.972,15.141,6.676,7.262,11.794,15.36,3.611,9.602,12.859,6.842,9.775,13.515,14.628,9.035,10.546,8.84,15.088,9.049,11.534,10.197,11.138,14.883,7.711,7.24,8.109,14.489,14.526,16.429,7.235,11.031,8.572,10.549,17.434,10.659,12.676,10.396,15.942,10.931,5.272,9.929,,7.235,,11.349,12.926,10.415,10.86,17.07,12.865,12.657,7.421,15.127,7.861,9.605,16.674,12.006,13.359,10.854,12.719,11.316,76,0,1
SITE1_PT038,14.152,16.0,8.511,,13.22,15.244,11.876,10.581,8.847,12.513,11.804,13.633,11.248,7.534,6.642,13.17,12.997,8.88,6.722,12.4,8.406,16.375,8.523,7.307,15.911,8.122,,8.558,9.108,5.327,6.7,7.571,,13.391,13.477,10.792,10.007,11.224,14.437,14.245,6.67,8.897,7.129,8.62,11.341,8.532,6.881,9.341,11.468,7.327,12.661,,14.469,,13.765,15.627,18.311,15.695,13.557,12.49,12.869,7.841,10.982,10.35,14.872,10.259,9.567,11.381,8.08,8.72,9.134,11.872,5.463,9.789,9.389,8.437,10.17,11.474,8.071,14.486,14.492,11.209,8.125,10.566,14.97,12.528,14.263,,12.588,9.995,13.671,6.78,11.153,15.943,8.184,11.874,7.033,11.792,6.426,14.798,8.392,16.437,13.179,13.067,11.918,13.468,16.319,9.625,13.393,6.45,12.669,9.203,10.006,11.527,,12.405,12.931,12.778,8.673,11.574,14.899,8.202,6.078,7.286,,10.802,15.276,11.666,9.966,16.831,14.032,9.192,9.929,9.134,9.468,,15.733,9.708,9.977,12.01,12.125,16.998,14.911,12.048,9.953,17.172,13.108,15.335,7.139,15.3,13.352,9.63,10.774,13.696,6.095,10.366,11.11,,11.26,11.261,8.993,16.463,12.893,5.565,17.806,14.851,7.052,15.847,6.907,15.597,12.482,13.34,7.69,14.94,7.367,7.634,6.704,12.949,9.104,16.403,10.548,3.32,,7.736,13.201,13.644,6.416,,5.932,14.036,15.313,12.972,12.842,14.749,6.524,10.679,7.34,10.469,13.96,15.465,13.779,6.615,14.767,6.565,8.587,15.53,15.119,12.372,4.275,11.27,6.337,15.409,12.287,6.393,8.621,6.798,15.892,11.163,13.125,9.595,11.064,7.401,14.559,8.316,12.326,13.915,11.345,17.705,,11.821,9.952,12.376,5.876,5.799,7.602,11.672,7.717,9.489,11.808,10.847,8.523,8.639,9.774,8.652,7.844,,11.171,8.086,12.057,12.786,14.466,13.427,14.721,7.943,12.191,11.017,10.893,10.928,10.331,9.335,13.149,15.059,14.849,9.987,11.898,13.126,10.3,14.426,9.462,7.949,7.409,15.931,6.979,8.367,10.578,8.659,,14.913,,14.276,13.154,10.034,5.941,13.743,9.909,9.188,16.85,17.04,10.577,10.367,,11.513,9.205,12.444,5.248,8.125,11.112,6.93,,12.735,16.077,11.129,13.901,16.045,,9.343,8.563,6.692,12.969,11.681,8.806,8.019,8.708,13.63,10.182,8.534,9.131,11.873,12.685,10.376,,,13.305,10.434,11.824,,,4.601,10.115,12.403,10.964,16.137,11.333,14.706,14.29,10.17,15.473,11.48,14.995,8.026,10.761,10.992,7.084,9.533,13.906,12.553,6.44,10.733,7.297,5.67,16.854,10.51,,11.316,4.941,9.309,15.425,11.315,14.343,11.038,10.741,15.564,15.127,13.449,16.755,15.158,14.646,7.808,12.979,11.521,10.662,12.527,15.434,16.88,8.018,11.777,13.494,8.833,,3.992,13.159,11.53,14.004,11.199,17.637,9.581,13.696,6.265,13.23,12.708,14.174,13.745,5.713,10.165,6.212,6.674,12.826,,13.567,14.733,11.994,15.945,,7.596,,14.864,4.748,10.511,,,9.417,14.997,13.005,6.883,11.502,8.17,13.934,9.01,12.551,7.482,8.539,13.364,5.911,4.575,8.473,14.198,14.061,14.746,8.224,10.689,6.999,10.763,16.335,15.827,12.179,9.822,15.22,10.898,6.263,9.912,7.648,7.777,5.778,9.293,13.081,9.547,10.416,17.276,13.313,11.708,7.944,12.977,7.621,8.282,16.341,10.933,15.126,9.267,13.502,,74,1,0
SITE1_PT039,16.512,13.105,9.847,10.37,14.079,14.882,12.36,9.149,,9.361,12.423,15.449,10.803,,8.957,13.013,12.375,9.34,5.827,10.971,7.901,14.615,11.143,6.654,15.653,,8.833,6.711,7.069,6.163,6.259,8.61,7.06,10.947,12.226,9.193,11.353,12.726,14.166,13.665,4.663,5.573,7.774,9.107,10.905,10.972,6.62,8.802,11.104,6.695,14.378,,16.65,8.733,14.969,15.16,17.457,14.26,11.046,12.631,,,12.509,,14.146,10.996,11.096,12.31,8.203,7.812,10.623,8.849,9.16,10.464,10.013,,8.973,15.022,8.165,15.518,14.96,9.862,10.341,9.93,14.936,11.624,15.28,12.548,13.115,8.231,11.786,7.287,13.776,13.281,6.856,11.561,5.786,13.063,8.409,14.566,6.893,13.475,15.122,11.47,13.665,13.387,17.367,9.308,12.72,6.534,13.59,6.567,11.46,10.92,12.529,10.659,13.658,14.985,10.596,13.123,16.87,5.936,,6.573,14.536,11.255,14.551,15.216,9.469,16.508,13.961,,11.05,9.002,8.578,8.807,15.633,9.15,10.846,12.671,11.441,15.561,14.073,10.733,,18.743,12.698,,8.884,13.773,12.477,,14.24,12.703,,11.471,14.33,10.575,10.813,11.133,9.455,15.368,12.535,5.594,17.376,16.279,9.053,13.671,6.539,15.416,11.999,12.638,7.359,15.515,3.813,7.05,8.886,14.37,11.203,15.458,13.174,6.179,,7.036,11.091,14.33,9.882,13.302,7.921,14.06,17.094,12.766,14.298,14.335,6.682,7.76,8.007,11.307,13.862,10.541,14.146,9.163,,10.377,,11.218,15.437,14.267,8.421,9.733,6.528,16.374,12.642,7.088,5.186,9.088,14.811,10.766,13.755,12.902,11.685,8.235,14.295,,11.06,12.563,,16.034,,12.512,10.404,12.53,5.918,7.839,8.622,10.391,11.651,12.854,12.912,12.203,8.898,6.311,12.561,7.357,5.082,10.41,8.876,,13.455,11.97,13.3,12.617,12.019,8.121,14.094,12.526,11.513,11.59,7.327,11.659,14.193,14.464,15.091,12.722,9.853,14.54,8.913,15.246,11.504,5.254,8.775,12.645,6.888,8.05,12.264,7.503,,,7.572,14.118,15.606,11.968,7.074,,5.735,10.97,15.002,14.076,14.975,9.707,12.962,13.663,7.799,12.909,5.968,7.334,10.074,7.036,9.145,12.464,16.29,11.725,14.166,14.406,,11.578,10.297,7.251,14.655,10.165,11.087,6.309,,15.057,,8.346,10.15,9.452,9.885,10.473,7.498,9.64,14.585,13.283,11.788,12.124,13.269,5.067,9.324,,8.506,13.501,10.39,,16.109,11.869,15.057,,14.733,8.825,9.385,14.104,,9.317,15.17,9.974,7.905,9.028,8.812,4.589,15.69,9.671,8.241,10.955,4.955,9.631,12.858,11.539,14.673,11.767,12.246,13.572,13.932,12.912,13.605,15.42,14.777,7.894,12.992,9.309,10.746,10.801,15.061,16.933,,13.961,13.424,8.091,6.794,,15.853,9.989,13.333,9.739,14.972,10.398,13.611,5.757,13.028,12.532,16.045,14.306,5.448,11.007,5.995,5.914,14.495,13.972,13.707,14.862,12.419,14.543,6.052,7.858,11.309,15.736,8.048,11.981,12.683,5.335,11.438,15.774,11.803,7.088,18.119,6.904,11.962,9.622,13.246,9.685,8.46,16.264,6.438,6.843,10.062,16.206,13.962,15.426,9.484,8.951,6.374,10.927,14.628,14.542,10.316,10.588,15.296,10.28,6.932,10.184,5.611,6.531,4.575,10.961,11.565,10.166,8.684,14.943,14.218,12.059,7.342,14.429,9.186,6.462,15.438,12.049,13.775,11.661,12.82,8.017,36,1,0
SITE1_PT040,14.452,14.955,7.651,12.315,13.624,14.653,13.565,9.748,8.054,9.491,13.753,15.419,,7.729,6.727,12.347,12.275,7.111,7.905,10.438,,15.29,9.71,6.659,15.726,6.922,10.797,9.273,6.939,,6.427,7.107,8.267,13.417,11.222,8.918,9.185,11.764,14.568,13.041,6.449,9.646,9.117,9.756,10.704,10.354,6.328,10.0,12.716,6.647,13.221,6.837,15.339,6.321,13.225,15.58,16.246,13.661,12.925,10.734,13.264,7.42,9.847,10.111,13.866,10.044,9.855,10.709,9.527,8.097,10.673,11.459,7.499,10.0,,8.512,,12.945,8.379,15.931,15.143,10.674,8.455,11.764,14.587,12.34,14.477,10.686,13.132,8.75,12.316,6.442,13.724,15.733,6.841,,6.753,12.482,,15.898,5.83,15.74,12.219,12.014,12.359,13.256,16.663,8.33,11.149,6.792,11.01,5.893,10.247,10.794,10.921,11.834,13.827,12.204,11.575,11.707,15.625,7.082,6.47,6.973,11.114,11.475,14.404,13.995,9.926,16.085,13.802,9.326,,8.3,8.42,6.943,15.62,,9.658,14.292,10.42,16.73,14.395,,9.2,16.866,,16.567,6.56,15.314,12.784,,11.574,13.831,6.438,8.804,13.242,8.313,11.025,11.762,9.472,15.335,11.789,,18.623,14.575,8.563,14.356,5.471,15.406,12.793,11.816,7.05,15.37,5.832,7.019,7.222,12.978,9.175,14.367,12.93,4.867,8.376,6.863,12.556,14.218,7.664,,7.817,14.325,15.098,12.735,14.303,14.08,6.511,6.348,,12.04,15.371,13.901,14.96,8.754,,7.478,,13.506,16.201,11.574,5.989,10.7,6.215,15.165,13.079,7.106,7.252,8.248,14.616,10.781,14.761,11.434,11.484,6.617,13.891,8.688,12.854,13.428,11.738,15.641,7.313,12.201,11.27,10.003,6.694,6.223,9.353,8.929,11.427,12.564,12.348,10.689,9.611,7.551,12.658,,7.251,10.09,11.145,,12.987,11.07,13.086,12.634,13.123,,13.011,11.367,10.326,13.061,,11.508,13.285,15.347,16.039,11.383,10.028,11.068,8.446,14.823,10.559,7.861,6.095,12.979,6.898,8.934,9.902,6.015,10.014,12.811,7.736,15.702,13.394,11.54,5.97,12.777,8.305,,15.77,16.728,,9.333,14.342,12.223,9.658,11.167,7.034,6.041,10.208,7.153,,15.517,15.212,11.13,14.252,15.729,7.008,,9.122,5.761,14.755,10.65,11.286,8.001,8.014,15.533,8.481,,10.452,11.435,13.665,9.402,5.72,7.206,14.851,12.967,13.009,11.832,15.292,5.635,8.978,11.637,10.627,14.772,11.534,13.989,11.582,11.128,13.8,11.056,12.458,9.629,9.796,11.979,6.416,9.334,15.657,13.256,7.767,10.156,6.971,,14.854,10.018,9.413,9.943,4.485,9.14,14.192,11.178,15.538,11.433,11.938,17.275,15.619,12.863,14.299,16.43,13.534,7.549,12.866,11.003,11.521,11.854,14.38,15.119,8.644,13.312,12.254,8.89,7.089,5.819,12.855,9.806,15.262,12.112,16.195,8.961,13.086,,12.161,14.207,14.517,14.153,,,6.453,7.598,13.239,,14.148,14.517,12.092,15.02,6.588,8.164,12.177,14.127,6.177,10.953,14.823,5.881,10.607,15.751,13.639,7.451,13.688,7.374,13.28,7.628,12.119,8.845,8.169,14.445,8.042,4.854,9.008,15.048,13.645,15.52,8.077,10.11,6.005,11.581,15.123,,11.931,8.892,15.029,10.458,6.295,9.652,7.961,8.74,6.835,10.834,,10.525,11.328,15.788,12.923,,7.351,12.276,8.886,,14.199,10.131,13.849,12.003,,8.453,60,1,0
