sample_id,A0A024R1R8,A0A087X1C5,A0A0A0MRZ9,A0A0A0MT76,A0A1W2PR19,A0A494C0N9,A0A494C0Y3,A0A590UK83,A0A6I8PU40,A0M8Q6,A1L190,A4QPB2,A4QPH2,A6NGB0,A6NHG4,A6NJZ7,A6NM43,A6NNM3,A6PVC2,A8K8P3,A8MPS7,A8MYP8,B1AH88,B5MCN3,B5MD39,B8ZZ34,B9A064,F5H4B4,H7C350,L0R8F8,O00178,O00192,O00501,O00541,O00587,O14791,O14994,O15031,O15371,O15442,O15499,O15547,O43246,O43247,O43251,O43272,O43435,O43731,O43759,O43808,O43819,O60688,O60704,O60733,O60755,O60784,O75132,O75140,O75170,O75419,O75600,O75631,O75648,O75677,O75678,O75679,O75791,O76054,O95236,O95248,O95461,O95502,O95503,O95567,O95696,O95721,O95755,O95907,O95922,O95931,O95985,O96015,O96017,P00387,P01127,P01701,P02144,P05162,P05546,P07305,P09382,P09601,P0C7N4,P0C7P2,P0CF74,P0CG04,P0CG29,P0CG30,P0DOX8,P0DOY2,P0DOY3,P0DSO1,P10323,P10635,P11274,P12018,P12036,P12956,P13224,P13725,P13866,P14174,P14784,P15018,P15153,P15289,P15814,P17050,P17861,P18848,P19086,P19440,P19971,P20062,P20472,P21964,P23142,P24347,P25325,P26998,P28482,P29274,P30046,P30536,P30566,P31941,P32745,P32927,P33992,P35240,P35579,P35625,P35626,P36269,P36543,P39023,P42356,P43320,P43487,P46060,P46109,P48050,P48739,P49593,P49674,P50502,P53007,P53671,P53673,P53674,P53675,P53778,P53814,P54198,P55769,P55957,P56556,P56693,P56706,P59817,P61218,P61580,P61581,P62318,P62877,P68036,P78395,P85298,P85299,P86434,P98153,Q00587,Q01844,Q04917,Q07869,Q09327,Q09472,Q10567,Q10571,Q10587,Q12772,Q12824,Q13323,Q13356,Q13387,Q13615,Q13769,Q14106,Q14129,Q14166,Q14390,Q14565,Q15040,Q15049,Q15080,Q15459,Q15735,Q15750,Q15759,Q16587,Q16762,Q2M1V0,Q2NKQ1,Q2VPJ9,Q2WGN9,Q3SXP7,Q3SYA9,Q53GT1,Q569K6,Q5BKY6,Q5GH77,Q5R3F8,Q5R3I4,Q5THK1,Q5THR3,Q5TIA1,Q69YQ0,Q6IBW4,Q6IC83,Q6IC98,Q6ICB0,Q6ICB4,Q6ICC9,Q6ICG6,Q6ICG8,Q6ICH7,Q6ICI0,Q6ICL3,Q6ICL7,Q6NTF7,Q6NUI6,Q6NVV7,Q6NXT1,Q6P575,Q6P5X5,Q6PGQ1,Q6S545,Q6UXH1,Q6UXV3,Q6UXY1,Q6ZQY2,Q6ZR54,Q6ZT62,Q6ZVW7,Q7L3V2,Q7RTP6,Q7RTV0,Q7Z3Z3,Q7Z412,Q7Z4H4,Q7Z4Y8,Q7Z5A7,Q7Z6W7,Q7Z6Z6,Q86V35,Q86V86,Q86WX3,Q86YH2,Q8IU80,Q8IUG5,Q8IUX4,Q8IVS2,Q8IWD4,Q8IWF2,Q8IWL3,Q8IWY4,Q8IYW4,Q8IYX3,Q8IZ69,Q8IZJ4,Q8N1L1,Q8N3F8,Q8N5Z5,Q8N653,Q8N7B1,Q8N8J0,Q8NDV3,Q8NEG4,Q8NEG7,Q8NEJ0,Q8NET5,Q8NFI4,Q8NFQ6,Q8NG94,Q8TCT0,Q8WTX7,Q8WUA7,Q8WWX9,Q8WYQ3,Q8WYQ4,Q8WYQ5,Q92523,Q92737,Q92841,Q92871,Q92890,Q969R2,Q969R5,Q969S8,Q969V6,Q96A84,Q96AK3,Q96AY4,Q96D21,Q96DF8,Q96EK2,Q96F46,Q96FE7,Q96G42,Q96GD0,Q96GF1,Q96GP6,Q96HU1,Q96JB3,Q96M85,Q96MU8,Q96NN9,Q96NT3,Q96PF2,Q96Q80,Q96RD6,Q96RJ3,Q96RN5,Q96RT7,Q96SF2,Q99501,Q99705,Q99719,Q99757,Q99798,Q99999,Q9BPW4,Q9BPW8,Q9BQE5,Q9BR01,Q9BT49,Q9BU23,Q9BV10,Q9BVL4,Q9BW83,Q9BWT7,Q9BWW8,Q9BWW9,Q9BXF3,Q9BXI6,Q9BXI9,Q9BXK5,Q9BXQ6,Q9BXT6,Q9BXW7,Q9BY27,Q9BY77,Q9BY89,Q9BYB0,Q9BYB4,Q9BYH1,Q9BYW1,Q9BZE7,Q9BZR6,Q9H0A3,Q9H1I8,Q9H1K4,Q9H2D6,Q9H4I3,Q9H4I8,Q9H4I9,Q9H4K1,Q9H6A9,Q9H6E4,Q9HBE1,Q9HBI0,Q9HBI1,Q9HC16,Q9HCN8,Q9NNW7,Q9NP61,Q9NPC4,Q9NQ50,Q9NQF3,Q9NQG6,Q9NQG7,Q9NQH7,Q9NRA8,Q9NRD5,Q9NRW3,Q9NS69,Q9NSP4,Q9NSQ0,Q9NST1,Q9NTG1,Q9NV39,Q9NWS6,Q9NY65,Q9NY91,Q9NYQ6,Q9NYZ3,Q9NZ20,Q9NZK5,Q9P0X4,Q9UBB4,Q9UBB9,Q9UBR1,Q9UC06,Q9UDW1,Q9UDW3,Q9UDX3,Q9UDX4,Q9UDX5,Q9UFD9,Q9UG56,Q9UGB7,Q9UGR2,Q9UGT4,Q9UGU0,Q9UGU5,Q9UGY1,Q9UH03,Q9UH17,Q9UH36,Q9UH99,Q9UHP6,Q9UIA0,Q9UJY5,Q9UKI3,Q9UKX7,Q9ULC8,Q9ULT6,Q9ULX9,Q9UMW8,Q9UNF0,Q9UNT1,Q9UPQ9,Q9Y259,Q9Y262,Q9Y295,Q9Y3A4,Q9Y3I0,Q9Y3I1,Q9Y3L3,Q9Y3M2,Q9Y3P4,Q9Y442,Q9Y512,Q9Y519,Q9Y534,Q9Y535,Q9Y698,Q9Y6J0,Q9Y6U7,Q9Y6X9,age,sex,phenotype
SITE3_PT001,13.468,14.941,8.413,12.96,,13.016,12.386,8.48,10.049,11.223,10.53,15.731,11.558,9.731,7.091,12.885,14.558,,6.386,11.968,6.426,14.456,6.67,7.352,16.596,5.47,8.518,9.942,8.726,5.784,,8.683,7.45,11.803,12.265,10.358,7.753,12.841,14.252,13.964,,8.146,,8.698,12.331,9.56,5.211,9.802,,,11.62,6.778,13.058,7.087,14.401,17.581,16.761,13.179,14.922,12.928,14.461,6.961,11.298,10.656,15.724,9.529,8.801,10.713,8.093,7.506,11.275,12.076,8.172,9.06,9.916,9.631,9.396,11.269,7.715,14.71,14.515,13.066,6.994,11.656,15.25,13.727,14.589,11.51,13.209,9.415,13.468,7.516,10.422,14.668,9.231,11.979,,14.106,4.898,15.292,7.702,15.747,14.098,13.333,15.286,12.085,17.038,9.94,13.006,7.777,13.115,8.229,11.145,13.389,11.401,10.588,14.494,11.799,12.247,13.06,15.633,5.786,7.991,7.158,10.841,9.101,13.468,11.981,9.661,15.289,15.028,7.586,10.817,9.516,7.454,6.212,15.575,10.491,8.766,12.316,11.258,17.312,14.393,11.699,9.121,17.517,12.687,15.923,7.838,14.745,12.236,7.838,10.69,13.986,7.718,9.326,10.963,9.432,10.729,,8.927,15.545,11.686,7.856,14.754,13.519,8.189,15.054,7.629,16.178,13.565,11.594,7.071,13.802,8.317,9.294,6.985,13.721,6.961,14.802,12.645,,9.029,8.179,11.81,14.309,7.932,14.085,6.97,15.475,15.479,12.356,11.137,13.247,4.121,7.621,5.917,11.716,14.575,13.03,16.361,8.619,12.336,6.859,9.52,14.446,15.423,14.425,6.834,12.769,6.569,14.815,12.877,7.975,,5.989,16.148,9.325,12.849,12.314,11.482,6.252,16.503,8.649,14.583,13.788,13.315,16.984,,12.24,9.156,9.397,7.332,8.774,8.249,7.796,7.357,12.41,13.027,8.892,9.713,8.644,12.128,9.401,6.698,9.438,11.533,8.525,10.913,11.656,13.993,12.74,14.155,9.302,13.595,10.58,12.274,12.379,10.181,11.241,,16.293,14.237,9.583,10.663,13.516,8.878,13.434,9.707,8.551,7.583,15.785,7.598,,,10.234,7.779,12.785,5.572,12.603,13.802,9.291,6.478,11.35,8.918,10.11,16.839,19.796,13.457,8.518,,11.76,,9.971,6.824,8.986,10.856,7.359,7.313,14.049,15.383,12.628,14.244,16.308,7.861,10.37,8.706,8.744,14.217,9.621,11.169,7.518,7.012,15.59,,8.662,8.248,11.71,12.522,11.124,,6.23,14.61,10.38,13.499,11.683,14.351,,8.761,12.506,10.836,14.453,9.333,14.32,13.096,10.669,14.519,11.323,14.302,9.33,11.419,11.219,7.224,,17.521,,5.683,8.27,,7.507,16.421,12.601,9.107,10.228,,8.075,14.61,13.777,17.007,11.178,,14.108,16.05,11.942,15.604,13.908,15.301,7.224,12.508,9.979,12.02,11.967,16.401,15.48,,12.82,13.318,8.202,6.429,4.436,14.446,10.183,15.822,11.722,16.914,10.86,12.097,6.727,10.643,13.337,13.767,14.065,8.765,9.904,7.642,8.593,11.508,14.934,14.446,15.724,12.618,14.064,4.405,9.053,11.204,13.684,5.673,10.042,13.937,6.761,9.394,13.886,12.579,9.339,11.136,8.632,14.717,8.395,11.64,8.693,11.086,15.469,6.68,5.75,,12.48,15.4,17.34,8.659,10.371,8.51,12.113,17.044,14.864,13.753,9.795,13.771,9.952,6.539,9.471,8.57,,7.474,11.186,14.067,10.645,10.618,16.122,13.821,12.724,9.723,14.514,9.074,9.669,16.829,10.578,14.218,11.598,13.46,11.141,81,0,0
SITE3_PT002,16.083,13.7,10.186,10.96,14.107,16.29,11.44,9.306,,9.771,12.876,15.217,12.059,7.813,8.621,12.914,12.496,,,11.362,8.066,12.906,9.237,6.207,15.885,,9.834,6.663,7.106,5.908,7.793,7.992,7.802,13.581,11.113,8.63,10.07,10.965,13.77,13.592,5.36,8.843,8.181,7.351,13.332,9.675,5.078,11.503,11.678,7.641,12.408,7.848,16.295,6.981,14.094,15.104,17.494,13.265,12.668,12.231,14.355,6.36,9.968,10.447,13.76,12.85,10.559,12.32,10.564,7.808,10.692,10.304,6.452,,9.772,7.0,9.191,14.266,,15.842,15.577,10.825,9.405,11.637,14.207,11.778,14.753,13.251,12.834,11.101,14.101,5.979,12.035,12.594,6.824,11.18,5.79,12.184,5.812,15.893,6.552,14.92,15.157,10.507,13.157,14.497,16.502,9.363,,6.788,11.878,7.063,11.412,10.722,10.559,11.9,14.728,13.869,,11.832,14.056,6.719,7.787,6.934,13.273,10.217,13.93,12.52,10.104,15.66,,7.154,10.595,7.139,7.095,8.481,15.245,9.477,10.432,13.267,9.876,15.398,13.279,11.2,8.13,16.418,11.643,14.807,7.212,14.551,13.575,8.015,11.269,12.524,3.781,11.21,13.676,10.161,11.122,10.645,8.61,16.145,11.75,6.821,15.961,15.007,9.143,13.778,7.372,16.302,12.557,12.867,7.655,14.932,6.109,9.693,9.278,13.208,10.17,14.519,11.831,,,,12.002,14.52,8.131,13.562,7.486,13.24,16.446,13.106,,14.037,,8.694,7.417,10.808,14.334,12.382,14.314,8.27,16.133,7.245,6.621,12.228,15.222,12.256,6.324,11.951,5.932,15.144,13.325,7.809,5.974,,16.777,9.478,14.054,11.071,12.229,6.972,15.729,9.577,11.484,13.187,11.489,14.662,8.513,12.346,,11.556,6.705,6.851,9.657,9.16,11.006,12.753,13.785,11.754,9.147,8.052,12.259,8.736,6.183,10.103,9.269,8.041,11.566,12.415,13.544,12.391,12.511,,14.437,11.339,9.864,12.84,9.604,12.587,15.322,13.891,15.769,11.277,,13.098,8.491,14.203,9.494,8.044,6.417,13.342,4.454,7.234,,8.29,8.9,14.632,,14.322,13.456,10.819,8.613,11.735,7.689,8.873,15.138,15.087,13.885,9.369,14.044,12.291,8.834,12.629,6.043,10.169,11.313,7.703,8.918,14.666,14.958,11.396,15.308,16.686,7.293,11.307,,8.028,13.555,10.25,10.288,8.286,8.663,16.172,7.302,,,10.39,9.847,11.573,6.861,11.165,12.632,12.228,10.731,12.887,12.904,6.559,11.135,10.369,11.564,13.837,,12.328,15.405,9.603,14.358,12.43,14.405,9.064,9.221,13.312,5.98,9.289,13.684,11.093,8.627,9.112,8.538,5.728,16.332,10.729,9.282,10.551,4.394,8.593,12.921,12.266,15.378,9.991,8.076,14.498,14.766,13.915,12.959,14.567,13.627,6.598,12.995,10.186,10.721,13.564,15.084,16.471,8.861,13.434,13.812,8.188,,5.778,13.921,11.236,15.307,11.742,15.418,10.022,12.13,5.068,12.396,13.373,15.193,13.381,5.744,10.932,6.728,5.892,13.963,12.069,13.422,14.713,13.533,15.009,,7.934,12.219,15.019,4.073,10.273,10.974,,,14.96,12.38,9.056,13.454,7.698,13.382,7.87,13.449,11.997,8.724,14.981,,7.205,7.863,14.076,13.637,16.147,8.978,11.057,,11.516,14.644,13.969,11.176,8.848,13.906,11.424,10.081,10.382,5.395,6.76,,9.337,11.139,9.714,9.024,14.693,14.318,10.886,7.782,13.519,8.508,9.734,14.093,12.038,16.047,10.383,13.506,8.282,47,1,0
SITE3_PT003,15.276,11.979,8.574,10.523,12.486,15.009,12.795,11.772,10.238,8.826,12.573,14.281,8.171,8.233,10.439,12.856,13.408,7.786,,10.724,7.815,14.367,10.462,7.883,15.016,6.885,8.972,6.894,7.132,5.602,,8.615,4.329,10.774,13.365,10.766,8.723,9.761,14.775,14.899,,8.25,8.042,9.198,10.798,8.624,8.112,,12.705,7.067,13.688,6.348,17.482,7.031,15.753,12.588,16.49,14.038,14.809,11.815,14.723,6.874,12.22,10.333,13.753,11.119,10.58,13.924,9.847,7.963,13.102,8.559,9.26,10.215,9.07,9.767,10.024,12.11,9.208,15.334,15.237,9.165,10.651,11.003,13.92,12.494,11.822,9.766,10.856,11.041,11.728,9.174,13.9,14.892,7.199,,6.809,13.63,7.15,14.661,7.193,14.812,12.988,10.962,14.893,,13.787,10.058,12.469,7.129,12.26,7.125,10.286,11.457,10.62,12.018,13.538,15.573,,11.947,14.569,7.382,7.337,4.94,12.049,,14.752,12.095,10.767,15.249,12.594,8.508,9.514,8.951,8.136,8.896,16.686,10.896,9.967,14.573,13.327,14.973,,9.148,,14.858,14.866,15.88,7.398,13.469,13.591,8.494,12.634,14.741,,10.784,15.978,8.843,10.426,9.378,9.111,15.29,15.255,5.846,16.053,14.908,8.632,14.402,6.037,16.595,12.664,12.434,,14.784,4.583,8.403,7.636,15.372,10.193,14.342,15.35,7.09,,5.512,12.066,13.125,9.092,14.331,5.597,12.461,14.791,,15.084,14.239,6.871,5.925,8.101,12.808,12.21,12.074,14.045,,14.839,8.901,8.45,10.949,14.748,12.838,,12.274,5.581,15.943,12.466,9.333,5.905,8.738,17.384,11.493,14.597,15.304,11.417,6.825,14.252,,10.112,11.823,11.009,15.312,,10.966,9.631,11.382,4.336,6.96,8.251,8.672,11.525,13.59,12.786,10.932,9.391,9.41,12.89,,4.971,12.011,9.349,6.651,11.064,12.232,11.652,10.848,11.049,9.717,13.249,14.095,10.328,12.607,9.264,9.427,13.846,12.094,13.583,11.148,11.181,15.528,7.638,13.819,11.277,7.952,5.665,12.48,7.56,10.94,9.076,6.854,,13.641,6.655,14.918,15.397,10.156,8.17,13.806,6.822,9.976,15.439,14.642,16.096,,13.451,15.23,10.106,12.892,6.2,7.017,12.218,8.182,,15.532,16.098,10.512,15.765,15.334,8.308,,11.028,7.202,14.328,10.329,12.474,9.313,7.446,,6.801,6.963,7.576,11.75,10.75,10.169,6.856,9.58,14.736,14.281,12.706,13.394,13.345,7.357,10.972,10.84,7.13,12.599,12.756,14.038,16.436,11.204,15.268,11.942,13.532,9.592,11.733,12.661,7.703,10.535,12.915,12.243,8.429,10.236,8.746,6.889,14.417,10.483,8.376,11.544,5.393,10.042,13.192,13.224,16.797,13.151,10.933,12.454,15.426,13.658,16.412,14.929,13.96,7.229,13.644,8.929,,12.454,15.279,15.332,9.649,13.154,13.358,10.835,6.833,8.017,12.862,10.235,16.192,,15.393,11.644,12.928,5.965,10.313,14.512,15.372,13.021,5.516,9.429,,,14.059,13.45,13.954,13.356,12.967,14.418,5.98,8.542,11.938,15.235,6.79,11.405,12.047,6.724,9.485,14.825,13.052,7.361,16.668,9.151,13.774,9.395,13.088,12.191,7.542,,8.473,8.15,11.715,13.732,13.169,14.371,11.048,8.914,7.461,13.533,15.147,12.235,10.576,7.982,16.476,11.276,8.486,8.692,6.9,7.709,,11.49,11.51,10.972,8.105,13.262,14.528,10.97,7.013,15.192,9.788,8.224,14.136,12.956,12.979,12.814,,8.876,28,0,0
SITE3_PT004,,,,9.516,12.987,15.878,10.851,,7.9,10.405,12.337,15.162,11.073,9.137,,11.199,12.592,7.95,5.226,11.555,7.579,13.682,,6.578,17.024,9.157,9.147,8.233,,,5.864,6.89,8.654,10.132,12.998,9.245,10.356,10.468,15.133,14.023,6.759,7.304,5.589,9.218,11.339,9.35,6.008,7.586,10.455,6.693,11.426,6.131,14.979,5.38,16.679,18.208,17.277,15.951,14.095,11.912,14.955,,9.864,12.042,13.287,9.925,9.59,8.6,10.027,8.734,8.813,10.565,,,7.489,,10.583,14.061,7.551,14.346,17.165,13.219,6.879,9.495,14.822,12.692,16.28,10.983,13.484,9.372,12.863,6.347,11.884,13.282,8.285,12.412,8.218,12.259,,14.147,7.26,14.857,14.212,12.784,,13.449,17.922,8.157,11.853,5.273,11.83,8.631,11.57,8.937,9.38,11.058,14.022,10.938,11.029,12.731,14.932,8.309,8.415,7.514,13.585,9.732,16.58,12.412,9.632,15.554,14.219,8.369,9.653,7.118,11.324,8.353,16.905,8.742,9.272,,13.158,17.498,15.456,,10.347,17.433,12.185,17.379,5.765,15.453,12.45,6.347,9.519,13.363,7.174,12.043,11.314,9.665,13.279,10.909,8.171,15.589,12.541,4.805,15.637,,,13.548,6.142,13.878,,13.542,7.951,16.771,6.678,7.653,7.348,13.541,8.836,15.591,10.332,4.123,7.825,6.033,12.43,14.804,7.66,14.435,9.098,15.384,14.862,11.875,12.938,13.064,5.512,10.476,7.172,10.383,14.893,12.83,14.221,10.205,13.119,6.455,8.586,15.406,13.588,12.821,5.047,11.543,5.421,13.31,12.873,8.208,7.426,7.243,13.146,10.686,11.326,11.022,13.23,9.884,14.216,8.907,12.768,,12.376,15.505,7.401,10.136,10.752,10.493,7.653,6.765,9.653,11.547,8.326,10.758,11.732,11.042,,8.761,11.462,9.285,6.531,9.805,12.011,9.06,12.957,12.526,,11.742,,7.746,11.061,10.444,,14.194,9.711,9.494,12.561,18.476,15.413,11.32,9.796,13.62,,15.637,9.668,8.203,6.733,14.38,,7.16,8.093,7.666,8.79,12.781,7.105,16.322,11.997,9.351,5.035,12.482,7.361,10.931,16.585,16.478,13.178,9.361,13.133,11.02,9.616,10.354,6.959,9.053,10.511,4.644,6.959,13.951,14.443,10.328,14.429,16.141,5.554,9.105,8.904,9.006,12.678,12.954,11.514,6.871,7.576,15.208,7.303,7.732,9.924,9.195,13.482,10.324,7.803,8.429,14.862,9.765,11.901,10.339,13.949,5.36,9.369,12.019,10.045,15.756,8.139,14.128,15.423,9.996,14.674,11.389,15.573,6.578,10.199,11.337,,9.704,16.082,10.671,5.981,7.984,6.02,5.691,14.605,8.129,9.662,11.28,5.86,7.96,13.068,11.677,17.13,12.492,12.534,14.463,14.377,11.425,14.445,14.256,15.356,5.673,15.068,9.699,11.38,14.018,16.903,16.546,,12.113,12.625,9.426,6.663,6.45,13.917,11.735,15.95,,18.207,9.872,13.729,7.411,12.313,14.156,13.805,14.261,7.458,9.101,7.014,7.331,14.801,13.842,,15.091,9.911,16.486,5.281,6.46,12.504,,2.994,8.248,14.456,,9.837,15.87,13.105,7.787,13.106,6.994,15.667,7.19,11.506,8.705,9.975,13.002,7.51,5.231,6.091,13.738,12.728,14.909,,9.912,,10.609,17.544,13.178,10.868,10.27,13.349,9.924,,10.579,,6.95,,10.32,12.062,9.469,12.443,17.407,13.021,10.634,6.337,14.229,7.386,9.916,13.933,11.75,14.855,8.819,11.77,10.934,74,1,1
SITE3_PT005,14.569,14.389,8.446,11.177,13.24,14.63,10.601,9.479,8.834,10.758,12.145,13.601,10.727,8.459,8.155,11.103,13.0,,6.786,12.901,7.465,12.925,9.493,7.0,16.239,7.589,,,6.012,5.708,4.586,6.579,8.744,,12.994,10.647,9.183,10.935,14.396,17.622,7.122,,,8.763,12.312,11.012,4.777,8.991,10.869,5.646,13.141,6.089,16.839,,14.038,16.772,14.918,18.458,13.988,11.234,14.213,7.123,9.322,11.245,13.679,,7.938,11.784,8.789,,11.698,7.611,8.792,9.744,9.027,9.66,10.053,13.33,8.384,16.234,15.484,12.428,9.685,11.73,16.233,12.336,14.796,10.414,14.877,8.536,,6.497,,13.837,10.065,14.069,8.095,14.236,6.929,16.539,6.302,14.785,11.049,12.117,12.582,16.105,16.869,7.871,12.764,7.236,12.418,7.894,12.182,10.176,10.153,12.427,13.53,12.603,12.494,12.119,14.964,7.735,6.767,5.473,13.88,,16.335,11.411,7.901,16.516,13.627,8.749,9.321,8.189,8.846,7.866,15.239,,9.802,13.416,12.361,16.292,14.61,10.218,8.901,17.272,14.248,17.054,5.962,14.247,13.092,7.387,13.846,12.17,8.091,11.013,12.774,10.027,9.846,10.016,9.678,15.762,13.709,5.925,17.924,13.054,8.159,15.429,,15.772,,13.075,7.36,16.297,5.955,8.409,7.458,14.752,7.785,15.408,11.702,5.318,6.549,6.103,11.44,14.039,8.735,13.581,9.138,15.569,14.779,13.119,15.099,14.317,,7.958,7.764,10.508,14.546,12.586,14.635,7.673,12.193,7.528,8.632,13.886,15.826,11.07,6.056,12.866,4.986,12.449,13.186,7.958,7.351,7.275,15.583,10.157,14.285,12.185,12.341,8.705,15.643,8.662,11.034,12.779,13.838,16.089,6.377,9.91,11.352,,8.357,7.589,9.449,,10.325,12.501,12.779,9.183,,8.802,10.625,7.71,6.576,10.835,12.115,10.94,12.193,12.924,13.021,11.237,11.047,7.542,12.479,10.54,11.808,13.942,8.529,11.061,13.711,16.939,13.859,11.511,9.562,15.253,,16.27,11.254,8.361,5.523,15.43,5.334,8.26,7.943,8.457,11.205,10.797,6.285,14.909,14.682,9.595,3.425,12.715,6.774,9.909,15.809,16.025,14.432,8.917,11.578,13.468,7.576,11.66,6.54,7.197,9.813,,5.573,13.927,14.599,9.989,14.523,17.607,7.737,10.107,7.845,7.907,12.687,10.03,11.047,6.1,8.324,15.312,4.666,8.708,,,12.243,9.764,,6.709,14.792,9.436,13.723,13.637,13.648,5.943,10.283,12.135,10.215,14.142,8.293,13.968,14.686,9.96,17.253,11.959,15.316,7.139,11.723,10.265,6.552,11.102,15.574,13.517,5.862,8.018,6.283,5.967,15.421,,,11.588,,9.79,12.498,12.453,16.585,11.159,10.12,,13.691,13.211,16.841,12.481,14.587,6.484,14.28,,12.835,12.332,16.937,15.84,10.762,12.053,13.537,8.787,7.226,6.325,13.182,12.041,16.124,11.661,16.902,11.104,13.42,6.341,11.467,15.594,13.225,13.223,,10.128,6.518,7.632,12.561,12.469,15.517,15.9,,15.178,7.442,7.957,12.381,15.858,5.153,9.939,13.767,7.208,8.372,15.008,13.38,8.657,13.958,,14.798,7.427,11.046,8.536,,14.057,7.836,5.899,,13.819,14.267,17.763,8.337,9.774,,,17.863,11.776,11.884,,14.937,9.805,6.399,10.502,,6.687,5.456,9.559,11.891,9.166,9.983,16.028,12.563,12.867,8.61,14.847,,8.809,15.9,10.258,12.381,12.443,13.144,10.837,60,0,1
SITE3_PT006,13.885,14.701,7.375,11.376,14.032,16.172,10.532,6.746,9.496,11.041,12.75,13.285,9.986,8.757,,13.493,12.651,6.169,5.592,11.937,7.295,13.13,10.058,7.305,15.189,,11.108,8.428,7.673,7.571,,7.127,6.934,10.771,12.448,10.261,,9.021,15.069,16.283,7.88,8.65,7.873,10.669,11.975,9.774,5.322,9.198,10.796,7.433,13.162,7.483,13.856,6.681,15.8,17.475,16.653,16.405,13.71,13.177,12.24,7.301,10.767,10.226,15.585,10.67,,12.08,9.146,6.407,10.523,9.296,7.658,9.424,9.898,10.736,9.867,13.634,8.199,14.25,14.627,13.19,7.892,10.562,17.558,12.169,15.141,10.612,13.848,8.704,13.01,8.795,12.187,,,12.188,5.388,11.442,6.187,15.52,,14.897,13.089,12.538,14.243,14.553,16.358,10.31,12.314,6.572,12.421,8.481,12.221,11.364,9.792,10.264,13.525,12.107,10.406,11.85,15.336,8.911,8.737,6.344,13.278,8.333,15.06,11.222,9.104,15.069,11.16,8.49,9.258,9.556,8.13,8.625,15.706,10.361,7.983,13.957,11.69,17.194,13.954,9.231,8.72,17.545,,16.023,8.012,15.384,11.919,8.064,12.318,13.804,,10.958,12.213,8.989,,9.913,9.92,14.551,13.053,6.292,17.324,15.543,6.728,13.619,5.685,15.777,11.009,11.459,6.368,15.662,,8.471,7.658,14.331,8.929,15.225,11.613,4.861,7.073,7.036,10.607,12.935,7.933,14.575,7.772,15.07,15.671,13.51,13.343,14.491,5.692,8.408,7.645,9.678,13.746,,14.076,7.09,11.928,6.053,8.678,14.397,13.75,11.556,,13.852,5.669,12.502,13.214,9.162,9.432,7.189,15.111,9.555,14.16,12.19,,10.261,15.769,9.336,11.327,13.054,12.655,15.261,6.911,10.128,9.954,9.938,8.745,7.727,7.937,9.335,9.179,12.56,11.537,10.244,12.243,10.064,12.065,9.013,6.884,9.221,12.764,,11.806,10.163,13.319,14.146,12.94,9.225,11.984,10.571,9.693,11.709,9.318,10.99,12.087,17.935,16.14,9.286,10.162,13.45,8.899,14.473,11.364,7.773,5.804,14.82,7.665,11.0,8.979,6.674,,11.797,,13.974,14.058,10.078,5.248,11.047,7.019,10.114,14.249,18.153,11.274,9.649,12.429,12.737,8.863,12.035,5.911,8.046,,6.452,5.432,16.064,15.067,8.412,13.039,15.43,8.748,8.748,8.403,7.016,14.229,11.927,10.16,5.816,8.365,14.202,5.441,9.215,9.513,9.606,14.383,10.951,8.045,7.633,14.738,12.046,12.181,11.684,13.551,4.792,8.965,13.507,10.119,16.201,8.24,13.997,15.176,10.578,14.762,11.761,13.934,8.447,11.057,10.685,8.325,10.311,14.996,11.775,7.663,7.834,5.847,6.456,15.826,10.664,7.788,11.414,5.593,8.083,12.688,11.808,15.763,10.839,10.373,12.148,14.703,11.186,15.764,11.371,16.196,5.577,13.988,10.111,12.057,12.504,14.616,15.567,,13.943,13.402,,,4.794,12.566,10.177,16.565,10.168,17.409,8.972,14.156,6.692,10.63,14.942,14.95,12.994,,8.274,7.044,7.894,12.516,13.333,14.523,13.963,12.496,16.156,7.828,7.35,12.496,14.098,4.758,10.304,12.395,6.733,9.812,14.568,12.289,9.14,13.94,8.364,15.759,7.438,11.106,9.085,10.086,15.054,7.514,6.935,8.2,10.349,14.591,15.84,7.682,8.635,6.877,12.443,16.788,12.16,11.899,10.914,15.3,12.703,6.989,9.517,6.307,7.026,5.69,9.877,12.048,8.934,12.29,14.287,,11.891,8.419,15.625,8.321,9.675,14.722,10.567,14.181,12.197,11.599,8.448,65,0,1
SITE3_PT007,15.932,11.244,10.227,,13.68,15.721,11.76,8.715,12.579,9.405,13.698,15.884,,10.413,10.285,12.846,12.374,8.356,4.767,12.576,7.498,12.075,11.495,7.909,15.175,8.9,9.265,,5.034,,,,6.887,12.313,13.329,8.206,11.863,11.356,13.535,14.589,4.67,7.668,7.5,8.148,9.774,11.258,7.026,10.372,10.596,6.731,14.878,7.616,19.038,5.764,15.6,13.818,18.018,15.691,13.795,13.204,14.561,5.131,10.173,11.703,12.685,,10.501,13.295,,6.775,,7.312,8.426,,,7.219,10.322,13.23,,15.974,16.933,10.678,10.088,9.913,12.913,13.214,14.687,10.533,12.531,,12.435,7.073,13.172,13.356,6.874,13.279,6.068,13.489,6.384,15.534,5.729,13.066,11.801,11.068,11.798,13.235,15.474,,11.859,5.684,11.853,9.329,11.144,10.757,11.018,,14.24,15.124,11.941,9.657,15.158,5.966,6.646,5.8,12.35,9.415,15.244,14.867,9.822,15.963,13.016,10.461,10.79,7.475,9.346,,15.932,,11.645,14.537,12.24,15.127,14.994,10.26,6.91,16.722,12.517,14.713,8.402,13.954,12.628,6.036,12.879,14.721,5.994,11.4,14.066,8.284,12.746,11.982,9.566,14.885,14.174,,18.834,16.257,8.626,12.374,8.484,16.895,10.715,12.797,7.888,17.448,4.483,5.464,8.459,11.676,9.122,13.514,9.168,6.13,6.017,4.742,10.301,13.849,8.903,13.238,,12.418,15.767,12.175,16.899,12.919,7.598,7.209,8.319,10.611,14.364,12.136,15.032,8.649,12.288,10.777,,12.739,13.565,11.138,5.488,11.074,4.367,13.237,12.747,8.657,5.747,8.381,15.086,11.865,15.845,13.283,11.251,9.864,16.45,8.704,10.395,12.075,11.662,14.22,7.363,11.319,10.176,12.357,6.382,,9.313,8.694,11.619,14.379,13.256,11.445,9.248,9.226,13.196,8.199,6.01,,10.739,,12.061,11.935,12.93,12.565,12.129,9.745,12.98,14.063,9.591,14.113,6.209,11.864,12.599,14.439,14.156,,,13.709,7.511,14.62,12.183,,7.781,12.349,6.79,8.548,,,9.231,11.902,,15.646,16.486,10.781,6.683,12.417,6.455,10.98,16.196,14.724,15.635,8.434,14.822,15.108,8.348,11.171,6.676,4.703,8.348,7.303,5.868,13.766,13.852,10.154,13.674,14.54,,10.775,9.69,,13.909,10.878,12.492,7.492,7.71,14.556,6.555,9.174,10.0,8.744,11.751,11.74,7.534,10.939,15.408,11.883,13.071,12.944,11.795,5.921,11.629,8.187,8.467,14.887,,13.258,15.97,11.268,17.528,12.999,14.436,,11.868,11.416,,8.977,12.802,10.655,,10.382,,3.934,14.913,11.133,9.098,11.528,,9.696,11.821,11.914,15.475,12.545,12.444,12.226,14.213,12.573,14.748,15.493,13.521,,11.938,10.152,,12.079,15.188,15.345,9.189,14.207,12.936,8.997,7.736,6.439,13.679,10.768,16.011,9.939,16.153,12.106,12.868,,11.475,15.685,15.301,13.314,4.504,,7.442,6.121,14.371,13.067,12.297,12.607,,15.608,,5.251,,,6.929,10.68,12.593,7.41,10.515,15.01,11.461,6.475,15.435,7.811,,8.039,12.811,11.018,8.479,15.531,6.584,6.709,8.948,15.206,11.604,15.112,7.736,7.673,7.848,10.985,14.347,12.039,12.013,8.314,15.242,12.102,7.214,10.481,7.213,8.361,2.91,10.084,11.298,7.51,9.417,13.914,13.381,12.122,7.27,12.067,10.271,9.578,13.836,,13.107,13.104,11.19,9.667,24,1,1
SITE3_PT008,14.548,13.903,8.826,10.316,11.195,14.436,14.001,9.549,9.417,10.266,13.565,15.151,10.699,10.239,,13.209,11.899,,5.008,13.226,7.76,14.434,12.636,7.446,16.417,8.589,8.526,5.718,7.661,4.81,7.166,7.256,7.543,11.661,10.635,,,11.37,14.223,12.929,5.831,6.877,7.168,9.426,10.94,9.96,5.902,9.311,10.511,8.967,14.248,6.585,17.126,7.205,15.732,12.652,17.603,13.114,12.477,11.423,13.865,7.828,11.316,12.13,13.323,,9.081,12.607,8.299,6.054,9.893,11.192,,9.779,7.73,9.296,8.776,14.231,9.492,15.704,14.727,10.1,,10.676,13.518,13.749,13.513,11.884,12.637,7.739,12.673,7.53,13.082,13.131,7.403,10.631,6.912,11.757,,16.607,,14.667,14.098,11.298,13.574,13.596,16.771,8.327,11.318,6.495,12.573,6.466,11.088,11.045,10.862,11.216,14.891,15.76,10.236,11.343,14.53,6.668,6.159,8.293,12.129,10.821,14.253,14.404,10.094,14.879,12.988,9.214,9.901,8.527,9.247,10.063,15.464,,9.568,11.983,11.786,15.548,15.267,10.277,9.221,15.637,12.912,14.595,6.863,14.107,11.023,6.901,13.704,14.508,4.766,11.005,13.937,,,10.532,9.851,16.732,13.898,,16.935,15.033,7.767,12.704,7.573,17.147,12.69,13.778,7.356,15.234,5.63,6.818,,12.635,,13.712,11.849,4.581,6.966,6.55,12.556,15.053,,14.511,8.2,11.745,16.377,12.741,13.81,15.366,6.661,7.245,8.403,10.757,13.397,13.635,14.387,9.208,15.637,,8.173,12.008,14.238,11.727,8.416,11.109,7.014,15.653,13.608,7.272,6.298,9.12,17.53,,14.172,11.173,12.289,9.348,15.186,10.163,10.749,13.811,13.172,13.579,6.71,12.261,10.766,10.628,,6.433,8.69,9.765,,,13.191,11.089,,7.953,12.807,9.678,6.474,9.929,7.927,7.731,11.009,11.636,12.675,12.831,10.506,9.461,13.182,12.233,9.541,12.004,8.534,11.681,14.901,14.481,16.156,11.846,9.839,12.869,9.184,15.374,11.313,6.788,8.088,13.077,4.868,8.268,9.669,6.282,8.975,14.237,,15.34,14.255,9.996,,11.085,8.372,11.005,15.593,14.501,12.614,,13.634,12.993,10.66,12.641,7.127,7.396,10.057,6.946,9.429,14.862,14.831,11.675,15.514,16.244,6.334,10.184,12.23,7.039,13.346,,,,8.175,16.372,8.021,,9.424,,12.391,10.286,6.759,8.879,12.679,14.02,11.956,11.971,12.642,4.155,11.601,10.814,9.638,14.753,11.536,15.432,14.924,9.984,15.783,11.086,14.304,7.41,11.48,12.295,6.882,9.571,14.442,12.397,8.496,11.201,9.586,5.516,16.469,11.236,9.678,11.972,4.528,10.889,13.121,12.63,15.52,12.824,11.77,14.292,15.279,12.182,15.178,16.146,14.817,8.926,12.369,8.087,12.485,10.916,15.07,15.351,,11.897,13.601,8.627,9.225,8.119,13.68,10.348,15.063,10.682,16.135,11.451,12.238,6.601,,13.814,15.04,13.479,6.759,11.056,5.1,5.765,11.88,12.652,13.157,15.22,14.863,13.475,,8.778,11.45,14.221,6.725,12.334,12.337,7.309,12.345,14.642,10.683,7.345,14.394,10.43,13.615,10.834,12.285,,7.695,15.002,,6.743,9.618,15.006,12.05,15.998,9.219,9.349,5.465,12.616,16.487,,10.118,9.752,15.861,10.442,5.655,9.505,7.338,8.815,,9.666,11.496,8.742,9.063,14.423,14.33,12.229,8.801,13.48,8.775,8.933,14.321,12.245,14.208,12.608,13.248,7.356,39,1,0
SITE3_PT009,14.278,15.064,9.34,,12.839,15.976,10.647,7.268,8.859,9.177,11.771,13.043,,7.515,8.395,13.097,,6.23,5.721,10.909,7.239,12.011,10.115,7.065,16.543,8.013,8.326,8.846,8.702,7.216,6.571,7.147,8.967,13.021,13.751,8.463,9.736,10.853,15.236,12.954,6.326,9.091,7.856,,12.101,10.648,6.392,7.879,11.602,5.739,12.485,6.688,13.692,6.365,15.174,16.855,14.687,15.426,16.363,13.02,14.686,6.711,10.772,8.976,13.266,11.156,10.135,12.726,9.513,,11.336,9.766,7.441,8.738,10.432,9.82,10.955,13.552,8.333,17.437,16.059,11.247,8.371,10.306,16.041,11.352,15.296,11.002,11.194,8.828,13.804,8.731,12.838,12.743,9.418,12.167,6.777,13.238,7.955,14.478,7.152,17.255,11.747,11.559,14.57,13.84,17.261,7.82,13.722,8.213,13.846,8.488,12.076,9.479,9.164,11.343,14.079,10.876,11.196,11.987,16.695,7.894,8.377,5.052,12.507,10.355,14.071,12.914,10.949,15.201,15.517,8.694,9.053,9.568,9.823,7.413,14.352,9.325,8.604,14.216,12.298,16.511,,10.787,11.037,16.997,12.607,16.783,5.778,13.361,12.985,6.918,10.955,9.939,7.868,11.244,13.471,,11.23,10.78,9.698,14.022,14.157,5.792,14.969,14.217,6.951,14.104,7.248,13.672,11.302,12.716,7.101,15.076,,8.293,6.29,11.545,8.033,13.885,13.753,3.865,7.84,6.742,13.625,13.567,7.104,15.52,9.084,14.676,,12.661,12.184,14.41,5.756,8.507,6.22,10.176,14.648,12.225,15.004,6.733,10.349,8.258,9.16,12.815,14.894,10.528,6.09,11.648,4.543,13.487,13.875,7.182,8.171,6.367,14.453,11.193,,12.65,,9.396,15.107,,11.88,13.41,12.169,14.071,8.348,,10.011,12.15,7.103,7.343,7.716,9.461,7.908,12.734,11.283,11.025,12.223,,9.924,9.158,8.705,10.759,13.282,9.156,12.399,10.69,13.587,12.247,12.135,,12.042,9.854,,12.791,10.372,11.376,13.515,17.132,14.798,10.511,11.293,,9.086,16.092,9.015,7.903,6.701,15.055,5.303,7.901,8.042,8.69,9.611,12.155,6.641,13.776,13.144,9.225,,12.082,8.334,10.101,,17.712,15.021,9.532,12.88,13.346,8.969,11.03,6.807,7.186,10.399,,8.966,14.123,13.331,10.607,14.364,16.392,7.921,9.518,8.718,7.966,13.542,11.725,11.824,6.0,,14.014,6.163,8.116,10.074,,13.805,10.031,,6.162,15.283,11.173,13.442,13.061,15.003,7.894,,12.941,9.595,17.076,8.775,11.969,15.202,9.554,14.829,9.978,15.887,7.452,12.341,9.582,5.578,9.994,16.007,12.853,4.81,8.714,7.345,7.062,15.491,11.504,10.562,11.519,7.467,,12.58,13.662,16.583,11.819,9.946,14.102,14.323,13.044,14.629,12.948,15.85,6.702,15.371,8.258,13.581,15.139,17.065,14.304,8.733,11.899,14.053,9.384,7.269,7.439,13.452,11.691,16.815,11.677,16.792,9.157,13.511,7.312,11.173,14.889,12.203,14.953,6.597,9.986,7.483,7.627,13.77,13.073,13.39,15.018,11.81,15.179,7.713,7.04,13.825,13.693,3.29,9.577,13.515,7.808,9.544,14.303,13.308,10.774,13.794,9.334,15.026,8.89,12.671,9.603,10.506,13.869,7.85,6.03,7.459,11.804,13.232,18.1,,8.62,7.935,12.789,17.792,11.077,12.954,11.012,14.023,10.615,6.401,10.22,6.273,7.532,5.826,9.192,10.978,9.18,,17.706,13.2,10.588,,15.463,7.268,9.212,15.636,11.384,12.647,11.859,10.256,10.86,70,0,1
SITE3_PT010,13.562,15.033,8.496,11.797,10.567,12.224,11.795,7.932,8.543,10.792,12.981,14.209,12.857,7.072,5.782,12.119,12.535,7.967,5.515,12.596,,16.587,,5.712,17.781,7.083,8.403,10.079,8.179,6.646,7.613,9.071,9.365,11.766,11.823,8.898,10.16,9.89,12.286,14.275,5.942,7.637,9.932,7.575,12.433,10.031,8.368,9.246,11.416,9.065,11.926,7.266,13.446,6.639,13.495,14.257,16.434,13.543,12.605,10.937,13.57,6.556,11.641,12.329,15.114,11.136,,11.348,8.525,,8.356,11.61,6.628,,11.004,8.77,7.836,11.873,,,15.803,12.028,7.918,9.618,15.46,10.978,14.226,10.504,12.252,10.726,13.883,6.601,10.027,13.889,8.528,12.75,5.891,12.663,7.249,14.637,,15.789,14.702,11.377,13.325,13.986,17.447,8.427,13.158,7.278,,8.527,10.894,10.452,10.599,11.136,15.569,12.622,9.474,12.688,14.173,7.424,5.718,8.605,12.675,10.827,13.567,13.544,11.059,14.601,14.577,7.816,8.764,,9.459,9.314,15.246,9.596,8.537,13.285,11.078,17.113,15.267,11.737,9.466,16.987,13.434,15.52,7.358,15.34,12.117,6.764,9.861,13.691,6.652,10.605,13.213,9.659,9.908,10.398,,16.162,12.544,6.706,17.077,15.239,8.193,13.967,7.682,15.256,12.33,12.067,9.06,15.043,6.223,8.196,7.726,14.857,8.67,14.281,,4.228,8.269,,10.77,15.625,6.957,16.631,6.727,15.007,15.038,13.292,12.66,14.618,,8.93,7.502,10.766,13.449,14.202,13.793,7.269,12.496,6.32,8.534,14.325,13.995,13.592,5.872,11.672,7.867,14.342,12.731,6.493,7.422,7.486,15.292,11.405,13.503,11.167,12.618,7.562,14.36,,14.112,12.487,12.319,16.86,6.111,11.162,12.688,9.279,7.798,5.525,10.316,9.894,8.276,12.569,11.556,,9.02,8.644,11.84,8.532,7.333,,12.328,9.465,12.539,10.744,14.024,,12.437,,12.765,12.468,8.735,9.747,10.563,11.623,13.241,15.832,16.625,10.203,11.227,12.456,9.027,14.055,9.454,6.96,6.119,14.128,5.609,6.279,7.75,8.26,8.865,12.75,6.556,14.595,13.258,10.838,3.328,11.113,9.148,8.906,16.459,17.202,12.17,9.642,13.668,10.489,9.606,11.264,6.725,8.688,9.642,8.385,6.347,13.89,15.834,13.395,15.503,14.146,5.724,10.275,9.364,7.285,14.287,11.562,9.095,8.783,7.156,16.192,7.993,8.099,,11.571,11.133,11.852,,6.896,12.847,12.395,13.778,10.58,13.261,6.017,8.203,11.812,9.575,14.087,11.158,12.318,15.82,9.977,14.364,13.356,15.063,9.191,11.13,11.178,,10.186,15.971,14.241,,7.212,7.479,6.667,18.864,,,11.504,6.262,9.44,14.407,12.718,16.192,12.383,11.208,15.389,14.374,13.321,13.887,14.491,14.376,6.802,12.732,11.803,12.334,12.406,15.723,14.939,8.169,13.918,14.954,8.535,7.479,4.316,13.03,12.688,14.642,12.921,15.051,11.035,14.568,7.631,12.082,14.034,,14.212,6.841,11.162,5.677,7.711,11.996,13.704,13.646,15.168,12.389,14.896,7.087,,12.408,15.486,3.679,10.968,11.767,7.003,10.106,14.358,12.243,7.57,11.774,9.033,13.656,7.596,13.338,,8.858,14.038,5.549,4.925,8.297,13.517,14.107,14.543,,8.166,7.72,12.308,15.454,14.869,13.646,10.181,16.554,10.951,8.305,10.229,8.716,8.945,,11.01,11.942,10.949,11.987,16.964,13.15,10.372,8.605,13.693,8.624,8.911,15.954,10.588,14.39,10.417,12.176,8.901,74,1,0
SITE3_PT011,14.138,13.978,8.819,11.849,11.212,15.919,12.239,,9.617,9.842,12.951,14.02,9.586,9.579,7.268,14.279,12.742,8.107,6.618,12.008,8.029,15.671,9.375,9.078,15.001,8.248,8.399,6.898,6.311,6.204,6.452,8.462,5.628,11.666,12.588,9.912,9.746,9.594,14.195,14.901,5.554,9.081,6.687,8.757,11.688,9.846,5.73,9.791,12.833,7.022,15.61,7.135,14.635,6.514,13.513,15.718,16.147,13.905,13.307,11.199,13.406,6.577,10.711,10.288,14.037,10.846,9.049,12.43,,7.929,10.511,9.829,8.129,10.007,,7.005,10.588,12.307,8.184,17.23,16.302,,,11.187,14.63,11.946,15.294,11.425,11.972,,12.474,7.627,12.793,13.35,6.04,12.988,8.122,12.332,6.488,14.868,5.756,15.707,14.566,11.977,13.216,15.239,14.752,10.234,11.909,7.694,11.782,,12.97,12.19,10.935,12.623,14.877,14.633,10.934,10.211,15.816,6.68,8.006,6.698,12.312,10.3,13.492,12.238,8.775,15.274,13.228,8.722,8.222,8.855,8.249,5.91,14.435,10.879,9.54,12.692,11.897,15.394,13.12,11.122,9.41,17.157,12.703,15.188,7.043,15.067,12.383,5.704,12.514,12.397,7.824,10.601,14.823,9.215,,10.738,9.769,15.3,12.297,7.134,15.866,13.944,7.359,14.481,8.633,15.103,14.126,11.707,6.596,14.232,,8.962,6.18,13.161,9.139,13.55,13.36,6.211,6.145,6.071,11.151,13.149,8.565,15.008,6.38,13.994,15.165,14.737,12.78,14.491,,6.957,7.448,11.904,14.556,12.895,15.359,7.688,,8.105,7.128,14.251,14.498,12.963,7.104,12.026,5.722,15.664,13.277,9.718,,9.508,14.305,12.262,14.185,13.034,,9.129,14.158,8.455,10.579,12.49,10.926,14.303,,11.148,10.112,10.874,7.57,6.379,10.177,8.408,11.336,10.781,13.404,11.615,9.902,8.645,12.453,9.142,,,,,,11.425,13.085,12.572,12.314,9.347,14.405,,8.055,11.547,9.71,11.265,13.32,13.328,14.165,9.096,10.424,15.348,9.129,14.712,11.354,7.365,4.786,14.695,4.552,8.1,9.186,6.964,10.999,14.131,,13.923,15.982,9.136,9.278,12.376,8.657,,14.229,15.917,15.187,8.006,12.682,12.146,9.368,13.256,,7.393,10.714,9.081,8.74,16.209,15.525,12.131,13.016,17.079,7.435,11.651,11.154,7.262,12.191,9.448,12.577,,7.185,14.735,5.464,7.775,10.207,10.278,10.187,11.439,,8.51,14.364,12.7,14.388,11.654,13.481,8.089,9.694,10.7,8.064,15.174,,12.241,15.964,11.384,14.014,12.511,14.58,10.011,10.363,11.548,5.943,9.836,15.443,12.364,7.811,9.919,6.611,6.213,13.395,10.984,7.665,12.639,6.53,10.171,12.237,12.126,14.427,11.674,11.486,12.68,15.168,12.437,16.516,13.936,14.309,6.551,11.525,9.166,13.441,14.426,14.382,15.592,8.54,13.963,13.581,8.16,8.446,8.425,12.162,9.928,16.338,10.751,15.32,8.103,12.827,6.877,11.078,13.281,15.972,14.302,5.902,9.716,7.082,7.164,12.96,13.231,12.877,15.958,12.45,13.424,4.926,9.826,13.047,14.347,7.0,11.655,11.371,6.206,10.033,14.726,14.202,9.582,14.271,9.759,15.212,9.258,,9.98,9.063,14.646,7.786,5.801,9.721,13.638,12.735,15.61,9.361,10.542,,11.239,15.839,11.909,11.594,9.752,14.652,10.631,5.663,8.3,6.066,7.643,5.971,11.262,11.99,9.123,10.876,14.929,13.6,10.996,9.329,15.291,9.953,8.09,15.815,10.818,13.43,12.312,12.534,6.542,47,0,0
SITE3_PT012,13.907,15.037,8.365,11.939,13.711,15.485,12.525,7.973,6.541,10.691,12.249,14.784,11.365,6.927,6.685,12.012,14.769,6.948,,12.643,7.403,16.02,8.004,6.311,15.825,5.663,8.508,8.611,7.885,7.481,6.592,,,13.467,13.28,8.54,10.044,11.77,15.521,13.89,5.808,8.926,8.776,8.67,14.191,11.749,7.948,10.423,,7.768,13.206,,13.581,6.22,,14.33,17.973,15.496,14.338,13.154,13.531,9.139,11.507,9.333,13.512,9.831,10.464,10.819,8.434,8.032,10.981,11.385,6.801,8.059,10.332,10.199,9.455,14.12,9.778,14.746,16.586,11.042,9.578,13.176,15.66,13.409,15.978,10.976,12.214,9.988,14.45,8.066,9.972,14.218,7.46,13.168,7.177,12.08,7.612,14.805,6.314,15.849,15.3,11.452,15.021,13.888,17.895,8.143,,7.964,11.878,7.915,11.123,10.94,9.466,11.936,,13.886,10.314,12.976,14.249,6.277,7.001,7.066,11.76,8.936,13.827,12.185,9.732,15.446,12.146,8.993,,9.607,8.722,8.522,16.251,9.932,8.539,,11.487,17.206,15.919,,9.875,18.823,13.227,13.472,,14.538,11.315,8.345,9.633,,7.721,9.706,10.146,10.021,10.822,11.334,8.504,14.954,12.524,6.001,16.51,13.953,9.741,13.093,6.809,16.489,13.552,12.473,7.711,15.118,7.959,7.23,7.569,13.721,,16.724,10.06,5.458,6.268,7.281,13.072,13.75,6.286,,6.928,14.06,14.493,12.603,12.375,14.366,6.885,8.906,8.874,,15.679,13.415,15.18,8.585,13.534,7.252,8.277,14.752,14.73,13.04,4.687,10.094,5.722,13.803,11.821,6.719,7.156,8.072,14.155,10.959,13.964,9.821,11.137,8.21,15.73,8.475,14.799,14.689,11.411,16.496,6.227,9.835,9.199,12.564,,7.676,8.8,9.71,,11.574,11.095,11.138,9.702,8.134,10.398,9.02,6.469,10.662,11.267,7.324,12.841,11.303,13.982,13.581,13.1,9.162,13.585,10.652,,13.578,10.039,11.007,13.671,15.781,15.973,11.653,10.893,13.263,9.683,13.388,10.614,4.942,7.132,14.516,6.358,,8.032,7.412,,13.475,6.647,14.034,12.93,9.857,5.911,12.5,8.594,9.161,15.657,18.102,11.667,9.036,14.072,12.492,9.617,10.866,5.41,7.008,11.578,7.175,8.152,13.23,14.257,11.925,15.53,15.179,5.93,9.066,8.672,6.72,15.116,13.299,8.922,8.462,7.474,16.749,8.307,7.347,7.78,12.955,,10.837,7.385,7.651,12.295,11.137,12.383,13.219,15.149,5.161,9.886,12.358,10.693,13.151,11.272,14.079,13.357,8.755,14.959,12.287,15.54,8.74,10.245,11.42,7.648,,15.686,13.44,4.824,8.908,8.727,5.432,15.948,9.594,9.922,11.497,5.92,9.369,15.156,13.242,17.021,11.167,12.922,16.194,15.547,11.713,16.422,13.205,12.653,6.951,12.46,,10.796,10.917,14.202,15.026,9.898,14.014,13.646,9.652,6.67,,14.588,11.978,15.753,10.189,15.867,9.205,12.553,5.334,13.396,13.136,14.033,14.97,6.141,9.758,7.343,,11.827,12.065,14.095,13.836,13.266,15.065,6.168,7.056,12.537,13.455,,10.145,,4.859,,15.329,13.736,6.37,12.001,8.267,14.788,7.377,11.763,8.361,8.082,14.788,6.791,5.179,8.73,13.543,13.125,15.864,8.037,8.679,5.916,10.69,16.283,13.976,11.604,10.711,16.601,11.498,7.67,9.966,7.747,6.896,,11.537,12.88,11.001,,17.272,14.918,10.21,7.466,15.158,8.282,9.346,15.005,11.58,14.518,9.603,12.111,9.943,72,1,0
SITE3_PT013,14.738,14.985,,11.199,,14.719,12.298,9.869,7.27,11.129,12.191,14.248,10.939,,6.772,14.342,13.466,8.336,4.738,13.243,7.616,14.213,9.273,6.794,17.648,6.589,8.341,8.768,7.108,7.514,,8.472,9.783,13.577,13.493,9.707,10.774,13.236,13.936,13.859,5.573,9.159,,8.365,11.287,11.724,6.864,8.498,11.402,,12.044,8.059,13.327,,14.76,16.6,15.952,16.651,16.552,10.55,14.903,6.661,10.325,11.87,15.214,10.402,9.155,10.942,9.142,,9.011,9.84,8.107,9.115,8.884,8.7,11.228,14.415,8.158,15.733,15.016,11.518,5.54,10.836,16.087,12.45,15.796,10.746,12.58,8.489,12.366,6.832,10.189,13.972,8.619,13.756,7.475,13.115,6.296,14.546,6.57,15.854,14.733,12.057,11.997,13.884,18.11,10.48,12.377,5.516,11.764,,13.524,9.879,8.417,10.985,15.64,11.349,11.302,12.503,15.289,7.732,7.06,7.617,12.273,8.781,15.487,12.583,10.951,15.643,13.957,11.634,8.281,7.464,,7.715,15.525,9.445,10.793,14.49,13.046,16.889,15.456,11.474,8.957,18.689,11.592,16.031,6.213,15.241,12.099,7.669,8.198,14.122,7.031,10.419,11.794,9.204,9.972,11.084,9.809,15.124,11.073,5.581,18.652,14.471,5.975,14.476,8.474,15.064,,14.521,8.745,15.189,5.14,8.37,7.596,11.303,8.842,15.9,9.777,3.769,9.393,5.326,11.168,15.987,7.735,13.746,7.874,16.273,15.266,12.655,14.448,14.191,6.081,10.281,6.671,11.076,13.776,12.933,15.12,,13.102,6.448,6.357,13.524,15.947,11.898,4.988,11.519,,12.233,13.551,7.349,9.192,7.256,14.326,11.212,12.354,10.698,12.823,9.364,14.471,7.087,13.717,12.952,13.508,16.8,,11.022,,,7.671,7.899,8.931,11.579,9.403,12.798,12.141,10.797,11.002,8.941,12.416,7.33,,10.427,11.884,10.222,11.875,12.748,12.224,12.248,12.252,9.217,12.37,10.781,10.429,,10.224,10.436,13.62,16.427,17.356,11.446,11.145,13.491,6.933,17.088,11.793,7.282,6.694,14.321,6.294,7.982,7.824,7.894,10.92,13.805,6.697,16.093,12.274,8.969,3.731,11.488,9.629,10.341,14.937,16.715,13.226,10.584,14.554,12.237,10.29,11.2,6.576,8.266,10.0,6.295,,13.585,14.521,10.017,14.206,16.387,6.631,9.271,,8.386,12.555,13.074,10.009,8.885,8.152,15.409,6.22,8.067,9.963,,14.757,9.332,8.747,6.584,14.512,10.891,13.53,11.319,14.161,6.247,9.624,10.607,,15.112,9.15,12.947,12.913,10.526,14.109,12.096,13.525,8.455,10.737,10.814,5.213,8.914,16.445,12.892,6.931,9.476,7.284,4.887,16.777,8.636,,10.777,7.308,,12.593,13.326,17.515,11.199,12.268,13.014,13.936,11.934,15.04,14.182,14.151,5.882,,9.526,12.279,11.677,14.073,14.132,7.977,12.086,13.683,9.44,8.111,4.58,13.582,11.109,13.914,11.327,17.257,,14.574,7.522,11.365,12.924,11.755,13.739,6.75,,5.067,7.277,12.164,13.412,13.907,15.239,11.174,14.934,5.483,7.477,11.064,15.487,,8.815,12.342,7.987,9.421,17.655,13.421,7.489,13.978,9.348,15.226,6.632,11.735,7.438,9.858,13.676,,4.346,8.58,13.482,12.914,15.561,5.544,10.446,6.46,10.28,16.114,14.014,12.539,9.532,13.933,11.611,6.541,10.941,7.116,,8.061,9.324,13.682,10.81,13.474,16.351,14.092,,8.04,13.702,8.172,10.575,15.431,10.277,14.551,10.955,12.643,10.546,75,1,1
SITE3_PT014,16.996,13.861,7.72,11.518,10.91,14.393,11.403,9.087,,10.616,13.935,16.002,9.369,9.959,7.673,13.073,15.149,8.878,5.695,12.111,6.536,13.163,10.102,7.568,15.424,6.128,10.154,6.677,7.321,,6.304,7.022,7.242,12.486,,11.01,8.085,12.342,14.668,14.368,5.192,8.132,,8.426,11.962,9.55,6.525,9.118,10.907,6.007,16.047,6.904,15.643,6.332,14.843,13.611,17.001,14.459,15.064,11.078,14.323,,11.331,11.715,13.218,11.605,10.87,13.029,,6.968,11.262,11.043,9.328,,8.821,9.695,7.95,10.698,,15.48,14.323,10.698,9.624,11.473,15.977,13.01,,10.703,,8.496,12.888,8.59,12.641,14.441,6.232,11.983,7.322,12.638,,15.144,6.352,15.228,13.439,11.749,13.149,14.777,15.756,8.496,12.075,6.415,,6.793,11.913,,11.058,11.007,14.242,14.138,12.846,11.705,14.956,7.168,7.503,7.488,14.376,10.046,14.962,13.252,7.793,15.859,13.902,7.723,10.152,9.056,6.796,7.904,15.737,9.165,8.935,13.362,11.093,15.228,13.328,10.544,7.382,15.003,12.666,15.398,7.329,14.874,13.559,,10.72,13.409,5.012,11.223,16.172,9.593,10.901,9.155,8.97,14.215,14.363,5.724,14.88,16.259,9.555,13.767,8.122,16.42,12.24,11.826,6.678,15.491,5.428,,8.244,12.751,,15.125,12.484,6.899,7.657,6.467,12.732,15.055,9.877,16.373,,13.799,13.731,13.516,14.261,13.403,6.398,7.727,6.735,9.553,12.717,11.724,13.534,,11.141,7.05,8.58,11.812,16.266,11.459,5.777,12.373,,15.516,13.29,8.068,5.987,8.06,17.363,9.621,13.796,13.06,11.045,8.16,15.398,9.19,10.674,11.916,12.036,12.797,6.557,11.92,10.531,11.03,7.611,6.228,9.142,9.511,10.926,12.959,12.367,10.21,10.193,8.149,13.066,,6.07,10.589,,10.003,11.067,12.822,11.731,14.076,11.538,8.539,13.623,12.107,9.977,12.832,8.95,12.321,13.106,13.205,15.004,9.247,11.191,15.229,10.965,13.713,11.824,7.526,6.991,15.441,5.43,7.177,8.825,7.888,8.593,13.743,,14.567,16.076,10.485,6.463,11.475,7.62,10.497,17.428,14.19,13.524,9.591,12.711,13.164,8.971,11.915,7.93,8.035,10.686,6.574,6.606,13.529,15.771,10.775,14.567,16.456,,11.181,10.58,6.616,14.226,10.109,11.288,5.902,6.677,15.323,5.975,7.158,,10.945,10.355,11.541,6.894,10.411,15.49,12.868,13.69,11.786,13.104,5.634,9.796,9.985,9.444,14.699,10.48,13.543,14.923,11.411,15.067,12.352,14.691,10.301,10.212,11.821,6.701,9.779,15.867,11.459,8.08,9.378,7.787,6.024,15.448,11.352,10.128,11.09,5.236,9.839,12.503,10.806,15.86,12.087,10.298,13.584,13.938,12.754,15.371,15.52,13.971,7.206,13.124,10.551,11.021,13.214,14.984,15.734,8.067,14.136,14.925,9.198,6.91,7.496,14.124,9.795,16.5,,16.32,,13.917,6.108,10.78,13.738,16.39,13.628,5.938,9.736,,8.345,12.376,,13.465,14.446,13.227,11.77,6.587,6.333,12.457,16.202,5.598,11.229,11.975,5.796,,15.045,11.097,9.051,14.459,8.959,15.344,10.506,12.895,9.883,6.853,15.699,9.606,6.887,9.527,11.907,14.961,16.051,8.705,11.451,6.448,9.725,15.473,13.483,12.501,8.468,14.818,,6.388,9.921,7.207,7.026,5.092,12.525,11.553,11.017,8.663,15.562,13.394,11.949,,15.696,,,13.432,12.449,13.056,12.983,11.17,8.569,44,0,0
SITE3_PT015,13.82,17.386,10.314,,12.905,13.199,11.499,9.535,7.757,10.945,13.277,13.415,11.843,6.337,5.582,13.458,13.975,6.905,5.568,10.729,7.625,13.658,8.614,6.917,16.107,6.428,,,8.701,,7.954,7.261,9.215,12.292,12.456,8.374,8.826,10.88,14.78,13.956,6.503,,7.43,7.518,12.41,8.809,5.425,10.02,11.382,8.317,10.306,6.118,13.782,6.684,14.95,15.456,16.507,14.364,14.747,11.691,13.855,7.896,11.178,10.225,13.249,9.442,9.299,8.415,,7.788,8.359,10.12,6.062,10.423,10.804,8.93,9.998,12.822,7.514,14.925,17.168,12.945,8.659,10.81,,11.744,14.866,13.277,12.819,8.913,14.079,7.17,8.625,13.581,8.56,12.98,6.558,13.171,7.227,15.511,7.125,16.45,14.392,12.062,12.405,12.484,16.171,8.686,10.461,7.05,12.037,8.744,11.035,8.13,,11.051,14.664,12.041,11.939,,14.734,8.618,7.617,8.025,13.368,8.725,14.994,12.749,8.984,16.502,15.756,8.525,8.939,8.455,8.894,8.231,16.162,11.878,9.973,12.426,11.457,16.276,14.776,12.176,8.236,16.042,,15.191,5.483,14.255,13.222,8.304,10.8,12.932,7.724,9.699,11.985,8.76,10.068,11.603,8.691,15.959,11.684,6.359,16.641,13.826,7.392,12.643,,16.56,11.589,13.059,7.88,15.044,7.413,9.616,7.094,,8.548,15.424,10.858,3.168,5.853,5.971,12.176,14.638,6.22,14.987,,14.695,15.629,13.567,12.651,14.882,7.097,,7.034,12.782,14.338,14.138,14.186,6.508,14.151,7.035,7.527,14.082,14.063,14.689,6.001,11.489,6.171,15.002,11.187,7.743,7.389,7.506,16.019,9.846,13.891,10.172,11.195,10.288,14.836,8.142,15.242,13.508,12.787,16.377,7.413,12.865,11.91,8.942,6.114,5.516,8.137,9.837,9.319,8.789,11.237,9.983,,8.092,12.19,9.666,6.301,10.809,10.85,9.802,12.981,11.263,13.129,12.289,,7.941,15.442,11.989,8.69,12.658,9.646,12.87,14.174,16.336,15.152,11.065,11.415,10.883,10.137,14.031,10.509,8.085,8.405,14.22,3.761,6.73,,7.133,8.152,13.565,7.042,14.671,12.25,9.16,6.154,11.232,8.925,9.098,16.9,17.008,10.571,9.953,14.815,12.141,10.281,12.03,5.623,10.449,10.964,6.336,9.198,14.588,14.397,12.369,14.374,15.771,5.4,9.813,7.836,7.862,15.167,11.42,10.275,7.845,7.565,13.722,8.423,7.594,10.102,10.613,12.124,9.742,6.795,7.43,12.682,11.92,12.923,11.875,15.164,5.023,10.513,12.023,11.202,14.907,10.608,12.958,12.902,,14.377,11.312,14.1,,10.56,10.803,7.314,9.43,17.053,12.705,8.818,7.939,8.491,5.906,18.402,10.518,7.658,10.673,7.451,8.708,13.841,13.691,15.407,10.923,10.989,16.679,13.448,13.018,13.445,14.139,13.984,9.625,13.995,10.099,9.847,11.92,14.205,14.217,10.053,12.117,14.789,9.111,7.099,4.897,14.96,12.294,14.729,13.019,16.759,,12.4,8.624,12.865,13.719,13.497,12.494,,9.459,5.769,6.883,12.652,14.698,13.966,14.269,10.28,15.099,5.602,9.502,11.291,13.082,4.146,11.111,13.68,6.741,11.294,14.098,12.547,7.617,10.872,9.201,13.928,9.389,12.255,7.529,,13.651,5.643,,8.427,13.665,13.042,14.514,8.554,10.118,5.989,12.369,16.78,14.912,11.655,10.679,14.447,11.417,5.532,,,,7.917,10.609,14.603,9.747,,16.813,13.548,9.719,8.081,,7.9,9.937,14.837,10.445,15.259,10.055,12.083,10.448,79,1,0
SITE3_PT016,14.86,12.565,9.1,10.247,12.797,15.152,12.932,11.131,9.331,10.653,,15.762,10.628,9.432,7.603,14.126,11.921,7.756,5.783,11.415,6.913,14.566,8.623,8.893,13.769,6.419,,6.28,6.959,7.143,7.445,7.471,4.571,10.615,12.065,10.986,,10.123,16.518,14.896,4.775,6.334,8.241,7.121,10.733,10.092,6.526,11.936,11.755,8.034,12.973,5.469,17.945,7.626,14.426,14.445,15.809,13.355,12.638,13.32,13.891,,10.304,12.523,13.209,12.373,10.943,13.025,,6.946,11.324,8.939,10.106,9.82,9.185,10.623,9.584,12.675,,15.568,16.182,9.497,10.953,11.74,13.962,,13.857,11.143,11.61,9.107,14.0,8.461,13.619,14.837,6.993,11.746,7.152,13.523,6.13,16.661,7.119,13.609,13.339,10.656,,,14.593,,,5.292,12.259,6.867,10.217,10.61,10.371,,12.868,15.02,10.263,12.203,15.816,6.999,8.196,6.984,14.038,11.734,13.417,11.932,10.237,13.267,,7.621,10.97,9.895,7.23,,16.216,10.494,10.152,12.165,11.977,16.966,11.917,10.494,10.438,16.611,12.848,15.602,,14.574,12.334,6.97,12.613,13.742,6.918,10.745,16.692,8.737,10.794,10.058,9.473,14.333,14.68,5.873,16.381,15.257,8.503,15.706,5.387,15.753,13.334,13.326,,14.088,4.929,6.589,7.518,13.767,8.123,14.014,12.392,9.27,5.929,6.975,11.132,13.119,7.589,14.755,5.315,13.526,15.294,13.352,13.0,15.795,7.197,,8.472,10.377,13.716,12.944,14.765,8.031,13.402,9.585,9.815,11.508,16.107,11.36,6.301,13.544,6.288,14.663,13.754,,5.656,9.588,17.283,12.051,15.443,13.273,11.704,7.32,14.177,,12.555,,11.254,15.703,8.64,11.706,9.805,10.892,6.315,5.994,7.232,9.314,11.988,14.313,14.525,12.536,8.292,7.633,12.024,8.983,7.166,10.68,9.591,,9.507,12.875,11.789,11.637,11.172,9.418,14.09,10.995,10.363,13.52,8.482,11.686,13.028,13.372,14.449,12.09,11.128,14.48,7.978,14.212,10.294,6.826,,14.373,6.039,9.398,8.898,,10.33,12.826,5.276,14.259,14.75,9.816,8.902,12.64,7.067,9.961,14.273,15.155,15.694,9.648,12.086,13.01,7.898,14.413,8.165,7.703,11.36,8.278,6.148,12.073,15.42,11.844,14.853,15.258,8.848,9.819,10.097,5.786,14.628,10.517,13.19,6.307,8.113,14.201,7.486,6.963,9.282,10.841,11.73,11.621,5.356,9.939,14.694,14.682,12.022,12.775,12.197,6.61,10.837,10.059,9.549,13.844,12.361,12.963,14.483,10.119,16.405,12.603,15.716,9.634,10.91,11.539,8.544,10.074,12.19,12.98,9.226,,7.762,7.326,15.828,9.489,8.334,12.437,6.048,8.869,13.867,,14.753,12.941,9.392,12.196,16.986,14.61,15.752,14.836,14.788,,13.912,11.022,,11.83,16.022,15.767,,13.047,12.899,9.854,7.027,8.128,14.435,11.154,16.349,9.98,15.199,11.196,13.036,6.355,11.198,15.176,15.244,13.862,6.531,10.376,6.289,7.174,11.875,13.256,14.341,13.578,15.357,11.73,7.338,6.6,14.271,15.962,8.172,11.17,,5.729,10.16,14.212,12.955,9.098,15.47,10.081,14.224,8.698,13.879,10.856,6.636,13.815,,8.312,11.022,13.921,14.512,15.525,8.778,10.882,8.949,12.788,15.876,,10.133,9.224,16.449,11.946,8.177,9.6,5.971,,4.691,10.918,11.408,,9.966,15.331,13.487,10.91,9.368,13.421,9.414,9.79,14.444,12.027,13.397,13.501,11.772,8.56,37,0,0
SITE3_PT017,14.929,12.384,9.264,10.332,13.873,15.752,10.657,9.396,10.077,9.744,12.362,14.428,11.1,8.812,8.984,14.309,13.301,6.126,6.654,9.851,6.059,12.774,10.084,,14.056,,10.515,,6.753,4.963,4.608,7.683,,12.333,13.288,9.022,,10.915,14.477,16.243,,7.927,,9.581,10.032,10.119,,10.012,12.358,5.851,16.249,8.199,19.094,7.025,,15.61,15.297,15.493,13.649,12.612,13.925,5.935,9.737,10.792,13.626,10.669,10.713,14.667,8.981,6.636,12.873,8.915,8.085,9.213,9.248,8.459,10.796,13.09,7.238,16.731,16.679,10.202,8.711,9.277,12.548,13.543,14.845,10.327,11.525,9.594,10.707,7.866,,13.495,7.647,11.467,5.925,13.032,7.755,16.015,5.906,13.13,13.073,,13.817,14.106,15.198,9.383,12.921,7.912,11.227,8.014,12.728,12.012,10.929,,14.588,14.281,10.94,11.773,14.725,7.973,,4.828,12.127,10.573,15.143,12.746,9.181,14.481,13.699,,8.444,,10.719,8.736,15.34,8.006,11.336,14.236,11.484,15.848,13.753,9.383,,16.474,13.027,16.074,,14.333,13.178,7.701,11.577,13.557,,11.268,15.075,10.17,12.649,10.751,9.45,14.26,13.552,5.807,20.369,15.117,9.085,15.221,5.534,17.997,12.71,11.988,6.827,17.0,4.09,8.021,8.48,12.871,8.196,,11.436,6.674,6.46,4.315,11.974,14.437,8.504,14.635,6.693,13.862,14.756,12.791,14.28,14.395,5.76,7.762,6.375,10.644,,11.538,14.179,8.521,12.06,8.855,9.621,12.248,15.419,10.881,5.993,11.808,5.582,13.913,14.658,7.228,4.393,8.219,13.392,8.908,13.954,13.128,11.528,9.394,16.266,7.758,,12.401,,14.53,6.882,10.644,10.551,10.857,8.481,6.845,7.696,9.549,11.657,12.421,12.655,10.116,9.7,9.344,12.483,8.736,5.938,10.395,,8.754,12.998,11.628,11.553,12.496,11.805,10.334,13.157,11.329,9.962,14.035,11.11,9.935,13.062,14.171,14.409,13.484,10.455,16.363,6.457,15.72,12.45,7.576,5.252,12.866,7.286,8.674,8.197,6.927,10.865,10.897,7.367,15.261,15.024,9.498,,,5.288,11.966,15.745,16.1,15.957,,12.619,14.361,9.536,12.446,6.737,6.833,10.547,7.483,6.279,15.788,15.498,11.387,12.97,14.82,9.164,10.543,11.126,,12.902,11.156,12.589,7.154,9.833,15.259,3.659,8.551,9.673,10.757,11.795,10.497,7.125,9.994,15.442,12.458,13.789,11.84,11.462,7.064,10.0,9.485,8.431,14.805,8.483,13.372,15.894,10.084,15.652,,15.138,9.488,9.48,10.813,5.913,9.839,13.1,11.051,8.833,,6.68,5.593,15.039,,8.395,13.381,5.183,8.986,12.022,11.328,15.965,12.655,11.364,12.912,14.855,12.679,15.272,13.611,16.429,4.628,13.397,9.187,12.467,12.036,14.837,13.261,9.669,14.236,11.283,8.917,7.241,,13.706,10.084,15.184,9.707,16.091,9.593,13.959,8.412,10.352,14.936,14.45,12.429,5.632,9.97,6.621,8.903,13.635,12.853,13.375,13.203,13.696,14.497,8.603,6.602,12.954,14.838,3.645,,10.946,7.125,9.353,15.328,12.852,9.324,17.502,9.224,13.807,7.096,12.171,10.6,8.278,14.83,,6.998,11.638,14.26,12.264,16.992,8.786,11.548,7.097,10.642,13.488,12.517,13.016,,14.563,12.602,4.913,9.199,5.546,,5.176,10.083,11.868,,8.987,14.866,14.015,12.729,9.413,15.412,9.385,7.87,15.064,12.016,13.229,12.473,12.784,8.945,34,0,1
SITE3_PT018,14.073,15.24,9.375,,11.961,13.025,10.743,8.624,10.488,,12.308,14.846,11.788,8.27,8.458,14.203,13.542,5.881,5.379,13.679,7.551,14.493,8.356,8.099,14.82,5.806,10.855,6.685,6.427,,7.515,7.841,8.414,11.543,13.161,9.966,10.261,11.684,14.277,15.479,6.042,9.535,7.945,8.506,11.591,10.939,5.393,10.141,10.402,7.779,15.012,,14.834,4.872,14.984,16.997,15.415,16.156,15.308,,14.714,6.569,11.915,9.712,13.812,10.729,7.967,11.57,8.484,6.924,10.661,9.747,9.385,8.435,10.026,10.209,11.521,13.893,8.818,16.345,15.944,10.761,7.903,10.669,13.525,11.28,14.603,10.668,12.306,7.676,13.558,9.57,,14.999,9.546,12.399,7.301,14.227,6.71,15.51,7.31,15.008,12.907,11.491,13.753,13.809,15.548,7.743,12.702,7.097,13.198,7.36,13.668,11.265,9.632,13.133,15.237,13.523,,12.245,17.055,7.422,8.461,6.468,10.626,9.028,15.507,12.579,9.48,14.553,14.165,7.736,8.459,8.612,9.988,7.55,16.39,9.61,9.972,12.29,11.891,17.959,14.957,9.696,8.866,17.272,11.229,17.085,5.348,14.652,11.294,7.18,11.377,13.803,7.954,12.655,12.634,10.168,,9.2,8.909,13.444,12.243,,16.418,14.094,8.247,15.647,7.911,15.424,11.384,12.959,8.795,16.487,6.666,7.575,6.17,13.222,8.793,13.925,10.63,5.645,7.092,5.009,10.565,15.882,8.724,15.133,7.844,14.303,15.014,12.104,13.422,14.199,5.934,7.817,7.445,10.81,14.149,12.37,15.707,9.52,11.135,7.79,10.062,13.059,13.524,10.313,5.725,12.071,6.07,12.104,14.613,7.064,,,15.355,9.944,14.21,12.282,,8.984,16.094,9.0,9.228,12.778,13.104,15.582,8.152,10.177,11.914,12.398,,7.309,10.739,10.666,8.536,10.544,10.436,9.161,10.256,9.645,9.46,8.27,4.626,9.711,12.659,8.788,11.696,9.814,12.262,12.01,,10.494,13.083,9.975,13.009,13.562,10.266,,13.542,17.079,14.823,13.282,11.05,13.94,8.246,16.732,10.588,6.565,,15.828,6.833,9.679,7.918,7.59,8.611,11.835,5.482,14.613,13.737,9.077,4.244,10.836,6.317,,15.717,17.802,14.378,10.574,11.386,12.211,9.708,,6.094,,8.794,6.484,6.084,14.729,14.953,9.477,14.743,16.514,7.9,10.786,9.152,5.719,13.111,11.617,10.372,8.897,,16.287,6.763,7.653,9.714,10.634,13.481,10.226,7.597,7.716,14.127,11.49,12.968,13.425,,7.585,9.22,12.253,,14.104,9.752,13.65,13.977,9.379,15.538,11.375,14.858,7.943,,10.704,7.772,,16.327,12.901,8.202,8.364,6.78,4.175,16.253,11.123,9.265,12.37,5.944,,10.946,12.158,16.824,11.129,11.37,13.774,13.233,12.885,16.56,12.92,14.987,6.456,14.483,9.622,10.936,11.834,16.749,14.576,9.426,12.191,14.527,9.528,7.583,5.479,12.642,11.869,15.142,8.765,17.492,11.354,15.638,7.381,10.591,14.153,13.32,14.954,7.681,9.179,8.331,,11.792,14.165,13.31,13.593,11.492,16.427,5.261,7.364,11.921,16.581,4.753,11.216,12.381,6.157,9.036,14.981,,7.47,15.367,,16.386,9.088,13.548,7.712,9.404,14.287,7.817,5.851,10.429,12.12,13.063,16.582,7.747,9.997,8.632,12.428,15.978,10.615,,9.231,16.538,,6.436,10.137,6.319,7.41,,10.171,12.538,8.33,10.825,15.654,14.348,12.402,7.03,13.306,6.416,10.521,16.655,12.556,14.348,11.722,11.538,9.204,64,0,1
SITE3_PT019,14.466,13.991,,11.756,11.579,14.345,13.849,10.809,9.331,10.964,13.307,13.393,9.545,7.945,8.97,15.597,13.973,6.926,,11.469,6.952,14.61,8.523,8.171,15.107,7.667,9.5,8.082,8.237,6.48,7.316,6.614,6.727,11.194,13.027,9.673,9.11,10.855,15.712,15.456,5.289,7.873,8.768,9.211,11.106,10.63,5.665,9.381,11.331,5.153,13.309,,13.978,4.763,14.76,15.203,15.887,14.459,14.528,13.161,13.916,7.32,10.395,11.602,14.425,10.548,8.488,11.847,8.731,7.984,9.806,10.085,,9.757,,10.791,,13.829,10.126,15.149,15.514,11.841,10.105,11.324,15.948,12.949,13.867,10.679,,9.042,13.196,8.044,11.94,13.061,6.998,11.887,,11.99,7.457,16.55,8.189,15.494,13.471,12.11,14.268,13.607,14.335,10.084,12.376,,13.397,8.046,12.272,11.318,10.821,11.861,,13.471,9.808,12.674,16.699,9.054,8.332,6.814,12.861,9.751,13.739,12.069,9.704,13.79,14.362,7.967,10.862,9.336,7.416,6.935,15.395,10.963,8.723,12.343,11.976,15.622,,10.392,9.315,15.596,13.412,15.548,6.749,13.629,11.885,,10.027,12.611,5.839,9.086,13.163,9.827,11.117,9.837,7.993,15.518,14.286,7.128,14.192,15.255,7.539,13.808,,15.915,13.244,11.077,7.609,15.276,6.579,,7.319,14.002,7.092,14.85,11.285,6.719,6.306,5.921,11.784,12.646,7.722,14.907,7.527,14.419,13.062,12.619,14.197,12.798,5.865,8.126,7.069,11.152,14.005,11.958,14.31,7.429,13.513,7.049,8.053,13.646,15.739,11.598,5.603,11.74,5.948,14.247,13.39,8.085,7.474,,17.218,10.492,13.849,12.645,10.736,7.685,15.523,8.75,11.822,,13.386,14.745,6.774,10.012,11.32,9.898,8.35,7.882,10.36,9.589,10.135,10.486,12.132,,11.027,,10.258,9.002,6.643,10.155,12.335,8.247,11.931,11.581,13.087,13.12,11.591,8.79,13.969,10.697,10.247,11.564,11.674,10.213,14.415,15.486,14.473,11.024,11.252,13.911,9.403,12.974,11.678,9.043,7.76,14.644,6.316,7.308,9.124,7.64,7.535,14.015,7.826,13.47,14.383,8.816,7.044,12.177,7.79,,15.296,15.798,13.649,10.37,13.358,12.769,9.822,12.643,4.666,8.799,11.335,9.087,7.351,13.6,17.063,,14.738,16.272,8.693,9.68,8.065,7.83,13.309,9.252,10.195,,6.653,13.935,7.776,8.051,9.28,12.278,11.75,11.052,5.63,7.922,,11.106,13.061,11.705,12.216,5.229,9.436,12.892,11.266,14.02,9.694,15.963,16.239,10.893,14.833,12.162,14.798,9.397,10.661,11.623,6.483,8.925,15.224,10.676,6.931,8.965,7.693,7.835,15.808,8.89,8.457,11.682,5.73,9.061,14.585,13.328,15.556,10.675,10.515,15.058,15.081,12.981,15.775,13.665,14.246,6.956,12.704,8.661,12.578,12.373,16.025,14.357,8.836,12.621,14.535,8.929,5.29,6.315,13.99,10.119,16.939,11.125,15.115,,13.586,8.032,12.444,13.276,15.234,13.825,,,5.552,6.886,12.954,11.921,11.944,13.624,13.142,15.366,7.415,8.191,12.301,14.393,5.564,12.178,13.962,5.362,10.763,15.869,12.111,8.193,14.676,10.544,16.01,9.028,11.493,7.407,9.186,14.572,6.634,9.06,9.662,12.7,12.695,15.213,9.248,11.194,8.456,,15.24,11.896,13.283,10.444,14.728,11.301,8.087,8.881,7.354,10.316,7.222,10.984,,9.605,11.021,16.211,13.371,,9.91,15.032,,8.15,15.015,10.662,12.782,10.723,13.965,9.079,61,0,0
SITE3_PT020,14.74,14.234,8.547,8.922,13.976,13.709,11.564,8.69,8.858,8.644,,16.202,10.773,9.639,9.144,13.76,10.439,8.891,4.663,12.108,8.123,12.984,10.95,6.121,16.055,7.356,9.983,,6.694,4.628,4.876,7.364,6.958,12.7,11.666,8.57,,10.816,14.071,14.341,5.213,,4.461,8.314,9.454,9.491,,9.191,,7.508,14.269,7.863,18.766,7.304,15.462,14.771,17.612,17.409,12.803,12.695,15.913,8.447,,9.602,12.95,11.862,9.873,12.209,8.879,5.357,10.848,6.72,6.699,10.642,5.483,,10.619,13.868,10.338,16.993,16.606,12.363,8.816,11.235,12.809,11.151,16.671,11.567,13.308,9.887,13.218,,14.255,13.716,7.88,,5.507,13.897,,16.575,5.212,13.415,13.336,12.286,14.51,14.194,15.922,9.907,11.21,6.205,11.603,7.562,12.08,10.296,,,13.498,14.117,11.039,10.716,14.735,6.092,6.123,,14.076,,14.519,14.87,,16.229,12.991,,9.414,8.94,9.531,9.443,16.539,10.693,10.407,13.613,12.201,14.729,16.137,10.424,8.489,17.798,12.011,16.304,7.307,14.796,12.0,5.98,11.825,13.317,,,14.875,9.878,11.666,9.468,9.924,14.562,12.871,,18.384,13.905,10.642,14.317,7.782,16.366,10.047,13.519,9.601,16.625,3.805,6.117,,13.316,10.89,13.102,10.887,6.508,6.882,4.833,11.726,13.5,9.096,13.717,5.936,13.672,15.805,13.136,16.26,15.757,,7.695,5.795,10.789,12.276,11.766,12.027,8.741,12.628,11.511,8.728,11.427,15.359,10.78,5.43,11.117,3.393,14.159,12.581,10.462,5.584,8.954,14.939,12.2,14.831,13.91,12.322,9.546,13.818,7.465,9.743,11.901,12.245,16.754,,,10.508,,5.467,,9.527,9.262,12.76,13.988,11.341,12.75,10.769,8.059,14.261,9.733,6.338,11.43,8.65,8.016,11.429,11.994,11.595,12.145,,8.77,12.088,11.818,9.356,13.669,7.826,11.729,15.647,14.51,15.368,13.398,8.939,13.6,6.985,16.417,13.721,6.395,5.596,12.63,5.999,8.318,10.238,6.394,,13.6,7.284,14.588,14.723,,5.086,11.939,6.8,12.39,15.367,13.167,14.623,9.613,14.016,14.366,8.694,12.371,6.53,7.245,9.314,7.136,8.098,15.264,14.545,13.032,15.099,15.267,7.639,9.127,9.579,7.504,14.441,12.907,12.674,,,15.243,6.989,,10.587,11.354,10.75,12.26,7.401,9.5,13.558,13.855,13.3,11.962,12.268,7.687,12.11,9.053,9.026,14.573,11.291,13.449,17.902,,16.279,11.77,14.64,7.329,10.999,10.407,6.048,6.733,13.656,11.727,9.39,9.474,6.728,5.019,13.324,10.64,7.083,11.688,5.242,8.6,12.243,11.768,15.969,12.27,10.847,12.998,15.537,13.06,15.599,14.505,14.684,6.989,13.632,7.738,,12.057,14.539,15.29,9.426,12.676,14.468,8.233,9.362,6.889,12.67,12.054,15.632,8.583,15.871,,13.903,5.807,12.289,15.683,14.563,11.817,5.333,10.785,7.499,7.864,14.951,13.204,,14.139,11.683,15.722,9.14,,,16.166,4.518,9.494,,6.008,9.131,13.828,11.526,7.788,16.488,7.967,14.112,,13.486,10.225,6.992,13.49,,,9.189,14.932,12.928,15.749,10.37,,5.068,10.145,14.904,13.283,11.472,10.219,16.331,11.651,7.5,10.953,4.061,7.337,2.747,10.824,10.213,,8.047,14.546,14.718,10.51,7.523,13.494,10.487,,13.757,,13.454,12.068,,8.583,27,1,1
SITE3_PT021,13.79,15.726,9.271,11.732,12.315,14.847,10.749,8.774,,9.424,,14.57,,6.724,8.267,12.828,13.628,6.794,6.107,11.544,7.261,12.735,8.141,6.809,17.312,,9.578,8.277,8.594,6.515,,6.579,7.804,14.283,13.195,10.66,,,13.944,14.5,6.272,8.07,8.205,8.359,9.879,11.615,5.7,8.954,,5.688,13.041,6.299,15.689,7.233,15.38,18.202,17.147,16.512,14.475,12.405,13.439,7.665,,11.118,15.302,,11.255,10.898,,5.734,10.617,10.18,5.428,10.321,10.087,,9.002,11.505,,13.915,14.801,11.352,,10.954,16.487,12.234,15.42,11.666,13.062,10.215,14.076,9.188,11.719,14.209,9.353,14.682,,12.449,,14.599,,16.229,14.422,13.075,14.902,13.718,17.405,9.46,12.652,4.966,12.708,9.283,13.912,12.326,8.888,11.483,14.191,9.866,12.21,11.172,16.556,8.943,7.836,6.622,13.33,9.56,16.328,11.998,10.231,15.015,12.93,8.625,8.573,,8.48,,14.42,,,13.13,12.621,14.26,16.366,9.212,10.149,16.887,12.761,16.32,6.965,,12.845,8.601,10.915,13.322,,10.442,11.776,8.813,11.662,10.064,8.992,13.31,12.673,6.064,15.276,11.524,4.477,13.325,7.932,15.632,13.485,12.267,8.078,14.751,6.28,9.425,7.246,12.742,8.619,14.008,11.851,,7.606,6.208,13.554,14.22,7.784,13.947,7.688,14.964,14.995,13.137,12.186,12.61,7.298,8.086,7.674,10.095,15.15,12.306,15.117,6.164,13.902,7.159,,13.411,14.828,11.523,5.024,11.466,4.692,12.61,13.894,9.046,,6.209,13.278,10.28,13.753,12.47,13.409,8.044,15.979,8.466,12.426,12.97,13.605,16.627,7.176,9.345,11.174,10.651,7.786,8.778,8.45,10.774,8.202,11.141,12.455,9.832,11.343,7.219,12.29,9.34,7.462,10.746,13.544,10.371,11.656,13.299,14.15,14.07,12.448,8.253,11.79,10.498,13.458,13.564,9.145,10.563,13.562,16.03,14.632,,11.254,12.647,,14.5,10.076,,6.717,13.759,6.171,8.271,8.641,8.48,6.779,12.375,,14.06,14.735,8.873,6.719,14.202,7.829,,13.428,17.65,12.636,9.802,12.377,13.943,10.07,9.04,5.876,,12.609,6.202,5.015,14.147,15.467,10.753,15.238,17.248,6.397,10.089,8.22,6.926,,11.439,10.38,7.783,6.748,15.512,6.18,8.591,9.215,9.761,12.841,11.984,8.867,,14.188,8.947,13.359,13.169,14.53,6.644,8.66,12.785,10.065,15.067,7.845,12.885,15.492,9.033,15.427,10.429,14.214,8.344,,10.827,5.405,10.98,16.213,13.223,7.427,8.086,6.923,6.123,15.78,10.367,10.163,11.261,7.722,9.891,14.291,12.748,15.408,11.049,10.412,14.07,15.579,10.654,16.153,14.836,16.121,7.56,14.245,7.055,11.755,12.597,15.492,15.671,8.2,11.364,15.079,11.523,8.707,4.251,13.728,12.073,15.409,10.583,15.92,8.72,14.369,7.919,11.009,13.842,12.833,14.526,6.567,10.803,7.046,,12.325,13.047,13.51,13.633,11.447,16.096,,8.608,13.11,14.24,5.57,10.583,11.847,6.091,9.269,14.617,12.53,9.121,13.674,9.827,16.849,8.028,11.711,8.729,9.666,13.194,7.874,5.656,7.168,12.291,13.323,15.305,8.462,11.064,8.451,,15.481,12.242,13.522,11.033,14.722,10.207,5.847,,7.521,6.923,5.343,9.82,12.791,,10.742,17.296,14.681,9.928,7.69,16.493,8.274,10.635,15.452,11.316,12.398,10.938,12.075,,74,0,1
SITE3_PT022,14.416,,7.9,11.641,13.549,15.046,12.459,10.752,11.547,8.252,12.123,15.241,9.967,8.758,8.009,14.293,13.776,7.897,5.902,,7.675,15.609,8.746,9.264,14.401,6.692,8.016,5.906,6.313,7.565,5.652,8.34,,11.642,12.762,,9.895,11.98,14.93,16.105,6.755,6.742,9.692,8.178,12.361,9.538,7.261,10.056,11.752,7.256,16.838,6.783,17.693,,14.917,15.041,15.234,13.395,13.995,13.26,13.316,,9.658,10.517,14.769,11.838,11.075,,7.834,8.081,11.66,9.873,,8.614,8.41,9.654,10.09,13.065,,16.462,15.656,8.964,10.388,9.928,13.814,12.313,13.98,11.142,13.197,8.831,11.952,7.847,13.398,13.317,6.389,11.417,7.739,12.512,8.778,14.906,7.521,14.661,14.124,12.114,13.372,14.569,14.742,8.352,11.11,7.976,,6.483,,11.396,11.63,12.892,12.957,14.875,10.484,11.967,14.078,5.92,7.309,5.981,13.86,11.444,13.443,15.19,10.015,14.554,13.549,8.986,8.269,9.164,7.067,9.233,16.097,10.846,,12.932,12.675,13.429,13.101,10.82,9.952,15.989,,14.531,6.085,13.604,12.799,5.785,15.137,12.299,6.346,11.309,15.438,,12.012,9.9,9.085,15.591,14.986,7.86,17.862,14.685,,13.972,,16.68,11.372,12.677,5.055,15.292,5.004,7.584,8.838,14.721,9.923,14.548,13.223,6.427,5.223,6.418,11.532,13.229,9.825,14.248,6.547,13.71,16.384,15.191,14.743,15.767,6.931,,7.03,10.526,12.831,10.893,13.188,7.177,14.514,8.549,8.581,12.678,14.804,,4.848,11.994,5.74,14.756,12.407,9.23,5.92,8.752,17.341,11.185,16.834,,9.861,6.652,15.062,8.077,11.948,,12.59,14.999,6.749,11.86,9.411,11.001,6.165,7.874,7.592,8.96,,12.351,12.017,9.791,9.616,7.734,12.689,9.111,6.75,10.752,9.042,7.699,11.679,11.22,12.963,11.179,13.312,,14.329,13.529,9.932,13.099,8.036,10.653,13.796,12.418,15.601,11.269,11.736,16.569,7.852,15.259,13.603,4.493,,14.353,7.367,8.592,9.871,5.98,9.528,13.109,5.446,13.916,15.77,,8.588,11.175,6.531,11.468,15.705,14.277,13.752,7.749,14.847,,7.797,12.457,6.583,8.01,10.076,6.875,6.258,15.763,14.471,12.207,14.912,15.397,8.923,10.829,,,13.827,10.203,10.779,7.307,8.376,16.622,5.783,8.264,8.332,10.251,10.548,11.96,6.228,10.312,15.672,15.469,12.279,12.27,13.334,5.577,10.603,9.102,9.197,14.529,12.071,13.709,14.675,11.0,14.068,12.47,14.067,9.855,11.408,11.424,7.215,7.791,13.28,13.167,9.418,9.476,8.147,5.469,13.747,11.076,10.209,13.106,6.335,9.415,13.057,11.981,16.056,12.943,10.602,12.798,14.99,12.232,15.501,14.92,14.968,,13.125,10.37,10.851,11.743,15.083,14.942,9.068,11.887,12.919,9.683,,6.63,14.092,10.136,16.124,10.359,14.903,11.118,14.943,8.109,12.392,14.91,17.068,14.067,5.727,10.272,,8.415,14.491,15.162,12.529,12.92,,14.208,,8.582,11.931,14.848,6.649,12.143,10.519,5.152,11.501,15.052,12.595,8.032,16.521,9.744,13.661,,13.394,11.924,7.6,13.78,7.173,,10.818,13.608,13.982,15.009,10.075,9.389,6.626,11.877,15.189,13.278,11.179,,15.172,11.909,7.771,7.868,6.872,9.487,6.057,8.654,9.95,8.568,,14.014,15.14,11.515,7.483,13.48,8.339,7.228,14.255,12.562,12.424,12.554,13.132,7.927,31,0,0
SITE3_PT023,13.803,14.7,9.113,11.128,11.677,13.74,13.37,10.022,7.773,10.947,11.265,16.255,,7.862,6.258,11.645,14.545,5.751,6.291,12.141,7.523,13.239,8.878,4.495,17.122,8.231,6.998,8.662,,,6.742,7.059,8.385,12.299,11.769,10.215,8.753,13.049,12.37,15.279,6.843,8.113,8.534,8.105,13.064,9.889,5.669,,11.165,8.246,12.396,7.149,,6.513,14.827,15.52,16.384,14.718,14.23,12.272,14.397,8.0,9.996,10.019,14.87,9.801,11.002,11.277,8.477,6.996,,11.386,7.415,10.178,9.75,9.961,9.926,14.86,7.073,15.617,14.93,11.673,8.542,11.306,16.598,13.024,15.224,11.672,10.822,9.535,14.729,7.563,10.441,15.453,7.198,10.844,7.409,13.381,6.942,15.317,6.143,17.171,15.11,14.153,13.297,13.542,17.183,8.934,11.791,6.942,12.374,8.747,12.141,11.069,10.75,11.347,14.699,12.115,10.125,13.053,15.295,,6.002,6.156,13.089,10.965,12.902,13.081,10.177,16.138,,8.738,9.451,,10.287,7.373,16.081,10.516,,12.079,11.196,16.047,14.668,11.023,8.298,17.658,11.742,16.623,6.375,14.601,12.028,9.094,9.108,14.314,7.381,9.94,12.038,10.145,10.056,12.222,9.341,15.257,10.517,8.031,18.327,14.805,8.196,14.264,6.644,16.462,13.38,12.407,,16.993,6.824,,7.704,13.32,9.542,,12.293,4.767,6.983,7.354,11.967,15.004,7.8,12.71,6.459,,17.253,12.971,12.39,15.455,5.566,9.282,6.259,10.738,15.847,12.769,13.524,7.695,13.065,7.609,8.119,14.801,14.858,13.337,7.158,9.962,,14.463,12.604,7.516,,6.366,16.068,11.384,12.313,11.558,12.711,8.563,14.187,9.613,13.582,12.304,12.523,16.198,6.847,10.463,9.783,11.773,6.701,,9.317,8.173,9.472,10.958,11.352,10.417,8.976,7.464,11.926,9.03,7.746,10.14,11.47,8.571,12.749,11.548,13.531,14.019,12.311,9.364,13.562,11.424,8.359,13.538,9.857,12.2,13.417,15.479,14.996,9.978,10.061,12.795,10.163,13.138,9.856,8.827,6.292,15.285,7.022,6.737,10.062,,8.593,14.236,6.28,14.918,13.084,10.176,7.21,11.786,8.134,8.233,14.353,16.97,11.485,9.329,14.56,10.525,8.735,11.691,5.728,7.697,11.452,,7.575,13.981,16.321,10.812,15.068,15.003,6.996,7.96,7.402,,14.814,11.203,10.671,7.331,7.062,16.123,6.846,8.493,,11.274,11.817,10.933,,6.924,13.167,13.244,12.689,11.763,14.61,5.561,,10.544,10.26,15.296,10.972,12.327,15.145,9.523,13.892,12.591,15.009,7.48,10.041,,7.062,9.352,17.391,13.222,6.64,9.739,7.3,7.235,15.651,10.94,7.868,12.7,6.867,8.433,13.631,13.152,15.806,10.883,11.245,,13.497,12.88,14.807,15.756,12.367,8.041,12.255,11.784,12.0,11.924,14.864,16.025,9.456,12.809,13.913,9.062,6.656,4.648,15.042,11.532,14.298,11.278,16.585,8.717,12.482,5.809,12.291,15.066,12.792,12.922,6.054,9.289,6.507,6.72,13.388,12.214,14.597,14.083,12.301,15.485,6.698,8.868,,14.605,5.151,10.84,,6.432,9.377,15.049,13.044,6.761,12.596,8.323,13.226,9.084,11.766,7.992,,13.373,6.897,4.38,7.448,13.023,12.334,17.303,9.077,9.994,7.442,13.412,15.953,13.245,12.482,,14.581,8.472,6.574,10.264,8.305,,,11.298,12.76,10.329,10.599,16.723,12.624,9.515,7.806,13.579,8.401,9.763,13.69,10.817,14.679,10.756,13.042,,72,1,0
SITE3_PT024,16.497,12.073,7.924,10.242,12.449,14.581,10.5,11.218,,,,15.289,9.346,9.618,9.944,13.919,12.86,7.651,5.077,12.325,5.694,13.494,12.74,8.851,14.347,8.241,8.103,5.021,5.736,5.979,5.507,,3.4,11.326,12.593,10.441,9.691,12.248,14.659,16.315,,7.257,9.106,7.748,11.909,11.179,6.341,10.83,10.879,5.764,16.631,5.505,17.441,9.285,14.865,12.691,16.493,14.825,13.225,12.045,14.319,6.436,9.691,11.826,14.579,,9.94,12.896,7.879,8.35,12.435,10.267,10.739,9.616,9.349,9.47,11.176,12.819,9.636,16.758,16.0,9.887,10.71,10.437,12.269,11.775,12.939,11.517,13.509,8.285,12.822,,16.618,13.992,7.711,11.961,7.103,13.745,5.695,17.278,6.174,13.696,12.817,,13.414,13.361,13.757,8.742,11.081,7.697,11.816,,11.758,12.812,12.238,10.132,13.861,16.133,10.19,10.608,14.534,7.148,7.985,6.865,13.474,11.08,13.102,,10.529,15.037,12.925,9.299,8.197,8.148,7.798,8.235,15.249,10.276,10.601,12.588,12.816,14.866,13.224,10.594,7.841,14.107,13.362,14.572,,14.208,11.765,,12.722,12.685,,10.357,17.279,7.211,9.632,10.959,,15.783,15.361,6.0,16.746,16.093,10.05,14.337,6.58,18.396,12.591,13.687,6.869,13.288,4.979,6.371,8.84,15.982,,15.467,13.954,7.732,5.653,6.427,,12.643,7.351,15.042,4.852,12.275,15.642,13.92,13.945,16.133,6.914,6.72,,9.228,12.818,10.766,13.465,8.668,15.022,11.824,9.72,11.208,15.547,10.703,7.051,12.435,5.515,17.598,14.234,7.842,4.872,8.512,14.842,10.678,14.144,13.637,11.684,,17.608,9.186,9.48,12.891,10.587,12.852,7.964,12.63,8.799,11.362,6.246,6.067,8.873,8.231,13.759,15.114,15.046,10.427,10.271,6.382,12.901,8.85,5.944,9.618,7.951,6.817,8.913,11.254,12.582,12.051,12.717,10.846,14.396,13.738,8.536,12.46,7.08,11.182,12.259,12.514,15.806,12.544,11.748,16.437,9.01,15.939,,,,13.934,5.179,8.873,9.969,7.065,9.214,13.168,6.155,13.127,16.662,11.074,,12.133,5.471,12.582,15.153,14.807,15.448,10.115,13.986,13.291,9.814,12.051,6.392,8.879,11.155,8.154,8.414,14.013,15.957,,14.222,15.959,10.644,11.441,11.267,5.349,12.535,9.797,13.314,5.156,8.6,16.178,6.856,6.558,9.044,9.885,9.637,12.74,7.514,,14.177,14.019,13.285,15.423,12.678,6.352,11.526,8.838,6.932,,11.052,13.684,16.352,11.995,15.214,13.727,15.51,9.326,12.363,11.723,7.8,10.795,12.198,10.195,10.902,9.404,8.257,5.974,14.261,12.163,9.236,13.135,,,11.049,12.528,17.413,12.887,11.022,11.85,16.646,14.377,16.466,14.308,16.798,6.882,11.638,,12.92,11.042,13.741,17.107,9.195,,13.809,10.137,,7.829,12.942,10.323,15.588,,15.518,11.044,14.786,6.442,12.576,14.383,17.73,12.885,6.708,10.194,8.735,6.058,14.148,13.38,13.039,13.2,14.425,12.61,5.957,7.723,11.841,15.763,6.145,11.029,11.893,6.673,9.501,15.239,11.727,8.968,18.37,9.389,13.777,8.896,13.142,12.755,8.107,15.936,9.077,6.812,,13.45,15.297,15.591,9.205,9.387,,,15.169,12.427,10.672,8.715,16.208,10.528,7.868,9.81,,7.418,,11.141,10.013,8.738,,15.078,13.978,11.011,8.968,14.342,7.655,8.693,16.204,12.221,12.854,,12.679,8.422,18,0,0
SITE3_PT025,13.973,14.318,7.251,10.842,12.552,15.711,8.866,8.897,8.602,9.562,12.656,,12.174,9.083,,14.582,11.113,7.902,5.698,13.526,7.055,13.592,10.161,7.438,17.52,6.195,9.796,8.549,,7.165,5.124,,9.027,,13.826,9.5,11.284,10.292,13.736,13.809,5.559,9.864,,8.871,10.289,9.319,,9.733,10.641,7.321,13.16,7.557,14.52,5.783,13.595,17.408,16.983,15.719,13.774,13.431,16.612,,11.934,9.92,14.636,11.334,10.245,9.482,7.983,5.072,,8.735,7.638,9.352,9.854,9.722,11.149,12.865,6.081,16.545,15.772,11.953,8.504,9.125,16.277,12.707,13.861,11.274,12.483,10.217,14.404,6.574,10.915,14.019,9.117,13.581,5.775,12.363,4.677,15.987,5.945,13.887,13.081,14.087,12.363,14.584,18.731,,13.207,5.743,13.079,,12.542,,10.367,10.624,14.692,12.553,11.014,13.459,15.514,10.017,7.521,7.613,12.656,10.853,15.267,12.38,10.247,14.712,14.642,9.899,9.041,8.245,9.692,8.901,14.518,9.601,10.429,13.525,13.537,16.783,16.234,10.477,7.476,19.73,11.07,17.241,,13.006,11.916,6.848,9.988,13.701,6.923,11.792,10.979,11.001,10.546,,10.635,13.662,12.93,,18.768,13.193,8.158,12.673,6.781,14.279,13.84,12.251,7.112,16.87,6.265,8.005,8.804,13.837,10.223,15.456,10.499,3.677,4.694,7.208,12.645,14.021,6.648,14.4,8.293,15.131,15.477,13.023,14.072,15.127,5.433,9.319,8.634,11.599,,13.243,13.82,,13.549,6.567,8.098,14.09,14.291,10.337,4.412,12.564,,13.699,14.547,,7.238,6.875,16.217,12.752,12.966,9.67,12.963,,13.215,8.707,13.659,15.59,11.456,17.342,,10.786,10.412,11.602,7.759,6.75,10.679,11.838,,12.389,11.414,9.817,9.223,8.48,11.104,8.704,7.87,9.234,10.912,8.844,12.627,11.011,15.298,14.351,10.712,,11.976,8.898,11.358,14.329,9.204,11.065,13.974,15.584,13.998,11.517,8.708,11.914,9.184,15.58,10.752,9.269,6.751,14.368,5.736,8.704,7.411,7.438,9.42,11.977,8.405,15.637,13.436,8.98,4.378,12.287,8.33,9.935,17.089,16.935,12.955,10.028,13.806,12.32,8.316,10.825,,8.743,12.026,6.541,,15.47,14.713,11.101,14.98,15.27,5.349,,8.975,7.68,15.502,10.518,10.115,8.304,9.262,14.722,7.247,8.157,10.597,10.804,13.055,10.412,8.263,7.165,15.173,10.835,12.206,12.665,13.882,6.613,9.213,12.668,,14.408,10.12,13.658,15.055,8.342,14.878,11.486,16.116,6.941,9.696,11.476,7.408,,16.444,12.075,7.816,8.412,7.272,4.576,15.922,9.402,9.246,10.314,,7.131,12.598,14.199,16.698,10.663,11.486,15.209,14.957,11.259,16.081,13.486,15.05,6.946,14.363,9.504,12.159,12.874,14.893,15.81,7.761,13.874,12.21,9.178,8.624,5.642,13.958,11.394,17.586,11.771,19.154,9.39,12.924,7.95,12.262,14.21,11.642,12.63,6.85,10.437,6.167,6.734,15.211,13.563,14.851,13.35,11.021,17.832,7.387,9.48,12.26,15.907,3.134,10.093,11.757,7.672,9.866,15.217,12.674,8.164,11.95,8.222,15.252,7.14,12.87,8.168,8.844,13.017,5.749,4.377,6.49,12.845,12.768,16.723,8.461,11.293,,13.122,15.441,13.175,9.899,11.027,14.721,11.32,5.893,9.159,7.294,6.83,,10.353,12.79,8.883,12.064,16.384,13.897,11.274,6.183,12.716,9.952,9.162,14.874,10.725,,10.592,11.358,9.625,72,1,1
SITE3_PT026,14.252,14.684,7.442,11.613,13.101,13.216,11.937,8.737,9.053,10.32,13.775,14.715,12.4,7.573,7.547,12.82,15.078,7.526,7.93,10.835,7.66,15.499,8.127,,16.993,7.208,10.186,7.79,7.397,7.798,6.676,7.927,,13.2,13.539,9.146,,11.259,13.579,15.054,7.55,7.707,8.486,8.686,12.89,9.938,5.706,8.629,11.621,5.719,13.45,7.783,13.132,7.922,13.756,15.752,15.283,13.778,15.244,12.106,13.602,,11.409,11.726,15.274,8.871,8.822,11.784,9.55,8.816,10.49,9.305,7.063,8.707,10.91,9.417,8.053,12.908,7.71,16.123,15.618,10.403,8.997,11.587,16.55,12.366,15.444,11.803,11.718,10.478,15.076,8.658,11.469,14.899,7.275,12.112,,13.285,6.859,15.513,7.195,17.101,11.954,12.907,12.318,11.625,16.464,7.804,12.808,8.527,11.639,7.649,10.616,13.774,8.37,10.324,13.147,14.368,11.663,,16.218,7.209,8.699,6.742,12.91,10.48,12.895,12.931,,14.739,14.309,7.872,9.273,7.934,7.571,8.435,14.695,10.364,8.767,11.551,11.211,15.269,14.108,9.708,9.687,16.442,14.466,14.263,,14.745,13.784,7.877,11.083,12.244,6.048,10.04,14.276,10.587,10.59,11.182,9.161,15.174,13.187,8.934,15.603,15.244,7.545,14.031,7.345,15.636,13.963,10.565,,14.017,7.449,9.325,6.483,13.187,8.081,16.554,12.179,5.014,8.35,6.665,12.102,14.068,,14.535,,14.777,13.839,,12.221,13.693,,,7.799,12.592,13.756,14.159,13.043,7.079,13.098,8.156,8.211,13.49,15.124,12.364,6.535,12.436,7.526,14.673,13.035,7.532,7.168,7.146,15.201,11.251,12.212,13.683,11.681,6.397,14.166,8.904,14.074,13.118,12.342,15.573,6.278,11.292,9.27,9.397,8.166,7.32,8.796,9.458,7.19,10.092,12.956,10.656,,7.356,11.487,,6.089,9.698,13.319,8.523,11.891,11.665,13.382,12.802,14.445,9.352,14.346,11.172,10.111,11.835,10.303,10.629,13.201,17.17,15.311,,10.748,12.78,9.877,15.604,9.217,5.521,,13.854,6.58,7.961,9.26,7.815,10.069,12.548,7.506,16.241,12.877,9.973,5.713,11.444,7.323,8.916,17.004,16.035,12.896,11.132,12.4,11.118,9.543,11.832,7.017,8.735,12.443,6.502,8.827,14.747,16.544,12.101,13.336,17.322,6.515,9.134,9.471,6.722,14.56,,11.045,8.101,7.049,15.154,,8.023,7.858,11.835,14.213,10.256,7.808,7.493,14.743,12.68,12.85,14.27,14.129,5.126,7.673,14.185,9.068,14.966,11.472,,14.359,,13.433,12.347,13.592,8.447,11.039,10.556,7.241,10.378,16.241,15.143,8.657,7.797,8.057,7.639,16.796,9.749,8.518,,6.488,8.752,13.634,13.849,13.8,12.742,11.218,14.786,14.833,12.311,15.56,12.621,14.736,,13.994,9.881,,13.563,16.525,15.646,7.623,13.44,13.805,10.228,7.68,,13.878,12.59,15.484,12.551,15.699,9.323,13.325,7.155,11.115,13.666,13.742,12.535,8.045,10.87,7.955,,12.525,13.347,13.705,15.745,12.048,15.231,5.648,8.329,13.379,14.873,,11.67,13.183,,9.486,15.702,12.866,8.611,14.318,9.992,15.054,8.951,12.181,9.018,9.013,14.945,6.654,6.077,8.498,13.735,12.907,15.231,8.601,10.08,7.188,9.982,16.696,12.844,12.409,11.286,12.076,11.271,8.403,9.744,7.741,7.726,,10.937,11.222,9.648,,17.357,13.26,10.879,10.503,14.564,7.641,8.802,15.728,10.252,13.816,11.314,12.518,9.527,71,0,0
SITE3_PT027,15.297,16.256,8.274,,12.945,15.469,,8.352,8.444,9.794,12.191,13.971,11.241,8.623,5.767,13.186,11.187,8.111,7.071,13.062,7.065,14.035,11.102,,18.19,6.729,10.28,10.236,,,5.783,,9.683,13.868,12.284,,10.467,11.263,15.916,13.002,3.964,10.242,,9.873,11.689,10.349,,,10.785,6.234,11.751,5.905,15.554,5.683,14.086,16.757,14.158,14.58,14.369,12.627,13.176,7.492,10.719,9.139,14.909,12.401,11.206,10.475,8.786,7.49,8.359,10.167,5.451,,9.267,8.982,10.24,12.717,7.685,13.194,17.089,13.775,7.989,11.374,15.588,12.747,15.768,11.589,13.147,10.064,12.689,5.717,9.709,15.753,9.73,12.711,6.697,12.176,,15.476,,14.06,14.242,12.243,13.392,13.154,17.695,,11.799,5.429,12.077,8.586,,9.589,10.162,11.393,14.016,9.76,11.747,12.198,14.336,,,8.389,12.919,8.596,14.679,14.086,10.715,14.002,13.937,10.554,,7.004,10.398,,15.05,8.516,9.054,12.502,12.487,17.228,14.844,10.941,8.629,17.246,12.747,16.939,8.348,14.366,11.713,8.699,9.871,13.716,7.936,11.967,13.235,10.355,11.173,10.695,,13.549,11.068,5.032,17.38,13.961,7.354,13.309,6.366,13.982,13.915,11.147,7.319,17.456,5.468,8.52,7.367,12.084,8.989,15.877,9.213,3.65,,8.711,12.231,13.71,5.802,14.92,7.948,15.991,15.484,11.538,14.196,14.615,8.261,,7.171,11.904,14.476,14.26,14.467,,12.035,7.538,9.067,13.567,12.498,11.702,,11.227,,12.241,11.544,8.124,7.967,6.932,14.772,13.29,13.854,11.956,13.497,,15.187,9.223,,14.427,11.415,16.557,6.763,10.246,12.289,10.79,7.003,4.57,9.698,11.783,9.231,11.598,11.734,9.627,11.762,9.4,,7.724,,10.776,11.656,10.237,12.434,10.501,12.322,13.567,10.826,7.41,9.701,10.097,9.532,14.445,,11.781,13.106,17.445,16.787,11.824,9.435,11.646,7.462,15.155,10.484,,5.879,15.652,7.42,8.621,9.629,5.972,9.965,12.742,6.714,15.185,13.411,9.687,5.288,11.389,7.753,8.749,15.645,18.644,14.756,10.564,12.718,13.613,8.781,9.909,5.127,7.42,11.816,5.171,7.527,14.79,15.053,11.468,15.147,15.687,4.782,10.056,8.268,,11.666,11.668,10.065,7.717,8.56,14.703,5.897,7.694,11.255,9.95,12.879,10.227,,7.266,13.197,10.551,13.703,11.808,15.014,,10.344,,9.281,15.262,,14.131,13.377,9.179,13.656,12.137,15.232,9.173,10.083,10.54,,9.273,16.692,11.028,8.004,,7.716,,17.022,10.24,10.6,11.639,4.787,7.603,11.939,12.765,16.788,11.3,11.08,14.209,11.982,10.517,17.617,14.48,13.204,7.643,14.444,10.539,11.037,12.771,16.333,13.646,8.6,13.116,12.756,9.754,6.111,,14.485,,12.729,10.977,17.699,10.181,14.255,7.73,10.92,13.928,12.155,13.572,4.981,10.194,6.764,6.654,12.883,14.692,15.637,15.94,10.538,15.864,,,12.393,14.58,3.353,9.838,12.279,6.098,8.77,14.234,12.764,8.525,14.044,10.14,14.321,,12.515,8.059,10.406,14.086,6.263,5.695,7.784,13.947,12.316,15.24,5.95,9.814,6.663,12.184,16.728,12.053,10.694,10.594,15.184,10.319,5.746,8.46,7.206,7.037,4.712,,10.466,,11.687,15.867,13.557,11.845,7.745,14.024,9.228,7.502,15.954,,15.928,12.002,13.343,8.314,71,1,1
SITE3_PT028,16.277,14.333,9.74,11.988,11.86,15.761,14.092,9.074,9.606,10.378,14.372,15.695,10.983,9.077,7.871,12.061,15.157,7.125,6.311,11.665,7.158,14.177,9.344,,17.042,6.147,,8.043,6.823,,6.149,7.599,7.252,12.929,12.157,9.435,10.975,10.745,13.836,14.999,4.882,,7.291,9.767,11.937,10.22,,8.866,11.976,8.076,14.509,5.091,13.944,7.556,14.646,15.267,15.369,14.075,13.478,13.18,12.774,8.001,12.754,,13.939,,10.172,9.277,9.276,8.89,10.46,10.095,7.429,10.221,9.156,8.131,9.157,14.466,7.931,16.157,16.101,10.415,8.749,10.947,15.749,11.757,14.313,11.018,12.008,9.993,15.342,6.795,11.267,13.738,9.37,11.85,6.103,11.517,6.88,15.316,6.837,16.359,13.68,12.929,13.338,14.147,16.624,9.195,12.115,,12.05,,12.771,11.778,10.526,10.272,15.124,12.78,,12.62,,8.557,4.829,6.255,11.89,9.261,16.019,13.098,8.278,16.051,13.531,8.033,9.447,9.667,8.138,8.016,16.713,11.021,10.27,12.738,,14.178,14.091,11.461,9.472,17.487,12.363,17.993,6.903,15.187,13.311,8.17,10.393,12.939,,10.146,11.641,9.664,11.578,10.228,10.351,15.727,11.982,7.405,15.955,15.036,9.137,13.215,7.349,16.727,12.03,12.007,7.32,13.983,6.222,9.696,7.097,13.274,7.8,15.167,11.071,4.287,7.209,6.488,11.524,14.244,8.137,11.789,6.919,12.417,15.354,13.142,12.757,14.392,6.645,6.897,9.36,11.692,13.052,13.848,14.592,7.703,13.472,6.634,9.02,13.995,14.927,11.972,4.477,10.508,5.923,15.05,11.623,8.133,7.143,6.653,15.155,11.733,13.946,12.765,11.724,7.829,15.196,8.934,13.809,14.735,12.393,16.925,6.311,11.204,9.872,11.681,6.097,6.588,7.879,10.095,8.371,10.425,12.525,,9.608,,11.435,9.027,7.552,9.194,11.029,7.85,11.441,10.495,,,10.686,7.758,13.532,12.383,8.762,12.56,10.523,11.04,12.789,15.781,15.716,10.967,10.182,12.906,7.704,13.871,11.57,7.339,7.062,13.214,,6.979,8.117,8.07,11.239,13.75,8.539,14.45,14.942,9.288,6.556,12.197,10.133,9.691,16.735,14.29,11.803,9.804,,12.129,8.706,12.069,6.225,,8.328,,8.08,13.554,13.496,11.254,15.028,14.956,6.31,9.649,8.583,6.451,15.521,11.816,8.895,8.073,8.618,14.595,,7.914,9.583,12.222,13.04,10.252,7.995,7.411,13.06,10.318,12.804,12.067,14.618,7.418,9.196,13.226,10.432,13.642,10.181,13.253,15.436,10.794,14.575,13.917,15.554,8.647,10.187,12.007,7.65,7.98,15.71,12.367,7.88,9.56,,5.541,15.081,10.724,10.535,11.166,5.429,9.059,13.704,11.678,16.075,11.138,10.361,16.23,13.834,13.111,13.382,15.139,13.676,8.302,,10.714,12.672,12.584,15.586,17.225,,14.136,13.123,8.421,5.928,5.877,12.234,11.583,14.058,10.395,17.02,10.948,13.217,8.625,12.736,14.22,13.529,14.288,5.743,12.139,5.784,5.311,12.811,13.89,13.908,15.126,13.097,14.504,6.181,8.763,11.069,13.421,5.655,11.36,14.168,7.526,10.395,15.492,12.922,7.58,12.679,7.681,13.22,9.552,12.221,,8.828,13.397,7.27,5.365,8.26,13.17,13.555,14.679,8.864,,8.226,10.298,17.394,14.065,11.564,9.952,14.758,,8.374,11.191,7.264,8.592,,11.348,12.725,8.543,10.126,14.3,12.606,13.198,9.511,15.418,9.492,9.46,15.689,9.926,14.159,11.489,12.709,9.04,63,1,0
SITE3_PT029,15.442,13.69,9.289,10.362,12.161,13.295,13.844,9.86,8.819,9.163,13.001,15.213,10.203,,8.514,13.088,14.183,7.314,6.359,11.352,7.507,14.53,10.421,6.676,15.749,7.47,8.17,,7.655,6.824,7.372,7.239,6.724,,12.02,8.502,11.367,10.435,14.332,14.921,6.855,,7.477,10.355,11.122,10.988,8.343,10.511,10.485,8.011,12.541,8.236,,,14.737,14.638,16.393,14.197,13.894,,14.955,8.323,9.689,10.424,13.562,10.556,9.6,11.008,,7.957,9.213,10.277,7.027,9.515,7.979,,9.883,14.767,8.199,15.758,15.184,9.648,9.335,12.362,14.024,13.221,15.116,11.558,13.152,7.813,13.098,6.296,12.879,14.239,7.287,12.321,6.467,13.4,8.147,14.246,4.925,15.129,15.423,14.358,14.193,12.948,15.823,,12.865,,11.743,6.531,10.666,11.495,12.127,12.187,,14.985,11.013,11.229,15.804,7.006,5.716,5.704,11.469,9.491,12.241,13.006,10.588,16.377,12.614,8.793,,8.076,8.238,9.02,15.839,10.143,,13.433,9.851,16.014,13.01,,9.966,16.495,12.903,16.432,6.533,13.616,12.543,7.054,11.433,13.762,6.014,8.981,12.417,8.559,11.197,11.045,10.117,16.034,12.172,6.603,17.567,13.835,,14.177,7.083,17.12,11.806,13.899,7.343,15.528,4.088,8.059,8.721,14.228,8.902,14.708,10.473,,,5.54,12.156,13.269,8.674,13.842,,14.061,14.494,12.567,11.96,15.904,7.858,8.179,7.887,11.009,13.212,13.441,14.307,8.357,13.836,8.938,8.568,13.646,14.887,12.701,6.823,12.42,5.908,13.779,12.275,,7.221,9.436,14.918,11.476,14.691,12.443,11.768,,14.99,7.654,11.375,12.762,11.294,16.396,5.163,13.334,10.234,12.126,5.678,5.629,7.915,10.156,9.578,11.938,12.137,9.786,,7.987,13.266,,7.147,12.346,,8.802,12.789,11.856,14.105,12.755,12.501,9.013,12.726,14.169,8.51,11.781,9.925,9.66,15.484,14.421,15.527,9.943,10.609,12.424,9.092,14.415,,6.647,7.214,13.212,5.836,8.997,9.497,6.676,10.163,15.159,6.256,16.054,13.422,9.223,7.867,11.572,,9.8,17.89,15.053,13.54,8.196,14.926,12.251,,14.089,,6.789,10.823,7.968,7.32,15.402,13.868,,15.647,14.968,6.741,9.173,10.305,6.734,14.569,10.193,11.754,6.562,,14.678,6.575,6.714,9.623,10.342,11.988,10.786,,,13.726,13.099,12.487,11.274,14.131,6.149,11.614,9.761,9.958,14.169,10.114,12.352,14.884,11.796,14.891,13.752,13.098,8.708,9.796,9.994,8.207,8.316,14.823,10.732,8.429,9.815,,4.867,15.236,9.878,8.581,11.221,,9.191,14.365,12.229,15.129,12.185,11.231,15.236,14.886,11.749,13.987,,14.318,7.279,12.822,,11.69,11.127,15.233,14.522,10.082,,14.582,7.911,7.288,5.589,14.804,11.318,14.169,,15.705,10.131,12.133,8.213,11.34,,15.969,13.808,,10.716,6.655,7.477,13.062,13.351,13.568,13.307,,13.865,7.89,8.034,12.185,,5.8,,10.98,8.706,9.489,14.671,13.398,5.82,14.252,,13.011,8.768,12.663,9.502,8.296,16.567,6.299,3.936,10.102,,13.753,14.961,10.478,8.954,6.365,10.211,14.118,15.503,10.511,9.874,16.11,12.347,8.823,9.476,6.539,8.379,6.061,10.746,11.768,9.039,11.989,16.679,13.193,13.513,7.301,13.132,8.358,8.938,15.352,11.773,13.569,12.027,13.586,8.071,50,1,0
SITE3_PT030,14.424,15.927,11.495,12.792,12.729,15.357,12.088,10.514,,9.75,,14.326,10.695,6.735,8.747,13.051,14.1,6.203,6.506,12.884,6.822,14.573,7.924,7.449,15.818,6.028,9.574,6.837,,,,,8.105,11.955,13.545,9.941,9.406,12.355,14.56,14.736,5.828,8.514,,9.177,10.206,9.466,5.142,10.102,11.642,6.133,13.802,5.51,14.662,7.358,14.961,18.511,16.364,16.779,15.265,13.392,15.048,6.103,10.884,10.19,13.912,9.473,8.955,12.713,10.079,,10.563,8.082,7.374,9.725,9.48,9.871,10.612,12.51,7.688,15.765,15.66,,9.193,11.716,15.139,12.001,15.284,11.606,13.275,,13.909,9.432,12.363,15.435,8.631,12.82,5.202,13.576,7.016,15.311,7.263,13.951,12.416,11.812,14.173,15.14,15.555,8.395,13.931,7.369,13.013,8.376,11.514,11.785,10.963,11.521,13.048,12.283,11.658,12.549,15.814,,8.587,5.617,11.508,11.395,14.633,11.983,9.242,,12.84,8.095,8.518,8.437,11.25,,14.391,9.827,10.619,13.925,12.465,17.251,14.083,11.182,8.404,17.075,11.557,16.997,6.001,16.083,13.208,,11.257,11.347,6.873,11.235,13.024,8.862,10.183,10.176,8.273,13.726,14.442,6.764,17.292,13.591,7.79,13.687,7.107,14.96,11.785,12.67,6.947,17.026,6.679,8.725,7.246,12.599,7.959,15.339,9.772,7.367,6.452,5.52,12.597,13.565,8.373,14.472,7.764,16.18,16.659,13.897,,13.914,6.042,11.039,6.325,10.712,14.908,13.536,13.571,6.953,12.284,6.888,7.944,13.634,13.714,10.714,,11.933,5.484,14.449,12.827,8.064,6.58,,14.65,9.666,13.911,11.561,12.117,9.175,15.749,,13.328,12.223,13.565,15.95,9.101,,10.328,12.599,8.295,6.584,7.36,10.223,9.856,12.379,10.971,9.73,11.166,9.874,10.184,10.224,,9.915,12.254,10.306,11.837,12.032,12.09,13.227,,9.57,12.176,11.168,12.022,11.992,11.98,11.477,13.225,16.657,14.63,10.694,10.349,13.218,8.572,15.578,,7.588,6.436,14.813,7.162,8.112,9.418,,9.722,12.804,5.64,12.899,13.529,9.076,5.082,12.89,7.278,8.287,15.692,16.592,13.579,9.196,12.881,12.531,9.324,10.012,7.197,7.71,10.228,5.776,4.194,14.786,13.53,9.572,14.558,16.277,6.655,9.039,7.812,7.846,13.207,11.81,10.881,6.316,7.88,14.077,6.59,,10.49,9.973,12.259,11.623,7.351,7.3,13.45,9.677,12.985,12.107,15.249,5.016,,12.397,10.169,15.321,10.089,13.32,14.054,9.786,15.533,11.632,14.109,9.529,13.596,9.568,5.63,12.208,15.961,12.863,6.656,9.117,7.447,,15.71,9.963,8.754,,6.429,,12.354,11.391,18.689,12.907,10.782,11.418,14.775,13.942,15.658,12.38,15.19,7.451,15.749,9.38,10.063,12.541,16.27,15.045,8.857,13.513,13.172,9.252,8.062,7.566,13.811,11.084,15.594,10.265,16.81,10.236,14.251,5.303,10.802,,12.81,12.318,,9.657,6.704,9.081,11.923,13.413,,14.326,11.724,15.908,8.286,8.104,11.294,14.53,,9.96,10.841,6.612,9.464,16.246,12.728,10.106,13.344,9.238,16.317,9.531,13.355,7.724,9.592,15.079,9.688,7.509,8.21,13.845,13.388,17.905,9.082,9.768,7.743,11.466,16.827,12.295,,10.848,14.802,9.382,5.6,10.614,6.405,7.209,7.499,10.566,12.394,9.849,11.532,14.622,,10.529,8.803,15.082,7.063,10.398,17.187,10.864,15.104,12.616,12.482,9.994,65,0,1
SITE3_PT031,14.61,10.92,8.709,8.944,13.355,14.74,10.443,10.2,,7.684,12.709,15.578,,8.021,9.183,14.557,11.809,9.277,7.42,11.933,7.526,13.27,,9.706,15.396,7.618,9.473,6.929,6.89,5.489,5.029,6.625,4.787,13.182,12.31,10.12,9.984,12.528,14.835,13.809,6.641,8.338,7.518,9.11,10.783,10.231,7.577,10.671,,5.763,14.782,7.454,15.486,6.637,15.51,16.188,16.258,14.748,12.025,,14.527,5.416,9.796,10.884,13.179,10.633,10.723,13.372,9.959,7.417,11.35,8.835,10.448,9.837,8.781,,10.678,11.874,,16.602,15.448,12.544,10.182,12.099,14.702,14.035,15.784,11.053,14.365,9.757,12.235,8.387,15.232,13.246,7.159,13.551,6.879,13.597,8.891,16.093,5.663,12.899,12.807,12.141,13.728,15.94,14.84,9.246,12.496,4.889,13.094,8.595,13.275,,11.413,12.42,13.461,13.249,11.051,11.426,15.677,6.224,,5.721,13.107,10.58,15.28,11.924,8.588,14.823,12.53,10.0,7.356,9.016,7.525,7.403,15.468,9.414,,15.595,11.462,16.617,14.097,9.465,9.585,16.628,12.46,16.498,6.245,13.829,11.538,6.373,13.985,13.883,5.009,11.217,14.107,9.813,12.817,11.616,9.109,15.36,14.034,6.016,18.594,13.759,8.822,13.245,7.647,15.347,10.314,14.11,8.718,15.949,5.166,6.087,6.282,13.929,,15.605,13.641,8.023,4.875,4.393,11.007,14.546,8.691,13.528,,14.962,15.788,13.817,13.099,12.616,5.495,,7.464,10.605,13.766,11.453,13.064,8.073,,10.583,6.785,11.828,14.157,10.704,6.332,,5.232,13.03,15.123,8.841,5.271,,13.669,11.19,14.514,14.045,13.31,,15.753,8.953,9.696,11.382,12.873,14.951,7.653,10.904,10.087,12.621,6.87,,7.1,9.515,,13.567,11.278,9.074,10.972,7.663,13.429,10.21,6.906,,10.732,9.395,10.132,11.159,10.411,13.171,12.029,9.743,12.541,11.267,11.216,14.422,8.626,10.25,14.282,14.247,15.241,,8.853,15.109,,15.363,13.707,8.515,7.081,15.196,7.119,8.364,9.314,8.028,10.56,11.032,7.632,16.072,15.175,8.338,8.174,13.631,8.502,11.244,12.986,15.695,15.438,10.655,12.929,14.885,,12.081,6.283,6.829,11.306,7.317,7.899,13.47,14.426,10.399,14.374,14.981,8.543,12.179,11.423,7.739,12.612,10.019,13.631,,8.02,14.659,6.064,9.1,10.244,10.141,11.365,12.949,6.308,9.113,15.69,12.196,13.407,11.162,13.561,6.804,10.535,9.513,,15.655,9.542,13.264,15.07,11.386,15.795,11.819,15.23,9.039,11.582,11.079,6.479,10.744,13.573,,7.881,,6.678,6.937,14.177,10.015,9.221,12.56,4.789,8.536,12.775,11.385,16.528,11.315,11.519,12.921,14.424,12.657,16.902,14.779,16.063,7.004,13.925,8.653,11.779,12.197,15.468,14.231,9.056,14.149,12.712,8.666,7.675,7.73,12.685,10.732,16.498,8.118,17.046,12.265,15.304,7.763,11.235,13.96,13.764,13.344,,9.125,7.603,8.749,13.03,12.862,13.782,14.712,13.147,15.441,7.967,8.051,12.713,15.675,6.591,10.116,11.792,7.233,11.112,14.162,12.325,9.32,16.97,10.18,15.09,8.417,12.554,11.635,8.349,15.155,,6.096,10.683,13.862,13.511,17.044,10.411,10.53,,9.406,15.345,13.381,12.382,8.793,15.331,9.659,,9.906,5.999,7.144,5.912,10.203,11.321,7.984,8.455,14.027,14.224,13.041,9.356,16.277,8.699,9.719,14.856,11.553,13.918,13.03,12.239,9.928,36,0,1
SITE3_PT032,13.925,16.044,8.152,12.482,11.946,12.716,12.311,7.814,7.314,10.522,12.564,14.332,10.16,9.65,6.743,12.788,14.27,,,12.082,6.914,15.825,8.238,6.779,16.111,6.685,8.794,,7.467,,6.298,7.884,,13.921,13.422,,,10.871,14.11,12.226,7.41,9.178,7.669,10.057,12.249,9.322,5.372,8.36,11.485,8.369,14.03,7.599,14.291,5.72,13.429,15.224,15.752,,14.723,11.899,15.569,7.426,10.693,11.281,12.422,11.113,9.72,9.496,9.856,8.488,10.852,9.518,8.223,10.94,10.305,9.684,9.001,12.81,9.412,15.797,14.257,,7.751,12.148,15.159,11.423,15.76,11.447,12.399,10.068,14.1,5.851,11.782,14.483,7.065,12.233,6.426,12.691,7.158,15.427,6.639,15.571,15.132,11.582,13.921,,16.387,8.693,11.09,5.105,,8.102,11.151,9.163,9.461,11.555,13.997,12.662,11.211,14.055,16.093,,7.615,7.461,11.036,11.078,12.254,11.957,10.004,15.306,13.668,7.733,9.294,6.28,7.456,7.348,15.176,8.968,10.21,12.345,12.204,16.771,15.131,11.87,10.206,17.932,13.73,15.269,6.463,15.311,11.349,8.499,10.894,13.708,5.9,,12.267,9.556,10.733,10.622,8.785,16.852,11.894,6.514,16.565,14.609,8.89,12.488,6.856,16.287,14.8,12.1,6.956,15.968,5.669,8.955,8.002,13.022,7.398,14.193,12.139,,7.642,6.65,11.686,14.754,7.361,14.198,7.327,14.398,15.939,13.014,13.34,15.114,6.306,9.174,7.88,10.538,14.094,15.634,16.124,7.46,13.678,6.584,9.727,13.832,15.512,13.522,6.527,12.117,7.638,14.512,13.245,7.692,7.452,8.06,17.362,10.542,13.301,11.256,12.613,7.606,15.639,8.701,13.041,12.337,9.952,16.687,8.305,10.393,10.082,10.23,6.348,8.86,10.137,10.719,9.883,10.42,12.251,12.128,8.42,9.246,10.969,,5.773,11.289,,,12.829,11.916,,11.369,12.068,7.571,14.958,10.978,9.218,,11.498,10.79,13.982,16.751,14.555,11.127,10.668,10.749,10.014,15.935,9.421,6.007,7.976,14.112,6.454,,8.332,8.172,9.324,13.699,,13.824,13.005,8.806,6.567,10.836,,9.181,16.241,16.637,14.582,7.962,13.506,11.955,7.769,12.659,4.032,9.596,10.876,6.531,,15.063,15.877,11.724,15.969,15.205,,10.249,,,14.743,10.505,8.279,7.302,8.449,15.187,8.816,6.856,9.164,10.835,12.607,10.016,5.877,7.937,13.576,10.532,12.371,10.184,14.024,,10.174,11.267,9.907,14.579,9.306,14.308,14.611,10.839,14.344,,13.329,8.325,10.639,12.387,,7.844,16.307,13.28,7.104,10.142,8.675,6.963,18.324,9.811,9.024,10.609,5.534,7.406,14.669,11.737,15.239,11.033,,14.738,13.412,12.895,15.044,,14.808,,11.913,10.979,12.845,12.954,14.746,16.022,8.208,12.962,13.923,8.758,4.66,5.249,,11.48,13.863,11.925,16.636,8.697,14.029,6.402,11.444,12.92,14.037,14.49,6.907,10.678,6.141,6.848,13.068,12.439,13.851,14.849,12.214,15.533,6.633,7.981,11.629,13.556,4.594,11.12,12.21,,9.008,14.46,12.574,7.6,13.005,8.108,14.441,7.472,12.78,8.521,8.204,14.921,6.731,4.481,,13.781,13.401,16.026,8.226,11.284,,10.715,16.094,15.199,11.065,10.874,15.353,9.51,4.736,8.567,7.164,7.952,6.769,10.859,10.504,,11.548,15.977,11.758,11.408,8.51,13.659,9.617,10.94,13.951,10.672,,10.524,,9.606,71,1,0
SITE3_PT033,12.973,14.281,7.853,10.84,12.323,14.666,12.12,,9.678,10.834,12.344,13.146,9.743,9.545,7.943,13.373,13.947,8.373,6.44,11.896,6.755,15.455,8.683,8.28,14.56,7.14,8.688,8.111,6.925,,7.636,,8.263,12.461,12.62,9.743,,10.625,14.167,14.023,4.927,6.899,8.632,7.523,11.255,9.007,6.889,,11.49,6.298,12.717,7.584,15.683,,14.247,15.245,16.058,14.632,14.704,10.946,12.465,7.268,10.916,11.638,13.847,10.508,9.786,12.316,9.221,6.087,10.233,11.591,8.058,11.199,8.514,,10.966,12.748,8.16,14.514,15.493,10.113,9.741,13.024,14.398,11.068,14.315,12.782,12.226,7.885,12.978,7.198,13.411,14.337,,10.254,6.502,14.68,,15.159,7.331,15.383,16.028,12.275,14.23,15.171,15.217,8.87,10.949,,11.505,8.692,13.134,10.515,9.478,10.497,13.664,12.047,10.07,12.012,13.614,7.331,,7.412,11.995,10.191,13.593,13.193,8.58,15.649,14.675,9.554,9.937,,5.768,7.169,16.155,9.786,,11.043,11.647,14.934,14.553,10.675,12.748,16.37,,15.179,,14.733,13.973,7.251,11.188,11.948,6.353,9.444,15.048,9.655,11.91,12.065,9.188,14.178,12.678,6.469,15.732,14.72,8.24,15.12,7.389,15.747,14.489,12.282,7.157,14.847,7.538,10.043,6.999,13.128,8.902,14.196,12.118,7.829,,7.663,13.52,15.011,7.271,13.925,,15.244,16.705,14.337,12.103,13.545,5.978,8.134,6.985,10.329,13.348,12.918,14.708,8.228,13.606,7.428,8.606,12.593,14.155,13.084,5.624,12.982,6.372,15.991,14.07,6.587,7.422,7.167,15.637,10.446,13.441,14.874,12.767,8.823,16.274,9.451,12.653,11.844,13.984,14.092,7.269,10.853,10.485,10.244,7.247,8.478,11.289,8.925,10.367,,12.94,7.621,10.308,10.127,11.939,9.523,,10.244,11.328,8.349,11.151,11.963,13.997,12.566,13.149,9.734,12.996,11.134,11.407,12.303,10.68,10.311,14.26,15.547,15.53,11.279,11.549,14.447,10.397,13.581,11.771,7.937,6.173,16.28,6.667,8.788,10.178,,,13.553,6.829,14.123,14.011,9.022,6.519,12.809,7.407,9.227,14.535,15.489,13.326,9.244,14.754,12.958,9.452,12.599,6.163,7.633,11.667,7.446,7.455,15.65,16.378,11.52,14.309,14.452,,,8.253,8.466,14.205,11.439,11.431,7.324,9.338,14.569,5.066,,9.245,10.138,12.235,10.916,6.844,8.396,14.965,13.397,11.49,12.723,13.244,,10.068,12.618,9.249,15.087,10.231,13.603,14.9,11.757,15.066,12.078,13.879,9.465,11.678,11.986,,9.325,13.645,11.049,8.707,10.192,,6.851,15.569,9.446,8.737,12.103,5.605,7.42,10.63,13.052,16.921,10.666,9.419,14.544,15.19,13.16,16.307,13.455,16.508,7.799,13.014,9.522,12.172,14.001,16.176,15.284,8.964,13.229,14.545,9.665,7.406,,12.574,10.081,17.427,9.092,17.144,10.055,12.736,7.279,12.333,14.455,16.215,13.828,6.833,9.445,6.968,8.217,12.452,13.392,13.383,14.575,14.206,14.31,7.417,8.425,11.852,14.616,,11.226,12.573,5.822,9.476,14.81,13.392,9.562,12.954,,14.102,9.265,12.719,10.765,7.897,15.011,7.787,,8.194,12.909,15.63,16.239,8.663,9.469,7.667,11.514,16.818,12.773,11.807,10.2,14.532,10.123,5.62,8.809,6.129,7.936,6.928,11.444,9.64,9.677,10.201,15.635,12.564,11.213,9.612,14.727,8.983,9.115,15.763,9.603,14.538,12.898,13.463,9.162,55,0,0
SITE3_PT034,13.58,13.334,8.761,11.09,12.718,13.188,12.493,9.1,8.632,9.861,13.782,15.228,9.76,8.041,7.885,12.195,13.018,,,11.651,6.492,14.065,10.298,7.987,14.333,6.978,9.029,,8.532,6.654,,8.252,7.646,11.651,12.853,9.199,,10.203,14.453,14.449,6.322,7.526,8.113,9.535,10.516,10.242,6.26,11.243,11.654,9.032,12.646,6.681,15.668,6.594,16.092,15.136,18.039,13.117,13.871,11.182,14.907,7.942,12.288,11.308,13.442,11.152,9.618,13.454,7.857,6.211,10.827,8.418,8.503,10.767,,9.098,9.31,15.469,9.614,15.23,15.435,11.194,10.51,11.95,14.107,12.66,15.288,10.962,12.203,9.033,14.339,7.713,12.41,14.152,7.078,11.865,7.213,12.682,7.731,14.963,5.722,15.151,13.801,12.948,11.984,13.296,16.905,8.51,14.078,7.463,13.738,9.008,10.047,11.737,10.601,9.698,14.256,14.582,11.907,11.735,,6.224,6.553,8.735,13.234,10.869,12.328,14.172,9.251,15.207,15.415,9.016,9.528,8.935,8.293,8.278,14.611,11.217,11.021,13.836,10.381,15.94,13.218,11.511,9.145,16.024,12.486,14.459,5.975,15.401,12.722,6.687,10.296,13.438,6.823,11.521,,10.795,10.693,10.303,8.625,16.993,12.249,7.295,17.494,14.455,9.655,13.881,6.848,15.932,11.834,12.042,6.77,14.746,6.862,7.845,8.112,13.098,9.116,15.193,11.267,4.558,5.484,7.105,11.98,15.351,7.79,15.653,6.332,12.27,14.508,13.229,13.801,16.045,5.76,7.158,9.862,,12.422,12.39,14.444,6.532,14.08,7.744,10.1,12.455,15.781,12.942,5.066,9.176,,16.979,13.327,7.907,7.051,,16.05,11.229,13.829,12.179,10.05,6.907,14.736,7.969,12.362,,11.89,14.954,6.745,12.006,10.146,12.647,7.482,,10.034,9.875,11.54,12.227,12.926,10.649,8.567,7.375,11.14,9.025,6.099,10.352,8.794,,13.691,11.879,13.395,13.627,12.457,7.0,13.682,11.108,9.258,,10.033,11.652,14.99,14.313,14.421,11.451,10.087,13.073,8.488,14.108,11.029,8.57,6.789,13.599,7.748,9.843,8.381,,10.339,13.188,,13.623,,10.973,7.897,13.153,9.04,11.084,16.33,14.689,13.062,9.158,12.736,12.565,9.351,12.217,5.313,6.828,11.098,,7.476,14.773,14.992,12.376,14.714,15.64,6.47,9.759,11.162,8.119,14.05,,10.021,6.583,,14.557,9.094,6.865,9.811,12.073,11.662,10.762,6.267,9.446,13.752,13.2,,12.061,14.721,5.846,9.841,10.004,9.971,15.68,9.99,13.993,16.005,11.666,14.5,,14.485,9.534,10.169,13.665,5.77,10.587,14.727,11.581,9.503,9.809,9.317,5.457,15.002,9.47,8.547,12.791,4.874,10.074,13.748,12.247,15.63,11.943,,15.438,13.424,12.032,15.487,15.516,13.208,,12.622,9.59,11.661,11.963,14.479,16.237,8.635,13.49,13.623,7.539,7.274,6.717,14.45,12.9,14.295,10.941,17.417,9.717,13.016,5.716,12.372,13.989,15.305,13.883,,9.07,7.507,5.598,13.781,15.265,15.7,14.335,12.445,16.703,6.624,8.135,10.224,16.147,6.091,10.635,10.814,6.253,12.26,13.854,12.237,6.714,14.899,,15.268,9.707,12.463,9.347,7.6,13.181,7.136,6.232,9.621,14.52,14.165,16.87,8.944,9.922,7.515,11.895,15.624,14.038,10.153,10.746,15.082,10.44,6.492,9.375,,9.094,5.873,9.914,11.655,10.711,10.279,15.808,13.909,10.668,8.325,14.761,8.143,7.744,14.318,11.416,14.435,9.896,12.692,9.265,49,1,0
SITE3_PT035,14.323,12.815,8.695,11.964,11.776,14.5,10.819,,9.542,9.416,13.021,14.745,9.879,8.078,7.885,13.035,15.234,6.707,5.887,11.572,6.731,15.867,9.123,8.052,13.871,7.204,8.966,9.565,6.693,,6.236,,6.316,12.437,12.266,9.495,7.879,10.96,15.509,13.966,6.594,7.977,7.603,9.044,11.408,9.976,6.706,10.696,10.111,7.12,14.745,7.937,14.571,7.386,13.543,15.263,15.351,14.395,13.555,12.94,14.104,8.249,11.949,10.663,14.223,11.48,10.507,12.713,,6.71,11.555,10.164,7.822,9.317,9.752,9.925,11.902,12.57,9.726,16.181,15.798,11.494,9.439,11.701,13.736,13.151,14.928,11.927,12.345,8.004,12.52,9.261,12.58,14.349,5.817,12.464,5.765,13.162,7.978,15.355,8.705,14.722,13.319,10.552,13.496,13.424,15.854,,11.751,7.755,12.079,7.588,10.276,10.436,10.512,12.824,13.8,12.65,,11.808,16.541,7.206,9.112,,12.968,9.548,14.746,13.42,9.444,14.746,13.884,8.48,,,7.585,9.586,14.072,9.785,8.888,,12.268,15.973,14.727,11.352,9.417,16.217,11.53,16.202,8.302,13.663,11.811,7.691,12.276,13.59,,,14.394,10.304,10.95,,7.607,14.386,13.653,8.246,15.238,13.559,,14.705,7.995,16.397,,11.353,7.484,15.004,5.536,8.232,6.593,12.862,8.693,14.996,11.381,,7.115,7.627,12.747,14.922,7.16,12.923,,14.437,14.419,14.035,12.758,15.02,7.213,8.902,,10.696,13.141,12.727,15.096,8.91,14.078,8.856,9.273,13.579,15.942,12.022,7.495,10.744,,14.333,13.874,6.485,6.643,7.984,15.515,11.227,14.912,,10.401,8.266,14.737,8.79,12.982,11.491,13.488,15.503,8.546,11.024,10.513,10.387,7.308,7.598,8.713,,9.364,11.278,12.605,9.938,9.851,8.267,11.04,7.576,,9.88,10.066,8.485,11.144,9.294,13.979,12.056,11.523,9.192,14.325,10.778,10.423,11.437,9.395,10.287,14.572,14.009,16.184,11.72,12.178,14.853,8.544,15.742,12.274,7.413,7.718,13.522,6.065,8.952,,,11.37,13.567,5.804,12.937,14.609,11.007,7.697,11.5,5.027,10.269,16.318,15.453,13.234,10.105,12.982,13.107,9.88,13.216,4.987,7.909,11.836,,8.82,13.496,15.288,11.342,13.994,15.994,7.273,10.649,11.067,,11.872,10.486,11.483,,7.667,13.936,6.452,8.834,7.942,9.667,12.054,10.817,6.36,8.911,14.391,12.112,12.216,12.616,13.779,7.141,10.158,10.343,10.174,15.427,11.901,13.623,16.035,10.23,15.814,12.431,14.938,10.796,12.151,10.987,,9.173,15.999,11.085,7.33,10.041,7.816,5.634,15.698,10.657,9.098,12.084,5.895,7.183,12.483,13.295,15.61,11.349,9.344,14.592,15.715,12.852,14.881,14.075,15.649,6.098,,8.878,11.817,11.751,15.764,15.847,8.135,12.805,12.666,9.404,5.885,7.423,14.363,,16.097,10.462,16.775,12.092,14.537,,11.998,15.459,15.577,14.353,6.528,,7.246,6.779,13.823,13.715,12.579,16.236,12.977,13.264,7.772,,12.219,13.905,5.181,12.653,14.729,6.121,8.79,14.333,13.823,8.794,14.305,9.28,15.215,8.784,12.456,12.197,8.082,14.192,8.086,8.141,8.713,13.231,14.378,15.109,9.218,8.165,6.701,11.943,15.9,12.356,10.649,11.394,15.405,13.413,7.433,10.103,7.901,8.986,5.521,9.974,14.305,9.528,,16.55,13.381,11.253,8.989,13.199,8.363,9.582,14.61,10.547,13.378,11.32,13.118,8.728,52,0,0
SITE3_PT036,,14.531,8.521,11.572,12.656,14.095,12.201,10.783,9.756,9.112,13.168,15.015,10.247,9.225,8.019,13.293,11.682,7.507,7.69,13.257,,14.361,,5.721,16.336,7.268,8.457,8.628,7.779,7.137,5.429,7.483,,13.158,12.915,8.023,9.968,12.693,15.599,11.939,,,8.589,6.996,13.204,11.125,4.876,10.052,11.054,8.229,12.486,6.096,14.284,7.493,15.123,15.93,18.037,14.823,11.854,11.003,15.581,7.493,12.157,11.922,13.585,9.585,9.753,10.595,9.877,6.839,8.698,10.088,8.531,10.592,,7.273,8.691,13.121,8.997,15.882,16.329,12.682,8.1,11.776,15.425,13.174,13.072,,11.111,10.412,12.12,8.148,12.081,14.0,8.305,11.522,6.991,12.873,,14.98,7.246,15.246,13.659,12.309,,13.732,17.437,7.706,11.467,,12.765,9.495,12.854,12.682,10.138,10.902,,13.083,9.66,,15.456,6.32,,6.794,12.406,9.687,13.597,12.61,8.064,16.472,12.691,7.813,10.105,5.429,9.753,7.081,14.96,9.184,9.981,,11.509,16.654,14.093,10.577,8.866,15.778,13.231,14.731,,16.162,12.267,7.217,10.42,13.128,7.646,10.298,14.353,8.839,,9.56,10.328,16.151,13.004,6.498,17.276,13.731,,14.206,6.686,17.761,13.097,12.715,,15.338,6.169,8.916,7.43,14.352,9.463,13.885,10.607,4.87,5.379,6.712,12.776,13.161,6.759,13.07,7.246,13.95,17.23,12.964,13.788,14.085,8.545,7.589,7.677,11.042,14.142,12.555,12.714,7.47,14.741,7.772,8.062,12.914,16.115,11.81,3.593,11.085,4.977,15.905,12.552,7.685,7.337,,16.313,11.191,13.731,10.453,11.75,7.394,15.003,8.931,11.05,12.742,12.691,15.457,5.938,12.273,,11.25,6.549,5.192,9.863,10.412,9.473,12.916,11.518,10.147,9.354,8.877,10.617,9.646,,9.863,10.191,8.105,10.423,11.791,11.761,13.314,13.028,10.079,14.276,12.429,11.063,13.694,9.45,11.307,14.531,14.149,15.377,12.124,11.939,12.076,7.365,13.789,11.159,6.993,6.513,14.185,6.315,9.372,8.108,7.053,9.98,13.879,7.407,13.858,12.59,9.816,6.329,12.681,,9.25,15.474,16.001,13.356,8.702,13.815,12.395,8.401,11.772,5.303,7.501,,7.93,6.867,13.093,16.186,12.025,15.983,16.816,,,9.585,5.939,15.734,9.651,10.808,6.277,8.953,14.886,,7.902,8.999,,11.978,11.215,5.595,7.72,13.604,12.637,11.101,12.817,14.651,5.858,10.122,10.645,8.5,14.215,10.902,15.176,15.625,10.686,15.144,12.085,14.062,7.855,9.933,13.504,7.131,8.836,14.246,12.132,7.106,8.344,8.702,5.264,16.871,11.068,9.599,13.056,5.604,8.624,12.656,11.878,14.832,10.25,,15.016,13.1,12.991,15.546,14.278,12.91,8.189,12.308,9.788,12.251,10.34,15.291,14.505,8.937,13.477,13.949,8.198,7.404,3.737,14.174,12.616,14.148,9.388,16.085,,13.054,8.958,11.711,14.057,13.147,12.802,6.63,11.35,6.007,5.51,13.313,12.506,12.878,13.279,13.812,14.531,7.469,,11.98,13.086,5.11,11.352,14.397,,10.075,15.293,13.671,6.525,,7.778,13.299,8.349,10.894,10.672,7.902,13.794,6.454,6.077,8.429,,14.297,16.926,8.014,11.387,8.51,11.712,15.466,12.605,11.73,10.751,15.891,9.901,7.003,10.001,,7.6,6.822,10.395,10.575,10.418,11.251,15.117,14.952,,8.788,14.853,9.672,9.942,13.886,11.399,15.043,11.61,13.293,8.599,56,1,0
SITE3_PT037,15.952,12.409,8.7,8.588,12.232,15.093,12.307,10.074,10.596,8.341,12.825,16.237,9.185,9.777,8.321,12.857,12.25,8.871,6.073,12.037,7.895,13.973,9.976,8.623,15.322,8.166,8.827,,7.677,3.388,5.609,8.351,5.574,13.665,13.747,9.033,9.384,10.835,15.584,15.598,5.016,8.422,8.021,8.002,10.664,11.893,6.848,10.012,12.063,9.76,15.904,6.113,16.377,8.919,16.914,12.684,16.992,,13.693,10.866,14.051,,10.66,11.454,12.548,10.074,10.634,13.349,8.329,8.792,11.876,8.633,9.133,,7.123,8.937,8.726,13.71,10.535,16.121,15.052,9.978,9.398,,12.611,13.25,14.951,13.52,12.635,7.687,11.812,5.559,14.569,13.205,3.905,11.912,,14.459,8.306,14.453,,15.648,13.647,12.241,11.632,14.891,12.67,9.401,12.025,5.109,12.257,6.658,10.425,10.18,11.562,12.713,12.917,16.501,10.33,12.478,14.481,6.422,5.818,,13.142,10.318,14.416,15.772,9.331,15.283,12.538,10.885,11.066,8.06,6.494,6.928,15.99,9.116,13.138,12.936,10.637,14.17,12.805,10.849,8.198,15.623,12.355,15.89,8.062,13.872,13.301,5.964,13.572,15.118,4.165,11.149,14.813,10.392,11.107,10.228,9.738,14.504,13.357,6.198,18.263,14.895,12.101,,7.505,18.688,12.35,13.442,7.972,16.621,3.533,6.103,8.326,13.648,8.22,14.098,13.09,,4.782,6.001,12.128,13.929,8.508,,6.046,10.931,15.546,13.346,15.136,16.901,6.936,5.543,10.91,11.456,12.734,12.172,12.399,9.827,13.123,10.516,7.113,11.917,15.401,13.268,7.759,10.966,4.852,17.952,12.746,6.664,7.786,10.834,15.621,10.458,14.941,14.681,12.386,5.906,14.552,9.448,10.203,14.005,,13.904,9.275,11.071,8.721,12.43,4.845,4.909,8.645,,12.351,14.12,13.957,,9.249,9.691,12.494,8.457,4.759,10.37,7.083,5.58,12.653,12.529,11.953,13.526,10.525,9.455,13.295,12.609,9.338,12.24,9.506,11.462,14.339,12.643,13.18,13.031,8.933,13.61,7.637,16.388,11.121,6.665,8.278,13.905,7.099,9.123,10.584,5.212,10.768,14.393,8.139,14.604,,10.168,,13.759,,11.997,16.848,14.351,14.542,9.402,14.603,14.626,8.568,12.07,6.673,8.041,9.956,7.256,7.322,14.931,15.359,10.606,15.359,14.595,8.058,9.948,10.816,7.044,14.48,11.577,10.613,7.579,7.102,16.067,7.753,9.126,,9.67,9.436,11.897,7.479,11.277,13.942,15.314,13.276,12.144,12.639,5.037,,9.423,9.597,14.099,,14.556,15.698,11.577,15.275,13.043,13.647,8.571,,11.895,4.665,8.962,14.583,12.315,11.1,9.636,10.106,4.184,13.702,9.56,,11.738,2.99,9.36,13.227,11.89,15.222,11.775,10.366,14.04,14.281,13.912,14.931,16.954,14.664,6.273,12.449,10.326,13.58,10.933,12.708,15.79,8.712,13.884,13.047,8.854,7.012,,15.544,12.411,14.261,10.332,18.362,9.997,12.292,,12.851,14.736,14.48,12.564,6.513,10.18,6.634,7.494,,11.912,13.834,13.355,13.691,14.697,7.667,7.571,11.14,15.664,6.199,9.801,12.174,4.994,9.225,15.929,10.913,7.449,17.557,10.829,13.455,6.101,12.118,11.244,6.87,13.8,7.677,7.896,,13.938,12.015,15.784,9.908,8.92,7.55,11.487,15.496,12.896,11.485,9.21,15.302,10.341,6.914,8.936,5.623,8.334,5.227,11.048,13.609,9.384,10.434,13.535,13.621,11.072,,11.885,9.369,9.26,13.823,12.183,13.892,13.66,13.172,,20,1,0
SITE3_PT038,15.589,,8.598,12.477,10.999,15.202,12.488,10.508,9.963,9.245,11.576,15.205,,10.334,9.545,14.199,12.946,6.634,,10.388,8.212,15.623,,8.21,14.702,,10.775,,5.756,6.095,5.45,7.336,5.663,13.274,14.701,7.951,,10.923,14.105,13.809,6.817,6.378,6.973,9.479,11.244,11.337,6.514,11.066,,,15.583,6.192,16.197,,14.965,13.258,16.212,14.493,12.802,13.532,14.073,8.466,11.1,9.717,14.749,10.013,11.014,13.534,7.527,,13.43,9.315,,10.934,7.482,9.994,10.542,13.708,9.695,16.414,16.402,9.688,10.794,9.26,13.024,11.73,12.712,11.309,12.676,9.274,12.168,,15.394,13.196,,12.395,7.253,12.607,8.935,18.378,,15.648,14.743,12.709,11.609,13.275,14.696,8.283,12.62,8.539,12.123,7.363,10.627,12.179,11.658,11.879,13.673,15.665,10.27,10.527,15.203,5.723,9.015,6.321,12.393,10.428,14.266,14.085,,14.198,12.896,,9.368,9.051,6.605,8.218,15.908,11.029,13.544,13.375,10.425,14.197,,10.569,10.349,14.589,12.595,16.407,,14.367,13.01,,14.319,,,11.708,15.664,,9.463,11.31,9.417,15.157,13.833,7.296,15.54,15.027,10.329,13.754,6.726,16.61,10.791,12.708,5.511,15.093,4.814,8.884,7.765,14.682,8.438,14.223,11.799,6.842,4.802,6.902,12.419,13.102,8.16,14.641,5.319,13.062,16.635,14.107,11.273,15.396,6.899,8.389,7.331,11.922,13.496,10.062,13.186,6.708,14.102,9.848,9.968,11.673,16.526,12.126,5.818,10.886,,14.591,13.797,8.276,5.194,10.0,16.544,,15.349,13.071,12.705,7.315,16.7,7.791,11.129,11.13,12.33,14.997,7.215,10.376,10.907,11.078,8.156,,8.99,8.318,11.758,13.282,13.597,10.177,9.813,7.189,13.888,8.653,5.625,10.333,,5.974,11.216,12.774,11.276,11.25,11.991,8.575,14.449,11.638,8.835,12.473,10.009,11.409,13.7,12.947,15.779,9.917,10.362,13.751,8.871,13.007,12.985,6.362,6.104,14.013,6.906,9.706,,6.422,7.86,14.138,6.121,14.41,16.231,11.355,8.497,11.854,5.888,11.025,16.081,15.407,14.712,9.79,12.938,14.313,,12.599,,7.837,11.006,8.07,7.015,14.082,15.032,,14.001,15.608,8.066,11.451,11.591,7.403,12.574,10.2,12.916,,7.742,15.186,7.298,7.053,8.49,10.159,12.557,12.415,6.263,9.596,15.521,15.158,11.928,13.129,13.194,6.89,10.136,10.225,7.572,13.802,12.1,12.65,15.246,11.043,15.512,12.477,14.058,9.472,,11.322,6.22,10.626,15.255,10.364,8.902,9.931,,4.563,13.805,10.941,9.84,12.352,5.651,7.878,11.997,12.894,14.921,14.014,11.949,10.53,14.35,13.521,16.133,15.287,15.268,6.646,12.17,,13.936,12.594,14.25,15.551,8.989,14.279,13.266,9.096,5.739,,14.348,9.843,15.857,11.154,14.233,10.467,14.368,,11.013,13.484,15.826,14.021,4.749,9.669,6.973,7.218,14.114,12.6,14.234,12.559,13.452,13.08,,8.375,12.806,14.4,,12.556,14.136,6.352,11.339,15.567,12.86,6.652,17.331,8.134,14.862,9.684,11.705,10.348,6.609,14.882,,7.385,12.05,12.123,14.821,17.374,9.703,10.023,8.086,10.474,16.559,14.667,11.95,9.462,14.754,12.582,,9.636,6.274,,5.887,8.583,10.765,7.664,,13.632,14.994,11.68,8.497,13.361,,7.833,13.605,11.129,12.521,12.353,12.498,7.778,27,0,0
SITE3_PT039,16.224,13.041,,11.412,13.046,15.776,,9.448,10.722,8.25,12.166,14.219,10.407,9.348,9.193,14.438,12.252,7.71,5.055,12.83,7.14,13.078,11.723,,14.719,8.926,10.675,5.923,6.153,6.178,5.405,7.597,,10.938,13.769,11.83,10.936,13.191,15.444,15.48,7.076,7.516,,9.423,10.836,9.063,6.857,9.67,10.621,8.108,14.247,7.338,16.972,6.047,16.26,15.125,14.801,16.263,13.208,12.47,13.135,5.565,11.066,9.674,14.82,11.06,11.59,12.28,7.029,6.928,12.441,6.922,9.171,10.274,8.053,9.688,9.599,11.954,9.537,16.561,16.509,11.181,8.589,9.603,13.098,14.02,13.415,11.43,12.25,8.96,13.366,7.855,15.662,12.915,9.155,11.803,5.887,12.822,6.584,14.661,7.64,14.49,12.693,12.766,14.726,15.605,14.664,9.28,12.552,6.162,12.152,8.005,11.804,11.489,11.912,11.459,13.428,12.794,11.22,12.478,15.145,7.782,6.592,6.106,14.103,9.61,15.547,13.539,9.377,14.727,14.47,11.193,10.469,10.113,9.265,7.843,16.356,9.209,10.523,14.154,12.164,14.399,12.103,9.088,9.599,16.819,11.477,17.107,6.121,14.439,13.602,5.057,,11.787,4.524,12.168,15.101,9.27,11.199,9.39,9.499,13.78,13.829,,18.64,14.425,8.02,13.813,,15.318,12.258,13.265,6.233,16.787,4.43,6.389,7.252,14.156,8.649,15.284,12.141,7.034,5.289,4.392,11.284,13.293,11.204,14.087,7.119,15.275,15.794,14.035,12.713,13.675,6.906,7.155,7.739,,12.711,10.824,13.577,8.398,11.914,7.0,8.642,12.423,15.22,9.444,6.998,12.249,4.493,13.454,15.58,8.622,,9.401,16.827,9.771,13.457,13.12,13.047,9.773,16.559,9.042,9.324,11.965,13.293,13.868,7.608,10.406,10.209,12.078,7.582,9.196,,8.843,11.943,,13.105,10.659,11.693,8.122,12.135,8.152,6.134,11.338,9.256,9.012,10.736,12.49,10.851,13.002,11.563,10.2,11.434,12.918,9.234,13.104,9.208,12.378,14.303,14.162,15.84,12.285,11.533,13.506,7.017,14.999,12.415,,5.935,14.857,5.788,8.01,8.68,6.236,10.107,12.302,6.732,16.323,16.464,10.27,5.834,11.292,5.911,12.438,16.901,15.494,13.514,9.589,11.698,13.949,,13.419,7.19,6.574,10.881,6.554,7.165,14.272,14.909,11.347,12.95,16.109,8.344,8.472,9.342,6.95,14.629,11.299,10.722,7.296,7.091,14.329,4.879,,8.426,11.681,11.692,10.993,7.805,10.426,15.634,12.799,11.542,12.639,13.468,6.189,11.253,10.027,9.677,15.197,11.032,14.803,16.156,9.499,15.956,11.322,16.048,9.34,11.78,10.066,,10.922,15.881,12.672,8.355,9.592,8.396,5.875,13.671,10.09,9.005,12.472,,8.455,11.478,12.09,15.898,12.99,12.094,10.93,13.754,12.536,15.389,14.491,16.364,4.511,13.527,9.237,12.811,11.627,15.773,14.153,8.5,13.214,13.477,9.343,,7.047,12.733,8.924,15.799,9.525,15.855,10.777,15.949,5.404,11.414,14.825,13.45,13.764,,9.138,8.294,7.823,14.724,12.119,12.726,14.863,13.528,15.172,6.904,7.452,11.174,14.749,3.581,8.867,14.103,,,15.332,12.91,9.216,16.261,7.874,14.758,8.187,12.9,9.534,8.527,12.92,7.318,7.063,9.941,15.609,13.575,16.83,9.497,10.485,8.202,10.409,15.005,11.798,10.949,9.3,15.904,12.731,,,5.655,6.794,4.266,,10.674,8.54,10.355,15.637,14.276,11.758,8.773,15.367,8.767,8.347,14.722,11.932,13.277,13.398,11.6,8.473,34,0,1
SITE3_PT040,16.032,10.55,10.282,9.38,,14.269,12.641,8.464,11.03,7.52,13.264,15.941,10.252,,8.503,13.555,10.807,7.639,5.019,11.609,7.708,13.798,,6.743,15.768,8.362,9.801,5.494,6.4,6.173,,6.949,6.985,12.822,14.55,8.779,11.137,11.234,14.172,15.296,4.483,8.244,7.66,,9.033,9.231,7.223,10.815,10.667,8.019,15.525,7.605,18.004,6.007,15.869,13.475,16.076,16.019,15.291,12.769,14.601,7.043,9.43,9.732,13.258,11.266,10.595,13.519,9.957,5.627,10.649,7.702,9.027,9.848,9.27,8.066,,14.892,9.556,16.827,16.077,11.355,9.501,11.433,12.121,11.966,14.947,11.627,14.543,10.119,12.227,6.557,14.235,13.344,6.428,12.205,7.853,13.136,,16.439,5.103,13.859,14.168,12.982,12.575,14.375,15.591,9.261,13.079,7.174,12.434,8.012,9.941,10.71,11.54,12.741,15.004,14.24,13.317,10.122,14.431,6.543,6.494,6.28,13.527,13.137,14.041,15.559,9.478,14.216,,,9.393,8.678,10.356,8.808,17.05,7.7,12.194,13.363,11.867,15.767,13.351,9.566,8.547,17.027,14.256,15.592,6.773,13.988,,4.904,12.491,13.855,6.238,10.764,13.744,8.437,11.101,10.499,9.299,13.369,15.01,6.304,18.784,15.866,8.961,14.45,7.612,17.699,11.389,13.441,9.07,16.303,2.259,5.952,7.394,13.079,10.402,15.108,8.826,4.987,5.114,6.139,11.799,12.069,8.593,14.594,6.895,13.355,18.18,14.149,16.677,15.396,9.23,7.796,,11.083,13.22,9.142,13.718,10.651,13.566,,,11.499,14.581,12.532,5.121,10.822,3.803,14.012,13.33,7.531,6.987,9.08,15.831,12.185,13.796,14.041,11.864,10.846,15.834,8.314,8.565,12.129,,15.958,8.574,9.619,10.058,14.405,6.294,6.36,9.355,,12.133,12.761,11.587,12.108,9.718,7.91,13.591,7.331,5.907,9.404,9.371,7.407,11.655,,12.041,11.158,,8.235,10.637,14.758,,14.681,7.75,12.838,13.191,14.156,13.745,13.331,9.186,12.864,,14.944,12.611,6.799,7.787,14.788,,7.955,9.332,,10.096,13.939,6.446,13.417,14.268,11.228,7.156,11.369,,11.44,14.919,14.051,14.163,10.064,13.765,15.183,8.143,11.791,7.005,7.396,,7.775,7.118,15.639,15.464,10.881,15.392,15.625,5.967,10.36,9.875,6.053,14.375,11.192,13.643,7.348,8.543,14.529,7.246,8.859,,9.302,10.901,11.477,6.986,9.739,14.47,14.851,14.573,11.819,11.384,6.697,12.448,8.92,8.824,13.165,9.423,14.336,17.685,10.865,17.569,12.549,15.774,9.42,11.242,11.707,5.985,9.92,13.288,11.156,9.759,8.857,8.453,,14.643,10.956,,12.053,4.671,8.784,10.118,10.903,15.184,13.281,13.154,14.106,13.034,12.907,16.611,15.535,15.589,4.942,13.351,6.564,14.081,11.112,14.526,15.162,8.031,11.999,12.664,8.148,8.22,7.172,13.304,,15.695,9.713,17.942,10.874,13.328,5.567,10.889,15.199,13.793,13.758,5.285,12.398,8.945,,16.087,12.903,13.591,13.341,11.511,15.098,8.056,8.746,11.173,14.448,5.586,10.098,11.113,8.335,9.73,14.243,11.309,,18.56,8.925,13.243,8.149,12.483,11.349,7.265,14.757,6.277,6.38,10.314,14.088,12.348,16.891,10.786,8.54,9.543,12.069,15.007,13.379,10.53,8.219,16.799,11.967,7.905,8.985,,8.229,3.893,8.403,10.726,6.953,7.604,14.934,15.769,11.547,7.501,12.873,,9.43,13.93,13.801,15.642,11.426,10.579,8.375,25,1,1
