sample_id,A0A024R1R8,A0A087X1C5,A0A0A0MRZ9,A0A0A0MT76,A0A1W2PR19,A0A494C0N9,A0A494C0Y3,A0A590UK83,A0A6I8PU40,A0M8Q6,A1L190,A4QPB2,A4QPH2,A6NGB0,A6NHG4,A6NJZ7,A6NM43,A6NNM3,A6PVC2,A8K8P3,A8MPS7,A8MYP8,B1AH88,B5MCN3,B5MD39,B8ZZ34,B9A064,F5H4B4,H7C350,L0R8F8,O00178,O00192,O00501,O00541,O00587,O14791,O14994,O15031,O15371,O15442,O15499,O15547,O43246,O43247,O43251,O43272,O43435,O43731,O43759,O43808,O43819,O60688,O60704,O60733,O60755,O60784,O75132,O75140,O75170,O75419,O75600,O75631,O75648,O75677,O75678,O75679,O75791,O76054,O95236,O95248,O95461,O95502,O95503,O95567,O95696,O95721,O95755,O95907,O95922,O95931,O95985,O96015,O96017,P00387,P01127,P01701,P02144,P05162,P05546,P07305,P09382,P09601,P0C7N4,P0C7P2,P0CF74,P0CG04,P0CG29,P0CG30,P0DOX8,P0DOY2,P0DOY3,P0DSO1,P10323,P10635,P11274,P12018,P12036,P12956,P13224,P13725,P13866,P14174,P14784,P15018,P15153,P15289,P15814,P17050,P17861,P18848,P19086,P19440,P19971,P20062,P20472,P21964,P23142,P24347,P25325,P26998,P28482,P29274,P30046,P30536,P30566,P31941,P32745,P32927,P33992,P35240,P35579,P35625,P35626,P36269,P36543,P39023,P42356,P43320,P43487,P46060,P46109,P48050,P48739,P49593,P49674,P50502,P53007,P53671,P53673,P53674,P53675,P53778,P53814,P54198,P55769,P55957,P56556,P56693,P56706,P59817,P61218,P61580,P61581,P62318,P62877,P68036,P78395,P85298,P85299,P86434,P98153,Q00587,Q01844,Q04917,Q07869,Q09327,Q09472,Q10567,Q10571,Q10587,Q12772,Q12824,Q13323,Q13356,Q13387,Q13615,Q13769,Q14106,Q14129,Q14166,Q14390,Q14565,Q15040,Q15049,Q15080,Q15459,Q15735,Q15750,Q15759,Q16587,Q16762,Q2M1V0,Q2NKQ1,Q2VPJ9,Q2WGN9,Q3SXP7,Q3SYA9,Q53GT1,Q569K6,Q5BKY6,Q5GH77,Q5R3F8,Q5R3I4,Q5THK1,Q5THR3,Q5TIA1,Q69YQ0,Q6IBW4,Q6IC83,Q6IC98,Q6ICB0,Q6ICB4,Q6ICC9,Q6ICG6,Q6ICG8,Q6ICH7,Q6ICI0,Q6ICL3,Q6ICL7,Q6NTF7,Q6NUI6,Q6NVV7,Q6NXT1,Q6P575,Q6P5X5,Q6PGQ1,Q6S545,Q6UXH1,Q6UXV3,Q6UXY1,Q6ZQY2,Q6ZR54,Q6ZT62,Q6ZVW7,Q7L3V2,Q7RTP6,Q7RTV0,Q7Z3Z3,Q7Z412,Q7Z4H4,Q7Z4Y8,Q7Z5A7,Q7Z6W7,Q7Z6Z6,Q86V35,Q86V86,Q86WX3,Q86YH2,Q8IU80,Q8IUG5,Q8IUX4,Q8IVS2,Q8IWD4,Q8IWF2,Q8IWL3,Q8IWY4,Q8IYW4,Q8IYX3,Q8IZ69,Q8IZJ4,Q8N1L1,Q8N3F8,Q8N5Z5,Q8N653,Q8N7B1,Q8N8J0,Q8NDV3,Q8NEG4,Q8NEG7,Q8NEJ0,Q8NET5,Q8NFI4,Q8NFQ6,Q8NG94,Q8TCT0,Q8WTX7,Q8WUA7,Q8WWX9,Q8WYQ3,Q8WYQ4,Q8WYQ5,Q92523,Q92737,Q92841,Q92871,Q92890,Q969R2,Q969R5,Q969S8,Q969V6,Q96A84,Q96AK3,Q96AY4,Q96D21,Q96DF8,Q96EK2,Q96F46,Q96FE7,Q96G42,Q96GD0,Q96GF1,Q96GP6,Q96HU1,Q96JB3,Q96M85,Q96MU8,Q96NN9,Q96NT3,Q96PF2,Q96Q80,Q96RD6,Q96RJ3,Q96RN5,Q96RT7,Q96SF2,Q99501,Q99705,Q99719,Q99757,Q99798,Q99999,Q9BPW4,Q9BPW8,Q9BQE5,Q9BR01,Q9BT49,Q9BU23,Q9BV10,Q9BVL4,Q9BW83,Q9BWT7,Q9BWW8,Q9BWW9,Q9BXF3,Q9BXI6,Q9BXI9,Q9BXK5,Q9BXQ6,Q9BXT6,Q9BXW7,Q9BY27,Q9BY77,Q9BY89,Q9BYB0,Q9BYB4,Q9BYH1,Q9BYW1,Q9BZE7,Q9BZR6,Q9H0A3,Q9H1I8,Q9H1K4,Q9H2D6,Q9H4I3,Q9H4I8,Q9H4I9,Q9H4K1,Q9H6A9,Q9H6E4,Q9HBE1,Q9HBI0,Q9HBI1,Q9HC16,Q9HCN8,Q9NNW7,Q9NP61,Q9NPC4,Q9NQ50,Q9NQF3,Q9NQG6,Q9NQG7,Q9NQH7,Q9NRA8,Q9NRD5,Q9NRW3,Q9NS69,Q9NSP4,Q9NSQ0,Q9NST1,Q9NTG1,Q9NV39,Q9NWS6,Q9NY65,Q9NY91,Q9NYQ6,Q9NYZ3,Q9NZ20,Q9NZK5,Q9P0X4,Q9UBB4,Q9UBB9,Q9UBR1,Q9UC06,Q9UDW1,Q9UDW3,Q9UDX3,Q9UDX4,Q9UDX5,Q9UFD9,Q9UG56,Q9UGB7,Q9UGR2,Q9UGT4,Q9UGU0,Q9UGU5,Q9UGY1,Q9UH03,Q9UH17,Q9UH36,Q9UH99,Q9UHP6,Q9UIA0,Q9UJY5,Q9UKI3,Q9UKX7,Q9ULC8,Q9ULT6,Q9ULX9,Q9UMW8,Q9UNF0,Q9UNT1,Q9UPQ9,Q9Y259,Q9Y262,Q9Y295,Q9Y3A4,Q9Y3I0,Q9Y3I1,Q9Y3L3,Q9Y3M2,Q9Y3P4,Q9Y442,Q9Y512,Q9Y519,Q9Y534,Q9Y535,Q9Y698,Q9Y6J0,Q9Y6U7,Q9Y6X9,age,sex,phenotype
SITE2_PT001,16.859,12.899,8.467,9.211,13.411,13.921,11.237,9.097,9.007,8.38,13.273,16.014,10.622,8.078,8.596,12.945,11.919,7.98,4.841,12.913,8.679,13.767,12.874,7.007,16.205,,,6.37,5.999,6.7,6.002,7.323,7.323,13.225,13.245,9.76,13.263,,14.37,16.154,5.338,,8.145,8.819,10.151,10.552,6.42,10.702,9.962,8.091,15.991,6.237,18.497,6.648,16.317,15.648,17.14,14.911,13.264,13.125,14.077,5.325,8.01,11.184,13.24,11.868,11.425,12.551,9.363,8.498,10.746,7.436,8.034,9.132,7.837,8.224,10.984,14.659,10.834,15.476,17.542,11.478,8.878,10.609,13.733,13.303,15.124,8.747,13.345,9.274,11.807,7.172,13.699,12.013,8.421,13.755,5.816,14.242,,15.908,4.648,14.09,12.5,14.305,,14.773,17.775,,11.768,5.899,13.144,,11.699,10.078,,10.97,12.807,13.622,10.793,11.567,14.57,6.993,,5.779,12.693,10.55,15.182,14.982,8.061,15.342,11.642,10.753,7.395,,9.008,9.492,16.694,,10.833,14.196,11.661,14.617,13.814,10.774,,16.094,12.193,15.617,7.845,12.705,13.275,6.492,12.493,13.425,4.243,10.669,14.568,10.46,11.806,9.34,9.973,14.511,14.686,6.389,20.457,12.925,9.084,13.369,6.226,17.099,10.529,14.107,7.701,17.215,4.023,6.323,8.754,13.556,9.723,13.761,10.082,,5.475,,10.637,14.744,8.38,13.381,7.173,13.991,16.592,11.766,14.637,14.881,,,7.099,11.145,13.293,11.452,15.633,7.77,12.212,9.37,5.869,13.183,13.316,13.043,5.079,9.492,5.371,14.155,12.781,8.746,6.345,9.089,13.907,10.112,15.183,13.774,13.226,7.189,16.021,9.021,10.499,13.385,,13.153,6.979,10.115,7.792,14.39,7.646,7.317,8.469,10.555,11.411,13.803,11.715,9.995,8.902,6.771,13.596,8.021,6.857,11.465,9.801,8.054,11.685,12.42,11.642,13.306,11.947,9.1,10.73,11.673,10.926,13.507,7.661,12.992,13.892,15.017,14.548,11.548,9.916,14.23,6.238,15.917,12.33,,8.597,12.072,5.331,6.616,8.189,4.982,11.926,12.772,8.048,15.518,15.099,10.193,6.728,10.888,6.846,,15.154,16.144,15.465,8.814,,14.794,8.918,12.546,8.449,8.321,9.401,8.102,8.207,15.25,13.872,10.868,14.484,14.223,7.349,9.627,10.059,,12.724,12.837,12.194,5.609,8.494,15.25,6.466,6.795,9.851,9.832,11.659,11.666,6.407,10.173,15.557,13.936,13.504,11.893,11.994,5.812,12.341,10.016,9.308,14.18,10.577,14.129,16.251,8.525,16.771,11.484,14.714,9.146,10.334,10.974,4.946,8.516,12.837,11.904,8.336,9.234,7.635,,15.353,10.45,8.4,10.909,5.07,9.887,12.246,9.672,16.627,12.896,13.234,13.585,14.499,12.443,14.641,15.97,14.585,6.315,13.214,8.441,12.275,11.462,14.433,14.579,9.697,12.826,13.383,9.17,8.558,6.993,15.226,11.422,15.456,8.65,18.023,12.041,13.363,5.847,11.98,15.55,15.559,13.988,5.713,,,5.797,15.099,12.326,15.372,13.053,12.513,14.37,8.267,7.102,12.134,15.893,6.002,9.575,11.222,5.471,9.472,15.085,11.405,7.077,16.135,7.687,13.435,9.357,14.117,10.508,7.149,13.472,8.028,7.289,10.874,15.107,11.656,16.282,9.531,8.543,7.125,,16.582,13.195,10.308,,15.58,11.403,,9.955,6.381,7.848,3.817,9.834,11.279,8.841,9.375,14.802,12.587,11.076,,12.946,7.634,8.463,15.132,12.538,13.05,13.194,11.349,8.349,29,1,1
SITE2_PT002,13.956,16.436,9.43,11.868,11.897,14.247,11.741,,8.861,9.796,12.785,13.028,9.31,7.591,6.553,11.558,14.557,8.629,6.466,10.884,,15.476,7.906,6.172,15.302,7.446,,8.764,8.29,7.31,,7.029,8.632,12.067,12.782,9.558,,10.355,15.816,13.589,6.714,9.981,8.379,9.054,10.634,9.897,4.382,9.147,10.919,5.825,13.121,7.485,14.729,5.347,15.625,15.799,15.822,15.881,13.621,11.989,13.806,7.497,9.92,11.557,13.991,10.345,9.582,10.991,8.316,7.363,9.243,9.804,7.269,9.949,,9.775,8.828,14.509,6.723,15.964,15.709,,8.952,11.54,15.881,11.36,15.401,10.988,13.948,8.169,14.214,7.652,10.531,14.533,7.539,,6.57,12.552,7.602,15.345,,14.908,14.915,14.563,13.458,13.073,15.252,10.549,11.522,4.064,11.867,8.314,11.044,10.237,10.186,11.512,13.454,13.421,9.727,13.311,14.506,7.03,7.264,6.892,12.891,10.792,13.968,14.313,8.44,14.233,13.992,,11.002,,8.628,8.476,14.693,,9.574,14.336,11.335,15.948,15.383,10.496,8.829,16.188,12.873,15.694,,13.882,13.487,7.51,10.291,13.624,5.354,10.12,13.29,9.538,11.383,,9.559,17.25,12.265,6.006,17.771,13.604,8.957,15.973,7.372,15.495,12.485,12.383,7.977,13.315,6.955,9.026,5.083,13.595,8.069,15.037,10.686,4.902,6.973,7.425,13.729,13.816,7.366,14.142,7.291,12.939,14.724,11.025,14.496,14.369,6.134,8.51,7.545,9.543,13.363,13.402,14.395,7.236,12.309,7.223,8.328,16.094,14.351,12.815,5.986,10.913,6.442,14.719,13.674,6.925,7.431,7.481,14.984,11.405,11.901,11.572,11.19,8.422,15.963,9.918,13.483,12.879,11.597,17.063,6.676,11.303,10.99,10.382,6.809,,,8.95,9.669,10.975,11.954,11.9,9.042,8.496,13.395,,5.502,9.85,10.992,,13.193,12.043,14.004,12.373,13.426,9.252,12.993,10.32,9.04,11.959,9.051,,14.264,15.989,16.262,,8.772,11.98,9.05,,9.852,8.088,7.491,14.807,5.975,7.809,9.949,7.03,,13.513,6.238,14.228,13.903,,4.508,,7.783,7.325,16.903,16.91,13.046,8.923,,12.862,10.14,12.61,4.288,,11.562,,7.323,14.716,14.325,,13.056,16.595,4.512,9.766,9.009,6.336,14.322,10.687,10.191,6.789,7.492,16.122,7.173,9.702,8.966,10.853,12.362,9.051,7.101,6.568,13.951,11.467,12.7,12.143,14.903,5.057,9.688,11.591,11.291,14.641,9.085,12.209,13.755,11.239,15.045,13.063,15.006,8.374,10.066,13.037,6.982,8.467,15.103,13.626,6.128,7.868,8.807,5.052,14.026,9.403,9.962,9.509,6.569,9.427,14.821,12.212,16.598,11.758,10.709,15.489,14.846,13.023,14.398,14.874,12.763,7.491,13.802,11.168,11.968,11.951,13.877,15.318,9.501,12.605,13.527,,6.913,,14.286,13.053,14.994,11.292,15.909,9.139,,7.433,12.351,15.575,13.986,13.107,9.218,8.489,6.715,7.397,10.904,14.444,14.154,13.357,12.9,14.208,6.155,9.18,11.561,14.626,6.171,10.589,15.122,6.589,11.173,15.927,11.666,6.412,12.678,,12.93,8.123,10.764,,,14.515,6.59,6.433,8.298,14.913,15.024,14.395,8.778,,6.791,12.666,16.501,12.87,12.514,10.167,14.947,9.333,7.231,,6.613,7.848,7.29,10.029,12.072,9.461,10.223,15.712,14.013,9.956,6.319,12.648,7.44,8.885,14.332,13.319,15.382,9.836,12.102,10.12,69,1,0
SITE2_PT003,13.349,14.76,9.801,12.476,13.12,15.747,9.939,7.382,11.564,9.846,12.176,13.723,12.841,7.189,7.769,12.87,12.334,7.437,5.544,,8.939,14.812,9.246,6.668,15.541,8.545,10.465,8.421,7.643,,5.993,7.772,7.719,12.114,13.061,8.048,9.72,10.511,13.947,14.34,6.931,9.754,7.981,10.404,10.591,,5.761,10.217,,7.425,14.526,8.713,15.129,5.336,13.436,17.026,14.308,16.363,14.364,13.489,13.427,6.979,8.841,11.044,14.451,9.482,10.152,10.727,8.043,6.361,11.154,10.084,6.963,9.865,8.165,10.13,10.119,12.517,7.611,15.297,16.411,11.873,7.602,12.36,15.491,13.462,14.119,,12.492,8.784,13.877,9.053,13.011,14.485,8.758,13.72,6.359,11.593,7.144,16.308,,15.275,13.655,12.26,13.889,13.549,17.386,,11.903,5.288,13.063,8.311,12.883,12.056,9.525,11.899,14.194,12.311,9.898,11.665,16.308,7.043,,6.024,11.663,8.817,14.837,11.829,10.92,14.706,13.682,11.084,9.95,8.092,9.731,7.231,16.816,7.954,9.25,12.436,11.395,14.083,13.754,11.064,8.341,17.549,13.728,14.543,5.366,15.156,11.269,8.626,10.651,13.195,6.063,11.639,12.689,7.065,10.073,10.563,8.94,13.2,12.927,6.623,17.182,14.77,6.253,14.306,6.638,14.739,12.826,13.231,6.525,15.226,6.075,,6.119,12.202,7.543,14.59,11.134,4.959,9.302,5.189,11.928,15.118,7.676,15.3,6.016,,16.183,15.202,14.31,13.484,4.955,9.057,6.771,7.998,13.626,12.13,13.332,,12.987,5.702,,12.999,15.367,10.655,6.524,11.889,5.204,12.469,13.347,8.627,8.492,7.287,14.26,9.52,12.366,,13.272,9.426,17.526,6.881,,11.359,12.942,15.751,5.979,9.938,9.385,11.9,9.22,7.591,,10.044,9.927,14.304,12.633,9.545,11.209,9.009,10.686,,6.84,8.998,11.742,9.802,10.707,11.782,13.403,13.247,12.825,8.396,12.132,10.114,12.948,14.435,8.085,11.211,13.927,16.088,13.605,10.485,10.115,13.702,8.478,15.861,12.177,7.245,7.032,15.218,6.264,9.301,8.219,7.853,8.332,12.128,6.453,13.901,13.834,8.463,,12.356,,9.28,15.392,18.14,14.197,8.213,12.925,11.546,11.71,12.94,,7.927,8.114,,6.582,14.186,14.186,11.153,13.129,15.697,7.459,7.651,8.055,7.493,12.373,,11.4,8.591,9.349,14.288,7.221,7.875,9.078,11.064,11.363,10.618,7.46,7.834,,11.132,12.965,12.407,14.655,,8.79,12.993,9.647,14.009,9.744,13.583,15.213,9.229,15.132,11.927,15.274,7.74,11.159,11.25,6.072,10.708,16.683,12.746,6.732,9.47,5.884,5.914,16.455,,8.602,12.505,6.514,6.966,14.847,12.646,16.422,12.116,10.4,13.385,15.199,11.767,17.046,12.726,15.395,6.088,16.014,9.621,11.591,13.315,14.886,15.084,9.734,14.485,14.608,8.079,,,14.309,11.388,16.302,10.016,16.217,10.322,13.522,8.139,10.628,15.213,12.772,13.892,,9.472,6.008,8.56,13.371,11.088,15.268,14.443,11.611,14.392,6.748,6.036,11.916,14.622,5.938,,11.969,7.486,10.084,15.006,13.293,9.088,13.501,9.986,16.057,,12.016,8.91,9.967,15.218,6.693,6.647,8.898,14.937,11.26,15.87,8.68,9.671,6.968,12.418,16.442,10.966,,10.415,14.839,10.02,4.462,8.684,7.443,8.238,7.423,9.269,13.012,7.745,10.837,16.006,14.136,11.053,7.257,15.792,9.002,,17.083,10.441,13.583,12.984,14.678,10.323,65,0,1
SITE2_PT004,14.772,13.665,8.028,10.325,14.58,14.33,10.799,8.714,11.104,,11.514,16.035,11.033,9.099,8.481,14.565,12.927,6.854,4.434,11.978,8.084,13.774,8.785,7.246,16.399,9.195,9.708,7.965,,6.389,5.567,8.149,,11.913,11.684,10.231,,10.741,14.151,14.644,6.89,8.695,6.462,9.217,12.215,9.77,6.851,10.099,8.93,,15.644,7.234,16.714,5.86,17.369,14.998,15.437,14.72,14.522,14.06,13.397,6.688,8.937,11.821,16.14,11.76,10.278,,7.616,5.49,10.701,7.769,9.437,10.023,9.852,9.268,11.09,13.162,8.233,16.111,16.152,11.07,10.245,10.576,13.934,13.044,15.436,10.38,13.637,8.8,13.087,8.867,14.094,14.341,8.586,,8.104,11.705,5.147,14.896,6.592,14.25,13.442,11.406,14.344,13.735,15.195,10.384,12.453,7.642,12.476,8.864,12.834,11.831,9.459,10.736,12.913,14.169,12.374,11.467,14.386,7.443,8.108,5.881,12.486,10.556,15.681,14.214,9.289,15.5,13.754,11.538,9.676,8.626,10.181,6.973,16.12,9.534,11.543,16.196,11.715,15.138,12.034,9.825,10.42,16.331,12.259,17.231,6.046,13.902,12.282,6.16,10.227,12.526,6.209,12.42,14.157,9.164,11.19,11.338,11.382,14.114,13.872,6.946,17.617,13.934,7.318,12.771,,16.31,10.586,12.432,7.261,16.05,4.877,6.31,7.681,11.912,8.201,14.419,11.823,6.822,6.269,6.069,11.217,13.629,,15.026,7.168,14.606,14.673,13.639,15.977,14.301,8.361,8.101,,10.525,16.368,10.408,15.385,7.263,12.566,8.581,8.888,13.877,15.978,11.627,6.047,12.33,5.51,13.165,13.883,9.216,7.022,7.888,15.098,,13.921,13.625,10.768,7.671,15.897,8.341,10.505,12.23,11.807,13.647,7.728,9.153,9.267,10.635,8.553,8.964,,9.564,,13.969,12.29,8.315,,8.28,11.149,9.871,5.892,10.041,10.833,,11.939,12.637,11.823,13.254,11.384,10.122,11.668,10.999,11.581,14.594,,11.22,12.526,14.539,15.059,11.827,11.184,15.454,6.967,14.814,12.89,6.609,6.457,14.409,5.739,8.757,8.764,8.073,9.314,11.628,6.308,15.087,15.022,10.195,7.175,9.586,6.869,10.87,16.24,16.265,15.276,9.029,12.467,14.723,9.2,12.93,6.334,7.216,9.834,6.612,8.204,14.114,15.018,10.927,13.596,15.711,,10.024,10.989,,11.123,,12.17,7.325,8.382,13.987,4.318,8.672,10.167,10.575,11.582,11.918,8.122,7.597,15.098,13.151,13.952,11.888,13.628,7.334,9.527,10.949,8.89,14.54,9.922,13.882,17.418,10.952,16.075,11.387,15.443,8.59,11.509,10.305,6.111,9.204,15.473,11.384,9.402,10.699,8.866,5.956,13.848,10.832,8.189,,5.47,8.332,13.139,12.867,16.286,12.592,12.283,12.878,14.738,13.094,17.665,13.779,15.322,5.716,14.286,9.446,12.684,10.918,14.044,14.024,8.399,13.672,13.952,9.936,7.248,7.713,14.934,10.374,15.284,9.509,17.188,9.411,13.778,6.632,9.337,14.406,13.242,,5.196,9.15,6.517,6.689,13.044,13.251,14.454,14.817,11.993,14.31,8.554,6.185,13.197,15.492,5.58,9.399,,6.12,10.054,14.326,12.281,,16.366,7.491,14.63,7.731,14.146,9.284,,13.738,9.729,6.867,,13.747,13.572,16.708,10.754,9.362,9.083,11.498,16.44,11.83,11.7,9.27,17.118,10.495,5.473,9.852,7.91,6.789,5.241,10.81,12.038,7.709,11.292,16.272,,11.156,7.173,14.414,8.476,9.298,13.734,12.732,13.707,,11.443,9.562,42,0,1
SITE2_PT005,15.288,12.12,7.857,9.953,12.014,15.338,12.088,10.965,10.356,8.805,12.506,,9.218,8.736,8.906,13.915,14.011,7.883,,12.986,7.565,13.265,10.879,8.598,14.511,7.653,,7.333,7.892,4.906,,6.965,4.532,10.635,13.494,10.331,9.01,11.545,14.841,15.424,6.238,,7.725,7.511,8.124,,7.535,9.38,11.824,8.463,14.783,6.746,16.937,8.445,16.487,13.185,15.631,13.893,15.514,11.8,13.909,6.682,10.054,12.765,15.39,11.106,11.713,13.366,7.483,7.013,11.325,8.778,,9.547,7.994,10.541,11.139,13.338,8.588,16.32,14.756,10.82,9.566,11.158,12.403,12.763,13.677,10.681,11.706,8.385,12.446,10.299,15.033,14.72,5.83,11.793,7.917,14.656,9.287,15.666,5.905,13.004,13.706,,14.531,14.24,14.697,9.279,11.542,7.894,11.916,7.012,10.541,13.06,,12.298,12.481,15.19,10.254,11.063,15.909,,5.743,6.815,12.413,,14.627,13.597,9.379,15.794,,10.266,11.043,7.887,8.298,9.442,14.003,,,12.936,11.588,13.943,13.838,10.011,9.295,14.211,13.275,,7.722,13.258,12.779,5.613,14.596,12.529,4.392,12.484,15.967,8.416,11.409,9.214,9.298,14.013,14.796,,16.43,15.368,10.719,15.065,6.469,17.136,12.791,12.374,7.897,14.068,6.389,5.463,8.409,13.12,8.101,14.859,14.302,7.76,,,11.294,14.504,8.493,14.374,5.388,12.903,14.803,15.703,14.095,15.101,6.398,6.89,6.799,11.333,12.736,11.406,13.844,8.596,14.513,10.071,10.735,12.552,15.084,,7.582,11.818,7.112,15.997,12.805,8.807,5.005,9.663,15.987,11.256,15.719,13.51,11.257,7.519,13.513,,9.39,11.586,12.149,15.233,8.852,11.306,,11.546,8.166,6.969,8.479,9.059,11.281,14.067,11.708,10.121,9.217,7.435,11.748,8.421,5.213,9.802,9.001,5.808,11.503,12.657,11.38,,12.443,10.568,12.888,12.163,8.815,12.909,8.267,11.592,11.977,12.687,15.493,11.857,11.294,15.128,8.618,12.743,11.91,7.783,6.686,14.732,6.518,9.609,11.385,6.188,11.272,13.268,8.327,12.593,16.581,10.422,9.112,11.97,5.74,12.354,14.552,14.408,16.186,8.913,13.452,14.273,9.725,12.017,5.792,9.438,11.651,7.322,8.101,15.422,16.084,11.268,14.235,15.057,8.172,10.855,10.783,5.621,13.271,9.643,11.325,6.875,7.856,15.461,5.376,8.535,8.681,11.096,10.011,11.855,,10.161,13.529,13.213,13.107,12.999,13.325,5.183,10.958,8.352,7.925,14.483,12.986,13.767,16.923,12.112,16.08,12.256,15.237,9.751,11.111,10.918,6.698,10.095,14.727,12.829,9.828,10.876,7.662,,13.139,,,11.69,5.497,8.753,13.194,11.561,15.7,12.961,10.34,12.293,15.412,12.847,15.871,14.717,15.243,6.214,13.254,9.618,13.19,10.964,14.822,15.62,8.708,14.442,12.728,9.471,6.884,,14.356,10.397,16.195,10.934,13.954,11.76,,5.627,12.31,13.022,16.274,14.181,6.221,9.975,8.317,6.939,,14.17,12.688,14.401,14.747,13.593,7.648,7.218,15.053,16.58,,11.25,12.269,5.343,11.272,15.051,11.559,8.176,16.979,11.637,12.051,7.517,13.633,10.256,,16.369,8.073,8.31,10.755,13.702,13.39,15.179,10.051,9.96,7.669,11.924,15.536,12.416,10.459,9.415,15.14,11.748,7.11,8.53,4.602,7.11,5.544,11.069,11.453,9.378,9.41,13.945,15.792,10.793,9.36,16.456,8.761,7.797,15.948,13.302,12.472,13.535,12.929,8.807,22,0,0
SITE2_PT006,13.929,16.177,9.694,13.809,12.521,14.374,10.722,,8.406,10.885,11.956,13.86,12.583,7.696,,,11.201,6.775,4.524,13.359,7.035,15.795,9.552,,17.978,7.169,8.193,,7.965,8.273,6.383,4.378,9.969,12.44,12.087,9.57,11.085,13.62,14.209,13.197,5.531,8.755,6.674,9.105,11.786,9.67,6.127,9.04,10.571,7.411,12.48,7.27,13.479,4.311,13.768,18.963,17.142,16.611,16.143,13.032,12.838,6.533,9.556,11.402,,9.612,9.61,10.41,9.302,7.286,10.648,10.001,6.533,11.187,8.568,,12.087,13.037,7.898,14.951,15.788,14.124,6.753,11.863,,13.48,15.344,10.35,13.02,9.157,14.14,6.887,9.149,12.755,9.497,14.683,7.722,12.806,7.196,14.522,6.755,15.351,13.031,11.886,13.938,12.277,18.362,10.191,13.236,5.548,13.826,9.574,14.384,10.144,9.429,12.256,14.914,10.05,11.562,11.912,16.671,7.689,6.754,8.838,10.542,9.955,16.097,12.825,9.589,15.815,13.88,8.754,,9.1,11.297,6.833,16.026,10.074,8.729,13.618,11.937,18.039,15.552,9.374,9.412,18.309,13.129,17.586,6.169,13.483,11.927,8.951,10.545,13.764,7.921,12.418,10.528,10.492,10.876,10.965,8.489,13.34,10.689,5.824,16.864,14.163,6.584,12.534,7.931,16.125,12.749,13.788,7.85,15.625,8.164,9.757,5.231,12.784,7.6,15.705,10.601,4.184,7.46,6.062,11.367,14.837,6.978,14.171,7.885,16.359,17.288,11.371,12.848,14.066,7.55,7.866,7.677,10.789,14.539,13.595,14.336,5.799,13.131,6.792,8.445,13.575,16.396,11.292,5.133,12.08,5.269,13.252,13.684,7.536,8.688,6.714,14.023,,11.238,12.01,14.311,,15.113,7.552,14.195,13.359,12.938,17.913,6.023,,9.978,12.587,7.837,7.038,9.075,10.486,6.528,11.354,11.305,8.762,9.566,10.372,11.613,8.123,6.853,8.632,13.398,9.728,12.881,11.678,13.057,16.167,11.635,8.802,12.816,11.43,11.833,13.373,11.494,11.306,15.268,17.313,14.788,10.031,9.762,12.363,7.487,14.538,11.403,,6.734,15.553,,6.519,8.311,6.451,9.403,11.446,6.524,14.232,12.011,8.358,3.461,11.691,8.205,7.861,16.105,14.945,13.176,11.262,13.744,13.194,8.38,11.792,4.403,9.997,10.629,4.751,5.402,14.037,14.037,10.214,13.309,14.847,,9.07,9.025,8.109,14.011,10.58,9.515,8.021,6.794,13.885,8.615,9.54,9.445,9.398,12.91,8.109,6.774,6.553,14.775,10.071,12.87,12.864,14.583,4.478,9.638,,,14.806,9.328,14.518,12.649,9.374,14.603,11.851,15.403,8.649,8.877,12.337,6.448,9.91,15.775,12.521,,7.578,8.225,,17.625,10.094,8.878,9.679,6.493,8.306,12.942,13.457,17.444,11.067,12.345,15.609,14.478,13.072,14.359,14.535,16.117,6.528,12.357,10.046,10.478,14.152,14.478,15.662,,13.459,13.252,9.784,7.643,2.891,11.763,,14.553,,17.367,10.852,12.816,6.034,11.682,14.243,11.747,13.307,6.892,8.457,6.026,9.561,12.151,13.484,13.63,15.307,11.794,16.698,7.095,6.21,12.426,12.733,3.893,8.348,13.624,6.029,10.767,14.191,13.31,8.685,10.488,7.749,15.344,7.878,11.823,7.403,9.497,13.602,4.797,5.317,7.009,14.177,12.766,17.462,6.445,9.698,6.284,12.526,14.644,13.007,11.892,10.995,,10.715,5.076,8.238,8.815,6.845,7.683,10.941,12.277,8.676,12.55,16.319,13.202,11.706,5.607,15.824,8.321,9.653,15.193,11.563,14.074,10.339,12.685,11.966,84,1,1
SITE2_PT007,14.5,13.277,7.883,11.299,11.028,13.87,12.478,8.72,9.966,10.104,13.696,14.409,,9.256,6.847,14.455,15.239,8.325,4.474,11.902,7.057,14.497,8.271,7.129,14.91,6.802,9.717,7.479,6.634,6.753,8.322,,6.851,12.945,12.151,10.074,11.358,10.599,15.568,15.219,,7.598,8.579,8.895,11.249,10.238,8.504,9.622,10.219,5.834,15.815,5.82,14.535,,14.619,16.959,16.8,14.611,16.664,12.636,13.459,6.542,11.632,10.916,14.53,11.427,,13.195,9.062,7.233,11.653,9.781,9.239,9.8,,9.546,9.677,13.009,,15.456,15.852,9.517,9.569,12.438,14.733,13.12,13.843,11.741,13.35,,12.775,9.467,13.457,14.062,9.1,12.156,6.229,10.643,7.528,17.319,8.406,15.781,13.865,11.268,13.788,14.07,16.842,8.52,12.261,8.013,11.741,,9.582,11.142,9.238,12.314,13.387,,9.158,11.927,14.917,6.466,7.849,7.383,11.916,9.476,12.913,12.277,10.007,16.378,12.683,9.525,9.081,9.118,7.708,6.849,16.841,10.242,9.639,,11.186,14.417,13.166,12.038,11.332,15.497,12.763,16.549,,14.134,12.347,7.076,12.206,13.421,5.715,9.288,15.911,9.449,10.521,9.533,,15.486,12.846,5.516,14.335,14.892,8.697,14.638,7.378,15.288,14.268,11.132,7.322,15.629,,9.11,7.945,14.775,6.78,15.498,13.62,8.369,4.987,8.359,11.553,14.02,7.838,14.206,7.279,13.724,15.44,12.564,13.295,14.881,7.211,6.787,8.944,10.999,13.415,10.612,14.691,8.421,13.379,8.05,7.653,12.473,14.435,12.196,7.451,10.996,6.839,16.097,13.307,8.301,6.439,8.06,15.131,11.739,13.208,,11.266,8.262,16.474,9.18,11.436,13.613,12.291,14.902,7.56,10.128,8.91,9.066,8.231,7.017,8.722,,9.812,11.71,14.356,,10.742,8.27,12.988,9.538,,10.022,9.776,7.19,11.745,10.492,13.115,,13.448,9.508,11.711,12.499,10.329,11.473,7.67,10.799,14.699,13.823,14.408,10.474,10.322,15.0,9.326,14.453,11.436,,6.617,13.451,6.694,8.83,8.934,,9.109,14.478,5.359,14.724,15.17,8.973,7.519,10.814,6.908,9.562,16.084,15.612,14.573,9.93,13.642,14.274,9.364,11.977,5.239,,11.179,8.676,,14.661,16.288,11.039,13.171,17.268,7.479,10.461,9.636,7.339,14.143,,11.244,7.591,8.696,14.331,5.49,6.426,9.619,9.28,12.256,11.587,6.231,9.489,15.182,12.517,12.639,13.408,14.702,7.135,10.097,9.599,9.815,14.993,11.524,12.469,16.02,12.185,14.185,11.498,13.126,10.235,12.792,11.297,7.854,9.732,15.405,12.514,,9.132,8.001,6.139,13.416,10.811,8.535,12.547,5.213,10.467,12.695,11.499,15.177,11.125,10.244,14.117,14.365,,16.223,14.516,13.327,6.583,12.246,10.428,10.356,13.504,15.391,15.128,7.646,12.691,13.401,9.421,6.763,6.074,14.897,11.733,16.458,,16.643,10.705,13.34,5.863,11.713,14.188,16.583,15.085,,9.081,,7.118,12.895,12.856,12.949,14.745,14.771,14.022,,7.662,12.009,13.678,6.956,11.34,12.937,6.898,9.136,16.78,12.782,8.19,14.695,9.809,14.058,9.214,11.89,10.766,8.29,15.329,7.564,8.096,9.468,12.298,13.476,14.453,8.301,9.341,8.575,11.608,17.158,12.086,9.633,10.161,16.078,,6.498,9.677,5.264,6.381,,10.689,12.54,8.901,8.805,15.695,13.165,12.736,10.496,14.702,8.938,9.895,13.491,10.95,14.419,13.049,,8.644,48,0,0
SITE2_PT008,12.709,15.737,7.79,12.758,11.31,13.646,10.893,,,12.969,12.088,13.528,11.937,6.962,7.082,12.601,15.336,5.56,8.135,10.844,8.259,15.93,8.118,7.127,15.831,9.28,7.515,10.677,7.879,7.684,7.278,7.603,7.722,11.835,12.246,,8.619,11.58,13.737,12.739,5.351,8.297,10.146,9.833,12.703,10.84,,8.976,11.257,7.488,12.473,6.002,14.574,7.149,14.526,16.793,14.937,14.388,13.34,12.585,12.999,6.693,12.299,11.425,16.678,10.123,8.253,11.431,8.419,7.022,12.359,8.784,6.32,9.118,10.338,9.307,,13.109,7.137,15.253,13.978,12.569,,10.994,15.942,11.641,14.651,12.005,12.698,11.032,13.361,8.494,11.505,15.415,7.727,11.6,5.833,12.922,6.319,14.689,7.116,17.574,14.136,13.399,14.601,12.609,15.649,6.625,11.926,4.921,13.613,7.939,11.394,10.713,11.078,11.938,14.623,12.695,11.781,12.806,14.917,7.412,8.376,7.719,11.108,9.131,15.375,11.986,9.615,14.845,14.842,7.748,9.649,8.174,7.234,7.18,15.118,10.139,9.264,13.947,11.139,16.475,14.348,,9.788,17.589,13.547,14.689,5.647,13.832,12.115,8.442,10.636,14.196,6.614,10.343,12.224,9.791,8.152,9.731,,16.592,13.236,,15.839,15.106,8.451,14.616,7.094,14.803,12.336,10.701,7.439,14.826,5.695,7.999,,13.093,5.515,14.604,11.517,5.232,6.775,5.694,12.597,11.329,7.189,15.684,7.841,12.782,14.8,14.402,12.306,14.47,6.49,8.933,6.708,9.633,13.885,12.995,14.058,7.756,13.36,6.009,9.215,14.079,14.758,,,12.408,5.594,12.695,12.641,8.846,7.59,4.995,13.81,10.788,12.374,9.567,10.594,7.47,13.899,10.918,13.603,,13.323,16.913,6.934,11.67,9.671,8.89,7.16,,8.447,9.75,9.222,9.875,11.657,8.223,10.859,8.768,10.031,,,12.231,14.432,9.617,11.529,11.735,12.943,12.698,14.029,7.962,14.267,9.821,10.699,11.663,9.781,11.631,12.216,17.524,14.238,8.873,9.733,11.619,,12.4,10.848,9.85,7.351,15.927,,9.435,8.589,,7.759,11.991,5.856,15.948,12.982,8.296,,13.57,,8.749,16.284,17.141,13.317,8.763,13.334,11.905,8.14,11.888,3.633,,11.914,6.769,6.878,13.199,16.356,10.424,16.666,17.509,5.9,9.579,8.519,7.153,14.045,9.468,9.132,8.318,6.89,14.923,7.829,7.98,7.32,11.168,11.868,10.603,9.345,9.08,13.258,,12.555,12.793,15.028,6.28,7.378,13.568,8.803,13.935,10.23,13.822,12.821,9.773,15.864,10.34,14.604,,11.326,11.607,8.192,,16.542,,5.84,7.392,,5.908,17.265,,8.279,10.978,6.663,8.395,15.239,12.397,15.954,12.275,,14.153,15.311,12.476,16.485,12.141,13.627,7.379,14.144,9.415,9.924,14.639,16.569,17.26,8.624,10.927,12.249,8.529,,4.353,11.915,10.838,14.567,13.392,16.386,8.054,12.919,7.553,10.747,14.44,14.052,13.942,7.776,10.066,7.033,7.372,13.284,13.863,13.549,14.419,,13.278,5.632,7.482,10.824,13.477,6.433,11.698,12.358,5.649,10.292,14.638,13.297,9.132,12.162,9.301,16.754,10.073,12.865,8.495,10.858,15.224,6.909,5.965,8.19,11.688,13.96,15.821,8.566,9.567,6.366,13.259,16.378,13.096,12.636,9.679,13.781,9.61,,9.184,6.824,9.66,7.141,9.493,14.328,,11.353,17.114,13.521,11.68,8.335,14.784,7.556,9.887,15.677,11.0,13.996,12.134,13.544,9.785,78,0,0
SITE2_PT009,16.552,14.366,,10.296,13.183,14.633,10.681,9.222,9.861,10.054,11.491,14.71,12.654,7.174,7.676,14.049,14.255,,4.968,13.129,8.622,14.255,9.277,6.166,16.254,7.786,9.618,7.022,7.582,,,8.778,,12.095,11.566,8.443,9.012,9.438,16.46,13.699,5.804,,8.317,,9.534,9.886,4.829,8.111,11.595,6.695,15.4,7.917,17.648,6.849,14.421,17.091,17.26,15.892,15.932,12.215,14.396,5.495,11.622,9.401,14.537,10.401,8.305,11.446,8.891,6.174,10.85,9.801,,8.308,9.867,8.52,11.421,12.498,,15.345,15.082,12.229,8.234,11.756,17.386,12.864,14.131,10.291,12.695,10.091,14.014,8.055,12.838,,9.013,13.459,7.982,12.854,6.246,15.835,6.02,14.758,12.053,12.348,14.798,14.079,15.792,9.372,13.301,6.86,13.927,,13.128,10.949,11.318,10.589,12.93,13.097,11.576,12.101,15.909,7.928,7.229,4.765,12.672,9.309,15.301,12.492,11.532,16.072,14.398,10.038,9.163,8.281,10.493,8.058,15.326,10.198,9.264,15.108,12.311,16.513,13.904,9.111,9.604,16.748,13.988,16.296,6.971,14.129,11.13,9.165,10.511,11.383,6.848,11.152,12.701,9.409,10.446,11.621,8.504,14.094,12.744,4.894,16.591,14.219,7.166,15.23,6.854,13.992,12.846,12.324,5.985,16.575,6.661,7.489,7.282,12.425,8.556,15.231,11.061,5.318,7.557,6.455,11.478,13.255,7.526,13.862,8.455,15.313,15.162,13.46,13.243,14.354,5.666,8.727,,10.075,13.107,12.53,15.642,8.848,11.838,7.717,8.587,14.43,12.044,9.973,5.956,13.935,,13.769,14.886,7.725,,8.968,15.442,12.002,12.587,13.869,13.227,,16.114,8.637,10.746,12.996,12.432,16.826,6.678,9.846,10.138,11.517,,8.124,8.988,9.136,9.574,12.249,11.617,8.861,12.349,8.674,10.556,8.954,6.578,8.527,12.933,9.603,11.79,13.209,12.894,12.62,12.25,10.245,13.512,9.413,11.228,13.397,10.375,,12.217,17.594,15.406,10.618,9.389,15.295,9.689,15.552,11.354,7.419,,14.46,7.744,8.457,9.71,7.64,,12.749,7.523,15.843,13.576,9.76,3.89,11.746,7.48,7.925,14.737,16.868,13.174,7.579,11.149,,10.803,10.877,6.412,8.218,10.11,,,14.602,14.512,11.36,15.079,17.805,7.276,8.433,9.766,7.677,12.923,10.235,11.152,5.829,7.418,14.824,5.677,9.48,,10.51,14.177,,7.349,6.55,14.434,9.792,13.282,13.45,,6.323,8.329,11.77,,14.447,9.497,13.372,13.408,9.269,15.564,11.355,15.012,9.416,11.608,9.929,6.746,,17.973,12.816,6.58,10.066,5.941,7.104,14.628,10.734,9.335,9.988,5.655,8.546,12.826,12.491,16.209,12.988,10.172,13.202,14.788,11.991,16.995,13.977,15.947,7.133,15.772,7.468,,14.837,15.521,14.887,6.562,13.822,12.982,10.426,,5.265,13.044,10.435,15.083,10.027,16.42,10.526,13.804,,9.963,15.176,14.127,14.272,8.144,8.938,6.406,7.82,11.027,13.494,13.667,14.219,10.597,15.212,6.892,5.802,12.104,15.35,4.492,10.542,,7.325,7.959,15.831,,8.563,14.881,8.521,16.701,8.297,14.013,,11.06,13.8,5.769,5.598,,13.31,12.927,17.633,7.305,9.061,7.951,12.888,16.525,12.362,12.549,11.233,15.341,10.035,5.826,10.377,6.838,6.81,7.45,9.299,11.923,8.33,10.64,16.03,13.583,11.082,6.649,14.599,7.846,9.04,15.927,10.315,14.108,11.747,11.127,10.603,64,0,1
SITE2_PT010,12.425,16.211,9.66,11.834,11.272,15.576,12.437,10.069,9.551,10.77,11.467,13.753,11.171,8.181,8.796,12.748,14.258,6.471,7.176,12.134,8.196,15.363,10.358,6.719,16.245,8.636,,,8.616,6.528,7.486,7.666,7.482,10.985,12.983,11.751,9.299,10.813,14.871,14.886,7.218,6.801,8.272,9.186,11.371,11.506,4.913,8.496,10.452,7.254,11.794,6.912,13.023,5.611,14.661,15.597,15.378,14.713,15.773,11.499,13.641,,10.898,,14.571,,10.024,12.065,10.164,7.602,10.629,10.859,9.736,7.462,9.915,8.435,8.476,13.604,8.502,15.499,14.527,10.988,6.376,12.012,15.784,13.109,13.257,10.732,11.364,8.978,14.656,8.753,11.086,13.912,7.578,12.756,5.788,13.75,6.81,17.643,6.662,15.771,14.459,13.413,14.094,15.059,16.065,8.864,11.917,7.936,12.778,7.849,12.776,11.633,10.812,10.584,13.186,12.075,9.691,12.006,16.392,8.357,6.241,7.102,11.827,9.761,13.031,12.781,10.799,14.709,16.183,8.551,8.71,9.996,6.394,6.666,14.003,9.724,9.089,12.665,11.532,17.014,14.329,9.892,10.77,16.886,13.191,15.213,8.2,16.165,13.195,8.047,11.921,13.046,,11.562,11.206,9.242,11.3,10.08,7.488,14.952,12.679,5.933,16.672,13.97,6.901,14.371,8.162,15.352,12.071,12.039,7.656,15.539,7.185,7.958,7.462,14.5,7.442,14.999,12.804,5.387,8.493,8.093,12.97,13.683,7.644,14.117,,15.228,14.296,,12.123,15.318,6.322,7.991,5.957,11.15,14.233,11.332,14.654,6.228,13.17,6.804,8.596,14.281,14.014,12.014,4.717,12.769,6.237,12.936,12.132,,6.712,,14.773,10.169,14.145,10.51,11.476,7.51,15.28,10.338,13.703,11.505,11.691,14.436,7.844,11.642,10.798,10.861,8.631,8.24,9.37,9.597,8.578,,13.118,9.23,11.097,7.815,11.674,8.922,5.718,11.317,12.533,9.39,12.017,12.246,13.934,13.551,12.58,9.568,14.152,11.86,,12.383,9.465,11.012,12.908,15.393,15.271,10.34,9.33,14.461,9.621,15.122,11.664,7.046,6.162,13.714,8.098,8.438,,8.643,9.371,12.958,6.58,14.467,12.931,8.389,7.38,11.566,7.409,8.519,16.274,17.381,13.36,8.671,12.886,10.905,11.049,12.692,5.805,9.538,10.873,7.088,,15.503,16.527,11.033,14.69,15.801,7.21,9.641,9.438,,14.208,9.838,9.095,8.37,8.167,14.977,7.141,8.227,9.799,11.668,13.304,9.964,6.072,8.264,14.603,11.454,11.7,11.15,13.219,7.214,10.996,,9.563,14.718,9.278,13.656,13.079,12.243,14.152,10.983,14.476,8.334,11.929,10.868,6.493,9.819,16.27,13.364,5.254,8.618,7.589,6.883,16.906,10.065,10.095,11.961,5.164,8.169,13.933,13.661,14.179,12.955,9.799,15.554,14.452,11.904,15.246,12.704,15.151,7.716,14.329,10.767,11.902,14.134,16.446,17.41,8.527,13.389,13.617,7.84,,4.991,12.826,10.232,15.357,,16.611,10.468,14.297,5.973,11.991,14.524,14.209,14.74,6.095,11.055,,8.011,11.209,13.275,14.531,14.193,11.311,12.799,5.947,,11.587,12.944,4.714,11.15,12.704,6.765,,14.111,12.55,7.58,,9.152,16.273,9.819,12.739,,9.708,13.69,,4.326,8.451,11.978,15.513,15.535,9.769,10.491,,13.128,16.363,13.824,12.108,11.192,14.412,11.667,8.258,9.827,6.995,8.667,9.004,9.855,14.361,9.585,9.136,15.379,13.158,9.882,7.796,14.381,8.683,10.5,15.65,10.045,13.357,12.535,13.62,8.512,70,0,0
SITE2_PT011,14.248,15.713,8.897,12.392,11.298,13.682,,6.827,10.096,9.654,10.99,13.251,10.336,7.13,7.499,,13.856,,5.222,12.633,7.777,13.519,10.938,,16.05,7.49,9.026,6.567,7.745,6.775,6.945,8.512,9.42,11.607,13.239,10.36,8.666,11.008,14.199,14.626,6.535,9.801,7.023,9.92,11.144,10.366,7.007,9.627,8.76,6.617,13.275,8.556,14.664,4.133,14.399,18.25,15.603,16.366,15.051,10.603,12.596,,,9.278,13.942,10.939,8.56,11.951,,7.667,,9.046,6.504,10.179,8.139,8.833,12.914,12.558,8.21,13.939,16.134,13.442,7.969,12.011,14.742,12.105,14.608,11.535,13.604,8.475,14.386,9.205,12.859,15.275,9.149,,6.903,13.011,6.264,16.078,6.578,15.724,12.934,11.558,15.539,13.764,16.326,9.618,13.767,6.93,12.771,,11.895,10.488,10.434,12.29,15.57,11.086,10.608,12.392,14.804,8.421,7.62,8.363,12.324,8.025,,11.77,,15.167,15.275,9.772,9.668,7.339,10.957,8.475,15.339,8.404,9.824,12.908,12.44,16.881,14.272,10.175,7.809,16.636,13.111,16.775,7.143,15.683,11.923,7.921,10.757,12.703,6.547,12.681,13.37,9.599,11.393,10.643,8.223,13.475,11.882,6.911,17.369,14.723,8.206,14.137,7.442,14.678,12.818,12.632,,16.796,6.614,8.967,8.085,13.084,8.279,15.858,11.649,5.399,7.541,5.648,10.71,14.311,8.069,14.599,7.772,15.035,14.58,12.37,,11.777,5.84,,6.617,9.19,13.585,12.027,16.055,8.547,12.42,8.208,8.265,13.457,14.637,10.812,4.468,12.385,5.505,12.98,,7.68,9.293,7.485,13.954,11.765,13.987,11.626,13.223,9.735,15.677,8.008,12.662,13.006,12.321,16.626,7.285,9.194,11.649,11.144,,7.618,9.419,10.88,,11.44,11.965,8.504,11.317,9.209,10.501,9.001,5.38,10.083,12.489,10.299,,11.602,11.549,12.227,11.177,7.692,11.753,10.446,13.782,13.735,10.24,11.879,12.24,17.54,15.309,10.644,8.791,13.77,7.877,,12.087,,6.633,15.084,7.381,,6.318,8.993,9.337,12.222,6.378,12.841,12.184,8.074,5.583,10.743,7.752,,13.783,15.838,13.271,8.946,12.853,11.851,9.328,11.499,7.085,8.143,,5.414,,14.007,14.554,9.714,14.611,16.141,6.544,9.31,9.915,7.701,13.355,11.603,10.421,7.823,7.49,12.193,4.432,7.947,9.113,,12.353,11.309,9.22,6.993,14.583,10.918,13.12,11.886,14.788,7.566,,11.884,8.958,15.705,9.578,13.22,14.071,10.997,15.109,11.269,15.271,8.279,10.666,10.904,,10.115,16.236,12.915,6.28,8.403,6.045,7.387,15.696,12.563,,10.739,6.12,8.02,13.137,13.249,17.123,11.608,9.777,14.33,13.141,13.6,16.364,13.645,15.104,,13.712,,11.4,13.998,16.832,15.35,,14.65,12.891,8.679,7.656,6.03,13.908,10.611,15.523,11.416,18.287,,12.913,7.904,10.417,14.56,13.027,13.387,6.916,9.18,7.655,8.202,13.817,13.817,15.459,14.402,11.276,16.164,7.277,5.886,12.398,15.23,,10.516,12.641,,9.992,14.48,13.572,9.481,14.059,7.189,15.279,8.849,11.824,9.435,10.033,13.424,8.786,6.815,8.199,12.222,13.36,17.082,7.314,8.501,7.914,12.014,16.123,12.769,12.307,10.392,14.0,10.456,5.37,10.494,6.558,8.383,7.545,12.078,13.008,9.693,11.591,16.476,12.98,10.565,7.807,14.679,8.768,8.363,15.782,11.494,13.153,12.454,10.742,8.367,69,0,1
SITE2_PT012,16.838,12.281,8.42,9.572,12.869,15.264,13.3,9.04,12.272,9.543,11.482,17.561,9.861,9.015,7.846,14.41,12.928,8.519,5.834,10.348,7.961,15.749,11.04,7.772,16.014,8.047,8.775,5.991,5.608,,5.591,5.712,,12.369,12.721,8.411,7.589,11.585,15.767,13.388,7.242,,8.914,9.25,11.682,8.981,7.931,10.056,11.086,,16.955,6.831,15.809,6.927,17.449,13.551,14.455,14.511,,12.11,14.288,7.485,12.724,10.956,13.366,11.689,10.474,12.595,9.069,8.34,12.277,9.056,9.325,,9.453,9.574,9.346,14.606,11.94,16.026,15.628,8.71,11.23,11.446,15.019,11.678,15.626,11.737,11.336,9.533,12.989,7.628,14.519,15.52,6.929,12.596,7.263,11.841,7.472,15.709,8.585,16.109,14.886,11.738,12.576,14.394,15.033,8.574,12.179,6.922,11.14,7.323,10.912,11.637,10.085,11.046,13.56,15.051,10.626,12.419,14.96,6.704,6.213,6.475,13.242,12.664,14.746,13.702,8.481,13.919,12.873,10.051,10.881,7.882,8.419,8.721,14.81,11.85,11.151,13.698,,15.265,12.317,10.604,,15.344,13.971,15.462,6.856,15.559,12.559,5.963,13.592,,7.586,10.088,15.077,9.762,9.51,9.802,9.657,16.423,15.189,6.734,16.452,14.663,10.067,14.331,6.99,16.992,13.067,12.611,6.508,15.321,5.109,,9.07,12.743,8.729,13.885,12.618,,5.518,6.029,11.823,12.932,8.357,13.938,7.27,14.996,14.451,12.946,12.896,14.605,6.543,6.744,8.983,10.509,13.42,11.85,15.027,,15.267,,8.528,11.805,15.361,11.243,6.941,,,16.261,12.659,8.573,4.207,8.503,15.513,12.036,14.111,13.923,11.968,8.492,15.911,8.095,9.666,14.437,12.27,13.475,8.5,11.07,11.066,12.368,6.414,6.361,9.447,9.42,12.232,14.796,13.58,11.999,10.041,,12.24,9.373,6.994,9.758,10.023,7.178,11.516,11.079,11.79,11.582,12.176,9.873,13.944,11.23,8.485,11.711,7.981,11.152,13.142,12.896,14.738,12.434,13.155,14.016,9.533,14.584,,7.274,6.844,14.969,6.921,8.653,9.99,,9.121,13.718,5.834,11.864,15.522,9.563,7.719,,6.661,11.862,15.227,15.77,14.755,9.675,12.05,15.359,,13.386,6.794,6.4,12.934,8.037,6.689,12.706,14.965,11.418,14.205,16.422,,,9.581,,14.021,,10.521,7.762,7.28,14.579,,8.216,8.083,9.635,,9.848,8.256,,14.418,14.805,12.509,14.132,13.293,,11.085,9.523,9.46,13.703,9.607,13.207,14.09,11.509,14.302,12.258,15.09,10.862,11.663,11.097,6.547,9.827,14.385,11.56,7.708,10.483,8.508,,,10.583,8.514,12.737,,9.037,12.945,12.924,15.816,13.2,10.33,13.906,13.646,14.518,15.259,14.292,14.494,6.19,11.854,9.951,11.404,11.617,14.308,14.519,8.791,14.393,13.188,9.033,7.253,7.094,13.175,,16.666,9.821,14.601,9.86,14.345,4.522,11.013,14.161,15.915,14.536,4.915,9.864,,8.324,13.253,11.882,12.425,13.18,13.743,13.359,,9.574,13.058,16.584,5.974,9.429,11.861,6.659,9.979,14.006,10.813,7.9,15.763,8.556,14.159,8.16,12.443,9.888,9.237,14.545,8.397,9.016,9.907,12.906,13.423,15.435,8.617,10.022,6.916,11.631,16.358,11.734,10.79,8.812,16.487,11.177,7.932,10.418,4.8,7.588,4.628,,12.841,7.944,8.29,13.824,13.895,11.912,8.122,14.404,8.773,8.817,15.576,11.73,11.527,14.597,12.343,7.32,31,0,0
SITE2_PT013,14.658,14.045,8.829,10.888,14.024,17.073,10.996,8.735,9.069,8.594,13.377,14.714,13.774,6.787,7.398,14.076,12.959,,5.236,11.054,7.483,12.481,10.183,,15.938,6.939,8.498,7.725,,6.25,5.019,6.087,8.039,12.059,12.068,10.627,10.236,10.809,14.346,14.744,5.529,9.384,,8.831,10.152,11.447,7.861,,,,14.871,7.197,17.6,7.063,15.704,,16.811,14.465,14.006,11.278,12.724,5.481,9.363,10.631,14.454,10.708,10.61,11.022,8.6,7.209,9.693,7.245,7.209,9.458,,9.6,10.965,14.565,7.809,16.291,16.462,9.447,9.768,11.435,14.349,14.013,15.177,11.347,11.983,,11.17,4.434,12.48,13.955,,12.78,8.281,11.143,9.153,15.318,4.987,14.836,13.856,11.148,12.768,,17.617,8.499,12.727,4.489,,7.607,11.706,10.668,10.132,11.244,13.642,13.856,10.83,11.284,15.622,5.532,8.013,5.91,10.662,11.402,15.232,13.121,8.911,15.002,12.27,8.324,9.858,7.56,9.735,7.939,15.738,10.293,11.5,13.159,12.679,16.706,13.859,9.775,,17.283,13.823,14.666,6.994,13.805,11.833,4.905,13.271,13.161,7.344,11.839,14.579,10.166,11.704,11.897,9.375,10.895,13.303,,18.793,15.233,8.59,13.595,6.401,15.996,11.763,13.026,7.86,17.967,6.417,7.836,,14.436,,15.608,9.418,3.798,5.979,6.895,11.656,12.292,8.168,14.277,,13.956,15.696,12.234,15.597,14.715,6.184,6.425,7.962,10.585,13.257,12.918,13.508,9.651,12.784,9.064,9.055,13.666,14.487,12.946,6.479,12.054,5.019,14.095,13.356,,7.307,,16.285,10.247,14.092,11.395,13.027,10.124,15.807,,10.799,12.832,13.137,14.691,7.21,11.617,9.025,12.136,6.304,5.475,9.275,10.849,9.92,14.034,11.986,10.886,10.491,9.465,12.457,7.136,5.798,9.437,11.078,8.99,12.555,12.455,12.46,12.782,13.028,9.459,11.079,12.409,10.619,13.07,10.342,12.564,14.05,14.728,14.372,12.123,9.374,14.403,7.091,15.737,11.611,,7.38,12.985,6.777,8.535,8.857,,,11.947,,14.336,14.655,10.89,6.307,11.727,,10.341,14.349,15.94,14.132,10.011,15.075,13.607,9.775,12.008,6.8,8.383,8.074,7.066,7.502,14.958,13.864,12.205,14.968,15.055,7.802,,11.897,8.277,14.609,12.61,12.517,7.144,7.386,14.144,6.081,6.409,12.195,9.614,12.066,11.35,8.058,8.002,13.221,11.011,13.341,11.471,14.05,5.235,11.04,10.861,8.028,14.201,9.435,14.943,14.879,9.276,15.734,12.08,13.708,6.217,11.971,11.356,7.032,7.973,15.36,11.05,10.221,9.789,,5.243,14.913,10.318,8.738,12.127,,,12.6,10.356,15.882,11.026,11.444,13.357,13.441,,13.825,14.629,15.204,6.533,12.298,8.354,12.704,11.198,14.126,14.109,6.989,14.564,11.958,8.029,8.703,6.567,14.373,11.362,15.359,11.455,16.728,11.208,11.405,6.661,11.734,15.157,15.059,,5.714,9.187,8.028,5.979,13.538,12.414,12.52,12.792,11.923,15.828,7.466,6.89,11.061,15.391,4.403,,13.188,7.484,10.471,14.336,11.383,8.405,14.61,6.754,14.481,,12.316,9.794,8.803,14.376,7.185,4.814,7.362,14.072,14.664,14.633,7.872,11.233,7.096,11.075,15.989,12.364,10.311,11.122,15.431,10.686,5.99,10.18,6.286,8.878,4.902,10.931,,8.787,11.019,13.895,13.463,12.169,7.181,13.024,7.364,10.346,16.039,11.612,12.971,13.82,11.357,7.526,42,1,1
SITE2_PT014,14.521,14.873,8.176,11.117,13.103,15.233,11.355,10.824,8.54,9.024,12.666,15.659,10.093,7.613,9.048,12.002,14.491,6.713,6.468,11.394,,14.28,,6.328,17.086,7.698,8.551,7.094,7.426,5.502,7.292,,7.285,12.183,11.39,8.41,12.216,10.155,14.043,14.904,5.932,8.801,,8.577,9.934,10.853,5.613,10.097,11.176,8.679,13.421,6.754,15.093,7.593,14.877,15.919,16.039,12.509,13.293,12.043,13.467,8.575,10.284,11.833,12.473,10.605,,10.571,8.782,7.843,9.857,9.864,7.531,8.873,8.658,9.144,10.057,13.749,9.447,16.138,16.855,11.945,8.756,10.25,13.884,12.748,13.87,10.942,12.578,,13.419,7.517,12.387,14.359,5.553,13.375,7.946,11.525,,14.549,5.38,15.994,13.695,12.981,11.676,13.256,17.302,9.275,11.799,8.609,13.276,8.452,9.825,12.438,11.768,11.714,14.447,13.35,11.343,,14.822,5.972,6.787,9.17,12.939,11.046,14.562,13.75,9.891,14.882,13.326,8.886,9.624,8.98,6.812,8.538,16.456,11.306,9.563,13.68,10.711,15.42,14.489,9.946,8.465,16.007,12.703,15.196,7.356,14.754,12.175,7.729,9.89,,,10.781,14.601,8.348,11.867,10.57,9.081,17.761,14.556,7.831,16.619,15.37,7.407,13.269,7.178,17.572,12.767,12.517,6.509,14.905,5.594,7.859,7.026,14.245,,15.107,10.846,6.275,5.926,6.858,13.005,14.361,7.809,13.097,7.351,15.629,14.837,10.882,13.36,16.525,7.178,6.491,7.839,11.91,14.778,13.962,14.122,6.352,11.047,,6.971,12.93,15.394,12.268,5.543,12.572,5.93,14.378,10.748,8.512,,7.071,15.916,9.609,13.37,12.261,12.953,8.39,17.638,,12.61,12.063,11.456,15.554,7.129,12.196,10.55,11.922,6.687,6.414,7.599,11.212,9.789,,12.937,,9.844,5.928,10.989,7.838,6.331,10.93,9.723,6.644,12.447,10.659,11.856,12.292,11.373,9.313,14.092,12.924,9.817,11.873,11.629,11.067,12.779,15.093,14.74,9.817,11.372,12.594,9.562,14.112,10.827,7.221,,13.581,,8.624,10.203,6.92,9.807,13.737,8.452,16.259,15.412,10.5,7.167,12.681,7.408,9.161,16.519,15.069,14.413,8.642,13.958,12.723,9.452,11.758,5.316,8.217,10.329,5.909,7.969,14.158,14.073,11.786,15.074,14.895,5.971,9.327,11.266,8.558,14.816,8.85,11.156,8.003,7.782,16.431,7.869,7.754,9.261,12.166,12.807,10.577,7.463,10.024,15.411,13.871,11.411,13.019,13.674,6.038,,11.674,7.839,14.56,10.884,15.065,16.5,11.606,15.428,12.239,14.611,8.496,11.036,12.498,7.505,8.757,15.902,12.909,10.09,9.222,7.629,5.274,16.763,11.643,9.09,12.377,5.489,9.347,,11.893,14.855,10.553,12.067,14.713,13.895,,12.994,13.981,13.997,6.899,12.53,10.492,10.965,12.181,12.692,14.149,10.525,14.25,11.586,8.449,6.466,6.675,12.157,10.474,15.124,11.348,15.246,9.574,,6.811,12.419,14.211,14.931,14.169,7.576,9.674,6.024,7.321,13.101,13.949,12.805,14.282,11.652,15.268,6.585,8.992,11.139,14.614,6.014,11.366,12.099,5.164,11.385,15.277,12.981,6.096,14.451,8.713,11.452,7.331,12.452,11.475,7.875,13.772,7.718,6.799,9.129,14.029,14.115,16.137,10.273,,7.499,10.352,16.243,14.384,11.298,9.698,16.124,,6.971,10.949,5.943,8.157,6.391,10.842,10.596,10.287,,16.144,14.595,11.636,8.25,12.244,9.27,9.719,15.115,12.054,15.491,12.474,12.401,7.677,49,1,0
SITE2_PT015,13.212,13.075,8.102,11.63,12.106,13.459,10.265,8.562,9.058,11.223,12.802,16.495,11.361,8.63,7.749,13.123,13.548,7.518,6.094,12.368,8.201,12.44,11.318,5.459,16.865,7.287,9.949,7.416,7.454,5.257,5.368,7.095,8.269,12.793,13.664,8.78,11.327,11.831,13.981,14.457,7.175,,,9.582,10.457,8.38,,8.045,10.845,6.332,13.353,7.236,17.201,5.43,14.214,15.761,17.959,15.139,13.211,12.915,13.111,6.957,11.151,10.966,13.465,11.715,,11.958,8.498,5.843,10.499,7.847,6.709,9.924,8.829,8.479,10.264,13.429,,17.14,17.75,10.779,8.807,10.664,14.071,12.339,13.78,13.231,13.018,8.719,12.935,7.161,,14.555,7.767,13.37,6.239,13.174,8.017,16.466,6.606,15.213,14.181,12.867,12.797,13.77,16.668,9.878,12.914,7.728,12.168,8.435,11.254,7.931,10.001,11.43,15.251,11.449,12.292,11.663,15.575,5.65,8.576,7.348,12.449,9.154,14.861,14.277,9.666,15.914,11.891,8.987,7.243,9.132,9.796,,15.436,9.444,10.504,13.685,11.386,15.85,14.914,,8.361,16.624,11.965,16.886,7.523,13.957,12.213,8.079,,13.034,7.06,12.577,12.851,10.464,11.143,,,15.013,13.849,6.591,17.322,13.537,7.123,13.935,5.978,16.689,12.391,14.238,7.094,17.651,5.106,5.565,,12.043,8.603,13.75,11.005,3.921,,5.804,13.406,13.887,8.921,14.253,8.997,13.748,16.449,,14.923,14.681,7.535,,6.416,10.061,12.618,13.234,13.749,9.694,12.716,7.919,6.116,14.721,12.991,11.385,4.963,11.406,5.642,13.401,12.897,8.623,4.937,,14.42,11.222,14.113,13.025,14.423,8.831,16.009,8.172,10.042,12.07,12.214,14.916,8.078,10.0,10.503,12.317,7.461,7.832,8.936,10.598,,13.318,11.898,9.1,11.002,7.017,,9.669,7.353,10.475,10.531,,13.413,11.978,12.09,13.205,10.974,7.864,13.473,12.088,11.011,,10.198,,15.918,15.34,13.881,11.673,11.435,12.417,7.649,16.655,11.194,8.183,4.547,12.753,6.666,8.696,8.028,6.451,10.565,11.44,6.984,14.481,12.903,9.614,4.831,11.3,6.267,10.134,16.355,16.035,,9.505,,13.071,10.084,11.274,6.653,7.733,9.825,6.532,7.076,14.584,12.268,10.964,13.676,15.26,6.885,9.076,9.884,8.641,13.814,10.785,10.968,6.106,7.476,13.491,7.179,8.437,9.026,9.611,12.486,11.305,9.623,8.899,14.039,12.024,13.553,12.748,13.35,5.653,7.757,11.802,8.188,15.004,8.804,,17.251,,16.235,12.267,14.642,7.383,11.446,,5.978,9.381,15.244,12.503,7.364,,7.683,4.884,14.184,10.621,10.023,11.473,4.8,7.6,10.83,9.848,15.677,,13.405,13.23,14.606,12.633,16.094,14.829,14.315,5.44,15.035,9.374,12.282,11.648,15.243,13.45,7.995,12.91,10.951,8.03,7.083,6.828,14.173,11.352,15.319,9.4,17.712,10.254,13.641,,12.509,15.758,13.568,15.309,5.602,10.935,6.253,5.979,12.725,12.609,12.88,13.554,12.633,15.281,,7.542,12.428,16.363,,11.322,12.586,6.232,9.291,14.592,12.216,7.28,13.478,7.575,12.699,8.179,12.528,8.14,8.936,13.144,6.759,4.213,9.899,13.961,12.161,15.934,9.741,9.627,7.128,12.156,14.865,14.111,11.458,10.287,14.706,,5.952,9.863,5.39,7.833,6.676,10.029,12.124,7.873,10.338,16.755,13.72,12.543,7.638,14.911,9.184,7.781,15.538,11.383,15.461,,12.179,10.145,51,1,1
SITE2_PT016,15.641,11.815,8.627,10.703,14.33,15.306,,9.364,10.115,8.675,10.831,15.476,10.351,8.412,8.495,14.9,10.579,7.495,5.35,10.385,7.894,12.965,10.576,6.68,13.06,9.445,9.979,,6.14,6.92,5.118,5.483,6.458,11.269,13.347,10.064,9.906,,16.628,14.72,5.915,6.937,,10.941,9.121,10.908,5.506,8.892,11.316,6.919,16.142,6.214,18.7,5.607,16.121,15.449,15.324,15.062,12.448,12.007,14.312,6.785,9.659,11.983,13.102,10.246,11.425,14.859,9.374,6.7,12.296,6.392,8.44,9.886,9.403,8.332,9.383,12.409,9.354,16.967,16.703,10.255,9.821,10.99,13.02,13.461,13.927,,,8.103,13.322,7.736,,14.042,8.558,13.077,,12.276,,15.647,5.732,13.835,12.986,11.94,12.075,14.571,14.793,8.054,12.612,7.503,12.617,,13.014,10.581,,12.194,13.516,15.436,11.784,11.336,13.61,7.902,7.974,6.255,12.671,,15.136,13.446,8.95,14.664,12.401,11.205,7.858,8.758,8.032,9.157,15.261,8.949,10.185,14.794,11.983,16.026,12.404,10.925,8.525,15.954,13.945,16.28,7.961,13.257,12.602,,14.565,13.563,4.38,12.826,16.149,8.82,10.107,,8.365,11.593,15.198,5.983,17.127,15.14,,15.433,7.366,16.87,11.161,13.865,,17.382,3.943,5.707,6.784,13.845,9.245,13.381,12.039,7.616,5.357,5.807,12.114,13.406,10.073,15.798,6.041,12.81,14.87,12.844,,15.342,5.574,6.573,6.387,11.553,12.9,10.5,13.727,8.281,13.526,9.193,8.447,11.439,13.444,11.695,7.353,12.409,6.058,16.2,12.848,8.139,3.902,11.056,15.521,10.748,17.452,15.155,14.002,8.56,16.872,9.026,9.974,12.735,11.513,14.753,6.229,9.612,9.716,12.418,6.862,6.203,7.586,8.543,12.929,15.321,,10.463,11.522,,14.305,9.299,6.833,9.969,9.74,7.826,12.048,12.502,10.365,12.819,11.373,,12.401,11.111,10.067,13.156,9.695,12.051,12.533,13.892,13.396,12.383,10.465,14.776,6.13,15.628,12.94,6.304,6.088,13.989,5.608,9.667,9.677,6.02,10.621,13.319,5.485,16.14,15.782,10.529,8.385,10.588,6.946,13.585,15.226,13.021,15.798,8.736,12.491,15.1,8.915,12.487,6.886,7.795,10.075,7.725,,14.152,15.686,9.266,14.292,14.239,10.425,10.588,10.926,7.941,12.114,,13.174,7.574,7.478,15.516,3.863,8.854,8.037,9.212,12.175,11.526,7.73,10.192,15.822,13.046,12.393,13.51,10.92,7.053,10.149,8.668,7.398,13.467,10.793,14.057,14.087,12.678,15.855,13.106,14.666,9.439,11.017,8.96,6.643,10.684,13.451,13.125,9.822,10.063,5.956,5.274,14.305,10.759,10.029,10.92,3.469,7.704,10.921,11.162,14.78,11.488,12.626,10.949,,13.702,15.612,14.411,13.998,6.375,13.72,9.228,12.725,12.685,15.843,13.398,9.28,13.534,11.596,9.745,7.233,8.597,14.13,10.822,16.646,9.036,15.226,10.61,13.954,,11.342,15.03,15.173,15.231,6.529,9.832,9.737,7.011,13.698,12.254,12.056,13.662,,14.778,8.697,7.12,11.011,17.242,6.244,9.731,11.535,7.807,9.047,16.466,12.747,6.891,16.787,9.034,14.183,8.237,13.04,,8.345,14.079,,8.005,10.981,14.105,14.05,16.476,8.942,10.679,7.434,10.951,17.186,12.972,,8.042,15.939,11.548,8.315,10.202,,8.496,4.567,9.852,11.125,7.928,9.001,13.852,13.612,11.453,8.273,13.923,8.351,8.064,17.199,12.793,13.631,13.668,10.475,8.46,20,0,1
SITE2_PT017,15.163,13.284,7.855,12.761,12.193,14.772,11.579,9.726,10.199,9.923,12.185,15.079,9.051,9.526,6.533,12.079,13.265,7.681,6.566,12.691,6.442,15.512,7.741,5.329,16.936,7.023,7.879,6.834,6.44,6.111,6.36,7.076,7.825,12.12,11.994,9.015,10.226,10.476,13.623,12.943,5.992,9.813,6.454,9.539,12.0,11.214,6.434,10.964,12.258,9.22,13.578,7.876,14.233,6.365,15.411,15.539,17.378,13.927,12.111,13.322,13.478,8.917,12.544,11.698,12.802,10.772,9.766,11.136,7.074,,11.192,10.804,8.059,10.195,8.47,9.113,9.785,12.838,9.318,16.248,15.423,10.244,10.105,,15.499,11.726,14.77,11.256,12.27,8.994,12.745,5.783,13.78,14.591,6.144,13.093,6.38,11.834,8.188,15.775,,15.994,14.384,11.927,,14.458,14.926,8.239,12.013,7.205,12.49,,11.8,11.363,10.382,11.365,13.329,12.176,10.873,13.272,15.364,6.056,6.676,6.539,12.458,11.284,14.185,12.671,,13.738,13.015,8.365,9.875,7.914,6.753,9.143,14.111,9.945,10.017,12.804,10.797,14.364,14.869,11.75,9.012,16.247,12.27,15.147,7.366,12.874,13.005,9.375,11.255,13.374,6.608,10.553,13.835,8.61,10.177,12.722,10.095,17.477,14.205,5.646,16.146,14.147,8.04,14.185,8.452,15.731,13.483,12.166,,15.817,6.228,7.051,8.383,13.188,,15.306,12.161,,5.795,6.076,12.64,14.766,8.188,13.753,7.733,13.981,16.323,12.847,13.492,16.621,6.671,6.978,7.576,11.836,12.998,12.469,13.774,8.66,13.644,6.79,,14.393,13.79,12.156,4.809,11.921,6.018,16.795,11.673,,7.097,7.071,14.863,10.672,14.31,12.335,13.339,8.529,14.517,8.097,12.536,13.148,12.618,14.354,6.234,11.939,10.09,11.381,,7.724,8.406,11.753,10.238,,12.288,,9.114,,12.384,9.191,5.468,12.19,11.605,7.608,12.312,12.088,13.899,12.738,13.315,9.186,13.341,9.735,10.645,11.046,9.366,12.772,12.307,15.976,15.183,9.453,10.492,14.387,8.202,13.667,10.09,6.087,8.119,13.11,6.356,7.897,9.069,,9.245,13.255,6.061,14.761,14.589,9.723,,11.562,9.653,9.924,16.91,15.597,11.557,9.142,13.646,11.948,9.063,,5.064,6.653,11.386,6.54,8.052,14.979,15.745,10.173,12.943,14.39,6.554,,9.409,8.17,14.403,10.441,11.204,7.709,10.033,14.342,,6.382,10.061,10.978,12.096,10.517,7.899,7.515,12.209,13.238,10.942,12.007,13.001,,9.301,11.049,,13.893,11.552,13.532,16.308,11.785,14.023,13.021,14.996,9.305,11.06,13.363,4.771,9.06,14.993,13.128,8.073,10.629,7.226,6.003,17.927,9.602,8.885,11.916,5.787,9.559,12.226,13.052,14.122,11.627,12.009,15.624,15.602,12.522,15.663,14.868,14.627,6.029,12.553,10.381,12.001,10.193,15.511,16.086,9.167,11.856,,7.806,5.241,4.108,13.558,11.15,14.998,11.083,15.208,11.407,13.442,6.923,12.667,13.507,15.333,14.496,5.698,9.263,4.525,6.002,13.174,13.248,13.599,14.792,14.197,15.082,5.97,7.266,10.194,13.268,4.717,12.56,11.908,7.244,9.116,15.062,11.759,7.332,14.205,8.573,12.069,7.089,10.75,9.615,7.843,13.715,5.262,5.982,9.005,14.923,13.45,16.035,8.236,9.701,5.761,11.512,17.119,14.38,12.371,10.719,14.166,11.187,7.277,11.037,6.619,6.646,5.539,,12.86,10.899,,15.421,13.117,9.986,7.881,13.842,8.0,8.568,14.686,,15.794,10.04,10.669,7.726,55,1,0
SITE2_PT018,15.099,14.46,8.384,11.038,11.581,16.018,13.03,10.543,10.972,10.534,12.641,16.46,10.609,8.546,9.221,13.906,13.036,8.37,6.173,12.842,7.798,13.228,9.575,8.183,13.423,7.167,8.843,7.419,6.602,4.379,,7.372,4.72,12.292,13.496,9.961,11.181,10.97,15.805,14.833,5.046,8.119,8.6,,10.882,9.135,6.328,,8.579,6.606,15.705,7.748,18.452,7.05,14.524,12.102,14.831,13.335,13.55,14.698,14.188,6.275,10.206,12.348,13.55,9.962,11.0,13.836,9.919,,10.955,9.998,9.791,10.635,9.557,8.007,,15.963,,16.427,14.904,10.706,11.225,11.199,13.94,11.455,13.31,12.959,12.564,8.005,13.546,,15.152,13.235,7.301,11.975,7.226,12.941,7.568,14.956,7.495,13.845,12.415,12.678,13.854,15.783,12.677,8.563,11.667,7.143,11.342,7.073,11.366,10.925,12.002,12.544,13.673,16.253,11.34,11.345,17.071,4.938,7.011,6.746,13.276,11.937,15.967,13.429,8.475,15.069,12.24,9.539,9.935,9.222,,6.285,15.626,11.64,11.342,13.945,10.155,14.579,13.794,8.668,9.746,13.761,14.177,15.359,,12.933,12.39,5.714,,12.577,3.922,10.957,15.278,10.278,8.875,10.467,10.356,13.585,13.515,6.168,16.604,14.149,,14.509,8.317,18.422,13.13,13.631,7.373,15.295,4.977,8.196,7.789,15.47,9.452,12.736,13.145,,,,11.48,13.402,8.763,14.193,6.257,12.139,14.664,13.741,12.89,15.023,6.429,7.751,8.052,10.144,14.034,11.349,14.652,,12.673,9.359,9.502,11.138,15.55,11.724,5.724,12.368,6.226,16.183,13.485,9.532,5.456,8.546,16.014,11.472,,14.139,10.978,7.605,16.971,7.897,10.302,11.419,11.805,15.041,7.717,11.674,10.186,,,6.49,5.244,9.222,,12.74,12.878,9.124,9.283,7.348,13.248,,3.826,10.326,8.34,8.574,,11.822,11.207,10.749,12.517,9.907,14.211,12.511,9.645,11.729,8.869,10.634,14.043,13.144,14.525,,11.674,16.189,7.863,14.223,10.745,6.619,6.191,13.873,7.002,,9.797,6.817,9.948,13.712,4.529,13.785,15.376,11.805,8.014,12.023,7.033,12.388,13.906,13.398,13.486,10.6,12.428,15.78,8.648,,6.416,7.593,11.062,8.452,6.529,15.196,14.365,,13.638,17.164,7.88,10.462,10.312,7.32,12.909,10.387,11.178,,9.094,15.373,,8.197,7.881,10.8,11.775,12.228,8.231,8.293,13.479,14.014,11.843,13.325,11.862,6.58,9.655,8.932,8.211,13.879,10.82,13.571,14.98,,13.718,11.172,14.113,9.115,10.203,11.874,6.859,,14.939,12.141,9.215,9.616,7.639,6.686,12.79,,7.882,11.509,5.063,7.147,12.909,,15.083,12.164,10.62,11.963,15.198,15.132,16.098,14.683,15.174,5.304,12.953,,13.093,11.253,15.091,15.582,9.711,12.725,13.271,8.325,5.723,8.428,,9.976,16.404,10.967,15.19,9.71,12.346,6.353,,14.573,16.665,13.456,,9.822,6.962,7.236,14.68,14.196,13.505,15.162,14.897,15.065,8.695,,12.912,14.82,6.607,,11.649,5.149,10.309,14.899,12.042,,15.001,10.821,13.858,9.181,13.219,10.437,6.658,14.548,8.273,6.888,9.835,13.38,13.821,14.379,9.365,9.965,8.824,10.493,16.563,12.93,11.139,8.011,15.555,12.171,,9.562,5.292,8.753,4.235,11.058,10.61,8.616,10.058,14.424,12.496,11.352,10.334,15.679,8.06,7.716,,11.923,13.038,13.446,13.11,8.135,28,0,0
SITE2_PT019,13.599,15.461,9.03,12.346,12.871,15.208,11.86,10.277,10.646,8.47,12.674,14.716,10.169,8.389,,13.175,13.126,7.801,7.244,11.715,8.508,14.627,9.46,5.055,16.346,7.093,7.354,7.217,,7.383,6.528,7.178,8.219,13.691,12.494,8.78,10.306,9.664,13.233,14.281,6.229,8.065,7.9,8.839,13.867,9.04,5.868,10.766,10.195,7.257,13.082,9.373,14.316,8.547,,15.85,17.638,14.079,14.027,11.54,12.869,6.873,12.216,10.152,14.86,9.525,9.909,9.441,7.849,8.335,10.659,9.524,7.703,9.153,10.624,9.575,10.029,14.913,8.274,15.007,15.298,11.778,7.56,10.143,16.73,12.414,14.749,,13.35,10.298,12.124,,10.676,14.081,8.052,,,11.767,6.581,14.911,,15.841,13.724,13.065,10.82,13.229,18.143,6.641,12.422,,12.787,9.084,11.54,9.403,10.609,10.69,14.26,11.098,10.935,12.903,15.865,,7.236,9.319,11.999,12.417,15.36,13.817,9.151,15.306,13.001,9.061,8.137,8.472,8.818,8.725,16.167,9.064,8.598,13.69,12.079,,15.256,10.604,,15.977,11.581,16.019,6.411,15.101,12.348,6.901,10.914,12.609,,10.831,13.232,7.693,11.423,,9.661,14.16,12.869,6.924,17.404,14.475,7.879,13.275,6.082,15.748,12.711,10.714,6.881,14.801,5.739,10.269,7.219,12.929,9.737,15.008,12.118,2.806,6.216,7.715,12.186,16.023,5.45,13.145,7.246,14.025,15.745,12.207,11.356,16.436,6.762,,9.19,11.819,14.544,14.021,13.37,8.15,14.708,8.668,7.736,14.415,15.83,14.521,5.246,12.125,6.304,13.782,12.05,8.119,7.82,7.84,13.396,10.151,13.004,11.277,12.89,8.557,14.431,,,13.398,12.026,16.657,6.478,11.476,,12.112,7.12,5.295,9.72,10.056,10.213,12.632,12.493,11.824,9.532,,12.741,7.98,5.725,9.667,10.922,9.785,12.347,,13.27,14.566,13.77,,14.239,11.186,9.244,12.799,9.082,11.443,13.468,16.251,15.359,11.433,12.395,14.035,7.926,14.592,9.91,7.663,7.029,14.461,6.017,7.042,10.518,8.428,10.386,12.574,,14.353,12.926,11.26,7.742,13.297,8.244,,17.523,16.907,11.981,8.942,14.286,12.758,10.56,13.202,6.423,7.261,10.574,7.465,8.72,14.408,16.069,11.889,15.44,16.076,5.166,9.999,8.159,,15.202,10.077,10.951,7.671,,15.903,8.535,7.714,9.247,11.492,13.917,10.012,6.033,7.842,13.996,10.285,12.742,12.016,16.52,5.462,10.256,12.779,9.061,12.346,9.633,15.285,14.034,9.859,14.812,12.874,13.461,,9.845,12.813,7.94,8.559,15.186,12.106,7.252,,5.949,6.522,15.161,9.899,9.613,9.994,,7.365,14.491,12.266,15.23,12.781,11.697,14.395,15.002,12.994,15.267,14.786,14.052,8.057,12.409,10.119,11.788,11.825,15.389,16.276,9.163,13.525,13.932,8.967,7.794,4.278,14.522,10.545,13.365,,15.521,9.146,13.423,,11.762,15.163,13.515,13.482,6.075,10.655,6.567,6.136,12.272,13.555,13.761,14.167,13.371,16.826,5.676,,10.727,15.263,,11.126,13.844,,10.117,14.562,,7.531,13.179,,14.622,8.418,13.095,9.704,8.539,13.973,7.953,7.038,7.195,13.008,13.671,14.514,6.944,10.801,6.003,12.204,17.53,15.344,11.08,10.064,13.779,9.795,7.827,10.909,6.087,,5.255,10.199,,11.04,10.531,15.231,13.641,9.641,7.506,15.291,9.362,8.1,15.177,11.278,14.87,11.067,13.553,8.996,68,1,0
SITE2_PT020,16.033,,8.936,10.81,13.771,14.827,12.8,10.331,8.282,11.655,12.441,15.447,9.817,,7.911,13.799,13.685,8.592,5.449,14.426,,13.349,9.176,5.846,17.125,6.979,7.976,9.201,6.919,7.127,8.923,8.505,9.06,12.272,12.458,8.354,9.155,10.821,13.699,,5.106,8.747,6.839,,11.282,11.146,7.331,11.782,11.369,8.468,12.546,5.98,14.997,6.299,13.026,14.963,16.362,13.739,12.786,12.779,12.139,8.251,12.017,10.803,15.13,11.769,,10.819,8.484,,8.752,10.491,7.158,8.917,9.866,8.552,9.61,15.101,8.752,15.698,14.886,11.761,9.848,11.616,,,15.727,11.667,11.057,9.158,,6.501,,15.186,7.945,12.111,5.282,13.986,7.902,15.215,7.822,13.821,14.07,12.673,13.421,14.427,15.787,,12.515,7.247,11.661,7.93,11.426,12.557,10.009,9.85,14.306,13.134,10.968,14.686,16.013,,6.303,9.448,12.742,9.692,14.763,14.606,10.572,14.385,14.196,9.721,10.133,8.352,9.011,7.981,13.847,10.194,9.698,11.706,10.622,17.047,13.801,11.635,9.005,15.701,11.792,16.022,,13.518,10.974,9.102,10.465,13.389,9.19,10.11,10.608,8.329,11.044,11.327,9.559,15.196,11.405,,17.437,15.293,8.198,13.941,7.624,15.535,11.651,13.136,7.46,15.21,4.721,,,12.661,9.812,14.735,11.623,3.551,7.972,,11.961,14.883,7.61,14.259,,14.67,14.519,13.22,11.579,14.571,6.873,10.237,6.907,11.47,,14.685,13.117,10.696,13.876,,9.101,,14.606,13.531,6.346,11.231,6.872,15.07,13.119,8.605,6.998,8.558,15.776,10.657,13.097,12.238,11.795,9.28,15.599,,11.302,11.918,11.805,15.884,6.692,11.488,9.481,11.844,5.682,6.206,8.002,10.487,11.095,,13.079,11.061,9.069,6.939,13.029,,6.999,10.608,10.712,9.012,12.95,,14.006,14.161,12.403,,13.76,11.095,9.793,12.624,10.439,11.757,14.504,15.407,14.333,12.417,9.896,12.761,10.628,15.484,9.929,,,13.592,6.294,8.717,9.507,7.62,9.643,14.531,5.58,13.398,12.866,9.559,6.439,,8.343,7.792,16.748,14.664,,9.579,13.918,10.651,7.68,12.321,5.647,6.725,11.277,8.043,8.759,14.894,14.687,,14.793,15.989,5.599,9.445,9.007,7.458,14.694,12.452,10.221,,7.401,14.707,7.002,8.142,8.851,11.355,12.223,8.44,,8.89,13.247,12.502,13.856,12.062,13.705,4.607,10.486,12.121,9.818,14.904,11.515,14.284,13.344,10.019,15.35,,13.8,7.856,7.743,12.241,7.291,7.912,15.45,11.865,7.949,8.855,,6.318,16.073,9.807,8.773,11.25,,8.205,13.656,12.657,16.933,12.201,10.08,15.781,12.924,11.181,13.92,15.438,16.32,6.622,12.98,10.274,11.46,11.136,16.31,15.369,8.532,12.827,12.606,,6.218,5.489,,11.827,14.288,11.473,16.545,9.706,13.929,7.888,12.112,14.283,12.721,14.15,5.381,9.049,6.395,7.961,12.053,14.537,,15.398,12.234,15.006,6.894,8.041,11.939,13.168,6.068,10.7,13.883,5.245,9.862,14.639,11.301,8.974,11.948,9.16,13.942,7.651,12.435,8.527,8.981,13.56,5.711,5.423,6.81,13.018,14.129,15.394,8.511,10.858,6.409,11.136,16.707,15.51,12.361,,14.546,10.416,7.107,10.512,,8.209,7.365,11.345,14.121,9.077,10.376,15.74,13.761,10.772,7.365,14.553,,7.87,16.039,10.507,14.419,10.583,12.784,9.3,64,1,0
SITE2_PT021,14.536,16.142,,11.816,11.601,14.36,11.859,8.239,9.049,10.054,14.088,14.929,11.251,8.352,,11.963,12.629,5.659,6.195,,8.386,15.962,8.742,,15.772,6.865,8.581,8.25,8.72,7.461,6.734,7.874,9.448,12.024,12.647,9.253,9.596,12.175,14.36,13.749,7.339,9.328,9.747,11.146,11.816,9.94,6.332,9.533,12.011,6.435,11.344,7.132,12.892,6.576,12.439,17.376,16.809,12.388,14.73,,13.508,6.719,10.381,9.676,14.189,,8.889,7.691,6.425,8.995,9.615,10.426,4.78,9.467,9.588,8.312,7.263,13.656,7.488,15.135,16.137,11.634,8.048,10.83,15.83,12.068,14.643,11.888,13.256,9.588,14.584,6.639,8.552,16.849,6.848,14.121,6.763,13.516,,15.798,7.614,14.422,14.79,11.661,,12.934,18.279,11.163,11.614,6.319,13.304,7.649,10.937,11.203,9.969,9.323,14.315,12.327,10.753,11.858,14.662,9.876,,6.779,11.604,9.582,14.092,11.187,9.676,15.97,13.702,8.37,10.304,6.511,8.058,6.509,16.054,11.056,8.501,13.484,,16.043,14.925,11.704,10.041,17.015,11.288,16.106,6.195,14.351,12.09,9.419,10.695,13.338,6.714,11.37,11.531,,10.512,11.96,7.94,15.674,11.95,,15.385,14.693,8.244,13.362,8.126,16.024,13.21,13.235,,13.598,,8.319,7.592,12.64,9.816,15.023,9.127,4.065,7.522,6.623,13.176,14.722,5.445,,7.078,14.093,14.904,12.733,11.903,13.148,6.09,10.706,9.014,11.993,,14.286,15.474,9.697,14.189,,,14.947,13.149,13.591,4.115,11.864,6.768,,12.22,7.133,8.584,8.033,14.901,10.545,13.019,9.854,,8.275,14.871,9.792,12.692,13.966,12.289,17.119,6.86,12.21,10.333,11.332,6.398,5.335,9.423,,6.948,11.287,11.579,9.28,9.038,8.154,10.302,9.624,,9.814,11.65,9.397,12.522,11.59,13.434,13.743,13.32,8.215,13.236,9.719,,12.136,10.276,11.576,13.348,16.285,16.101,10.811,9.333,12.404,8.772,14.027,8.246,7.784,,15.017,7.243,6.011,7.788,8.186,9.95,14.443,8.422,14.744,13.326,10.275,,11.768,,8.061,15.43,16.178,11.962,8.051,13.069,9.879,10.291,12.538,5.99,7.403,10.534,7.359,9.597,14.495,14.38,11.676,15.425,15.441,4.47,10.468,7.391,,13.916,11.852,9.974,9.11,,,8.762,,7.979,11.316,12.519,10.627,7.176,8.562,14.733,8.794,11.874,12.603,14.765,4.838,9.36,11.744,12.476,13.624,,14.221,15.329,11.701,11.255,12.815,15.156,8.17,9.997,10.891,6.019,9.225,16.882,11.754,7.248,8.67,6.798,7.082,17.445,9.289,9.242,10.904,5.689,8.832,14.898,12.364,16.465,11.134,11.926,15.5,17.239,11.817,14.445,14.517,14.866,9.15,10.888,12.574,10.662,13.498,16.092,16.503,8.329,12.301,14.778,7.582,7.666,3.299,14.416,12.435,16.348,13.056,17.174,,12.889,7.388,12.57,13.88,13.097,12.264,5.926,9.409,7.426,7.113,12.765,,13.985,14.083,11.817,16.427,6.497,7.028,11.773,14.272,5.459,11.796,12.927,5.978,10.104,14.319,13.139,7.557,11.166,,14.893,8.721,9.785,9.49,8.572,12.909,7.601,5.771,8.199,,13.053,16.551,8.667,9.14,7.771,10.953,17.355,14.566,12.462,12.619,15.26,9.333,6.286,10.317,6.973,8.116,6.464,11.864,13.708,9.425,10.659,15.893,14.869,10.727,,14.156,8.829,9.707,15.735,9.823,14.782,,11.59,9.54,80,1,0
SITE2_PT022,13.947,14.074,6.938,13.437,10.304,13.253,11.859,9.252,,9.995,11.032,14.264,10.625,,6.804,14.254,16.039,,6.87,12.096,,13.864,9.113,6.147,15.958,8.165,8.709,8.378,5.863,6.985,7.165,7.118,6.89,12.884,12.774,9.914,9.555,9.528,15.42,13.224,6.141,8.199,8.668,9.915,11.834,10.701,7.299,9.021,9.931,5.84,13.675,6.182,12.216,7.605,12.794,15.984,15.424,12.599,14.834,12.265,12.695,7.145,11.123,9.833,14.91,10.875,9.5,12.302,8.25,7.748,8.685,10.249,6.352,9.606,,10.171,8.858,11.756,,15.767,14.778,11.725,8.074,11.292,12.968,12.89,14.259,12.395,13.142,8.34,14.506,9.56,12.228,15.401,7.593,12.984,7.341,13.98,7.867,15.789,6.784,14.358,14.1,12.178,13.717,12.976,15.971,,12.63,6.106,10.582,7.158,11.138,14.033,10.344,10.063,13.579,12.338,10.497,,15.039,6.038,8.734,6.389,11.115,9.77,12.284,12.9,8.453,15.296,12.852,8.716,,,6.135,6.064,15.727,10.645,9.325,14.553,11.423,15.816,15.448,11.752,10.626,16.253,12.046,15.252,7.813,14.726,12.48,8.886,9.999,12.739,7.664,10.662,12.651,9.798,9.723,11.065,8.851,16.422,11.786,7.792,16.559,13.83,7.6,15.192,8.335,14.914,13.251,12.29,8.332,15.449,5.94,,7.854,12.72,6.722,15.371,11.899,5.913,7.086,7.141,10.345,14.738,8.572,15.027,,13.167,14.916,14.508,11.648,12.765,6.296,8.229,6.611,11.414,14.504,12.984,13.008,8.545,11.843,,9.249,14.47,16.747,12.009,6.319,13.216,7.485,14.929,12.73,6.301,7.739,6.733,15.346,11.953,10.451,10.921,11.869,6.135,16.172,8.869,12.857,12.595,11.757,16.374,8.206,10.311,9.846,12.071,8.335,8.508,8.199,8.615,8.155,11.451,10.853,9.723,10.829,8.133,10.994,,,10.139,11.58,8.222,11.794,11.453,14.969,13.312,13.28,9.066,14.195,11.321,11.25,11.735,9.552,11.765,13.066,,15.248,10.388,10.063,13.974,10.911,15.548,10.915,7.849,6.252,15.018,6.031,7.016,8.507,7.13,9.495,13.436,,13.763,14.193,9.45,7.291,,7.264,8.667,15.871,16.094,12.504,9.036,13.28,12.707,11.444,,4.865,8.228,12.778,7.228,7.324,13.998,15.995,12.483,14.247,16.104,6.897,9.48,10.624,7.242,14.379,8.59,9.067,6.761,4.944,16.341,6.66,7.973,9.39,11.492,12.249,11.2,8.292,7.461,13.82,12.902,13.292,12.335,14.01,7.628,8.265,13.281,10.394,15.241,10.781,12.324,14.337,11.355,14.574,9.998,14.022,8.549,10.794,9.771,6.16,8.769,15.893,12.306,6.29,8.877,7.407,5.674,15.371,10.164,7.624,11.862,6.761,9.186,14.765,,15.535,12.035,11.744,13.499,16.501,13.145,15.613,13.174,14.382,6.689,12.682,10.848,,13.893,15.583,16.652,8.467,12.662,14.172,9.165,5.785,6.604,12.34,11.343,15.82,11.692,16.087,9.564,13.983,6.667,11.06,13.849,13.894,13.576,5.483,9.737,6.168,8.266,12.556,14.395,12.886,15.924,12.413,12.643,5.712,,11.642,13.505,4.824,10.834,12.078,6.154,9.757,14.696,,7.712,12.798,9.113,14.636,8.219,11.741,9.724,9.506,15.317,8.672,8.068,8.157,14.599,13.66,16.146,8.352,9.69,6.815,11.063,16.558,13.062,13.323,10.599,15.537,,7.789,8.884,7.377,,7.71,10.826,13.153,11.148,10.708,15.834,14.579,10.446,8.795,14.106,,10.358,13.698,10.277,13.829,12.563,12.59,10.181,68,0,0
SITE2_PT023,13.334,15.252,8.095,10.319,,14.409,13.184,11.661,10.76,9.759,13.377,15.626,10.959,9.417,7.96,14.09,12.727,6.816,5.251,12.164,6.021,14.197,9.447,7.804,15.715,7.442,8.274,7.23,6.631,6.498,5.012,8.325,6.935,10.955,11.778,10.964,9.312,10.257,12.719,16.03,6.339,,7.82,7.871,11.212,11.097,6.764,10.402,11.03,5.663,13.985,5.95,16.749,6.901,15.663,14.273,15.449,13.179,13.969,11.212,15.324,6.905,9.196,11.15,12.964,11.643,10.256,15.161,,7.444,11.487,9.723,7.919,10.085,10.163,8.752,10.131,12.362,10.269,15.403,14.715,11.201,10.574,11.795,13.662,12.327,15.266,12.118,11.231,7.923,14.324,8.276,13.871,13.993,5.983,13.149,6.773,11.766,,16.441,5.411,17.271,14.336,,12.663,14.109,14.486,7.794,11.423,7.813,10.407,7.988,12.032,10.61,10.386,12.017,14.45,15.338,11.671,12.162,15.792,6.513,6.734,6.383,12.901,10.791,13.899,13.731,10.116,15.707,13.827,8.073,9.351,9.775,7.465,7.632,13.046,10.124,10.552,12.576,12.362,14.065,12.373,10.772,12.458,15.037,14.214,15.793,7.253,12.731,12.606,5.882,12.178,13.65,5.207,11.375,15.894,9.079,11.64,,10.077,14.743,15.085,7.165,15.672,14.246,9.628,14.774,6.122,16.621,11.385,13.212,6.941,15.009,5.441,6.906,8.845,14.679,9.524,13.756,12.009,6.966,5.692,5.771,11.573,13.713,8.652,15.401,5.669,13.583,15.397,15.318,13.296,14.085,8.64,,7.717,10.766,13.187,12.222,13.224,7.962,,9.286,,12.111,16.492,12.396,6.945,13.156,6.765,,12.838,8.481,7.249,8.228,16.931,10.984,13.482,11.879,11.269,6.763,16.312,,11.332,12.891,13.212,15.476,,11.489,10.571,11.144,6.308,5.623,8.841,10.764,10.106,12.982,12.274,10.203,9.644,7.235,12.464,8.739,,9.23,,,12.679,11.284,12.88,12.87,12.366,9.537,,11.219,8.971,11.589,8.875,10.824,13.204,14.705,15.202,11.289,10.549,13.643,8.116,14.202,12.414,5.989,5.026,14.286,7.277,9.421,,8.797,7.692,14.738,6.588,15.162,14.923,9.648,8.105,11.899,5.899,11.042,16.191,15.287,12.172,9.515,13.907,14.32,8.196,14.055,6.517,7.278,12.608,7.831,8.52,13.548,15.904,,15.024,15.953,6.541,10.332,9.447,,14.435,10.933,,8.264,8.568,16.155,6.539,9.505,8.37,10.454,12.326,11.438,7.818,10.147,14.126,12.979,13.189,13.457,11.773,5.995,,11.374,6.778,14.072,11.608,13.882,15.353,9.126,15.201,,15.539,10.758,10.836,10.942,7.198,8.389,15.011,11.526,8.178,9.088,8.527,6.761,14.574,10.526,8.678,12.46,6.651,8.931,13.374,13.086,14.186,12.444,,12.844,14.095,13.045,16.299,12.772,13.526,5.795,13.162,11.128,12.82,12.222,16.26,15.786,8.588,13.3,12.509,,6.596,6.155,,10.024,16.107,10.257,14.152,,13.429,7.244,12.319,13.569,14.801,15.441,5.041,9.401,5.942,7.392,12.655,11.716,14.165,16.049,12.89,13.527,5.375,7.991,12.71,15.067,5.679,12.101,12.848,5.546,9.947,14.367,12.797,9.243,15.973,9.491,15.253,,13.458,9.882,7.559,14.569,7.779,6.909,10.827,13.84,13.78,14.232,9.028,10.754,8.602,,15.934,13.638,13.187,10.224,14.735,11.377,6.551,10.745,7.15,7.058,5.588,9.166,,9.72,9.862,14.815,14.289,11.981,8.836,15.678,,8.456,14.763,10.482,13.73,12.77,12.613,8.81,42,0,0
SITE2_PT024,11.632,13.967,9.322,10.706,11.941,13.139,10.723,7.148,10.581,10.819,13.019,14.716,11.137,8.198,7.616,,13.558,5.884,7.311,13.133,7.097,13.944,8.396,7.379,16.206,6.57,,8.887,8.499,7.376,5.617,7.162,9.858,,12.231,10.155,11.675,11.502,13.708,13.691,,9.272,7.248,9.489,11.983,10.271,5.92,8.799,11.952,5.853,12.203,9.277,13.193,5.613,13.462,15.831,16.847,15.965,15.116,11.325,13.688,7.491,10.654,10.78,13.056,10.531,8.187,9.218,8.654,5.436,11.144,10.763,,7.596,10.026,9.374,11.42,12.89,7.897,16.733,15.234,12.946,8.207,12.036,14.955,12.017,16.88,9.716,12.772,10.828,14.614,7.039,9.368,13.819,9.55,12.687,,13.591,6.42,12.882,7.939,15.134,14.464,13.538,14.178,13.701,18.563,7.062,12.734,7.81,13.189,8.802,11.428,,8.298,11.073,15.511,10.6,10.822,14.416,15.491,7.464,7.037,7.69,11.031,8.813,14.858,12.825,9.75,17.336,14.91,8.061,7.543,9.026,11.478,6.54,14.838,10.135,10.048,14.116,11.729,17.201,14.213,11.261,9.76,16.493,12.974,16.319,5.602,15.788,10.107,7.428,9.425,13.728,,12.607,10.836,9.06,11.353,12.829,7.701,14.241,13.153,4.483,17.765,13.149,6.884,13.582,9.773,15.684,12.379,12.214,8.434,15.515,8.384,7.637,8.481,12.656,8.377,13.946,9.458,3.503,7.098,6.364,13.232,14.045,,14.113,9.493,16.343,14.4,12.269,13.052,13.757,,,8.692,9.743,14.99,13.874,13.819,,13.165,,8.219,14.806,12.349,10.619,4.959,11.751,6.339,13.52,13.776,,9.305,8.007,13.867,10.372,12.065,11.348,13.105,9.565,16.265,8.959,12.977,13.7,12.599,15.577,7.844,11.331,10.525,11.602,6.538,6.632,,9.112,8.194,10.918,10.809,10.907,9.934,8.424,10.803,9.93,7.13,11.024,13.473,9.458,13.253,12.971,13.804,14.819,12.709,7.934,11.611,11.435,11.126,13.067,10.445,,14.329,18.313,14.745,10.575,9.743,11.695,9.291,14.158,11.174,8.4,5.92,13.824,,,8.137,7.662,,11.294,,15.435,12.968,,4.413,11.13,9.301,7.586,15.795,17.861,13.334,8.228,13.782,,,11.785,6.233,8.203,9.816,7.568,8.395,13.548,15.404,11.545,15.699,14.615,4.361,8.707,9.162,8.026,13.863,10.861,9.982,9.444,7.441,15.063,7.269,,10.882,8.602,13.461,9.694,7.126,7.067,13.446,8.921,12.4,13.693,13.224,6.588,9.747,12.166,10.717,14.42,9.731,13.482,15.005,9.451,15.034,12.199,14.111,7.711,9.951,10.542,4.775,8.636,17.077,13.06,4.127,,8.935,,17.812,9.96,9.73,11.63,5.612,8.572,13.358,11.484,15.271,11.655,9.67,15.039,15.961,12.478,15.801,13.772,16.217,7.039,,,13.969,11.867,16.136,14.239,8.5,12.73,12.128,6.794,8.012,2.838,14.269,11.433,14.959,10.807,17.362,,14.291,8.362,12.698,14.977,14.403,14.108,5.998,8.324,6.657,6.789,13.154,13.247,14.627,14.4,11.087,16.141,6.846,,10.261,12.234,4.683,9.383,11.915,6.164,10.204,14.428,11.144,10.071,12.844,8.182,14.419,8.212,10.881,9.02,8.5,14.676,5.876,5.215,5.964,14.643,13.951,18.93,6.723,,5.971,11.492,16.056,12.123,10.725,,15.34,10.139,5.839,9.998,8.626,6.959,8.835,9.614,11.969,9.862,12.522,16.977,13.257,10.485,7.212,13.987,,9.452,16.884,12.176,14.117,10.267,11.829,,83,1,1
SITE2_PT025,15.065,14.009,9.107,9.243,14.22,15.073,12.361,8.543,9.678,11.65,12.89,13.532,9.194,9.101,8.37,12.883,15.034,4.872,7.168,11.911,9.079,14.086,9.676,7.319,14.905,7.443,9.445,7.371,8.104,,6.902,7.171,7.925,10.333,11.251,9.799,,11.438,15.468,13.61,6.045,7.795,8.258,,10.858,11.795,,9.758,11.012,8.213,14.679,5.388,16.777,7.346,13.367,15.101,16.98,14.934,13.455,11.692,,8.291,9.768,11.627,13.275,11.576,10.178,12.789,7.568,7.629,10.991,9.959,8.141,9.755,9.35,9.776,9.203,12.503,,16.016,15.59,,9.447,11.635,,13.118,14.477,11.891,11.848,9.114,13.574,8.386,14.688,13.645,6.016,11.313,7.162,13.907,8.012,16.866,6.75,14.313,13.376,11.886,14.567,13.645,15.891,7.201,11.444,7.835,12.145,7.134,12.407,10.699,9.81,11.737,12.618,14.566,11.843,10.699,14.68,5.793,7.667,8.489,14.768,9.426,13.777,13.362,,14.691,12.852,7.826,10.836,9.654,7.968,7.88,17.559,9.925,10.299,13.519,11.477,15.008,13.02,8.959,9.085,15.138,13.377,16.642,7.857,14.889,14.583,5.444,13.082,12.849,7.389,10.475,15.607,9.636,11.491,10.557,8.279,14.963,14.257,6.761,16.871,14.052,9.712,13.9,7.078,18.702,11.872,12.865,5.821,14.13,,6.616,6.53,12.48,8.535,15.506,12.975,,4.496,5.303,,15.082,8.859,13.938,5.761,12.289,16.96,14.09,,13.797,,8.255,8.145,,12.918,10.568,15.76,8.705,12.614,8.035,9.183,11.373,15.051,12.263,8.163,13.42,6.472,14.593,13.648,10.089,6.855,9.058,15.144,10.527,14.668,12.517,10.413,7.378,16.179,9.294,12.024,13.088,10.812,15.304,,11.296,7.98,11.265,6.155,6.816,9.239,9.011,10.882,11.54,12.33,10.219,11.063,9.415,12.819,9.204,6.287,10.659,9.585,7.803,11.015,12.415,12.721,13.11,13.093,9.757,11.892,12.4,11.18,11.92,9.164,10.777,14.408,14.504,14.667,11.566,10.225,14.236,9.188,15.387,9.652,,7.151,14.099,6.289,8.162,9.316,7.99,10.973,14.393,6.242,,14.196,8.998,8.21,11.855,6.098,10.606,14.44,15.741,13.138,,13.213,12.853,11.565,12.389,5.191,7.26,11.409,8.444,,14.377,14.306,12.275,13.454,14.931,8.46,11.046,10.045,6.098,13.408,10.208,11.212,6.955,8.798,15.554,4.091,,,10.976,10.213,12.012,7.632,,15.729,,12.88,13.199,14.554,6.26,8.449,10.222,7.147,14.329,10.343,13.253,15.499,12.139,16.169,12.652,14.544,9.335,10.213,11.52,7.434,9.412,14.781,12.43,8.667,9.283,8.662,6.833,14.954,11.133,9.345,12.228,6.979,8.232,12.082,12.287,16.881,11.389,10.113,12.908,13.579,13.508,15.762,14.779,14.113,5.682,13.099,10.463,13.347,12.007,15.306,16.034,9.681,11.83,14.046,7.801,6.074,8.55,13.26,10.471,17.142,11.397,15.434,10.661,12.236,5.684,12.494,14.882,14.107,,6.247,9.443,6.377,6.735,14.039,13.173,14.131,13.723,13.98,13.054,6.25,8.404,12.461,15.879,5.474,10.674,11.183,5.776,8.99,14.364,12.48,,14.542,10.332,14.644,10.06,11.869,10.493,8.485,14.978,7.339,,9.392,11.373,14.795,15.719,8.692,8.788,7.682,11.541,15.723,12.824,12.11,,15.049,11.33,6.925,9.592,5.73,7.867,,10.534,11.281,8.399,9.929,15.785,13.652,10.581,8.71,13.62,7.143,8.696,14.528,11.6,13.392,11.71,12.775,8.286,45,0,0
SITE2_PT026,,13.093,,11.513,11.52,15.023,10.895,11.727,12.347,,12.258,15.552,,8.495,7.193,14.163,13.397,,5.509,10.362,7.343,13.989,,8.027,14.565,6.135,9.539,6.207,,4.619,5.841,7.019,5.936,,13.16,10.151,7.468,11.092,15.76,14.034,6.023,6.795,,7.794,10.902,9.292,6.227,10.397,11.31,6.526,14.312,6.667,15.752,8.431,13.686,14.158,14.464,14.501,14.334,12.115,13.511,7.028,9.573,10.742,14.588,,7.6,13.407,8.07,,10.756,8.5,9.068,9.011,,9.869,8.86,13.703,10.15,15.865,15.219,10.098,10.164,12.523,14.179,13.48,,11.929,12.684,11.136,13.748,7.649,14.756,15.211,6.507,11.808,7.148,12.723,,14.122,,17.322,12.741,12.341,14.63,14.604,14.662,7.035,11.955,,11.427,8.627,11.596,12.949,10.667,11.172,14.154,14.525,12.171,12.516,15.142,5.831,,6.718,12.701,10.218,13.504,12.794,8.53,14.103,12.428,8.385,8.599,9.78,7.132,7.867,14.799,10.34,8.663,13.611,11.515,14.352,13.326,9.98,8.078,16.338,15.118,15.495,6.907,14.401,12.029,,12.549,14.906,5.085,12.079,15.729,9.763,10.19,9.105,7.419,15.237,16.321,6.61,15.074,14.731,9.941,14.377,6.64,17.388,11.255,11.44,7.225,14.048,5.703,,8.166,13.728,7.796,14.247,12.442,6.023,5.165,6.232,12.045,14.851,8.045,14.742,6.305,12.437,15.539,14.204,13.376,14.915,8.238,7.504,6.757,,13.939,11.43,13.451,8.03,15.165,9.496,8.661,11.794,16.583,11.116,6.875,11.072,6.567,14.654,13.786,7.104,5.911,8.846,14.533,10.41,14.238,12.708,13.507,6.562,15.435,10.085,11.225,12.761,12.487,15.635,7.854,10.639,9.693,10.048,6.588,,,,11.102,12.728,12.59,,9.762,8.162,11.177,9.37,6.17,10.423,10.407,,11.206,10.828,13.656,12.693,12.629,9.399,13.849,11.492,10.394,11.384,10.627,11.0,13.043,12.078,14.898,11.15,10.492,15.965,7.958,14.408,11.117,6.498,7.146,13.911,,10.01,9.535,7.557,9.675,13.102,6.819,12.615,14.594,9.917,7.454,12.847,7.666,8.85,15.5,17.424,13.273,8.188,12.749,14.623,9.724,13.654,6.367,8.06,9.612,8.661,7.394,15.906,15.759,12.755,,16.443,7.219,10.536,10.719,5.396,13.967,10.369,11.014,7.83,9.295,16.216,4.994,7.432,9.965,10.672,10.773,11.537,6.884,9.991,14.185,13.415,13.355,,14.79,6.535,11.748,,8.267,13.832,10.091,10.931,13.827,10.895,13.649,11.813,13.91,10.457,11.239,10.696,,,15.366,10.923,6.722,10.726,7.068,7.107,12.789,9.579,7.859,11.955,6.413,9.317,12.738,11.578,16.196,12.735,10.19,13.591,14.19,13.339,15.849,14.421,14.005,,13.216,9.718,12.468,12.91,14.693,15.032,8.164,13.788,13.479,8.675,7.158,7.247,13.288,10.017,16.445,9.283,15.046,10.411,14.672,5.647,10.821,12.414,16.007,14.894,6.17,8.515,7.245,7.514,12.851,14.768,13.634,12.759,13.309,15.576,,,11.572,14.148,4.636,,12.308,6.879,9.97,16.298,13.597,7.759,13.922,9.27,14.885,9.054,11.977,9.873,8.573,16.25,8.667,,,12.226,14.395,14.506,9.934,9.886,8.573,12.409,15.878,,12.797,10.685,14.211,10.764,8.356,9.641,,8.68,5.556,9.813,,8.122,9.305,15.092,14.592,9.957,10.0,14.374,9.805,9.842,15.417,12.196,13.682,12.239,13.122,7.778,40,0,0
SITE2_PT027,14.121,15.018,8.053,10.882,12.742,14.793,10.004,,8.063,,12.761,13.453,12.431,5.756,,13.257,,6.208,6.863,12.052,7.494,13.831,8.597,7.109,17.022,6.591,10.581,9.349,8.641,7.005,5.701,6.388,8.701,11.805,12.075,9.684,9.932,10.541,13.875,14.166,6.863,9.392,7.703,8.796,12.244,9.204,6.284,9.2,12.158,6.155,13.546,9.084,13.992,5.708,15.148,17.637,,14.254,15.857,12.775,14.068,,10.79,10.573,14.542,10.053,9.653,,9.204,7.979,10.582,9.835,6.868,9.26,,8.964,10.964,12.464,6.831,15.798,14.795,13.003,7.695,9.769,15.699,13.127,15.507,10.573,12.106,10.344,13.46,8.912,12.217,15.081,,12.984,6.364,11.425,5.235,15.714,,14.784,12.449,12.012,14.943,14.575,17.241,8.788,13.018,6.608,12.102,10.346,14.069,9.378,,10.888,14.247,10.788,13.457,,14.49,7.593,7.504,7.053,12.346,,12.859,12.417,10.918,13.943,13.96,9.166,10.476,9.041,9.752,7.089,17.263,7.828,8.948,13.716,12.001,16.656,,10.885,9.329,19.301,13.004,15.213,6.961,13.939,12.793,7.581,,12.813,7.179,11.528,11.948,9.371,9.524,11.117,9.956,15.135,12.009,6.874,16.475,13.845,7.32,14.947,6.079,15.076,13.011,13.12,7.06,17.549,7.603,7.837,8.332,12.601,7.301,15.787,9.906,5.327,7.951,4.977,12.586,14.286,6.459,13.591,,15.9,15.177,14.944,12.979,14.679,7.125,11.233,8.473,10.448,14.709,12.962,14.809,7.311,13.188,6.907,6.831,13.175,11.875,12.711,6.652,12.149,5.763,12.945,14.509,9.142,9.609,,14.084,9.987,11.575,12.275,,9.39,16.873,8.883,12.565,15.171,13.599,17.102,7.131,9.364,11.546,10.448,,8.246,8.676,9.473,8.739,12.19,11.937,,12.456,8.48,10.724,9.552,,8.796,12.867,10.076,12.702,11.463,10.764,12.995,12.85,8.917,11.58,11.718,11.545,13.592,10.07,10.339,13.636,16.784,15.917,11.162,10.108,12.186,7.745,16.646,11.012,7.083,8.451,15.526,,8.086,8.394,6.326,8.748,11.164,5.818,15.115,12.54,8.89,4.075,11.341,8.175,8.133,16.155,17.429,13.647,10.146,12.449,12.668,10.149,10.203,5.66,9.215,,5.344,6.013,13.985,17.03,9.584,13.334,16.551,,8.528,8.442,6.035,,,11.09,8.669,7.713,15.282,6.799,7.737,9.647,10.258,13.618,9.065,8.21,,15.455,9.058,14.874,13.613,14.558,6.809,9.343,13.478,,13.307,10.643,13.726,13.822,10.628,14.526,9.256,15.644,7.899,10.667,10.634,6.561,,15.655,11.952,5.152,6.513,6.377,7.158,15.496,10.29,10.306,12.326,8.183,7.769,13.687,11.464,16.804,11.439,9.469,14.019,14.93,13.46,16.328,11.829,14.726,8.057,13.61,9.995,10.789,,17.134,15.163,7.899,13.353,15.056,11.138,7.67,4.884,14.011,11.591,15.136,,16.207,8.847,15.946,6.692,9.719,13.509,13.661,16.107,8.042,10.164,7.767,6.114,12.645,14.002,13.522,14.958,12.442,16.127,6.675,6.826,12.53,14.259,4.51,10.019,12.912,7.066,9.624,14.881,11.677,9.058,12.608,7.751,17.512,7.527,11.247,8.327,10.147,14.501,8.994,4.926,,11.141,13.276,18.576,,9.08,7.059,10.466,15.509,11.945,13.294,11.186,13.847,9.874,5.983,8.754,7.314,8.168,7.184,,12.81,9.193,12.223,16.644,12.067,11.46,8.563,14.513,6.598,9.092,17.792,11.301,12.55,12.221,11.602,10.69,79,0,1
SITE2_PT028,14.801,13.415,,,13.265,16.257,10.983,9.366,9.262,7.707,12.003,15.579,10.181,8.435,8.303,14.109,11.727,6.617,7.019,12.679,6.656,13.267,10.71,7.697,16.58,8.694,,5.911,7.05,6.874,,7.867,6.472,11.515,12.792,10.127,9.576,12.565,13.644,15.128,7.133,8.446,7.169,7.874,10.24,10.939,8.084,8.42,9.826,6.432,16.211,5.811,16.648,7.637,16.063,16.18,14.829,17.193,13.206,13.419,13.54,6.611,10.957,11.76,14.554,11.286,9.274,12.433,6.781,7.392,11.211,9.103,9.694,10.671,,8.992,11.319,14.066,8.04,15.439,,11.872,9.407,11.917,,14.199,15.464,10.353,11.868,9.014,12.767,7.273,13.23,13.032,9.141,13.0,7.589,12.208,8.687,13.202,7.87,14.757,13.44,11.476,13.884,15.613,15.975,10.409,11.772,7.234,12.849,7.75,11.413,11.775,10.743,10.721,12.981,14.3,10.044,11.579,14.754,7.728,7.866,6.817,12.575,10.521,14.75,10.889,10.994,14.491,13.072,10.022,8.373,7.942,10.039,8.085,15.339,8.361,9.022,14.92,12.22,14.704,14.232,11.346,7.571,15.575,12.719,18.106,6.966,15.143,12.286,5.534,12.73,11.406,6.04,12.015,15.29,,12.352,11.29,9.492,14.203,12.834,,18.476,14.405,8.496,13.023,7.832,17.44,10.797,13.212,8.812,15.552,5.925,,7.093,13.612,6.572,14.763,11.139,6.448,7.299,5.419,11.026,13.89,9.082,14.597,7.845,13.572,,13.061,13.734,14.56,6.889,7.974,9.454,,13.053,12.052,14.411,6.92,11.994,8.142,7.96,13.59,12.764,11.806,6.601,12.632,5.093,13.003,,9.586,6.462,8.577,14.779,12.269,14.05,13.384,12.496,8.307,14.986,9.204,9.705,,12.351,14.672,7.6,9.808,9.73,10.892,6.171,7.182,7.517,11.367,10.847,12.761,12.296,10.385,11.009,9.148,12.68,9.472,7.79,9.511,10.423,7.059,10.356,12.675,12.365,12.209,,9.21,13.485,11.202,10.959,14.467,8.198,10.821,13.322,14.593,15.001,12.632,11.706,14.969,9.198,16.632,13.491,,5.974,14.922,7.064,9.786,9.966,8.64,9.672,13.541,5.442,15.117,15.811,10.775,5.592,13.077,7.848,10.379,15.031,15.833,15.474,9.061,14.488,13.505,9.726,12.592,,8.075,11.156,5.696,,16.735,13.483,10.653,13.392,15.435,,9.712,,6.256,12.753,10.521,11.147,6.794,8.366,14.567,,9.151,10.011,9.014,12.454,11.052,,8.101,16.441,11.996,13.117,14.323,13.763,6.256,10.523,,8.005,13.814,9.932,14.286,14.51,12.182,16.454,13.095,15.633,8.307,,10.035,7.841,10.026,13.751,11.553,9.073,11.011,5.769,3.817,15.712,11.27,9.217,11.216,4.488,7.692,11.411,11.927,16.411,14.046,11.092,12.748,13.562,12.495,16.484,12.826,14.788,5.037,15.057,10.061,12.272,10.86,14.784,14.864,8.655,12.027,11.922,8.903,7.779,6.681,12.553,10.887,17.829,9.202,18.069,11.686,13.993,8.642,11.054,,12.682,13.582,6.823,10.61,6.93,7.242,14.36,12.445,13.189,14.068,11.196,14.323,8.385,8.202,11.786,16.563,4.879,8.783,13.221,8.206,8.368,14.795,14.31,8.945,14.899,8.002,16.717,9.051,12.663,9.152,9.289,15.046,7.525,7.408,8.57,13.877,15.26,15.629,8.989,9.097,6.565,11.588,16.033,11.153,11.088,8.792,14.307,10.546,6.475,9.539,4.936,,4.684,10.562,11.441,10.165,10.018,14.903,13.475,13.492,8.106,14.062,8.263,8.385,16.228,12.375,11.435,12.535,12.824,9.55,43,0,1
SITE2_PT029,15.209,10.332,8.16,11.03,11.298,14.968,12.554,10.544,10.225,9.193,11.95,14.144,10.499,,8.873,12.794,13.024,,4.841,11.916,7.428,13.991,11.307,,13.787,7.739,,4.836,6.911,4.264,5.989,7.638,5.16,10.952,12.896,10.015,9.328,11.219,14.604,14.51,5.388,7.804,8.221,6.694,11.008,9.819,,11.015,11.343,8.468,15.876,,16.645,8.849,14.607,12.738,14.858,13.707,14.555,11.992,15.796,6.21,9.285,11.967,13.827,11.046,11.39,14.179,9.646,7.855,10.721,8.159,11.781,,,8.351,9.809,13.625,10.894,16.416,15.534,10.067,,10.805,14.23,14.055,14.304,,12.258,9.182,12.976,,15.95,14.153,,12.785,8.325,11.993,6.976,15.459,5.789,14.464,14.378,12.102,12.876,15.984,14.322,9.58,12.029,5.075,11.671,7.651,10.546,12.636,10.629,11.557,12.493,14.884,11.249,10.424,16.082,,,5.525,12.765,9.649,13.276,12.634,8.285,15.257,13.554,10.419,10.451,8.446,8.86,8.134,16.412,10.801,11.741,14.242,12.648,14.961,13.416,9.01,9.583,15.385,13.177,14.705,,13.639,12.849,,13.478,12.375,6.396,12.169,16.502,8.194,10.9,10.343,10.484,14.844,14.465,8.034,15.888,15.138,,14.213,7.094,15.688,13.449,12.91,,15.346,5.581,,7.447,12.978,9.447,14.865,13.259,7.251,5.527,7.297,,13.599,10.712,13.858,6.665,13.161,16.187,13.543,13.919,,7.258,5.395,6.097,10.494,13.087,10.005,14.598,8.727,12.615,9.81,8.187,11.891,17.284,10.862,6.704,14.403,6.148,15.251,14.004,7.196,4.334,8.571,16.324,10.203,14.839,15.386,12.398,7.89,13.969,,8.913,14.044,11.732,14.013,9.069,11.613,9.883,,5.541,7.283,8.818,7.466,11.963,12.648,13.295,11.081,9.967,6.611,13.792,7.511,5.721,,8.699,7.636,10.621,,11.353,10.935,11.415,9.725,13.496,13.216,10.393,11.213,5.868,10.514,13.607,13.594,15.335,11.812,9.716,15.35,8.475,15.24,13.634,,5.062,12.712,6.402,10.371,10.104,,9.128,13.119,6.058,15.528,16.217,10.955,9.997,13.054,6.806,11.753,14.353,14.406,15.212,8.108,12.881,15.016,9.734,14.04,7.087,7.471,,8.278,6.561,13.843,15.053,11.821,14.3,14.343,6.964,10.488,12.466,6.647,15.335,11.178,11.362,7.67,,15.586,4.629,,8.839,10.883,11.377,13.407,6.759,10.59,15.063,14.49,12.694,13.084,11.218,6.391,10.621,8.426,7.938,12.965,12.7,14.347,15.201,12.771,16.383,11.846,15.509,8.42,11.441,11.091,7.42,,14.214,11.087,,8.921,8.05,6.517,14.101,11.37,8.644,10.695,5.62,10.399,10.356,12.664,16.528,11.961,10.905,12.446,15.681,14.943,16.433,14.718,13.913,7.869,13.515,9.641,12.077,12.014,14.607,14.583,9.933,13.149,12.771,10.154,6.071,,14.884,12.301,16.442,10.738,15.634,,13.055,6.665,10.762,13.388,17.3,16.519,6.3,9.507,,5.751,14.927,13.224,14.361,14.417,,15.043,8.345,8.171,11.684,15.06,5.491,10.849,12.942,5.607,11.087,14.193,10.01,7.833,16.082,9.957,15.089,8.465,12.209,11.57,,13.936,7.974,7.711,10.401,14.18,13.068,15.819,8.98,11.064,7.953,10.32,16.791,12.287,11.18,,15.555,11.211,8.144,,6.098,8.262,4.02,10.401,10.814,8.085,7.543,13.478,12.615,11.814,8.719,15.462,9.44,8.999,15.808,11.543,12.703,12.611,11.222,8.105,23,0,0
SITE2_PT030,14.756,15.547,8.278,8.993,12.254,16.133,9.052,9.363,9.763,8.906,11.327,14.022,10.465,9.033,8.791,14.005,11.573,8.564,6.852,13.035,7.147,14.001,10.851,7.524,15.929,6.171,10.107,6.789,8.34,8.089,4.196,5.504,5.1,11.357,12.533,9.8,8.685,10.711,15.217,14.201,5.71,8.403,,10.555,10.307,11.079,6.224,9.692,10.935,6.84,15.232,7.613,14.765,6.769,15.025,15.0,14.614,15.749,13.569,12.592,13.006,5.564,11.605,11.248,14.946,10.99,10.735,12.646,9.747,7.003,9.676,8.295,7.905,10.38,8.024,9.806,11.064,11.47,7.607,15.826,,11.804,9.661,11.491,14.155,12.057,16.299,11.208,12.019,9.592,13.304,7.961,12.199,14.993,8.245,12.486,6.372,13.806,7.377,16.953,6.771,15.316,12.563,13.028,13.046,14.83,16.705,,12.634,6.82,13.414,8.367,,10.864,8.897,12.044,13.708,14.551,10.619,,14.881,7.739,7.396,6.097,11.172,10.707,15.677,12.005,9.727,15.48,13.675,8.108,9.339,9.595,10.006,5.92,14.653,,10.245,13.09,13.384,15.187,14.139,9.918,9.135,18.631,12.319,15.683,7.795,15.447,12.908,,12.351,15.271,5.649,13.562,13.189,,11.193,9.662,8.768,13.358,14.353,,16.867,14.748,8.397,13.463,,15.867,12.501,13.098,6.804,14.639,4.008,7.171,7.277,12.409,7.82,15.252,11.647,6.347,5.616,5.265,10.239,14.235,8.997,,7.421,15.667,16.194,12.793,13.995,14.588,6.567,,,9.885,12.697,10.85,13.977,8.068,12.898,8.402,8.461,13.719,13.754,,5.262,12.796,5.817,14.644,14.262,,,7.298,14.508,13.3,14.839,13.122,13.426,10.328,14.392,8.058,12.831,13.242,13.601,13.766,6.281,11.608,9.593,10.607,8.627,7.148,9.327,9.399,10.062,13.79,12.847,9.544,11.475,7.379,11.677,9.636,6.9,10.392,12.395,9.852,12.263,12.437,11.306,11.591,10.742,8.086,12.922,10.797,11.657,12.848,9.232,11.13,12.318,15.887,14.47,11.919,11.755,16.031,8.335,,12.558,8.22,7.121,13.722,5.925,,9.217,6.455,,11.404,6.962,14.81,14.43,9.441,5.428,12.411,5.191,10.093,14.384,14.838,14.522,9.179,11.443,13.662,8.301,12.423,8.237,8.673,,7.696,6.049,14.328,14.252,10.368,14.92,16.397,8.188,9.975,10.02,5.293,12.943,12.35,10.908,,8.075,14.369,5.583,7.471,,9.295,11.407,10.653,7.059,8.122,14.855,12.186,14.352,13.574,14.11,6.976,8.877,12.218,10.196,13.802,9.829,12.902,15.415,10.328,15.607,11.155,15.849,8.5,10.857,10.332,,11.926,13.983,11.09,6.724,10.808,8.489,7.589,15.032,8.553,,10.914,5.436,9.919,10.512,12.007,15.939,12.559,10.869,,15.727,11.511,15.791,13.908,15.557,,14.255,9.452,12.171,12.665,16.038,13.614,8.063,14.498,12.373,10.032,8.951,6.546,13.457,10.863,16.424,9.538,15.652,9.914,13.818,6.214,10.491,15.168,15.562,14.559,6.353,10.78,7.858,6.975,13.262,12.722,14.344,14.291,12.344,15.131,6.7,6.836,,15.732,5.998,,10.841,7.008,10.723,13.482,12.986,9.565,15.344,8.967,14.945,6.645,12.074,11.353,9.823,13.513,7.949,6.935,8.148,,13.898,17.299,8.223,9.007,6.776,10.843,15.336,12.646,11.857,8.112,16.04,11.882,5.466,11.889,6.232,8.208,5.239,10.39,12.332,,9.438,15.226,13.857,12.816,7.073,16.67,8.159,10.149,15.957,13.017,12.832,13.08,11.679,9.634,49,0,1
SITE2_PT031,13.414,15.291,9.279,12.741,12.924,14.761,10.734,7.767,8.672,8.88,12.294,14.045,11.899,7.28,8.599,12.472,12.897,6.636,6.672,11.777,8.799,14.681,8.339,5.807,16.256,6.454,8.054,8.632,7.43,,7.005,,8.664,11.869,12.289,8.99,,11.412,14.432,15.06,7.0,8.905,7.539,8.194,11.735,9.551,7.27,9.548,10.64,7.559,13.046,5.993,13.677,6.947,14.058,16.071,16.371,14.655,14.07,11.632,12.199,7.57,12.044,11.291,15.674,10.56,10.736,10.719,10.444,6.523,,10.532,5.445,8.198,9.41,9.406,9.379,13.324,7.846,14.139,14.486,12.439,7.036,11.366,14.038,12.146,15.411,13.06,12.714,8.793,13.56,5.967,10.051,14.81,8.515,11.523,6.422,13.553,8.629,14.417,7.635,16.276,13.099,11.446,12.437,13.347,16.805,9.696,12.622,6.635,11.967,8.687,11.347,9.35,11.792,11.191,14.967,12.165,11.692,11.895,14.954,9.647,5.752,7.632,,9.901,13.139,12.046,9.633,15.697,12.775,8.21,9.12,10.333,6.859,,15.212,9.786,8.108,12.561,11.068,16.024,14.076,,8.691,16.916,11.946,15.126,8.363,,12.804,8.121,9.865,11.911,8.974,11.386,12.242,9.233,10.709,11.612,11.103,14.631,13.002,5.393,15.04,14.589,8.612,13.106,7.92,15.492,13.385,,8.019,14.184,7.729,9.616,6.874,13.101,7.911,15.961,9.496,3.016,9.012,7.203,12.731,13.309,7.222,12.963,,13.878,14.358,12.142,12.355,14.75,7.601,9.41,8.819,9.569,14.519,14.39,14.38,8.967,15.278,7.335,6.636,14.076,15.323,13.436,6.226,9.363,6.118,15.615,13.102,8.226,8.028,8.903,15.696,,13.003,,13.725,9.032,16.225,,12.937,13.116,13.877,16.102,6.311,11.795,10.181,10.141,5.77,6.357,,,8.179,,,10.505,8.982,6.681,12.531,7.535,6.792,7.862,,9.05,10.048,10.989,13.811,14.402,11.976,7.678,,12.097,9.316,11.956,10.794,10.934,13.852,16.293,15.098,11.01,11.321,12.414,9.751,13.62,10.735,8.041,,,7.03,9.571,8.583,8.776,10.666,12.214,7.517,14.903,11.941,9.256,6.238,11.788,7.215,9.687,16.924,15.407,13.203,9.354,12.907,11.315,8.881,11.332,,7.734,11.751,7.724,8.887,13.807,14.659,12.11,15.36,15.632,6.555,9.222,9.696,6.411,14.02,10.88,9.724,,,15.619,,,9.924,10.938,14.164,10.236,5.891,7.672,13.169,11.738,13.043,11.952,15.194,4.63,9.659,12.418,11.235,14.971,11.533,14.462,15.138,11.088,15.44,10.459,13.204,9.279,9.29,12.158,7.993,9.852,17.118,10.726,8.007,8.872,8.514,5.295,15.389,9.953,8.81,11.628,,8.132,13.027,11.75,17.334,11.391,10.316,15.278,13.966,11.917,14.907,14.647,13.785,10.388,13.488,10.598,13.393,11.794,12.949,15.434,7.853,12.593,12.071,9.237,6.074,4.236,13.69,12.822,16.344,11.043,17.338,9.423,13.983,,11.478,12.571,13.858,14.116,7.195,10.366,6.219,6.922,11.328,13.002,13.875,14.58,12.656,15.672,7.269,9.603,11.397,13.973,5.384,12.629,11.86,7.087,11.918,13.926,11.118,7.341,11.905,10.242,14.286,,13.688,,9.112,16.074,6.988,5.794,8.329,14.399,13.404,16.749,9.782,9.802,7.135,,15.843,13.573,12.228,11.872,,10.218,7.444,11.019,7.321,8.678,6.323,10.994,,12.807,11.913,16.92,13.807,10.307,8.84,13.549,9.241,9.891,15.7,11.732,14.462,10.082,12.964,8.564,72,1,0
SITE2_PT032,14.209,13.434,9.531,9.154,14.244,15.719,11.271,8.482,10.164,9.282,12.025,15.183,11.305,9.328,9.73,14.508,11.389,8.361,4.603,11.441,7.589,13.093,11.551,6.17,16.033,7.845,10.05,7.098,,4.566,5.063,6.85,8.117,10.439,13.042,9.585,9.808,11.191,,14.037,6.256,,6.932,8.952,8.605,,7.106,10.461,9.35,8.203,14.958,7.52,17.594,,16.556,14.067,16.011,15.395,15.235,12.675,14.303,6.65,10.464,11.827,13.127,11.037,9.63,12.061,8.054,7.981,10.876,8.123,8.341,10.749,9.017,7.015,11.42,,10.882,,15.813,9.92,10.101,10.641,12.895,13.874,13.933,10.229,,8.092,12.655,6.554,14.965,13.413,,12.952,,12.105,8.226,15.832,5.769,13.975,12.204,13.728,13.055,13.907,16.116,9.0,14.604,4.825,11.012,8.992,11.833,10.13,10.566,13.564,13.36,13.524,12.126,12.135,13.761,6.798,6.322,5.916,13.457,9.886,15.192,13.348,7.355,16.575,13.613,10.656,9.008,,10.531,7.894,14.614,8.876,9.284,,10.309,15.462,14.79,10.357,8.546,17.011,11.404,15.592,7.931,13.091,12.504,,12.2,,3.979,12.253,13.235,8.611,,12.133,10.949,14.937,14.245,6.164,18.842,13.908,9.861,14.192,7.682,17.323,12.549,,8.731,16.185,3.796,5.414,8.592,14.289,10.914,15.017,10.789,,5.993,5.733,11.809,13.682,9.868,14.134,7.741,13.968,15.875,13.001,14.751,14.519,,8.088,6.852,10.718,12.889,10.601,14.99,10.51,12.489,9.696,7.839,11.598,13.351,10.776,4.948,13.99,,14.323,13.725,9.791,6.661,7.753,15.787,11.929,14.755,,,8.478,15.336,8.533,11.588,12.386,13.355,13.697,7.783,10.572,10.56,12.733,4.902,5.876,9.452,10.584,12.548,12.891,11.581,10.636,,,13.702,9.726,4.555,10.913,9.053,8.805,11.566,11.353,11.575,12.969,12.126,8.675,12.693,11.999,11.164,12.936,8.266,10.705,12.852,14.338,13.597,11.588,10.209,13.846,8.034,16.164,12.84,6.013,5.738,14.294,6.573,9.321,9.354,6.233,10.999,12.528,8.982,15.127,15.744,10.04,7.335,11.506,,11.274,15.126,13.85,13.322,10.357,13.269,15.12,7.956,11.699,6.675,6.601,9.014,6.167,6.1,14.411,15.214,9.701,15.011,14.464,9.013,10.8,10.599,6.287,13.987,10.735,11.379,,7.34,15.114,,8.119,7.248,9.917,12.491,10.117,7.409,9.534,15.698,13.414,12.901,11.771,13.229,5.496,12.205,7.968,8.301,,9.453,14.585,16.056,10.51,16.707,,13.83,7.812,11.013,11.24,5.726,8.604,13.815,10.489,9.803,9.673,8.595,3.73,15.138,,10.153,11.083,5.877,9.388,11.089,10.593,15.497,11.737,12.312,12.213,14.349,12.442,15.981,15.18,14.689,5.716,13.861,,14.331,12.99,13.617,13.826,9.999,13.04,12.124,7.924,8.025,,15.593,11.301,15.984,11.104,17.467,11.356,12.47,6.684,12.425,14.085,15.048,14.463,,11.086,6.459,7.091,15.39,12.728,13.786,14.124,10.515,16.101,,7.18,10.587,16.115,,8.91,12.5,7.687,9.581,14.727,12.301,8.028,16.878,6.827,13.61,7.415,16.28,9.948,9.275,14.528,7.82,6.148,7.71,15.514,11.88,15.792,11.189,7.81,7.556,11.074,14.995,12.975,10.352,7.321,14.711,12.1,,9.403,7.228,7.941,5.474,,8.129,8.056,10.88,15.356,13.396,11.52,7.556,13.174,9.766,7.099,15.303,11.869,14.581,12.398,11.584,8.208,30,1,1
SITE2_PT033,14.237,14.426,8.269,10.324,,14.18,11.484,8.762,7.401,9.051,12.692,14.082,11.816,9.228,7.366,12.645,11.792,7.137,6.351,11.947,7.152,14.114,,6.924,18.175,,9.968,6.874,8.114,,6.715,5.999,,11.789,13.161,7.14,10.039,11.447,14.567,14.952,6.192,,8.728,9.42,,9.382,5.425,9.255,11.24,8.174,14.51,6.281,16.41,8.165,16.239,15.786,18.305,16.701,14.18,12.639,12.878,,10.548,10.645,12.955,10.101,,10.961,9.33,5.887,10.795,7.82,7.659,10.384,8.97,9.46,10.935,14.17,8.726,15.432,15.595,12.295,9.879,10.331,14.821,11.283,15.46,9.783,12.421,8.773,13.128,8.956,13.162,14.002,8.892,13.449,7.553,12.245,7.754,15.747,,13.089,15.14,12.847,13.87,,,8.219,12.293,7.165,12.438,9.236,11.858,10.822,8.722,10.204,,11.985,11.319,12.816,14.708,,5.998,7.492,13.407,8.635,13.867,13.061,9.514,15.058,13.223,7.53,8.544,9.068,9.999,8.963,15.799,9.509,,13.101,11.637,16.647,15.514,11.314,7.968,17.589,12.084,16.482,7.213,13.875,12.541,6.303,11.982,15.136,,11.839,13.025,7.522,12.729,9.636,9.088,13.844,13.097,6.084,17.362,13.908,8.914,13.555,7.224,18.36,,13.596,7.701,16.137,4.235,9.193,7.113,12.033,9.192,15.019,10.815,5.442,,6.437,10.995,,7.725,16.448,7.072,14.651,15.795,12.566,15.616,14.043,6.765,9.198,7.254,9.65,15.011,12.772,13.464,9.802,12.223,9.168,8.182,14.299,15.27,12.15,5.001,11.773,4.923,15.544,12.354,9.188,7.79,8.119,15.097,11.521,14.107,10.862,14.189,8.984,15.396,8.019,10.132,13.029,12.291,15.103,6.224,10.397,9.581,11.15,8.032,5.105,9.654,10.386,8.822,13.858,11.577,9.172,,,14.008,9.756,,10.911,9.151,9.366,11.203,12.105,11.109,12.855,11.062,8.381,12.352,12.924,9.814,14.091,9.375,10.788,12.77,15.817,17.041,,8.011,12.078,9.006,14.343,11.205,6.285,7.498,,5.078,8.698,7.896,6.399,9.307,11.603,7.505,13.627,12.521,11.478,4.402,11.034,8.801,10.71,16.239,15.547,14.546,8.69,13.631,12.302,10.154,12.621,,7.5,,7.789,5.609,15.381,14.364,,13.681,14.443,,,10.454,7.325,12.856,11.032,13.199,7.022,9.539,14.598,6.257,7.896,9.766,10.652,13.186,10.781,7.875,9.058,13.285,11.686,13.016,10.489,13.891,5.818,10.668,11.176,9.921,13.484,,13.167,16.772,10.314,16.525,,14.597,6.989,12.975,12.441,,7.066,13.903,10.775,8.239,9.14,6.478,5.988,15.486,9.894,,12.795,6.561,6.919,12.38,10.413,15.085,12.651,11.154,13.445,13.042,12.517,15.567,14.535,16.467,5.641,13.079,9.399,13.4,10.998,14.238,15.797,8.796,13.239,13.096,9.131,7.374,5.411,13.953,,15.697,10.524,16.284,9.762,11.362,7.093,11.205,13.625,13.426,12.503,,9.483,5.968,7.447,,13.422,14.497,12.563,,14.947,6.832,7.024,10.739,15.251,3.153,10.222,11.043,5.825,9.331,,12.904,8.176,14.257,8.22,14.166,8.413,13.611,9.311,8.667,13.019,5.126,5.248,9.932,13.752,,17.136,7.831,10.987,7.156,10.135,15.445,13.507,11.461,10.104,15.206,11.319,,,,7.658,,10.094,11.943,8.524,11.598,15.047,13.948,10.56,8.371,12.897,8.045,10.532,14.287,11.315,16.266,10.394,11.524,7.268,49,1,1
SITE2_PT034,14.594,13.225,7.885,9.946,11.978,15.75,12.645,,9.983,10.194,11.934,13.699,,,8.177,13.103,14.637,6.755,5.721,12.69,7.928,15.315,11.016,9.687,14.683,7.423,10.38,5.915,5.158,7.008,,,5.724,10.832,13.372,9.849,9.025,9.822,13.687,15.0,7.017,8.145,8.188,9.034,,10.454,6.912,8.86,11.157,5.309,14.101,7.626,18.432,8.866,15.482,12.917,17.227,12.038,12.718,11.019,13.72,6.357,12.249,,13.86,11.204,10.335,14.668,8.202,6.599,12.35,9.461,10.348,,9.408,8.754,,12.741,10.288,16.958,15.315,,10.266,9.847,12.924,12.916,12.206,11.328,14.148,10.027,13.006,6.792,16.246,14.394,4.405,12.123,6.716,12.734,,15.965,7.823,14.18,14.601,10.682,14.211,13.801,13.809,7.982,12.142,6.76,11.116,7.619,11.427,11.503,11.981,11.853,13.591,,10.702,,14.422,6.954,6.906,6.725,12.761,11.507,13.328,13.293,8.165,14.499,12.668,10.124,9.002,8.904,7.212,6.929,14.896,10.211,11.563,13.729,11.743,14.275,12.521,11.329,9.885,14.734,13.093,14.384,6.641,14.851,12.828,6.159,14.046,12.197,6.408,10.711,15.57,8.632,10.178,8.65,9.561,15.731,15.851,7.824,15.624,15.717,9.603,13.747,6.67,16.265,12.042,12.17,7.207,14.697,3.982,6.416,8.404,14.245,7.962,14.893,12.805,6.874,4.725,5.65,12.355,15.314,8.328,13.761,5.992,11.803,15.413,14.198,13.433,15.129,6.038,4.655,8.387,10.123,12.358,11.231,13.5,8.35,12.67,9.632,7.837,11.287,16.098,13.18,,11.594,6.093,15.839,13.82,,5.978,9.667,16.696,10.641,12.9,13.459,11.052,6.234,15.19,10.401,10.217,12.923,13.428,13.686,,9.853,8.752,11.047,7.386,7.125,8.085,9.391,12.206,14.594,12.281,10.839,9.917,8.049,12.394,9.353,6.115,11.36,8.879,7.326,10.658,12.878,,11.117,12.497,9.6,13.974,14.596,9.898,13.442,7.715,9.838,12.86,14.615,15.587,11.06,9.694,14.001,8.519,13.782,11.509,7.423,7.015,13.13,,,10.558,6.23,9.111,15.336,7.785,13.7,16.517,10.725,8.514,12.411,,11.568,16.174,13.923,12.956,9.333,12.669,,9.402,13.307,5.392,7.556,10.797,8.33,7.303,13.976,17.085,11.587,12.962,15.999,8.101,12.172,10.895,6.731,13.468,9.944,,7.807,8.46,15.175,7.047,8.533,,10.262,11.932,12.182,6.999,,14.013,13.739,11.752,12.416,13.478,6.535,11.093,7.963,9.055,13.657,11.412,,14.972,11.48,17.172,13.102,13.41,9.509,11.545,12.305,,9.216,13.362,12.322,8.641,10.376,8.559,,13.515,11.619,9.957,11.655,5.192,8.824,10.613,11.833,14.031,13.624,10.08,11.948,14.981,13.692,15.538,15.022,15.393,6.552,12.133,9.956,13.615,13.076,14.77,14.681,10.281,12.238,,10.062,7.119,,14.671,9.936,15.104,11.453,15.933,10.35,14.818,6.245,13.027,14.314,16.975,14.211,6.548,9.667,7.431,5.774,14.12,12.448,14.206,13.784,13.656,13.49,7.264,9.447,12.969,16.447,5.675,11.779,11.966,,10.08,15.3,10.788,7.263,17.653,10.313,14.538,8.363,12.846,10.817,8.145,15.251,7.512,8.505,11.645,13.148,14.204,17.63,9.686,9.767,,11.34,14.107,11.528,11.016,8.359,15.626,,7.852,10.538,6.714,5.75,3.933,11.014,13.015,8.189,9.34,14.2,14.447,10.576,7.701,16.264,8.554,6.896,14.72,13.012,15.946,12.222,13.252,8.068,26,0,0
SITE2_PT035,14.94,14.891,9.269,10.095,12.586,14.322,,6.803,10.641,10.981,11.298,14.448,9.901,,8.38,13.393,11.563,7.279,6.172,12.471,7.703,13.456,9.626,4.611,15.966,6.815,10.331,8.165,8.232,5.205,3.868,6.542,,12.303,12.462,10.554,,11.13,13.318,14.357,6.973,,7.186,9.79,11.152,10.974,6.335,10.479,10.099,6.548,12.176,8.525,15.036,6.427,13.684,15.647,15.98,17.066,14.618,12.194,14.144,6.45,9.089,11.038,15.99,9.954,10.375,,9.714,7.093,11.007,7.347,,9.72,8.269,8.246,9.483,13.457,7.09,14.807,15.496,14.081,8.656,9.672,15.836,11.742,16.012,,14.672,9.94,13.148,8.109,12.619,13.18,8.928,12.579,7.051,14.27,6.773,14.069,5.355,14.008,13.143,12.168,13.552,12.962,17.961,8.049,11.798,3.707,11.374,6.853,11.618,10.029,9.407,12.156,14.132,11.7,,11.882,15.959,7.589,7.437,6.355,12.028,9.278,14.421,12.977,9.6,14.345,14.269,10.553,8.537,6.329,9.033,7.858,14.777,8.349,8.795,,12.478,17.311,15.537,10.493,8.878,18.589,12.856,16.388,7.806,14.527,11.862,7.431,10.358,15.067,6.905,12.358,13.22,10.948,11.045,10.367,8.262,14.287,12.608,,18.038,14.167,6.624,12.52,7.17,16.828,,13.627,9.254,16.454,5.982,8.411,7.965,14.501,9.593,15.147,10.497,4.379,7.678,5.891,11.246,12.28,,13.285,,14.044,14.633,12.481,14.485,14.134,8.948,8.822,7.009,10.917,14.624,14.139,13.807,7.922,12.416,7.442,7.777,14.814,14.264,,6.339,10.509,,13.387,13.427,9.42,7.422,7.749,15.205,10.92,12.876,11.389,13.28,9.96,15.437,7.633,11.428,14.539,12.394,17.208,7.753,10.292,8.79,11.733,7.227,6.885,9.72,10.04,,11.506,12.497,9.709,9.29,8.702,11.955,7.717,8.158,11.227,12.287,8.124,11.08,12.874,12.27,12.503,11.998,8.39,12.29,10.421,10.868,13.283,8.29,10.698,12.443,16.368,16.366,11.107,8.468,12.203,8.455,14.814,12.134,8.172,5.796,14.056,6.764,8.748,9.482,6.676,,13.658,7.397,14.437,12.56,12.372,5.197,11.856,7.132,9.522,16.093,14.804,13.088,9.178,12.341,13.966,9.016,10.953,7.0,9.112,9.34,5.695,,14.07,14.151,11.776,15.333,15.283,4.808,8.273,8.76,8.831,13.846,12.155,10.113,7.554,,15.456,7.129,8.53,8.41,10.004,13.122,12.219,7.012,8.229,13.204,11.493,12.716,13.433,14.95,5.1,10.242,10.997,10.459,15.496,,13.998,13.301,10.692,15.673,12.314,15.835,6.504,11.185,10.264,7.976,9.406,17.127,13.57,9.009,7.875,7.59,4.233,17.264,9.48,8.38,11.485,,7.094,12.848,11.12,16.69,10.93,10.826,14.992,13.921,12.278,14.765,14.801,14.969,5.448,14.527,10.174,13.16,13.01,14.907,14.537,10.164,11.938,13.835,9.08,,5.14,12.747,14.63,14.663,10.577,17.033,10.289,13.221,5.956,11.978,14.182,11.669,13.518,6.329,11.015,,,13.002,,14.127,14.404,11.813,15.052,6.836,6.686,12.99,14.062,3.36,7.35,12.05,8.041,9.258,,14.741,7.772,14.298,8.062,14.699,8.05,11.995,8.871,9.467,14.354,7.193,4.457,,13.13,13.368,15.581,8.413,10.327,7.101,12.679,15.271,13.368,12.462,11.159,15.913,,4.928,,6.855,6.868,4.499,9.387,10.114,8.663,,16.638,13.719,11.77,6.848,15.563,8.434,8.362,15.265,11.096,13.448,11.206,11.528,8.666,64,1,1
SITE2_PT036,13.212,15.121,8.008,10.345,13.759,15.101,10.211,9.2,8.788,10.294,11.758,14.179,9.211,10.266,11.101,14.501,12.109,,6.077,11.835,7.995,12.552,10.401,7.547,14.555,8.068,9.801,7.143,6.867,6.958,5.091,8.199,,11.642,,10.849,,11.276,15.092,15.471,,8.836,7.177,9.312,,10.087,4.821,9.463,11.034,5.078,13.269,6.631,16.751,6.037,14.63,14.446,16.473,16.314,15.061,13.232,13.602,7.143,11.337,10.135,13.54,10.44,10.765,,9.441,6.67,,8.911,6.823,9.042,,8.618,10.495,12.176,7.548,14.044,15.362,10.708,,11.454,14.935,12.192,13.363,9.856,14.664,9.819,13.279,9.734,13.515,13.864,8.702,12.136,6.667,12.395,6.827,16.613,6.142,13.096,13.027,14.133,13.162,13.461,14.968,7.114,12.068,6.824,12.019,7.588,10.769,11.158,10.237,10.577,15.442,13.803,11.404,12.698,15.149,8.458,6.756,5.953,13.049,11.302,16.152,12.972,10.915,11.668,13.588,9.19,8.39,8.008,9.322,7.79,14.33,10.553,,14.503,11.213,16.275,13.796,9.281,9.399,16.101,12.614,16.179,7.265,13.828,13.898,7.638,11.977,14.466,6.492,12.028,14.911,9.509,10.269,11.555,,15.001,16.309,5.876,18.133,15.888,8.287,12.318,9.081,16.79,11.244,14.323,8.149,15.686,5.078,8.604,,13.594,9.62,13.303,12.341,4.327,6.43,5.579,11.791,15.306,10.0,15.202,6.582,15.534,16.142,13.27,15.642,14.298,7.88,9.237,6.972,11.584,13.406,12.568,14.434,,11.61,8.174,7.966,11.169,13.649,11.597,5.368,12.617,4.737,12.728,12.919,9.808,7.87,,15.483,8.929,11.874,11.922,14.277,9.118,15.3,,12.194,12.336,12.036,15.189,6.653,9.659,9.646,,7.692,,8.745,9.298,11.022,12.361,13.865,10.625,13.092,9.519,11.239,,6.671,,10.139,8.265,,12.144,11.158,11.602,13.019,8.925,,9.203,11.992,12.702,9.525,10.87,12.5,14.632,14.397,11.769,11.313,14.729,6.999,14.38,12.611,7.732,6.473,15.203,5.176,8.966,8.676,6.068,9.118,10.086,6.455,13.859,13.779,10.074,5.493,11.551,7.408,10.231,14.954,16.046,15.515,9.884,13.323,13.02,9.929,11.793,6.432,9.406,10.091,6.533,7.397,15.609,16.405,10.47,14.354,15.619,7.774,9.883,7.954,7.239,12.876,10.112,12.196,8.732,7.853,,,9.182,9.3,9.357,14.087,11.335,7.008,7.829,,12.182,12.033,11.028,13.075,6.497,10.016,,10.363,13.268,11.045,12.549,13.871,9.149,16.295,11.5,15.113,,11.647,10.065,5.775,9.726,14.327,10.74,8.659,9.53,,4.988,13.939,,9.594,10.936,,8.381,13.268,11.911,16.355,11.944,10.761,11.498,13.717,15.215,14.449,13.353,14.247,5.024,15.678,8.334,13.875,12.47,17.042,15.144,7.866,12.391,12.62,12.106,8.142,6.564,13.387,,15.377,9.895,15.218,9.631,13.9,6.599,10.445,13.964,13.905,15.642,6.015,9.557,6.037,8.197,12.93,13.622,14.984,14.526,11.669,14.141,7.43,8.676,11.858,14.337,,11.162,12.192,6.859,9.138,13.629,11.847,9.773,15.737,8.556,15.898,9.137,12.246,,10.147,15.927,8.832,6.762,7.062,14.996,13.539,16.32,7.845,9.48,8.168,12.693,17.117,11.896,12.322,10.104,14.237,11.086,8.129,9.846,,7.117,5.237,10.072,10.985,8.356,10.503,16.183,13.345,12.809,7.807,14.427,7.821,,15.153,12.8,12.213,11.531,14.068,9.787,50,0,1
SITE2_PT037,14.393,13.681,8.282,10.2,12.744,14.721,11.229,10.094,9.234,9.632,12.073,15.782,12.623,,11.026,12.758,13.613,7.71,4.941,11.584,8.223,14.268,8.608,7.915,15.322,7.214,10.129,6.459,6.068,4.821,8.212,9.303,5.869,12.039,11.54,,9.482,12.078,13.742,13.383,6.866,6.84,9.147,8.854,10.473,,7.061,,8.809,6.803,16.14,4.089,16.539,6.65,15.339,14.573,15.14,14.182,13.889,12.906,13.747,7.068,13.525,11.06,13.489,11.95,10.651,11.381,8.42,7.307,,8.344,9.413,8.578,9.971,8.621,9.844,11.91,10.088,15.62,15.361,8.903,10.553,10.805,13.009,12.88,14.041,10.793,14.1,9.253,12.773,,14.253,13.323,6.571,11.586,7.812,13.143,6.919,16.501,7.012,15.666,12.417,11.829,13.411,,14.564,9.363,11.071,8.084,12.276,7.402,12.452,,10.252,11.957,14.045,15.719,10.759,11.123,15.884,6.125,6.557,8.539,12.654,10.32,14.483,12.477,8.205,13.714,12.97,8.542,10.961,8.789,8.061,5.886,15.014,10.669,10.856,14.317,12.123,15.445,12.468,12.92,10.753,15.999,14.761,14.844,5.63,14.083,12.597,7.006,12.858,12.433,,10.417,14.669,7.925,,8.42,10.573,15.441,15.0,,15.139,15.364,,14.033,,17.328,13.293,14.347,7.14,16.105,5.08,8.105,7.553,12.205,,14.445,11.337,7.014,6.18,5.484,11.089,15.084,9.621,13.855,,13.692,16.636,14.417,13.581,15.557,,5.966,6.183,10.353,13.378,11.314,15.054,8.391,14.439,9.377,9.183,11.482,15.329,11.904,7.28,12.98,5.79,14.133,13.497,6.771,6.394,,16.456,11.973,15.627,13.012,11.388,7.962,15.756,9.716,12.935,12.007,12.31,14.969,8.123,,8.752,10.17,8.537,7.505,7.943,7.849,9.643,11.442,14.074,,,7.569,13.737,9.238,6.759,9.618,9.003,8.141,12.868,12.542,13.179,11.684,11.588,,15.03,11.222,,12.808,8.63,9.917,12.825,14.28,15.758,10.272,10.351,14.012,7.562,14.345,11.455,,6.374,13.319,8.109,10.188,9.942,6.857,9.428,,6.445,14.009,14.869,11.651,7.94,12.108,,10.261,15.484,14.796,13.876,9.668,12.375,14.777,9.847,15.037,,9.837,12.153,8.15,,13.575,15.974,10.426,14.064,17.066,8.005,10.934,10.543,6.185,14.011,9.29,9.886,5.34,,14.284,,8.214,7.377,10.006,12.342,11.949,6.648,8.951,13.985,12.994,13.377,12.067,14.178,7.335,10.003,11.194,7.972,14.476,10.884,13.221,13.871,10.383,15.055,12.996,12.889,8.811,9.369,11.253,6.721,9.352,14.311,13.1,8.13,10.118,7.948,6.03,15.232,11.251,7.703,12.262,8.005,9.353,13.003,11.419,15.19,13.285,9.291,12.976,14.996,12.127,16.07,15.791,14.946,6.6,13.703,9.422,12.667,13.963,14.662,16.317,7.98,14.495,14.079,11.25,6.902,7.97,14.057,11.041,15.004,8.827,15.247,11.897,14.149,6.271,12.237,13.562,15.786,13.746,7.023,8.895,,6.161,13.969,11.86,13.651,13.432,14.219,13.967,6.25,,13.577,14.955,,10.501,11.669,6.729,8.848,14.537,13.098,,16.601,9.262,13.333,9.064,12.118,8.351,7.151,14.773,7.318,7.429,9.091,14.462,13.688,15.276,9.524,,7.407,13.457,14.891,13.379,11.9,8.061,14.596,11.101,8.142,9.898,6.617,8.624,6.162,10.899,13.363,,9.781,14.011,13.475,10.981,7.642,16.437,8.995,8.55,14.942,12.078,12.694,12.607,11.942,9.349,40,0,0
SITE2_PT038,16.313,12.977,9.067,9.389,12.847,15.85,10.315,10.05,10.779,10.985,13.692,15.546,10.527,9.373,8.716,13.082,13.45,7.56,6.815,9.999,7.07,15.102,10.08,7.389,14.105,8.476,8.133,5.267,6.207,5.389,7.005,7.289,4.874,11.548,12.93,8.956,10.271,10.746,14.5,14.728,6.997,8.377,,8.603,,8.779,5.57,,12.497,7.814,16.312,,16.224,8.43,16.274,15.187,16.009,,12.705,11.726,14.257,7.084,11.088,12.026,12.105,9.928,10.263,12.159,8.005,6.912,11.108,9.644,9.227,10.336,10.847,10.239,,12.767,8.265,16.11,17.477,8.78,10.112,11.751,13.005,11.049,14.139,11.424,12.507,8.544,12.834,,15.215,14.67,6.926,12.767,6.201,13.0,7.847,16.842,,16.315,13.806,11.428,14.844,14.987,14.175,9.029,10.945,6.042,12.827,,10.486,,,,14.341,14.69,11.381,11.045,13.543,6.139,8.072,5.201,14.159,12.029,16.137,12.97,10.475,16.041,12.29,9.327,8.819,9.702,7.168,6.772,15.678,10.235,10.316,14.075,10.76,13.617,11.652,10.268,10.455,15.93,,14.045,6.693,14.526,,6.74,12.159,12.143,,10.096,15.237,10.822,10.293,,10.616,15.647,13.425,,16.046,15.42,9.421,13.378,5.472,16.668,12.036,10.557,5.983,16.705,5.231,6.742,6.665,14.652,9.569,15.992,12.958,7.097,,7.521,12.523,13.797,8.755,14.431,5.754,14.42,15.311,15.455,13.017,17.158,5.844,7.728,8.053,10.982,13.449,11.137,15.226,8.508,13.281,8.879,7.781,11.507,15.884,11.683,,12.467,5.31,14.183,13.67,,5.326,,18.097,10.074,14.115,14.079,11.648,7.809,14.15,8.665,11.283,11.621,11.385,14.617,7.98,10.494,8.822,11.321,6.997,7.058,6.607,8.888,10.976,13.059,12.445,9.786,9.844,7.217,,8.788,5.423,11.129,8.698,6.345,9.763,10.525,11.918,,10.117,11.286,16.826,12.269,9.917,12.184,,10.065,14.013,15.017,14.342,10.574,10.443,15.487,8.918,14.675,10.675,7.209,5.363,,6.478,9.186,8.898,7.656,,12.739,5.158,14.268,16.268,,8.649,12.375,5.98,11.428,16.542,13.873,14.68,9.776,,14.33,9.15,12.307,7.758,8.532,11.437,,7.026,13.613,16.584,10.42,14.979,15.212,,10.802,12.089,7.198,12.15,10.094,10.693,7.065,7.821,14.988,5.875,7.976,7.799,10.622,11.68,10.155,5.521,10.285,15.356,13.438,13.013,13.442,12.714,5.394,11.887,9.554,10.278,15.29,11.09,13.501,15.483,,16.146,13.13,13.281,10.738,12.306,10.709,6.031,10.426,14.691,12.755,6.683,9.812,8.995,6.909,14.052,12.073,8.888,12.535,4.222,8.289,14.053,10.922,16.375,12.691,10.852,13.303,14.545,13.005,16.109,15.183,16.132,6.535,13.466,10.765,12.176,13.675,14.136,16.476,6.328,13.163,12.554,9.87,7.817,8.268,14.263,11.248,16.225,8.287,14.525,9.668,12.967,6.901,10.613,13.846,15.868,14.343,4.719,11.05,5.747,7.427,13.694,12.868,13.834,13.971,15.154,14.363,7.325,9.1,12.237,15.667,6.775,11.656,12.563,7.683,,15.911,11.819,8.104,14.959,9.33,14.043,9.928,12.814,11.232,7.091,14.696,9.417,7.769,11.255,12.986,15.797,14.76,8.176,9.138,6.214,,15.422,12.192,10.311,9.313,15.101,10.199,6.956,9.432,7.14,7.281,4.238,10.252,10.378,8.603,10.188,13.3,14.698,11.564,7.653,14.609,9.085,,15.314,11.317,13.407,13.869,12.779,7.066,33,0,0
SITE2_PT039,14.358,,8.307,12.817,13.13,15.137,10.525,7.639,9.761,9.429,12.361,13.621,,,9.82,11.669,13.942,6.477,6.304,12.909,,13.579,9.388,8.175,15.429,7.091,9.42,6.71,7.108,5.172,6.363,7.844,6.749,,14.26,9.11,8.512,10.759,15.563,14.529,,7.403,6.9,10.249,9.685,10.149,5.974,9.717,10.823,5.832,13.481,,16.342,5.292,15.634,17.178,16.24,15.267,12.423,12.363,13.2,5.064,10.801,12.031,12.861,10.614,9.751,11.963,8.547,,11.619,,7.146,8.423,8.893,8.962,11.716,13.567,8.703,15.546,18.22,11.681,8.906,12.178,14.334,14.451,14.83,10.014,13.059,8.812,14.683,9.401,12.704,16.88,8.308,12.996,6.093,12.018,5.664,14.523,6.217,14.317,13.785,11.558,15.341,14.653,15.565,8.334,10.908,,12.36,9.17,12.979,10.806,10.848,11.682,13.353,11.214,12.481,9.34,15.995,,7.784,4.7,14.619,9.31,14.644,12.445,11.19,15.9,14.152,10.345,9.949,8.8,9.339,7.82,14.967,8.73,10.233,13.611,12.965,15.223,15.048,9.87,10.718,17.632,13.075,16.194,5.36,13.799,12.222,6.572,10.333,13.683,6.069,12.077,13.849,8.171,10.451,10.773,10.55,15.088,13.183,3.841,17.123,13.647,7.445,12.639,7.106,16.104,10.892,12.639,7.479,17.123,5.843,,5.847,13.401,7.623,15.389,12.461,4.549,6.517,5.762,11.59,13.034,6.54,14.184,8.707,15.151,14.976,13.578,12.655,13.736,6.292,8.477,7.127,10.109,14.504,12.501,14.491,8.567,12.185,7.559,8.316,13.207,13.829,10.893,6.667,12.944,4.201,13.67,13.529,8.808,6.04,5.983,,12.173,14.88,11.811,13.117,8.569,14.485,7.95,11.147,11.868,12.53,15.354,8.085,9.304,,11.352,7.085,6.868,,8.655,,13.868,11.757,10.337,11.655,10.497,11.071,8.882,,8.771,11.741,10.379,11.401,12.458,13.458,13.566,11.723,8.292,10.434,11.124,10.552,14.354,10.564,11.035,11.972,16.526,15.349,12.253,10.021,13.194,7.965,14.943,9.901,7.239,6.037,13.767,5.886,8.846,8.886,8.025,8.865,12.978,6.234,14.996,14.921,,,,7.419,10.124,14.444,17.146,12.015,10.067,13.26,13.339,10.269,10.548,,,10.061,8.762,7.037,14.812,14.745,9.027,14.889,14.641,7.008,9.227,,,13.165,11.521,11.89,6.532,7.959,14.668,,9.004,9.259,9.392,13.513,10.345,9.195,8.156,14.609,11.601,11.119,10.647,13.811,7.642,,10.521,10.066,14.84,9.436,12.005,15.997,11.284,15.23,10.891,14.949,8.453,11.243,11.017,7.305,10.56,17.067,,6.662,10.065,8.08,6.063,16.081,10.018,,12.582,5.98,7.817,11.949,10.134,16.416,11.511,11.651,13.174,14.074,12.458,16.164,13.873,17.088,4.829,12.904,9.25,13.616,12.687,16.982,13.512,9.247,13.24,14.593,10.252,8.373,6.4,13.141,9.946,14.26,,15.997,,14.371,6.584,10.841,14.689,15.229,14.064,5.676,10.927,,6.696,13.713,12.451,13.042,13.804,,14.868,8.412,8.999,13.442,14.462,5.466,10.53,12.034,,10.16,14.748,14.536,9.348,16.403,9.061,15.984,9.149,9.803,8.794,9.939,14.764,6.435,,9.18,13.58,13.72,17.74,7.544,10.449,7.797,10.972,16.872,12.917,11.972,9.933,14.962,12.219,6.639,9.824,7.073,8.7,5.372,9.038,,8.139,11.098,13.473,14.433,10.136,7.855,15.14,8.886,10.438,14.971,12.187,12.118,11.727,11.778,9.599,56,0,1
SITE2_PT040,14.325,18.693,8.633,10.96,13.829,13.72,12.807,10.158,8.624,9.635,12.448,14.617,9.903,,6.937,13.608,13.356,7.981,5.471,12.391,8.726,13.912,10.605,7.007,16.399,8.149,7.887,8.594,8.91,7.777,5.334,6.422,7.882,12.958,12.979,8.601,9.009,10.411,,13.87,5.216,9.381,8.106,9.525,,,5.846,9.502,11.149,8.655,,7.154,16.321,,14.58,16.595,17.782,17.222,13.383,12.516,14.285,6.825,9.32,10.217,15.156,11.18,11.287,11.144,,5.94,10.383,,6.764,11.058,10.283,,10.914,,7.033,16.959,17.018,12.545,8.502,11.957,14.837,12.881,16.598,10.11,11.469,11.409,13.23,8.282,10.005,14.62,8.347,13.388,,13.075,6.565,14.593,6.027,13.913,13.118,11.831,14.702,13.735,17.904,9.658,12.25,5.027,11.97,7.436,10.406,10.145,9.128,11.387,13.552,11.784,11.59,13.56,14.976,8.216,7.097,5.607,12.197,8.536,16.259,12.012,9.968,13.619,13.272,9.341,8.985,6.566,10.915,,15.29,9.957,10.187,15.153,,16.372,16.046,10.085,9.293,17.251,13.24,14.981,7.801,14.315,12.014,,12.162,13.176,6.554,10.745,13.497,10.357,11.096,,9.733,14.158,,5.381,18.049,12.978,6.774,13.073,6.635,14.724,12.368,11.551,7.311,15.622,6.627,6.827,5.141,11.913,9.774,14.964,8.554,4.817,6.055,,13.131,15.275,6.125,13.496,8.769,14.903,15.212,12.017,13.79,13.588,6.525,7.989,,,13.568,12.834,15.063,7.566,13.3,7.808,8.406,12.869,14.298,11.627,6.801,10.693,4.588,12.661,11.336,7.402,8.557,8.377,14.829,12.564,13.487,12.447,13.587,8.157,14.465,,11.523,12.962,12.92,17.7,7.412,8.61,9.74,12.336,7.209,7.08,9.362,9.484,8.499,12.634,12.961,11.297,10.826,9.503,12.788,7.867,6.097,9.845,11.467,9.29,12.534,12.273,12.31,13.546,12.476,8.798,12.188,11.326,10.836,15.464,9.07,11.031,13.991,16.602,16.537,12.094,11.409,12.38,,14.834,11.059,8.872,7.563,14.037,5.335,8.433,7.165,5.566,11.248,13.39,,15.62,13.751,11.775,4.686,11.137,8.485,9.7,15.453,15.249,12.877,9.443,12.37,13.115,9.468,10.331,6.437,,9.764,5.226,7.765,15.095,14.361,10.929,15.142,14.823,6.654,8.575,8.657,8.227,14.907,10.779,11.359,7.322,8.226,15.218,,7.279,10.965,10.074,14.583,12.292,5.988,8.521,,11.186,12.715,12.43,14.512,5.07,9.723,12.969,,15.683,10.432,12.358,15.281,10.406,16.066,12.186,14.745,6.808,11.315,9.92,,8.41,15.261,10.767,7.949,7.769,7.797,6.286,16.54,10.837,7.805,11.178,,8.834,13.12,12.377,15.596,10.235,,14.727,12.079,13.278,15.911,15.351,15.33,,13.912,9.86,12.082,12.443,14.366,13.643,7.572,14.106,13.648,8.874,8.306,4.853,12.803,10.517,15.723,9.976,17.674,10.894,13.624,7.695,12.151,13.555,13.082,12.231,6.293,11.534,7.628,7.502,13.329,15.176,14.69,14.454,11.936,17.794,6.541,6.714,10.662,14.38,2.918,10.278,13.253,6.305,10.572,13.77,14.198,7.067,12.001,8.988,15.211,6.974,12.354,8.043,9.213,13.881,7.394,5.2,7.081,15.316,11.429,17.245,8.108,,,11.388,16.236,13.132,12.054,10.721,14.586,10.634,6.813,9.548,8.757,8.218,,10.262,11.914,9.272,11.734,17.332,14.456,10.079,9.553,14.216,7.943,9.627,14.534,11.435,14.914,10.588,10.139,6.648,63,1,1
