chr22	15528191	15529136	Q8NG94	1000	+	15528191	15529136	12,12,120	1	945,	0,
chr22	15690077	15695761	Q6S545-2	0	+	15690077	15695761	0,150,250	3	632,115,117,	0,5293,5567,
chr22	15690077	15719774	Q6S545-1	1000	+	15690077	15719774	12,12,120	10	632,115,174,107,138,71,71,45,167,115,	0,5293,5567,8584,10000,12608,17942,19704,20790,29582,
chr22	16590879	16592550	A6NM43	1000	-	16590879	16592550	12,12,120	1	1671,	0,
chr22	16590879	16592550	Q96SF2	1000	-	16590879	16592550	12,12,120	1	1671,	0,
chr22	16783621	16808073	Q5GH77	1000	-	16783621	16808073	12,12,120	3	788,254,335,	0,16149,24117,
chr22	16962735	17008114	Q2WGN9	1000	-	16962735	17008114	12,12,120	10	141,105,97,91,265,86,251,208,304,174,	0,989,2030,2442,3364,5562,7207,25224,29137,45205,
chr22	17085091	17109817	Q96F46-1	1000	+	17085091	17109817	12,12,120	13	138,25,147,113,127,48,164,84,85,12,102,42,1511,	0,11970,12705,13683,15263,16904,17047,18402,19634,20499,20761,22635,23215,
chr22	17085091	17109817	Q96F46-2	0	+	17085091	17109817	0,150,250	13	138,25,147,113,127,48,164,84,85,11,1,42,1511,	0,11970,12705,13683,15263,16904,17047,18402,19634,20499,20862,22635,23215,
chr22	17119393	17120062	Q9BXQ6-2	0	-	17119393	17120062	0,150,250	1	669,	0,
chr22	17119393	17121127	Q9BXQ6-1	1000	-	17119393	17121127	12,12,120	1	1734,	0,
chr22	17138023	17159251	Q9BXW7-1	1000	-	17138023	17159251	12,12,120	8	334,189,175,34,94,113,204,126,	0,526,3035,5074,7000,10424,11518,21102,
chr22	17138023	17165244	Q9BXW7-2	0	-	17138023	17165244	0,150,250	8	334,189,175,34,94,113,204,36,	0,526,3035,5074,7000,10424,11518,27185,
chr22	17181485	17199578	Q9NZK5-2	0	-	17181485	17199578	0,150,250	7	91,203,158,109,91,128,30,	0,334,1118,6853,8456,10197,18063,
chr22	17181485	17209677	Q9NZK5-1	1000	-	17181485	17209677	12,12,120	9	91,203,158,109,91,128,211,220,322,	0,334,1118,6853,8456,10197,22077,25585,27870,
chr22	17369783	17539142	Q9BXF3-2	0	+	17369783	17539142	0,150,250	13	126,95,184,140,105,50,170,153,1,130,38,92,150,	0,107804,127619,129626,130847,133298,135063,154334,154487,167319,168736,168856,169209,
chr22	17369783	17552837	Q9BXF3-1	1000	+	17369783	17552837	12,12,120	20	126,95,184,140,105,50,170,84,153,1,130,38,92,127,389,129,847,1417,112,3,	0,107804,127619,129626,130847,133298,135063,142029,154334,154487,167319,168736,168856,169209,170628,172055,172373,178364,182247,183051,
chr22	17369783	17552837	Q9BXF3-3	0	+	17369783	17552837	0,150,250	19	126,95,184,140,105,50,170,84,154,130,38,92,127,389,129,847,1417,112,3,	0,107804,127619,129626,130847,133298,135063,142029,154334,167319,168736,168856,169209,170628,172055,172373,178364,182247,183051,
chr22	17579944	17590233	Q9H1K4	1000	+	17579944	17590233	12,12,120	9	20,123,56,91,119,166,155,76,139,	0,1092,1413,2618,3471,7191,7980,9645,10150,
chr22	17592676	17628635	P36543-1	1000	-	17592676	17628635	12,12,120	9	60,88,95,69,90,67,110,66,33,	0,1852,5517,7350,8415,20135,20534,26784,35926,
chr22	17592676	17628635	P36543-2	0	-	17592676	17628635	0,150,250	8	60,88,95,69,90,67,110,33,	0,1852,5517,7350,8415,20135,20534,35926,
chr22	17592676	17628635	P36543-3	0	-	17592676	17628635	0,150,250	8	60,88,95,69,67,110,66,33,	0,1852,5517,7350,20135,20534,26784,35926,
chr22	17655711	17702389	Q9BXK5-2	0	+	17655711	17702389	0,150,250	5	121,108,157,70,147,	0,27502,33274,40429,46531,
chr22	17655711	17727531	Q9BXK5-1	1000	+	17655711	17727531	12,12,120	6	121,108,157,70,144,855,	0,27502,33274,40429,46531,70965,
chr22	17702272	17727531	Q9BXK5-4	0	+	17702272	17727531	0,150,250	2	114,855,	0,24404,
chr22	17735582	17739423	P55957-4	0	-	17735582	17739423	0,150,250	3	9,213,75,	0,2434,3766,
chr22	17735582	17750116	P55957-1	1000	-	17735582	17750116	12,12,120	5	9,213,140,211,12,	0,2434,3766,8220,14522,
chr22	17735582	17773689	P55957-2	0	-	17735582	17773689	0,150,250	6	9,213,140,211,70,80,	0,2434,3766,8220,14522,38027,
chr22	17743803	17750116	P55957-3	0	-	17743803	17750116	0,150,250	2	210,12,	0,6301,
chr22	17777536	17778046	Q8N1L1	1000	+	17777536	17778046	12,12,120	1	510,	0,
chr22	17790734	17906812	Q7RTP6-1	1000	-	17790734	17906812	12,12,120	31	182,74,100,94,111,95,1819,83,141,114,138,254,196,88,89,187,174,63,113,197,148,97,127,116,258,101,156,102,117,208,264,	0,263,467,18109,19968,25955,26576,30692,31295,32212,36909,41119,51087,74164,75189,81102,95143,96435,96588,98299,100750,103073,104549,105511,105989,108713,110107,111143,111896,113897,115814,
chr22	17832100	17906812	Q7RTP6-2	0	-	17832100	17906812	0,150,250	20	7,196,88,89,187,174,63,113,197,148,97,127,116,258,101,156,102,117,208,264,	0,9721,32798,33823,39736,53777,55069,55222,56933,59384,61707,63183,64145,64623,67347,68741,69777,70530,72531,74448,
chr22	17832100	17906812	Q7RTP6-3	0	-	17832100	17906812	0,150,250	21	7,196,88,89,187,3,171,63,113,197,148,97,127,116,258,101,156,102,117,208,264,	0,9721,32798,33823,39736,53777,53780,55069,55222,56933,59384,61707,63183,64145,64623,67347,68741,69777,70530,72531,74448,
chr22	17834452	17906812	Q7RTP6-4	0	-	17834452	17906812	0,150,250	20	97,196,88,89,187,174,63,113,197,148,97,127,116,258,101,156,102,117,208,264,	0,7369,30446,31471,37384,51425,52717,52870,54581,57032,59355,60831,61793,62271,64995,66389,67425,68178,70179,72096,
chr22	17864656	17906812	Q7RTP6-5	0	-	17864656	17906812	0,150,250	22	330,89,187,108,108,57,99,174,63,113,197,148,97,127,116,258,101,156,102,117,208,264,	0,1267,7180,8090,10790,14689,16548,21221,22513,22666,24377,26828,29151,30627,31589,32067,34791,36185,37221,37974,39975,41892,
chr22	18078376	18088072	Q7Z412-1	1000	+	18078376	18088072	12,12,120	5	230,141,296,147,101,	0,1497,5060,6735,9595,
chr22	18078376	18088072	Q7Z412-2	0	+	18078376	18088072	0,150,250	5	230,141,295,1,101,	0,1497,5060,6881,9595,
chr22	18110865	18131133	Q9NY65-1	1000	+	18110865	18131133	12,12,120	5	3,223,149,681,291,	0,10613,13290,15488,19977,
chr22	18121673	18131133	Q9NY65-2	0	+	18121673	18131133	0,150,250	4	28,149,681,291,	0,2482,4680,9169,
chr22	18157663	18176814	Q9UMW8-1	1000	+	18157663	18176814	12,12,120	10	157,97,146,80,147,96,168,132,50,43,	0,2508,4126,9591,10226,12180,13089,15486,16129,19108,
chr22	18157708	18176814	Q9UMW8-2	0	+	18157708	18176814	0,150,250	10	112,97,146,80,147,96,168,132,50,43,	0,2463,4081,9546,10181,12135,13044,15441,16084,19063,
chr22	18516503	18517897	B5MD39	1000	-	18516503	18517897	12,12,120	5	144,114,113,128,176,	0,448,643,858,1218,
chr22	18527980	18530456	P0C7N4	1000	+	18527980	18530456	12,12,120	9	296,124,51,75,57,119,73,41,202,	0,578,836,1038,1460,1625,1955,2175,2274,
chr22	18538432	18548798	A4QPH2-2	0	-	18538432	18548798	0,150,250	11	126,105,110,71,73,71,130,128,108,152,129,	0,207,795,1969,2140,5234,6219,8813,9578,9885,10237,
chr22	18540577	18548798	Q8N8J0	1000	-	18540577	18548798	12,12,120	7	68,71,130,128,108,152,129,	0,3089,4074,6668,7433,7740,8092,
chr22	18606517	18611434	A6NJZ7	1000	-	18606517	18611434	12,12,120	1	4917,	0,
chr22	18606517	18611434	A6NNM3	1000	-	18606517	18611434	12,12,120	1	4917,	0,
chr22	18606517	18611434	Q9UFD9	1000	-	18606517	18611434	12,12,120	1	4917,	0,
chr22	18633983	18634679	A0A494C0N9	1000	+	18633983	18634679	12,12,120	1	696,	0,
chr22	18858384	18858690	Q5BKY6	1000	+	18858384	18858690	12,12,120	1	306,	0,
chr22	18906374	18910267	Q14129-2	0	+	18906374	18910267	0,150,250	4	110,161,119,96,	0,190,3605,3797,
chr22	18906374	18911686	Q14129-1	1000	+	18906374	18911686	12,12,120	5	110,161,101,141,147,	0,190,3797,4513,5165,
chr22	18913177	18931147	O43272-2	0	-	18913177	18931147	0,150,250	13	185,89,99,176,147,93,82,80,117,65,150,35,158,	0,260,3712,5138,6273,6528,8164,9147,9639,9937,11873,12510,17812,
chr22	18913177	18931186	O43272-1	0	-	18913177	18931186	0,150,250	13	185,89,99,176,147,93,82,80,117,65,150,35,197,	0,260,3712,5138,6273,6528,8164,9147,9639,9937,11873,12510,17812,
chr22	18913177	18936287	O43272-4	1000	-	18913177	18936287	12,12,120	14	185,89,99,176,147,93,82,80,117,65,150,35,209,273,	0,260,3712,5138,6273,6528,8164,9147,9639,9937,11873,12510,17812,22837,
chr22	18938673	18938757	P61580	1000	+	18938673	18938757	12,12,120	1	84,	0,
chr22	18938673	18938757	P61581	1000	+	18938673	18938757	12,12,120	1	84,	0,
chr22	18946791	18946968	P61580	1000	+	18946791	18946968	12,12,120	1	177,	0,
chr22	18946791	18946968	P61581	1000	+	18946791	18946968	12,12,120	1	177,	0,
chr22	19029523	19030219	P0DSO1	1000	+	19029523	19030219	12,12,120	1	696,	0,
chr22	19038867	19122206	P98153-1	1000	-	19038867	19122206	12,12,120	10	254,237,153,204,177,77,220,126,123,79,	0,2190,2939,9572,18118,24334,25980,29232,50500,83260,
chr22	19038867	19122206	P98153-2	0	-	19038867	19122206	0,150,250	10	254,237,153,204,177,77,220,124,2,79,	0,2190,2939,9572,18118,24334,25980,29232,50621,83260,
chr22	19048494	19122206	P98153-3	0	-	19048494	19122206	0,150,250	7	149,177,77,220,126,123,79,	0,8491,14707,16353,19605,40873,73633,
chr22	19131399	19132473	Q96PF2	1000	+	19131399	19132473	12,12,120	1	1074,	0,
chr22	19134198	19144640	Q96DF8	1000	-	19134198	19144640	12,12,120	10	277,116,110,103,134,118,171,95,169,135,	0,861,3124,4016,4960,5413,5656,8340,8527,10307,
chr22	19148993	19150283	O15499	1000	-	19148993	19150283	12,12,120	3	102,254,259,	0,669,1031,
chr22	19176132	19178673	P53007	1000	-	19176132	19178673	12,12,120	9	112,74,116,105,85,139,100,108,94,	0,288,445,713,987,1594,1809,2000,2447,
chr22	19180221	19291641	P53675-1	1000	-	19180221	19291641	12,12,120	32	17,76,222,171,111,132,150,168,108,165,158,193,184,146,123,235,143,126,164,181,165,138,123,153,201,198,174,114,162,269,208,42,	0,509,3168,7336,7759,11082,16044,16267,19512,21107,27932,28700,30104,35889,39663,41155,41729,42462,43669,45231,45997,49616,52254,52944,53200,54287,55474,59053,62553,73737,95401,111378,
chr22	19180221	19291641	P53675-2	0	-	19180221	19291641	0,150,250	31	17,76,222,111,132,150,168,108,165,158,193,184,146,123,235,143,126,164,181,165,138,123,153,201,198,174,114,162,269,208,42,	0,509,3168,7759,11082,16044,16267,19512,21107,27932,28700,30104,35889,39663,41155,41729,42462,43669,45231,45997,49616,52254,52944,53200,54287,55474,59053,62553,73737,95401,111378,
chr22	19331442	19356921	P54198-2	0	-	19331442	19356921	0,150,250	8	114,89,164,123,106,58,1,32,	0,19915,21913,22553,24317,24787,24845,25447,
chr22	19331442	19431476	P54198-1	1000	-	19331442	19431476	12,12,120	25	114,89,164,123,106,59,162,149,105,205,162,198,86,216,106,71,114,168,161,96,95,91,111,63,37,	0,19915,21913,22553,24317,24787,25447,27893,29794,30284,44188,46426,52177,54078,56268,57041,60658,62899,65344,66549,74343,75741,77040,79273,99997,
chr22	19361876	19431476	P54198-2	0	-	19361876	19431476	0,150,250	17	54,1,162,198,86,216,106,71,114,168,161,96,95,91,111,63,37,	0,54,13754,15992,21743,23644,25834,26607,30224,32465,34910,36115,43909,45307,46606,48839,69563,
chr22	19432554	19435959	Q9NQ50	1000	+	19432554	19435959	12,12,120	4	53,84,159,322,	0,710,2181,3083,
chr22	19441646	19447688	Q6P5X5-2	0	-	19441646	19447688	0,150,250	3	48,168,24,	0,5731,6018,
chr22	19444267	19447688	Q6P5X5-1	1000	-	19444267	19447688	12,12,120	3	123,168,24,	0,3110,3397,
chr22	19450672	19479085	Q92890-1	0	-	19450672	19479085	0,150,250	13	72,82,89,48,66,69,73,131,12,110,33,133,3,	0,4076,5007,5914,6180,7398,14529,17200,21014,21026,24395,24797,28410,
chr22	19450672	19479085	Q92890-2	1000	-	19450672	19479085	12,12,120	12	72,82,89,48,66,69,73,131,122,33,133,3,	0,4076,5007,5914,6180,7398,14529,17200,21014,24395,24797,28410,
chr22	19450742	19479085	Q92890-3	0	-	19450742	19479085	0,150,250	12	2,29,89,48,66,69,73,131,122,33,133,3,	0,4059,4937,5844,6110,7328,14459,17130,20944,24325,24727,28340,
chr22	19479968	19518905	O75419-1	1000	+	19479968	19518905	12,12,120	19	51,60,93,138,144,56,49,62,51,120,132,99,162,139,84,119,1,76,62,	0,189,984,2721,3893,14358,16012,17417,19132,25393,27417,27797,28561,34780,34996,36558,36845,36849,38875,
chr22	19479968	19518905	O75419-2	0	+	19479968	19518905	0,150,250	18	51,60,93,144,56,49,62,51,120,132,99,162,139,84,119,1,76,62,	0,189,984,3893,14358,16012,17417,19132,25393,27417,27797,28561,34780,34996,36558,36845,36849,38875,
chr22	19479968	19518905	O75419-3	0	+	19479968	19518905	0,150,250	19	51,60,93,138,144,56,96,49,62,51,120,132,99,162,139,84,119,77,62,	0,189,984,2721,3893,14358,14538,16012,17417,19132,25393,27417,27797,28561,34780,34996,36558,36848,38875,
chr22	19523601	19524255	O00501	1000	-	19523601	19524255	12,12,120	1	654,	0,
chr22	19714588	19722481	Q99719-1	1000	+	19714588	19722481	12,12,120	12	43,11,97,87,124,135,118,102,97,136,103,54,	0,192,5013,5217,5526,5731,5960,6179,7051,7233,7648,7839,
chr22	19718737	19722308	Q99719-2	0	+	19718737	19722308	0,150,250	10	81,97,87,124,135,118,102,97,125,72,	0,864,1068,1377,1582,1811,2030,2902,3095,3499,
chr22	19723256	19723433	P13224-2	0	+	19723256	19723433	0,150,250	1	177,	0,
chr22	19723569	19724461	P13224-1	1000	+	19723569	19724461	12,12,120	2	10,608,	0,284,
chr22	19723575	19724461	P13224-2	0	+	19723575	19724461	0,150,250	2	4,608,	0,278,
chr22	19759643	19766864	O43435-3	0	+	19759643	19766864	0,150,250	8	34,376,102,172,156,68,101,476,	0,1261,3597,4511,5314,6114,6258,6745,
chr22	19759643	19779404	O43435-1	1000	+	19759643	19779404	12,12,120	8	34,376,102,172,156,68,101,185,	0,1261,3597,4511,5314,6114,6258,19576,
chr22	19759643	19783019	O43435-2	0	+	19759643	19783019	0,150,250	8	34,376,102,172,156,68,101,107,	0,1261,3597,4511,5314,6114,6258,23269,
chr22	19788711	19821355	Q9BYB4-1	1000	-	19788711	19821355	12,12,120	6	249,216,99,163,126,128,	0,13289,17947,23573,31886,32516,
chr22	19802102	19821355	Q9BYB4-2	0	-	19802102	19821355	0,150,250	5	114,99,163,126,128,	0,4556,10182,18495,19125,
chr22	19851169	19852261	Q7L3V2	1000	-	19851169	19852261	12,12,120	1	1092,	0,
chr22	19877107	19898071	Q9NNW7-4	0	-	19877107	19898071	0,150,250	8	127,98,72,93,96,137,175,33,	0,982,1258,3071,3514,6217,18299,20931,
chr22	19877107	19918945	Q9NNW7-3	0	-	19877107	19918945	0,150,250	14	127,98,72,93,96,137,175,92,20,71,63,79,75,86,	0,982,1258,3071,3514,6217,18299,20931,21941,34269,38106,38657,41035,41752,
chr22	19877107	19932369	Q9NNW7-2	0	-	19877107	19932369	0,150,250	18	127,98,72,93,96,137,175,92,20,71,63,79,75,145,57,69,1,12,	0,982,1258,3071,3514,6217,18299,20931,21941,34269,38106,38657,41035,41752,42435,53922,55249,55250,
chr22	19877107	19941803	Q9NNW7-1	1000	-	19877107	19941803	12,12,120	17	127,98,72,93,96,137,175,92,20,71,63,79,75,145,57,69,103,	0,982,1258,3071,3514,6217,18299,20931,21941,34269,38106,38657,41035,41752,42435,53922,64593,
chr22	19962526	19968733	P21964-1	1000	+	19962526	19968733	12,12,120	4	289,194,132,198,	0,1039,1641,6009,
chr22	19962676	19968733	P21964-2	0	+	19962676	19968733	0,150,250	4	139,194,132,198,	0,889,1491,5859,
chr22	19971230	19987093	O00192-2	0	-	19971230	19987093	0,150,250	17	105,86,54,91,112,199,151,128,72,18,172,118,184,500,527,159,21,	0,655,1127,1506,1694,1888,2412,2881,4455,5475,6184,6727,7666,8512,9980,10702,15842,
chr22	19971230	19990794	O00192-1	1000	-	19971230	19990794	12,12,120	17	105,86,54,91,112,199,151,128,72,18,172,118,184,500,527,159,210,	0,655,1127,1506,1694,1888,2412,2881,4455,5475,6184,6727,7666,8512,9980,10702,19354,
chr22	20036798	20064659	Q6ICL3-1	1000	+	20036798	20064659	12,12,120	8	56,89,120,115,71,154,106,117,	0,6556,15666,16638,19144,24731,26539,27744,
chr22	20036798	20064659	Q6ICL3-2	0	+	20036798	20064659	0,150,250	6	56,89,120,154,106,117,	0,6556,15666,24731,26539,27744,
chr22	20036915	20064561	Q6ICL3-6	0	+	20036915	20064561	0,150,250	6	179,89,120,115,71,20,	0,6439,15549,16521,19027,27626,
chr22	20036915	20064659	Q6ICL3-4	0	+	20036915	20064659	0,150,250	8	179,89,120,115,71,154,106,117,	0,6439,15549,16521,19027,24614,26422,27627,
chr22	20037023	20064659	Q6ICL3-3	0	+	20037023	20064659	0,150,250	9	71,89,120,115,71,107,23,106,117,	0,6331,15441,16413,18919,24506,24637,26314,27519,
chr22	20052498	20064659	Q6ICL3-5	0	+	20052498	20064659	0,150,250	5	86,71,154,106,117,	0,3444,9031,10839,12044,
chr22	20085963	20089697	Q8WYQ5-2	0	+	20085963	20089697	0,150,250	3	720,160,29,	0,1198,3705,
chr22	20085963	20110105	Q8WYQ5-1	1000	+	20085963	20110105	12,12,120	13	720,160,143,283,198,102,99,83,101,107,128,114,81,	0,1198,3705,4012,5471,5905,6845,8749,20213,20628,21307,22926,24061,
chr22	20085963	20110105	Q8WYQ5-3	0	+	20085963	20110105	0,150,250	13	720,160,143,283,198,101,1,83,101,107,128,114,81,	0,1198,3705,4012,5471,5905,6943,8749,20213,20628,21307,22926,24061,
chr22	20112565	20116906	Q8IZ69-1	1000	-	20112565	20116906	12,12,120	12	229,97,117,76,123,112,116,115,182,109,575,24,	0,345,552,866,1120,2008,2195,2399,2700,3106,3472,4317,
chr22	20112776	20116906	Q8IZ69-2	0	-	20112776	20116906	0,150,250	12	40,97,117,76,123,112,116,115,182,109,575,24,	0,134,341,655,909,1797,1984,2188,2489,2895,3261,4106,
chr22	20117649	20127049	P43487-1	1000	+	20117649	20127049	12,12,120	6	15,137,158,129,66,98,	0,1363,4614,7658,8653,9302,
chr22	20117649	20127049	P43487-2	0	+	20117649	20127049	0,150,250	6	15,137,158,129,66,95,	0,1363,4614,7658,8653,9305,
chr22	20131947	20139635	Q9ULC8-2	0	+	20131947	20139635	0,150,250	3	104,122,158,	0,7246,7530,
chr22	20131947	20145397	Q9ULC8-1	1000	+	20131947	20145397	12,12,120	11	104,122,158,173,103,92,142,121,110,1001,169,	0,7246,7530,7772,8167,8669,8923,9269,9473,10808,13281,
chr22	20131947	20147228	Q9ULC8-3	0	+	20131947	20147228	0,150,250	11	104,122,158,173,103,92,142,121,110,1001,208,	0,7246,7530,7772,8167,8669,8923,9269,9473,10808,15073,
chr22	20140214	20145397	Q9ULC8-2	0	+	20140214	20145397	0,150,250	7	3,92,142,121,110,1001,169,	0,402,656,1002,1206,2541,5014,
chr22	20148616	20150986	H7C350	1000	-	20148616	20150986	12,12,120	9	184,50,58,65,60,57,105,108,519,	0,258,570,795,964,1107,1338,1526,1851,
chr22	20241713	20268092	Q9BZR6	1000	-	20241713	20268092	12,12,120	2	1397,22,	0,26357,
chr22	20314677	20319988	Q9BY27	1000	-	20314677	20319988	12,12,120	5	147,141,101,161,110,	0,658,1441,4961,5201,
chr22	20394628	20405653	Q16587-5	0	+	20394628	20405653	0,150,250	4	34,127,96,277,	0,6003,6648,10748,
chr22	20394628	20406965	Q16587-1	1000	+	20394628	20406965	12,12,120	5	34,86,127,96,1589,	0,704,6003,6648,10748,
chr22	20394628	20406965	Q16587-3	0	+	20394628	20406965	0,150,250	5	34,86,126,1,1589,	0,704,6003,6743,10748,
chr22	20400724	20406965	Q16587-2	0	+	20400724	20406965	0,150,250	3	34,96,1589,	0,552,4652,
chr22	20400757	20406965	Q16587-4	0	+	20400757	20406965	0,150,250	3	1,96,1589,	0,519,4619,
chr22	20425377	20437754	Q96GP6-1	1000	-	20425377	20437754	12,12,120	11	905,153,131,118,104,129,219,520,102,59,173,	0,2020,3847,4158,4352,5051,5312,5640,6367,6552,12204,
chr22	20425377	20437754	Q96GP6-2	0	-	20425377	20437754	0,150,250	12	905,153,116,118,104,129,219,520,102,58,1,173,	0,2020,3847,4158,4352,5051,5312,5640,6367,6552,6724,12204,
chr22	20442075	20465540	Q53GT1-3	0	-	20442075	20465540	0,150,250	4	363,234,193,683,	0,4367,15732,22782,
chr22	20442075	20489211	Q53GT1-1	1000	-	20442075	20489211	12,12,120	6	363,234,193,719,166,227,	0,4367,15732,22782,29274,46909,
chr22	20507678	20586701	Q96RN5-1	1000	+	20507678	20586701	12,12,120	18	68,88,52,30,213,239,351,111,120,137,128,135,64,67,161,167,99,134,	0,29438,43757,45466,47257,56771,58788,60842,67434,74932,75161,75434,75651,76680,77176,77422,78049,78889,
chr22	20507678	20586701	Q96RN5-2	0	+	20507678	20586701	0,150,250	18	68,88,52,30,213,239,351,108,3,137,128,135,64,67,161,167,99,134,	0,29438,43757,45466,47257,56771,58788,60842,67551,74932,75161,75434,75651,76680,77176,77422,78049,78889,
chr22	20507678	20586701	Q96RN5-3	0	+	20507678	20586701	0,150,250	16	68,88,52,30,239,351,111,137,128,135,64,67,161,167,99,134,	0,29438,43757,45466,56771,58788,60842,74932,75161,75434,75651,76680,77176,77422,78049,78889,
chr22	20690030	20691314	Q3SYA9	1000	+	20690030	20691314	12,12,120	1	1284,	0,
chr22	20701184	20701664	Q9H0A3	1000	+	20701184	20701664	12,12,120	1	480,	0,
chr22	20708049	20734523	A4QPH2-1	1000	-	20708049	20734523	12,12,120	18	49,84,90,2,158,121,126,105,3,107,71,73,71,130,128,108,152,129,	0,1246,1858,2649,2651,3291,4436,4643,5231,5234,6408,6578,9658,10643,24921,25686,25993,26345,
chr22	20708049	20734550	P42356-2	0	-	20708049	20734550	0,150,250	23	49,84,90,160,121,126,105,110,71,73,71,130,121,54,168,91,194,80,120,128,108,152,156,	0,1246,1858,2649,3291,4436,4643,5231,6408,6578,9658,10643,13248,18438,19180,19724,21263,21582,21842,24921,25686,25993,26345,
chr22	20708049	20858725	P42356-1	1000	-	20708049	20858725	12,12,120	55	49,84,90,160,121,126,105,110,71,73,71,130,121,54,168,91,194,80,120,128,108,152,159,128,157,93,120,90,84,82,125,71,83,134,137,109,51,169,104,184,96,133,130,101,192,97,66,149,67,260,73,89,94,117,156,	0,1246,1858,2649,3291,4436,4643,5231,6408,6578,9658,10643,13248,18438,19180,19724,21263,21582,21842,24921,25686,25993,26345,34178,34558,36578,39533,41855,43243,43624,44853,45060,53254,56767,57050,57535,85143,88096,90534,91043,91621,93923,95141,96250,96924,99312,102917,105308,110433,111591,112489,116276,126512,130565,150520,
chr22	20779312	20786148	P05546-2	0	+	20779312	20786148	0,150,250	3	889,274,145,	0,4659,6691,
chr22	20779312	20787063	P05546-1	1000	+	20779312	20787063	12,12,120	4	889,274,145,189,	0,4659,6691,7562,
chr22	20859110	20887833	O95721	1000	+	20859110	20887833	12,12,120	5	237,197,86,99,155,	0,11226,21938,24360,28568,
chr22	20917934	20949842	P46109	1000	+	20917934	20949842	12,12,120	3	311,466,132,	0,15844,31776,
chr22	20967944	20981028	Q96NN9-1	1000	+	20967944	20981028	12,12,120	20	31,214,110,110,45,97,113,87,92,131,116,72,64,77,118,99,76,105,21,37,	0,5362,5813,6118,6307,6580,6759,7747,8270,8463,8706,8922,9087,9755,9943,11326,11682,12075,12802,13047,
chr22	20967944	20981028	Q96NN9-2	0	+	20967944	20981028	0,150,250	19	31,232,110,110,45,97,113,87,92,131,116,72,64,77,118,99,76,105,37,	0,5344,5813,6118,6307,6580,6759,7747,8270,8463,8706,8922,9087,9755,9943,11326,11682,12075,13047,
chr22	20967944	20981028	Q96NN9-3	0	+	20967944	20981028	0,150,250	20	31,214,110,110,45,97,113,87,92,131,116,72,64,77,118,99,76,105,1,36,	0,5362,5813,6118,6307,6580,6759,7747,8270,8463,8706,8922,9087,9755,9943,11326,11682,12075,12802,13048,
chr22	20982371	20997345	Q8N653	1000	+	20982371	20997345	12,12,120	21	200,63,57,80,109,84,58,140,202,156,111,93,96,166,170,157,127,150,106,81,114,	0,655,3469,5132,5638,6417,7253,8014,9256,9842,10422,11290,11552,11732,12186,12498,13374,13591,14324,14514,14860,
chr22	20999882	21001911	Q9BT49	1000	-	20999882	21001911	12,12,120	4	550,141,156,80,	0,764,1373,1949,
chr22	21015174	21026614	O15547-1	1000	+	21015174	21026614	12,12,120	12	164,151,72,76,94,81,142,110,94,66,78,195,	0,767,2814,7501,7767,7943,8100,8334,10630,10836,11077,11245,
chr22	21015174	21026614	O15547-2	0	+	21015174	21026614	0,150,250	12	87,150,72,76,94,81,142,110,94,66,78,195,	0,768,2814,7501,7767,7943,8100,8334,10630,10836,11077,11245,
chr22	21029057	21031812	O43246	1000	-	21029057	21031812	12,12,120	4	173,109,641,982,	0,278,653,1773,
chr22	21045986	21048084	Q6ZQY2-2	0	+	21045986	21048084	0,150,250	3	139,143,201,	0,1369,1897,
chr22	21045986	21060525	Q6ZQY2-1	1000	+	21045986	21060525	12,12,120	9	139,143,133,207,110,116,79,96,153,	0,1369,1897,2964,6262,7373,9111,11118,14386,
chr22	21208140	21209534	B5MD39	1000	-	21208140	21209534	12,12,120	5	144,114,113,128,176,	0,448,643,858,1218,
chr22	21294330	21294636	Q5BKY6	1000	+	21294330	21294636	12,12,120	1	306,	0,
chr22	21360603	21361299	A0A494C0Y3	1000	-	21360603	21361299	12,12,120	1	696,	0,
chr22	21383858	21388775	A6NJZ7	1000	+	21383858	21388775	12,12,120	1	4917,	0,
chr22	21383858	21388775	A6NNM3	1000	+	21383858	21388775	12,12,120	1	4917,	0,
chr22	21383858	21388775	Q9UFD9	1000	+	21383858	21388775	12,12,120	1	4917,	0,
chr22	21442831	21446740	Q96JB3-1	1000	+	21442831	21446740	12,12,120	2	26,1819,	0,2090,
chr22	21444949	21446740	Q96JB3-2	0	+	21444949	21446740	0,150,250	1	1791,	0,
chr22	21467387	21469818	P0C7N4	1000	+	21467387	21469818	12,12,120	10	227,124,51,9,66,57,119,73,41,202,	0,506,764,966,978,1391,1556,1886,2106,2229,
chr22	21467459	21469818	A6NGB0-1	0	+	21467459	21469818	0,150,250	9	155,124,51,78,57,119,73,41,202,	0,434,692,894,1319,1484,1814,2034,2157,
chr22	21467459	21469818	A6NGB0-2	1000	+	21467459	21469818	12,12,120	10	155,124,51,78,57,60,65,73,41,202,	0,434,692,894,1319,1484,1670,1814,2034,2157,
chr22	21474660	21488352	A4QPH2-4	0	-	21474660	21488352	0,150,250	14	20,159,121,126,105,110,71,73,71,130,128,108,152,129,	0,1341,1983,3129,3336,3924,5098,5269,8359,9344,12139,12904,13211,13563,
chr22	21474678	21488352	A4QPH2-1	1000	-	21474678	21488352	12,12,120	15	2,159,121,126,105,3,107,71,73,71,130,128,108,152,129,	0,1323,1965,3111,3318,3906,3909,5080,5251,8341,9326,12121,12886,13193,13545,
chr22	21477789	21488352	A4QPH2-2	0	-	21477789	21488352	0,150,250	11	126,105,110,71,73,71,130,128,108,152,129,	0,207,795,1969,2140,5230,6215,9010,9775,10082,10434,
chr22	21479934	21488352	Q8N8J0	1000	-	21479934	21488352	12,12,120	7	68,71,130,128,108,152,129,	0,3085,4070,6865,7630,7937,8289,
chr22	21546059	21550976	A6NJZ7	1000	-	21546059	21550976	12,12,120	1	4917,	0,
chr22	21546059	21550976	A6NNM3	1000	-	21546059	21550976	12,12,120	1	4917,	0,
chr22	21546059	21550976	Q9UFD9	1000	-	21546059	21550976	12,12,120	1	4917,	0,
chr22	21549449	21621666	P68036-3	0	+	21549449	21621666	0,150,250	4	201,96,187,152,	0,43411,61407,72065,
chr22	21567744	21621666	P68036-1	1000	+	21567744	21621666	12,12,120	4	27,96,187,152,	0,25116,43112,53770,
chr22	21567744	21621666	P68036-2	0	+	21567744	21621666	0,150,250	3	27,187,152,	0,43112,53770,
chr22	21628420	21630014	A8MPS7-1	1000	-	21628420	21630014	12,12,120	5	367,178,100,160,164,	0,589,887,1181,1430,
chr22	21628764	21630014	A8MPS7-2	0	-	21628764	21630014	0,150,250	4	23,100,160,164,	0,543,837,1086,
chr22	21629382	21630014	A8MPS7-3	0	-	21629382	21630014	0,150,250	3	25,219,164,	0,160,468,
chr22	21633181	21635641	Q8IYX3-3	0	+	21633181	21635641	0,150,250	3	72,549,957,	0,840,1503,
chr22	21633181	21636764	Q8IYX3-1	0	+	21633181	21636764	0,150,250	4	72,549,582,333,	0,840,1503,3250,
chr22	21633181	21637067	Q8IYX3-2	1000	+	21633181	21637067	12,12,120	4	72,549,582,636,	0,840,1503,3250,
chr22	21642336	21644172	Q9HCN8	1000	+	21642336	21644172	12,12,120	3	187,197,279,	0,525,1557,
chr22	21666099	21695487	Q13356-1	1000	+	21666099	21695487	12,12,120	20	32,50,46,63,52,52,92,90,76,161,76,107,90,34,118,57,73,63,134,94,	0,3813,4466,4897,6230,8964,15199,16337,17082,18653,20383,20792,21543,21973,22632,27716,28493,28655,28837,29294,
chr22	21666099	21696900	Q13356-2	0	+	21666099	21696900	0,150,250	21	32,50,46,63,52,52,92,90,76,161,76,107,90,34,118,57,73,63,134,99,16,	0,3813,4466,4897,6230,8964,15199,16337,17082,18653,20383,20792,21543,21973,22632,27716,28493,28655,28837,29298,30785,
chr22	21701131	21710744	O60688	1000	-	21701131	21710744	12,12,120	4	87,109,44,117,	0,2238,2707,9496,
chr22	21769206	21867440	P28482-1	1000	-	21769206	21867440	12,12,120	8	114,110,132,115,117,190,183,119,	0,3666,19050,19487,29805,36643,38457,98115,
chr22	21769206	21867440	P28482-2	0	-	21769206	21867440	0,150,250	8	114,110,1,114,117,190,183,119,	0,3666,19050,19488,29805,36643,38457,98115,
chr22	21923094	21939550	P49593-2	0	-	21923094	21939550	0,150,250	6	377,94,144,189,203,19,	0,2474,8053,10296,10929,16437,
chr22	21923094	21946048	P49593-1	1000	-	21923094	21946048	12,12,120	7	377,94,144,189,203,149,206,	0,2474,8053,10296,10929,16437,22748,
chr22	21957116	21975709	O95985-1	1000	-	21957116	21975709	12,12,120	17	479,202,101,150,129,174,147,106,155,91,114,157,197,75,107,132,70,	0,1375,2015,2470,3204,5312,5630,6806,7044,8168,10486,11502,13093,14760,15495,17240,18523,
chr22	21957524	21975709	O95985-2	0	-	21957524	21975709	0,150,250	19	24,12,2,202,101,150,129,174,147,106,155,91,114,157,197,75,107,132,70,	0,45,69,967,1607,2062,2796,4904,5222,6398,6636,7760,10078,11094,12685,14352,15087,16832,18115,
chr22	21957584	21975709	O95985-3	0	-	21957584	21975709	0,150,250	17	11,202,101,150,129,174,147,106,155,91,114,157,197,75,107,132,70,	0,907,1547,2002,2736,4844,5162,6338,6576,7700,10018,11034,12625,14292,15027,16772,18055,
chr22	22244813	22245334	P12018	1000	+	22244813	22245334	12,12,120	2	46,389,	0,132,
chr22	22310400	22319224	A0A0A0MRZ9	1000	+	22310400	22319224	12,12,120	2	1,326,	0,8498,
chr22	22321867	22322967	P01701	1000	+	22321867	22322967	12,12,120	2	4,305,	0,795,
chr22	22487769	22489398	Q86YH2	1000	-	22487769	22489398	12,12,120	1	1629,	0,
chr22	22514004	22515630	P59817	1000	-	22514004	22515630	12,12,120	1	1626,	0,
chr22	22548069	22556832	P78395	1000	-	22548069	22556832	12,12,120	4	574,609,323,21,	0,1656,2697,8742,
chr22	22646345	22647738	Q14390	1000	+	22646345	22647738	12,12,120	5	176,128,56,150,144,	0,408,637,795,1249,
chr22	22888053	22895420	B9A064-2	0	+	22888053	22895420	0,150,250	2	206,46,	0,7321,
chr22	22888053	22895691	B9A064-1	1000	+	22888053	22895691	12,12,120	3	206,119,317,	0,5646,7321,
chr22	22888257	22893817	A0A0A0MT76	1000	+	22888257	22893817	12,12,120	2	2,118,	0,5442,
chr22	22888258	22895691	A0M8Q6	1000	+	22888258	22895691	12,12,120	2	1,317,	0,7116,
chr22	22888258	22895691	P0CF74	1000	+	22888258	22895691	12,12,120	2	1,317,	0,7116,
chr22	22888258	22895691	P0CG04	1000	+	22888258	22895691	12,12,120	2	1,317,	0,7116,
chr22	22888258	22895691	P0DOY2	1000	+	22888258	22895691	12,12,120	2	1,317,	0,7116,
chr22	22888258	22895691	P0DOY3	1000	+	22888258	22895691	12,12,120	2	1,317,	0,7116,
chr22	22893781	22895691	P0DOX8	1000	+	22893781	22895691	12,12,120	2	37,317,	0,1593,
chr22	23059464	23140420	Q9UHP6	1000	-	23059464	23140420	12,12,120	7	254,4,133,232,119,103,199,	0,398,2348,4437,74561,79375,80757,
chr22	23095695	23123428	P19086	1000	+	23095695	23123428	12,12,120	2	723,342,	0,27391,
chr22	23146616	23161561	O95755-1	1000	+	23146616	23161561	12,12,120	10	69,92,66,102,65,52,82,91,120,62,	0,3446,5844,6416,9351,11375,12281,12546,14262,14883,
chr22	23146616	23161561	O95755-2	0	+	23146616	23161561	0,150,250	10	69,92,1,101,65,52,82,91,120,62,	0,3446,5844,6417,9351,11375,12281,12546,14262,14883,
chr22	23180960	23315519	P11274-1	1000	+	23180960	23315519	12,12,120	23	1279,182,105,186,108,61,53,141,122,169,120,76,105,75,98,132,60,110,140,135,106,163,87,	0,72838,79989,80394,87447,90571,92120,92673,103016,104072,106198,107136,108556,109378,111580,114063,128463,129363,130736,131926,133007,133591,134472,
chr22	23180960	23315519	P11274-2	0	+	23180960	23315519	0,150,250	22	1279,182,105,186,108,61,53,141,122,169,120,76,105,75,98,60,110,140,135,106,163,87,	0,72838,79989,80394,87447,90571,92120,92673,103016,104072,106198,107136,108556,109378,111580,128463,129363,130736,131926,133007,133591,134472,
chr22	23573268	23580190	P15814-1	1000	-	23573268	23580190	12,12,120	3	317,118,204,	0,1698,6718,
chr22	23573539	23580190	P15814-2	0	-	23573539	23580190	0,150,250	2	46,206,	0,6445,
chr22	23608766	23632023	Q6PGQ1	1000	-	23608766	23632023	12,12,120	12	2,42,22,80,22,83,30,22,86,22,68,208,	0,4522,4872,5368,8086,8808,10597,11827,13324,16116,17214,23049,
chr22	23692030	23698846	Q8IZJ4-2	0	+	23692030	23698846	0,150,250	12	179,194,323,216,104,70,75,75,24,122,91,3,	0,304,638,1728,2316,2919,4583,5140,5807,6181,6524,6813,
chr22	23692030	23698880	Q8IZJ4-1	1000	+	23692030	23698880	12,12,120	11	179,194,323,216,104,70,75,75,24,122,37,	0,304,638,1728,2316,2919,4583,5140,5807,6181,6813,
chr22	23709866	23714341	Q6P575	1000	-	23709866	23714341	12,12,120	2	1,155,	0,4320,
chr22	23717107	23717323	Q6P575	1000	-	23717107	23717323	12,12,120	1	216,	0,
chr22	23743802	23745140	Q9UC06	1000	-	23743802	23745140	12,12,120	1	1338,	0,
chr22	23752878	23754363	Q9UKI3	1000	-	23752878	23754363	12,12,120	2	320,49,	0,1436,
chr22	23763306	23765725	Q8WYQ4-2	0	+	23763306	23765725	0,150,250	6	25,87,153,75,81,5,	0,780,953,1332,2070,2414,
chr22	23763306	23765729	Q8WYQ4-1	1000	+	23763306	23765729	12,12,120	6	25,87,138,75,110,9,	0,780,953,1332,1486,2414,
chr22	23766009	23767874	Q8WYQ3	1000	-	23766009	23767874	12,12,120	4	17,151,217,41,	0,118,1367,1824,
chr22	23772870	23783541	P24347	1000	+	23772870	23783541	12,12,120	8	108,230,144,134,242,217,258,131,	0,6316,7488,7711,7988,8322,9355,10540,
chr22	23787169	23834177	Q12824-1	1000	+	23787169	23834177	12,12,120	9	93,139,130,139,127,167,191,132,37,	0,4586,6389,13774,16126,29600,38055,46402,46971,
chr22	23787169	23834177	Q12824-2	0	+	23787169	23834177	0,150,250	10	93,111,1,130,139,127,167,191,132,37,	0,4586,4724,6389,13774,16126,29600,38055,46402,46971,
chr22	23834829	23838987	Q96Q80-2	0	-	23834829	23838987	0,150,250	7	103,91,196,94,74,66,93,	0,2234,2829,3522,3734,3881,4065,
chr22	23834893	23838574	Q96Q80-4	0	-	23834893	23838574	0,150,250	5	36,91,73,308,11,	0,2170,2765,3244,3670,
chr22	23834894	23838987	Q96Q80-3	0	-	23834894	23838987	0,150,250	7	85,91,196,94,74,66,93,	0,2169,2764,3457,3669,3816,4000,
chr22	23834931	23838987	Q96Q80-5	0	-	23834931	23838987	0,150,250	7	1,91,196,94,74,66,93,	0,2132,2727,3420,3632,3779,3963,
chr22	23836871	23838987	Q96Q80-1	1000	-	23836871	23838987	12,12,120	7	91,91,196,94,74,66,93,	0,192,787,1480,1692,1839,2023,
chr22	23856970	23884846	Q9BYW1-1	1000	+	23856970	23884846	12,12,120	12	21,99,161,125,130,149,188,111,102,76,128,198,	0,5133,11510,18146,20071,20750,25488,25788,26801,26978,27331,27678,
chr22	23857489	23884846	Q9BYW1-4	0	+	23857489	23884846	0,150,250	12	42,99,161,125,130,149,188,111,102,76,128,198,	0,4614,10991,17627,19552,20231,24969,25269,26282,26459,26812,27159,
chr22	23857999	23877169	Q9BYW1-2	0	+	23857999	23877169	0,150,250	5	30,99,161,125,128,	0,4104,10481,17117,19042,
chr22	23857999	23884846	Q9BYW1-3	0	+	23857999	23884846	0,150,250	12	30,99,161,125,130,149,188,111,102,76,128,198,	0,4104,10481,17117,19042,19721,24459,24759,25772,25949,26302,26649,
chr22	23877867	23882639	Q9BYW1-2	0	+	23877867	23882639	0,150,250	2	2,181,	0,4591,
chr22	23894474	23895103	P14174	1000	+	23894474	23895103	12,12,120	3	108,173,64,	0,297,565,
chr22	23957725	23961131	P0CG29	1000	-	23957725	23961131	12,12,120	5	207,174,151,88,112,	0,559,825,2568,3294,
chr22	23957725	23961131	P0CG30	1000	-	23957725	23961131	12,12,120	5	207,174,151,88,112,	0,559,825,2568,3294,
chr22	23966914	23967986	P30046-2	0	+	23966914	23967986	0,150,250	3	108,176,1,	0,471,1071,
chr22	23966914	23971286	P30046-1	1000	+	23966914	23971286	12,12,120	3	108,176,1,	0,471,4371,
chr22	23966914	23971403	A6NHG4	1000	+	23966914	23971403	12,12,120	3	108,176,118,	0,471,4371,
chr22	23971553	23974414	P30046-1	1000	-	23971553	23974414	12,12,120	3	70,176,108,	0,2214,2753,
chr22	23973339	23974414	A6NHG4	1000	-	23973339	23974414	12,12,120	3	4,176,108,	0,428,967,
chr22	23973342	23974414	P30046-2	0	-	23973342	23974414	0,150,250	3	1,176,108,	0,425,964,
chr22	23980197	23983603	P0CG30	1000	+	23980197	23983603	12,12,120	5	112,88,151,174,207,	0,750,2430,2673,3199,
chr22	23998544	24005356	A0A1W2PR19	1000	-	23998544	24005356	12,12,120	5	195,177,151,88,112,	0,1530,2630,5215,6700,
chr22	24035517	24178193	Q9Y6J0-1	1000	+	24035517	24178193	12,12,120	36	3,93,114,135,181,130,150,287,169,137,218,79,188,153,195,243,157,116,162,207,146,262,261,152,179,183,332,114,164,97,675,75,283,165,314,141,	0,571,2830,5621,7386,13573,15307,19355,20674,23709,24406,26429,27441,28517,31469,35282,36836,40651,47710,49061,49488,51934,56065,60413,62496,78048,83849,98784,128882,130012,131121,132929,136195,140593,141986,142535,
chr22	24035517	24178193	Q9Y6J0-2	0	+	24035517	24178193	0,150,250	37	3,93,114,135,181,130,1,286,169,137,218,79,188,153,195,243,157,116,162,207,146,262,261,152,91,1,183,332,114,164,97,675,75,283,165,314,141,	0,571,2830,5621,7386,13573,15307,19356,20674,23709,24406,26429,27441,28517,31469,35282,36836,40651,47710,49061,49488,51934,56065,60413,62496,62674,78048,83849,98784,128882,130012,131121,132929,136195,140593,141986,142535,
chr22	24181519	24188433	Q9UGT4	1000	+	24181519	24188433	12,12,120	15	76,211,152,168,175,202,86,269,144,159,249,273,177,103,22,	0,1537,1975,2616,3246,3574,3966,4141,4496,4737,5682,6051,6439,6705,6892,
chr22	24219972	24244725	P36269-1	1000	-	24219972	24244725	12,12,120	13	144,3,108,168,106,191,137,147,158,196,96,131,173,	0,519,5026,5272,5574,6103,6658,11411,12078,12850,13525,13901,24580,
chr22	24219972	24244725	P36269-2	0	-	24219972	24244725	0,150,250	13	144,3,108,168,106,191,137,147,158,194,2,131,173,	0,519,5026,5272,5574,6103,6658,11411,12078,12850,13619,13901,24580,
chr22	24219972	24244725	P36269-3	0	-	24219972	24244725	0,150,250	13	144,3,108,171,106,191,137,147,158,196,96,131,173,	0,519,5026,5272,5574,6103,6658,11411,12078,12850,13525,13901,24580,
chr22	24302231	24414620	Q69YQ0-1	1000	+	24302231	24414620	12,12,120	15	153,154,1631,208,74,176,164,92,91,84,157,103,117,60,87,	0,11081,19056,21988,26614,28024,32178,36154,44854,61029,63244,66986,109356,110416,112302,
chr22	24302231	24414620	Q69YQ0-2	0	+	24302231	24414620	0,150,250	14	153,154,1631,208,74,176,164,92,91,84,157,103,60,87,	0,11081,19056,21988,26614,28024,32178,36154,44854,61029,63244,66986,110416,112302,
chr22	24431075	24431552	P86434	1000	-	24431075	24431552	12,12,120	1	477,	0,
chr22	24433404	24441486	P29274	1000	+	24433404	24441486	12,12,120	2	332,904,	0,7178,
chr22	24495403	24525791	Q9UBR1	1000	+	24495403	24525791	12,12,120	10	104,172,88,95,162,170,82,43,155,81,	0,4703,6722,15345,17920,19797,24983,26582,28215,30307,
chr22	24543008	24554991	Q96NT3-1	1000	-	24543008	24554991	12,12,120	6	92,242,92,166,85,43,	0,833,3905,4899,5908,11940,
chr22	24543008	24554991	Q96NT3-2	0	-	24543008	24554991	0,150,250	6	90,241,92,166,85,43,	0,834,3905,4899,5908,11940,
chr22	24543008	24555825	Q96NT3-3	0	-	24543008	24555825	0,150,250	6	90,241,92,166,85,211,	0,834,3905,4899,5908,12606,
chr22	24557674	24571974	P62318-1	1000	+	24557674	24571974	12,12,120	3	126,193,59,	0,10309,14241,
chr22	24557674	24572058	P62318-2	0	+	24557674	24572058	0,150,250	3	126,192,42,	0,10309,14342,
chr22	24585888	24593039	Q2VPJ9-1	1000	-	24585888	24593039	12,12,120	4	523,116,129,177,	0,2325,3932,6974,
chr22	24592862	24593039	Q2VPJ9-2	0	-	24592862	24593039	0,150,250	1	177,	0,
chr22	24611081	24623916	P19440-2	0	+	24611081	24623916	0,150,250	7	164,131,87,193,158,150,137,	0,3694,3959,9246,9831,12025,12698,
chr22	24611081	24628836	P19440-1	1000	+	24611081	24628836	12,12,120	12	164,131,87,193,158,150,137,188,128,113,114,144,	0,3694,3959,9246,9831,12025,12698,16350,16770,16999,17193,17611,
chr22	24627443	24628836	P19440-3	0	+	24627443	24628836	0,150,250	5	176,128,113,114,144,	0,408,637,831,1249,
chr22	24719474	24762499	Q7Z3Z3	1000	-	24719474	24762499	12,12,120	20	114,148,126,151,71,104,225,73,185,115,118,127,112,204,81,122,215,132,121,102,	0,273,3655,5412,5970,8475,8702,14609,16233,29432,29929,30218,31912,34539,35309,36309,37016,38433,40394,42923,
chr22	24806325	24924271	Q2NKQ1-1	1000	+	24806325	24924271	12,12,120	26	19,44,76,163,153,68,146,132,125,68,164,133,165,139,65,146,129,183,69,588,125,83,110,97,168,86,	0,115,38571,41308,43954,48670,48959,49223,53390,60767,62050,62397,68089,70251,73136,77727,80274,87105,88897,91646,95507,98779,106317,111332,113500,117860,
chr22	24806325	24924271	Q2NKQ1-4	0	+	24806325	24924271	0,150,250	25	19,44,76,163,153,68,146,132,125,68,164,133,139,65,146,129,183,69,588,125,83,110,97,168,86,	0,115,38571,41308,43954,48670,48959,49223,53390,60767,62050,62397,70251,73136,77727,80274,87105,88897,91646,95507,98779,106317,111332,113500,117860,
chr22	24850367	24924271	Q2NKQ1-3	0	+	24850367	24924271	0,150,250	23	65,68,146,132,125,68,164,133,17,12,12,98,65,146,129,69,588,125,83,110,97,168,86,	0,4628,4917,5181,9348,16725,18008,18355,24047,24076,24172,26250,29094,33685,36232,44855,47604,51465,54737,62275,67290,69458,73818,
chr22	24935335	24939535	Q6ICI0	1000	-	24935335	24939535	12,12,120	3	260,139,201,	0,2813,3999,
chr22	25027999	25190777	Q9BY89-1	1000	+	25027999	25190777	12,12,120	10	1541,88,2766,135,119,250,175,125,143,76,	0,4609,10760,21230,142820,146240,149348,153699,156977,162702,
chr22	25070365	25190777	Q9BY89-2	0	+	25070365	25190777	0,150,250	7	51,119,250,175,125,143,76,	0,100454,103874,106982,111333,114611,120336,
chr22	25201396	25207209	P26998	1000	+	25201396	25207209	12,12,120	5	75,119,133,143,163,	0,1277,2366,3823,5650,
chr22	25221429	25231769	P43320	1000	+	25221429	25231769	12,12,120	5	54,119,133,143,166,	0,3488,6423,8006,10174,
chr22	25351797	25360092	A4QPB2-2	0	-	25351797	25360092	0,150,250	4	17,217,172,266,	0,2798,5457,8029,
chr22	25351801	25360092	A4QPB2-1	1000	-	25351801	25360092	12,12,120	4	101,217,172,266,	0,2794,5453,8025,
chr22	25565040	25722447	P35626	1000	+	25565040	25722447	12,12,120	21	113,77,74,102,75,62,52,92,100,79,131,95,108,67,101,67,96,163,137,114,159,	0,39336,79551,96535,98589,102698,107255,109396,113775,120129,122496,125148,130066,138469,139068,144857,146027,149367,153204,156243,157248,
chr22	25761092	26027675	Q8IUG5-1	1000	+	25761092	26027675	12,12,120	42	39,159,1314,67,113,177,199,143,101,64,145,174,91,193,81,148,160,184,223,110,66,129,144,90,120,109,125,155,124,201,111,105,153,114,117,84,138,186,131,45,138,1231,	0,2138,7022,9017,9779,11241,16490,18963,20641,24335,36860,62412,65316,67683,71824,74203,82642,85007,86337,90377,107227,113193,115096,116866,129663,130211,134063,137214,141520,142538,147229,149853,160164,185044,186619,189274,191193,194086,231270,242172,243625,265352,
chr22	25761092	26027675	Q8IUG5-3	0	+	25761092	26027675	0,150,250	42	39,159,1314,67,113,177,199,143,101,64,145,174,91,193,81,151,160,184,223,110,66,129,144,90,120,109,125,155,124,201,111,105,153,114,117,84,138,186,131,45,138,1231,	0,2138,7022,9017,9779,11241,16490,18963,20641,24335,36860,62412,65316,67683,71824,74200,82642,85007,86337,90377,107227,113193,115096,116866,129663,130211,134063,137214,141520,142538,147229,149853,160164,185044,186619,189274,191193,194086,231270,242172,243625,265352,
chr22	25769425	26027675	Q8IUG5-2	0	+	25769425	26027675	0,150,250	40	3,67,113,177,199,143,101,64,145,174,91,193,81,148,160,184,223,110,66,129,144,90,120,109,125,155,124,201,111,105,153,114,117,84,138,186,131,45,138,1231,	0,684,1446,2908,8157,10630,12308,16002,28527,54079,56983,59350,63491,65870,74309,76674,78004,82044,98894,104860,106763,108533,121330,121878,125730,128881,133187,134205,138896,141520,151831,176711,178286,180941,182860,185753,222937,233839,235292,257019,
chr22	26169669	26380292	Q9BYH1-1	1000	+	26169669	26380292	12,12,120	17	94,741,134,193,186,166,167,195,139,197,195,192,195,33,115,103,27,	0,122736,124622,127218,129314,136309,141000,142098,144094,170766,178049,181382,195702,203781,205905,208003,210596,
chr22	26169669	26380292	Q9BYH1-4	0	+	26169669	26380292	0,150,250	15	94,741,134,193,186,166,167,195,139,197,195,195,115,103,27,	0,122736,124622,127218,129314,136309,141000,142098,144094,170766,178049,195702,205905,208003,210596,
chr22	26169669	26380292	Q9BYH1-5	0	+	26169669	26380292	0,150,250	15	94,741,134,193,186,166,167,195,139,197,195,192,115,103,27,	0,122736,124622,127218,129314,136309,141000,142098,144094,170766,178049,181382,205905,208003,210596,
chr22	26169669	26380292	Q9BYH1-6	0	+	26169669	26380292	0,150,250	17	94,741,134,193,186,166,167,195,139,197,195,192,195,33,112,103,27,	0,122736,124622,127218,129314,136309,141000,142098,144094,170766,178049,181382,195702,203781,205908,208003,210596,
chr22	26169669	26380292	Q9BYH1-7	0	+	26169669	26380292	0,150,250	18	94,741,134,193,186,166,167,195,139,197,195,192,195,2,1,112,103,27,	0,122736,124622,127218,129314,136309,141000,142098,144094,170766,178049,181382,195702,203781,203813,205908,208003,210596,
chr22	26292992	26380277	Q9BYH1-2	0	+	26292992	26380277	0,150,250	14	154,134,193,186,166,167,195,139,197,195,191,113,103,12,	0,1299,3895,5991,12986,17677,18775,20771,47443,54726,58059,82584,84680,87273,
chr22	26292992	26380277	Q9BYH1-3	0	+	26292992	26380277	0,150,250	16	154,134,193,186,166,167,195,139,197,195,192,195,33,112,103,12,	0,1299,3895,5991,12986,17677,18775,20771,47443,54726,58059,72379,80458,82585,84680,87273,
chr22	26433615	26443203	Q6ICH7	1000	+	26433615	26443203	12,12,120	3	886,114,107,	0,8843,9481,
chr22	26452277	26452421	Q9NQG7-2	0	-	26452277	26452421	0,150,250	1	144,	0,
chr22	26453235	26479381	Q9NQG7-3	0	-	26453235	26479381	0,150,250	12	169,109,133,910,97,37,73,95,117,108,144,117,	0,4623,5209,10681,12219,12990,15315,17483,19066,19596,23757,26029,
chr22	26453235	26481732	Q9NQG7-4	0	-	26453235	26481732	0,150,250	14	169,109,133,910,97,54,37,73,95,117,108,144,91,11,	0,4623,5209,10681,12219,12815,12990,15315,17483,19066,19596,23757,26029,28486,
chr22	26453235	26481762	Q9NQG7-1	1000	-	26453235	26481762	12,12,120	14	169,109,133,910,95,2,37,73,95,117,108,144,91,41,	0,4623,5209,10681,12219,12867,12990,15315,17483,19066,19596,23757,26029,28486,
chr22	26464234	26481762	Q9NQG7-2	0	-	26464234	26481762	0,150,250	11	592,97,54,37,73,95,117,108,144,91,41,	0,1220,1816,1991,4316,6484,8067,8597,12758,15030,17487,
chr22	26483890	26491669	Q9UH36	1000	+	26483890	26491669	12,12,120	7	209,41,260,99,155,46,207,	0,2132,4138,4499,6153,7134,7572,
chr22	26492015	26494844	Q9UBB9-2	0	-	26492015	26494844	0,150,250	4	353,166,3,42,	0,2123,2781,2787,
chr22	26492015	26510272	Q9UBB9-1	1000	-	26492015	26510272	12,12,120	12	353,166,143,244,169,107,528,153,128,157,154,209,	0,2123,2781,4057,4705,6853,7088,9884,11650,14287,14759,18048,
chr22	26528223	26541630	O60704	1000	-	26528223	26541630	12,12,120	4	39,51,199,842,	0,4471,8064,12565,
chr22	26599492	26616319	P53674	1000	-	26599492	26616319	12,12,120	5	181,143,133,119,180,	0,2386,8396,12579,16647,
chr22	26622596	26630484	P53673	1000	+	26622596	26630484	12,12,120	5	39,119,142,143,145,	0,637,2884,5691,7743,
chr22	27750917	27800543	Q10571	1000	-	27750917	27800543	12,12,120	2	179,3781,	0,45845,
chr22	27853615	27919191	P48739-2	0	-	27853615	27919191	0,150,250	11	48,123,111,78,84,75,8,92,146,31,20,	0,4771,6515,20122,40939,42936,43514,44185,57348,60701,65556,
chr22	27854894	27919127	P48739-3	0	-	27854894	27919127	0,150,250	11	45,123,111,78,84,75,8,92,146,31,26,	0,3492,5236,18843,39660,41657,42235,42906,56069,59422,64207,
chr22	27854894	27919191	P48739-1	1000	-	27854894	27919191	12,12,120	11	45,123,111,78,84,75,8,92,146,31,20,	0,3492,5236,18843,39660,41657,42235,42906,56069,59422,64277,
chr22	27982223	28679723	Q96AY4	1000	-	27982223	28679723	12,12,120	23	1628,108,130,24,77,232,125,721,180,145,141,166,219,130,110,524,1342,508,131,273,148,279,102,	0,3025,7654,8565,10363,11063,13911,16316,19150,32024,48002,111856,113966,116691,118947,123055,124838,180868,313974,315356,324272,647328,697398,
chr22	28687899	28689215	O96017-3	0	-	28687899	28689215	0,150,250	2	87,81,	0,1235,
chr22	28687899	28719414	O96017-13	0	-	28687899	28719414	0,150,250	11	87,81,86,116,164,87,100,62,54,109,20,	0,1235,6132,7227,7810,9001,11938,15605,22106,24009,31495,
chr22	28687899	28734721	O96017-1	1000	-	28687899	28734721	12,12,120	15	87,81,86,116,164,87,100,62,54,109,91,148,123,2,319,	0,1235,6132,7227,7810,9001,11938,15605,22106,24009,31495,37077,37343,42647,46503,
chr22	28687899	28734721	O96017-12	0	-	28687899	28734721	0,150,250	14	87,81,86,116,164,100,62,54,109,91,148,123,2,319,	0,1235,6132,7227,7810,11938,15605,22106,24009,31495,37077,37343,42647,46503,
chr22	28687899	28734721	O96017-4	0	-	28687899	28734721	0,150,250	17	87,81,86,116,164,87,100,62,54,109,14,18,6,27,18,8,319,	0,1235,6132,7227,7810,9001,11938,15605,22106,24009,36986,37006,37343,37361,37400,37460,46503,
chr22	28687899	28734721	O96017-9	0	-	28687899	28734721	0,150,250	15	87,81,86,116,164,87,100,62,54,109,91,148,125,129,319,	0,1235,6132,7227,7810,9001,11938,15605,22106,24009,31495,37077,37343,42520,46503,
chr22	28695870	28734721	O96017-7	0	-	28695870	28734721	0,150,250	10	3,100,62,54,109,91,148,123,2,319,	0,3967,7634,14135,16038,23524,29106,29372,34676,38532,
chr22	28699916	28734721	O96017-8	0	-	28699916	28734721	0,150,250	8	21,54,109,91,148,123,2,319,	0,10089,11992,19478,25060,25326,30630,34486,
chr22	28712016	28734721	O96017-6	0	-	28712016	28734721	0,150,250	5	1,38,123,2,319,	0,12869,13226,18530,22386,
chr22	28719483	28734721	O96017-5	0	-	28719483	28734721	0,150,250	5	2,148,125,1,318,	0,5493,5759,10972,14920,
chr22	28721521	28734721	O96017-2	0	-	28721521	28734721	0,150,250	4	110,148,125,319,	0,3455,3721,12881,
chr22	28725266	28734721	O96017-10	0	-	28725266	28734721	0,150,250	4	18,71,1,318,	0,30,5189,9137,
chr22	28725365	28734721	O96017-3	0	-	28725365	28734721	0,150,250	2	2,319,	0,9037,
chr22	28734493	28734721	O96017-11	0	-	28734493	28734721	0,150,250	1	228,	0,
chr22	28742095	28757166	Q8IWL3	1000	+	28742095	28757166	12,12,120	6	236,97,90,145,48,89,	0,1786,2519,3768,9145,14982,
chr22	28772849	28786323	Q8IWD4-1	1000	+	28772849	28786323	12,12,120	5	185,54,225,138,235,	0,875,8098,10658,13239,
chr22	28772849	28786323	Q8IWD4-3	0	+	28772849	28786323	0,150,250	5	185,1,224,138,235,	0,875,8099,10658,13239,
chr22	28772849	28786323	Q8IWD4-4	0	+	28772849	28786323	0,150,250	4	185,54,138,235,	0,875,10658,13239,
chr22	28781059	28786323	Q8IWD4-2	0	+	28781059	28786323	0,150,250	3	113,138,235,	0,2448,5029,
chr22	28795177	28800524	P17861-2	0	-	28795177	28800524	0,150,250	6	555,81,39,129,97,227,	0,869,976,1899,3879,5120,
chr22	28795548	28800524	P17861-1	1000	-	28795548	28800524	12,12,120	5	184,146,129,97,227,	0,498,1528,3508,4749,
chr22	28883766	29053619	Q9ULT6-1	1000	+	28883766	29053619	12,12,120	9	300,126,75,132,111,168,103,1752,41,	0,103309,158728,159532,161013,162949,164622,165430,169812,
chr22	28987075	29053619	Q9ULT6-2	0	+	28987075	29053619	0,150,250	8	126,75,132,111,168,103,1752,41,	0,55419,56223,57704,59640,61313,62121,66503,
chr22	29058744	29061792	O95567	1000	-	29058744	29061792	12,12,120	3	438,429,3,	0,1670,3045,
chr22	29073130	29142109	Q96MU8-1	1000	+	29073130	29142109	12,12,120	10	90,1,163,92,125,154,333,210,85,166,	0,96,21127,25731,48226,52132,64211,65493,67151,68813,
chr22	29073130	29142109	Q96MU8-3	0	+	29073130	29142109	0,150,250	10	97,163,92,125,154,333,158,1,85,166,	0,21127,25731,48226,52132,64211,65493,65702,67151,68813,
chr22	29073130	29167103	Q96MU8-2	0	+	29073130	29167103	0,150,250	10	97,163,92,125,154,333,210,85,157,60,	0,21127,25731,48226,52132,64211,65493,67151,68813,93913,
chr22	29206038	29258941	Q96A84-1	1000	+	29206038	29258941	12,12,120	16	101,114,103,79,62,120,1,90,147,90,53,63,45,45,85,125,	0,8887,9488,19099,20451,24981,25469,25554,26217,27340,27575,28098,28266,37406,48164,52778,
chr22	29206038	29258941	Q96A84-2	0	+	29206038	29258941	0,150,250	16	101,112,99,79,62,120,1,90,147,90,53,63,45,45,85,125,	0,8887,9492,19099,20451,24981,25469,25554,26217,27340,27575,28098,28266,37406,48164,52778,
chr22	29206038	29258941	Q96A84-3	0	+	29206038	29258941	0,150,250	16	101,114,104,84,62,120,1,90,147,90,53,63,45,45,85,125,	0,8887,9488,19094,20451,24981,25469,25554,26217,27340,27575,28098,28266,37406,48164,52778,
chr22	29260062	29265626	Q9Y3P4	1000	-	29260062	29265626	12,12,120	5	175,288,163,384,148,	0,263,639,3772,5416,
chr22	29268336	29290500	Q01844-4	0	+	29268336	29290500	0,150,250	9	13,37,52,124,187,168,212,181,88,	0,3879,4043,5404,9693,14053,18586,20269,22076,
chr22	29268336	29300158	Q01844-1	1000	+	29268336	29300158	12,12,120	18	13,37,52,124,187,168,212,181,38,33,119,130,123,163,1,97,253,37,	0,3879,4043,5404,9693,14053,18586,20269,23225,23800,24151,27902,29490,30396,30858,30898,31262,31785,
chr22	29268336	29300158	Q01844-2	0	+	29268336	29300158	0,150,250	16	13,37,52,124,187,168,212,33,119,130,123,163,1,97,253,37,	0,3879,4043,5404,9693,14053,18586,23800,24151,27902,29490,30396,30858,30898,31262,31785,
chr22	29268336	29300158	Q01844-3	0	+	29268336	29300158	0,150,250	19	13,37,52,124,187,168,212,181,1,34,33,119,130,123,163,1,97,253,37,	0,3879,4043,5404,9693,14053,18586,20269,23225,23229,23800,24151,27902,29490,30396,30858,30898,31262,31785,
chr22	29268336	29300158	Q01844-5	0	+	29268336	29300158	0,150,250	18	13,37,52,124,18,187,168,212,181,35,33,119,130,123,163,98,253,37,	0,3879,4043,5404,5928,9693,14053,18586,20269,23228,23800,24151,27902,29490,30396,30897,31262,31785,
chr22	29268336	29300158	Q01844-6	0	+	29268336	29300158	0,150,250	19	13,37,52,124,155,24,8,212,181,38,33,119,130,123,163,1,97,253,37,	0,3879,4043,5404,9693,14063,14213,18586,20269,23225,23800,24151,27902,29490,30396,30858,30898,31262,31785,
chr22	29308105	29310912	Q99501-3	0	+	29308105	29310912	0,150,250	6	633,108,97,2,30,51,	0,2333,2532,2721,2723,2756,
chr22	29308105	29311462	Q99501-2	0	+	29308105	29311462	0,150,250	5	633,108,97,172,1,	0,2333,2532,2721,3356,
chr22	29308105	29312494	Q99501-1	1000	+	29308105	29312494	12,12,120	5	633,108,97,172,1033,	0,2333,2532,2721,3356,
chr22	29308105	29312494	Q99501-4	0	+	29308105	29312494	0,150,250	5	633,108,97,172,352,	0,2333,2532,2721,4037,
chr22	29310997	29311610	Q99501-3	0	+	29310997	29311610	0,150,250	2	1,149,	0,464,
chr22	29313303	29315246	Q92737-1	1000	-	29313303	29315246	12,12,120	3	265,125,219,	0,559,1724,
chr22	29313567	29315246	Q92737-2	0	-	29313567	29315246	0,150,250	3	1,125,219,	0,295,1460,
chr22	29328823	29367243	Q10567-1	1000	-	29328823	29367243	12,12,120	22	72,9,155,87,85,130,146,144,21,202,260,99,166,116,96,121,222,191,246,136,106,37,	0,888,1554,1799,2625,2963,5441,10166,10930,11832,12677,13461,20394,21211,22347,22881,25826,27602,29902,31000,34177,38383,
chr22	29328823	29367243	Q10567-2	0	-	29328823	29367243	0,150,250	21	72,9,155,87,85,130,146,144,202,260,99,166,116,96,121,222,191,246,136,106,37,	0,888,1554,1799,2625,2963,5441,10166,11832,12677,13461,20394,21211,22347,22881,25826,27602,29902,31000,34177,38383,
chr22	29328823	29367243	Q10567-3	0	-	29328823	29367243	0,150,250	20	72,155,87,85,130,146,144,202,260,99,166,116,96,121,222,191,246,136,106,37,	0,1554,1799,2625,2963,5441,10166,11832,12677,13461,20394,21211,22347,22881,25826,27602,29902,31000,34177,38383,
chr22	29328823	29367243	Q10567-4	0	-	29328823	29367243	0,150,250	20	72,155,87,85,130,86,144,202,260,99,166,116,96,121,222,191,246,136,106,37,	0,1554,1799,2625,2963,5441,10166,11832,12677,13461,20394,21211,22347,22881,25826,27602,29902,31000,34177,38383,
chr22	29438791	29442119	O75677	1000	+	29438791	29442119	12,12,120	2	373,578,	0,2750,
chr22	29480262	29490700	P12036-1	1000	+	29480262	29490700	12,12,120	4	883,200,125,1852,	0,3112,5460,8586,
chr22	29480262	29490700	P12036-2	0	+	29480262	29490700	0,150,250	6	883,200,125,1039,21,603,	0,3112,5460,8586,9676,9835,
chr22	29508459	29549147	Q13769	1000	-	29508459	29549147	12,12,120	20	61,191,116,88,104,115,97,102,109,100,41,78,1,132,115,147,98,114,144,96,	0,2646,3561,8569,8803,10546,11548,12538,17378,19618,19966,20702,22618,23372,28164,30870,34399,34969,36000,40592,
chr22	29555937	29581082	Q9BPW8	1000	-	29555937	29581082	12,12,120	10	62,84,95,32,141,71,95,46,128,98,	0,2932,4796,5233,5568,5854,13255,14224,14467,25047,
chr22	29603998	29661303	P35240-7	0	+	29603998	29661303	0,150,250	8	114,126,123,84,69,83,76,99,	0,32752,35091,38203,50658,51595,54190,57206,
chr22	29603998	29678227	P35240-10	0	+	29603998	29678227	0,150,250	7	114,84,135,75,114,106,32,	0,38203,57206,60991,64334,70837,74197,
chr22	29603998	29681601	P35240-2	0	+	29603998	29681601	0,150,250	15	114,126,123,84,69,83,76,135,75,114,123,218,106,128,163,	0,32752,35091,38203,50658,51595,54190,57206,60991,64334,67827,69270,70837,74197,77440,
chr22	29603998	29683052	P35240-3	0	+	29603998	29683052	0,150,250	16	114,126,123,84,69,83,76,135,75,114,123,218,106,128,163,33,	0,32752,35091,38203,50658,51595,54190,57206,60991,64334,67827,69270,70837,74197,77440,79021,
chr22	29603998	29683052	P35240-4	0	+	29603998	29683052	0,150,250	15	114,3,81,69,83,76,135,75,114,123,218,106,128,163,33,	0,35091,38206,50658,51595,54190,57206,60991,64334,67827,69270,70837,74197,77440,79021,
chr22	29603998	29683052	P35240-5	0	+	29603998	29683052	0,150,250	16	114,126,3,81,69,83,76,135,75,114,123,218,106,128,163,33,	0,32752,35091,38206,50658,51595,54190,57206,60991,64334,67827,69270,70837,74197,77440,79021,
chr22	29603998	29683052	P35240-6	0	+	29603998	29683052	0,150,250	15	114,123,84,69,83,76,135,75,114,123,218,106,128,163,33,	0,35091,38203,50658,51595,54190,57206,60991,64334,67827,69270,70837,74197,77440,79021,
chr22	29603998	29683052	P35240-8	0	+	29603998	29683052	0,150,250	16	114,126,123,84,69,83,76,135,75,111,39,218,106,128,163,33,	0,32752,35091,38203,50658,51595,54190,57206,60991,64334,67911,69270,70837,74197,77440,79021,
chr22	29603998	29694799	P35240-1	1000	+	29603998	29694799	12,12,120	17	114,126,123,84,69,83,76,135,75,114,123,218,106,128,160,3,48,	0,32752,35091,38203,50658,51595,54190,57206,60991,64334,67827,69270,70837,74197,77440,79063,90753,
chr22	29603998	29694799	P35240-9	0	+	29603998	29694799	0,150,250	5	114,126,123,84,48,	0,32752,35091,38203,90753,
chr22	29720424	29729566	Q86V35	1000	+	29720424	29729566	12,12,120	5	109,144,113,154,125,	0,7237,8205,8630,9017,
chr22	29731227	29748544	Q9UDW3	1000	-	29731227	29748544	12,12,120	5	127,112,81,63,127,	0,7102,9422,11190,17190,
chr22	29767398	29767584	Q9UDW1-2	0	+	29767398	29767584	0,150,250	1	186,	0,
chr22	29767398	29769716	Q9UDW1-1	1000	+	29767398	29769716	12,12,120	2	150,39,	0,2279,
chr22	29789015	29832325	Q9H1I8-1	1000	-	29789015	29832325	12,12,120	19	169,80,103,131,100,120,215,193,75,69,108,75,113,111,68,130,171,159,81,	0,1453,3417,4344,4561,11975,12978,15622,17200,17469,17781,19095,24414,25641,26990,33319,36071,36606,43229,
chr22	29789015	29832325	Q9H1I8-3	0	-	29789015	29832325	0,150,250	18	169,80,103,131,100,120,215,193,75,69,108,75,113,111,68,61,171,81,	0,1453,3417,4344,4561,11975,12978,15622,17200,17469,17781,19095,24414,25641,26990,33319,36071,43229,
chr22	29802115	29825155	Q9H1I8-2	0	-	29802115	29825155	0,150,250	11	93,193,75,69,108,75,113,111,68,130,69,	0,2522,4100,4369,4681,5995,11314,12541,13890,20219,22971,
chr22	29971059	30025798	Q13615-1	1000	+	29971059	30025798	12,12,120	18	3,90,117,83,167,97,114,206,132,112,196,186,171,146,1405,111,89,169,	0,7382,7876,17420,20444,27701,31820,36054,36841,37958,41308,42296,45468,46867,48420,50969,51549,54570,
chr22	29971059	30025798	Q13615-2	0	+	29971059	30025798	0,150,250	18	3,90,117,83,167,97,114,206,132,112,196,186,171,146,1405,89,27,169,	0,7382,7876,17420,20444,27701,31820,36054,36841,37958,41308,42296,45468,46867,48420,51549,52397,54570,
chr22	29971059	30025798	Q13615-3	0	+	29971059	30025798	0,150,250	18	3,90,117,83,167,97,114,206,132,112,196,186,171,146,1405,89,1,168,	0,7382,7876,17420,20444,27701,31820,36054,36841,37958,41308,42296,45468,46867,48420,51549,52397,54571,
chr22	30093952	30176164	Q8N7B1	1000	+	30093952	30176164	12,12,120	10	51,142,64,37,21,27,68,158,251,102,	0,4899,9484,10448,17843,18543,25027,27679,28011,82110,
chr22	30243653	30246695	P15018-1	1000	-	30243653	30246695	12,12,120	3	408,179,19,	0,1101,3023,
chr22	30243816	30246695	P15018-2	0	-	30243816	30246695	0,150,250	2	245,19,	0,2860,
chr22	30263885	30266799	P13725	1000	-	30263885	30266799	12,12,120	3	579,143,34,	0,1116,2880,
chr22	30285622	30289497	Q8WTX7	1000	-	30285622	30289497	12,12,120	9	66,95,83,114,124,133,188,71,113,	0,209,393,640,1202,1532,1750,3083,3762,
chr22	30292377	30326881	Q9BXI6-1	1000	-	30292377	30326881	12,12,120	10	474,155,190,66,115,107,108,99,1,209,	0,1273,1543,2418,2563,3359,7066,12153,12273,34295,
chr22	30292377	30326881	Q9BXI6-2	0	-	30292377	30326881	0,150,250	9	474,155,190,66,115,107,108,121,209,	0,1273,1543,2418,2563,3359,7066,12153,34295,
chr22	30334365	30334536	Q9H6A9-2	0	-	30334365	30334536	0,150,250	1	171,	0,
chr22	30334596	30356792	Q15459-1	1000	-	30334596	30356792	12,12,120	16	99,72,102,155,208,246,122,186,118,194,151,75,258,208,122,63,	0,870,1055,2429,3093,4192,4533,5599,6098,7095,7603,8208,10336,11715,18354,22133,
chr22	30334596	30356792	Q15459-2	0	-	30334596	30356792	0,150,250	21	99,72,102,155,208,246,122,186,118,194,151,75,9,24,21,18,15,48,136,122,63,	0,870,1055,2429,3093,4192,4533,5599,6098,7095,7603,8208,10357,10423,10498,10525,10579,11715,11787,18354,22133,
chr22	30366000	30376742	Q569K6	1000	+	30366000	30376742	12,12,120	10	248,172,625,78,212,168,169,185,89,310,	0,3431,4325,5649,6074,7596,7922,9478,10258,10432,
chr22	30379602	30387313	Q9Y6U7	1000	-	30379602	30387313	12,12,120	9	20,103,144,120,157,86,72,144,285,	0,108,459,679,4736,6301,6467,7013,7426,
chr22	30397116	30416498	O76054-4	0	+	30397116	30416498	0,150,250	11	54,76,44,60,189,96,61,84,107,140,265,	0,2526,9225,9978,10298,12070,12309,13479,18642,18831,19117,
chr22	30397116	30422404	O76054-1	1000	+	30397116	30422404	12,12,120	12	54,76,44,60,189,96,61,84,107,140,170,128,	0,2526,9225,9978,10298,12070,12309,13479,18642,18831,19117,25160,
chr22	30397116	30422404	O76054-5	0	+	30397116	30422404	0,150,250	10	54,76,44,96,61,84,107,140,170,128,	0,2526,9225,12070,12309,13479,18642,18831,19117,25160,
chr22	30425879	30428531	Q9UDX5-1	1000	+	30425879	30428531	12,12,120	4	67,128,233,70,	0,837,1291,2582,
chr22	30425879	30428671	Q9UDX5-2	0	+	30425879	30428671	0,150,250	3	67,128,210,	0,837,2582,
chr22	30460023	30468791	Q9UDX4-3	0	-	30460023	30468791	0,150,250	9	119,170,140,107,84,61,96,189,3,	0,1286,1531,2062,4796,6310,6958,8484,8765,
chr22	30460023	30470075	Q9UDX4-2	0	-	30460023	30470075	0,150,250	9	119,170,140,107,84,61,96,189,57,	0,1286,1531,2062,4796,6310,6958,8484,9995,
chr22	30460023	30471958	Q9UDX4-1	1000	-	30460023	30471958	12,12,120	12	119,170,140,107,84,61,96,189,60,44,76,54,	0,1286,1531,2062,4796,6310,6958,8484,9995,10188,10483,11881,
chr22	30490109	30505611	Q9UDX3-1	1000	-	30490109	30505611	12,12,120	12	137,170,140,107,84,61,96,189,60,44,76,54,	0,1463,1724,1939,2364,4040,4756,5144,5473,5818,13567,15448,
chr22	30491573	30505611	Q9UDX3-2	0	-	30491573	30505611	0,150,250	11	169,140,107,84,61,96,189,60,44,76,54,	0,260,475,900,2576,3292,3680,4009,4354,12103,13984,
chr22	30524999	30546682	B5MCN3	1000	-	30524999	30546682	12,12,120	12	110,170,140,107,84,61,96,189,60,44,76,54,	0,350,611,826,4087,4289,6903,7525,7797,8996,13827,21629,
chr22	30554955	30557392	Q99999	1000	-	30554955	30557392	12,12,120	3	1137,1,131,	0,1140,2306,
chr22	30577048	30591833	O00541-1	1000	-	30577048	30591833	12,12,120	15	81,162,167,185,126,131,90,75,117,90,172,110,154,80,24,	0,1788,2088,2702,3004,3522,3963,4285,4479,7316,7497,10237,10972,12142,14761,
chr22	30577048	30591833	O00541-2	0	-	30577048	30591833	0,150,250	15	81,162,167,185,126,116,90,75,117,90,172,110,154,80,24,	0,1788,2088,2702,3004,3522,3963,4285,4479,7316,7497,10237,10972,12142,14761,
chr22	30607331	30626518	P20062-1	1000	+	30607331	30626518	12,12,120	9	64,193,170,153,173,187,166,116,59,	0,3539,5541,7017,7969,8269,9998,15636,19128,
chr22	30607331	30626518	P20062-2	0	+	30607331	30626518	0,150,250	10	64,193,88,3,151,173,187,166,116,59,	0,3539,5541,5680,7019,7969,8269,9998,15636,19128,
chr22	30636450	30647028	Q6ICL7-1	1000	+	30636450	30647028	12,12,120	2	619,431,	0,10147,
chr22	30636450	30649242	Q6ICL7-2	0	+	30636450	30649242	0,150,250	2	619,83,	0,12709,
chr22	30663439	30664003	Q8NEJ0	1000	-	30663439	30664003	12,12,120	1	564,	0,
chr22	30694060	30906336	Q969R2-3	0	+	30694060	30906336	0,150,250	15	12,137,209,254,193,118,55,147,246,121,104,96,185,233,140,	0,147,47100,176368,193365,194162,195119,195429,196667,199061,199402,199577,199756,211776,212136,
chr22	30694909	30906336	Q969R2-1	1000	+	30694909	30906336	12,12,120	14	644,209,254,193,118,58,147,246,121,104,96,185,233,140,	0,46251,175519,192516,193313,194267,194580,195818,198212,198553,198728,198907,210927,211287,
chr22	30694909	30906336	Q969R2-2	0	+	30694909	30906336	0,150,250	14	644,209,254,193,118,55,147,246,121,104,96,185,233,140,	0,46251,175519,192516,193313,194270,194580,195818,198212,198553,198728,198907,210927,211287,
chr22	30822630	30906336	Q969R2-6	0	+	30822630	30906336	0,150,250	13	79,254,193,118,58,147,246,121,104,96,185,233,143,	0,47798,64795,65592,66546,66859,68097,70491,70832,71007,71186,83206,83563,
chr22	30870673	30906336	Q969R2-4	0	+	30870673	30906336	0,150,250	12	9,193,118,55,147,246,121,104,96,185,233,140,	0,16752,17549,18506,18816,20054,22448,22789,22964,23143,35163,35523,
chr22	30888287	30906336	Q969R2-5	0	+	30888287	30906336	0,150,250	10	53,55,147,246,121,104,96,185,233,140,	0,892,1202,2440,4834,5175,5350,5529,17549,17909,
chr22	30926805	30950416	Q9Y6X9-2	0	-	30926805	30950416	0,150,250	23	66,189,94,225,142,55,132,381,75,133,106,129,155,141,86,83,80,126,112,160,109,91,40,	0,1213,5553,5739,6083,6660,7254,7975,8442,9705,10126,10777,11009,11259,12815,13153,13952,14627,15085,15306,19535,22946,23571,
chr22	30926805	30967889	Q9Y6X9-1	1000	-	30926805	30967889	12,12,120	26	66,189,94,225,142,55,132,381,75,133,106,129,155,141,86,83,80,126,112,160,109,91,70,34,54,68,	0,1213,5553,5739,6083,6660,7254,7975,8442,9705,10126,10777,11009,11259,12815,13153,13952,14627,15085,15306,19535,22946,23571,29958,31835,41016,
chr22	30969356	30969815	A0A6I8PU40	1000	+	30969356	30969815	12,12,120	1	459,	0,
chr22	31083258	31101026	P53814-5	0	+	31083258	31101026	0,150,250	19	51,149,94,79,98,321,73,72,522,173,153,76,165,63,70,174,118,152,142,	0,4706,5254,5440,5613,6440,6849,7549,7702,8416,12044,12275,13474,13739,14010,15408,15803,16486,17626,
chr22	31083258	31104463	P53814-1	1000	+	31083258	31104463	12,12,120	20	51,149,94,79,98,321,73,72,522,173,153,76,165,63,70,174,118,152,1,147,	0,4706,5254,5440,5613,6440,6849,7549,7702,8416,12044,12275,13474,13739,14010,15408,15803,16486,17626,21058,
chr22	31083258	31104463	P53814-6	0	+	31083258	31104463	0,150,250	20	51,149,94,79,98,321,73,72,522,173,153,76,165,63,70,174,118,152,70,147,	0,4706,5254,5440,5613,6440,6849,7549,7702,8416,12044,12275,13474,13739,14010,15408,15803,16486,17626,21058,
chr22	31091391	31104463	P53814-2	0	+	31091391	31104463	0,150,250	12	91,173,153,76,165,63,70,174,118,152,1,147,	0,283,3911,4142,5341,5606,5877,7275,7670,8353,9493,12925,
chr22	31104972	31107505	Q8WWX9	1000	-	31104972	31107505	12,12,120	5	156,79,35,36,129,	0,235,685,957,2404,
chr22	31123014	31134416	Q15735-1	1000	+	31123014	31134416	12,12,120	13	105,1166,114,109,117,176,112,110,184,138,78,105,504,	0,1830,3361,3598,3906,4342,4936,5199,5456,10083,10391,10595,10898,
chr22	31123014	31134416	Q15735-3	0	+	31123014	31134416	0,150,250	13	105,62,114,109,117,176,112,110,184,138,78,105,504,	0,1830,3361,3598,3906,4342,4936,5199,5456,10083,10391,10595,10898,
chr22	31125840	31134416	Q15735-2	0	+	31125840	31134416	0,150,250	12	170,114,109,117,176,112,110,184,138,78,105,504,	0,535,772,1080,1516,2110,2373,2630,7257,7565,7769,8072,
chr22	31135725	31140354	Q9NZ20	1000	-	31135725	31140354	12,12,120	7	211,117,133,284,135,133,514,	0,957,1182,1984,2550,2941,4115,
chr22	31187094	31204583	Q96GF1-1	1000	+	31187094	31204583	12,12,120	6	176,19,113,55,118,95,	0,5589,8374,9841,14403,17394,
chr22	31187094	31204583	Q96GF1-2	0	+	31187094	31204583	0,150,250	4	176,19,118,95,	0,5589,14403,17394,
chr22	31212408	31278438	P53671-1	1000	+	31212408	31278438	12,12,120	16	16,100,136,110,189,106,197,187,87,132,57,66,175,56,158,142,	0,13311,45882,46712,47480,49725,50186,53537,54575,55367,55735,58727,60121,61043,62742,65888,
chr22	31248716	31277137	P53671-3	0	+	31248716	31277137	0,150,250	15	53,136,110,189,106,197,187,87,132,57,66,175,56,158,349,	0,9574,10404,11172,13417,13878,17229,18267,19059,19427,22419,23813,24735,26434,28072,
chr22	31248716	31278438	P53671-2	0	+	31248716	31278438	0,150,250	15	53,136,110,189,106,197,187,87,132,57,66,175,56,158,142,	0,9574,10404,11172,13417,13878,17229,18267,19059,19427,22419,23813,24735,26434,29580,
chr22	31283086	31289535	Q96FE7-3	0	-	31283086	31289535	0,150,250	3	202,79,37,	0,6228,6412,
chr22	31283086	31290965	Q96FE7-5	0	-	31283086	31290965	0,150,250	4	202,79,201,1,	0,6228,6412,7878,
chr22	31283086	31292344	Q96FE7-1	1000	-	31283086	31292344	12,12,120	6	202,79,201,120,117,70,	0,6228,6412,7878,8093,9188,
chr22	31283277	31292344	Q96FE7-4	0	-	31283277	31292344	0,150,250	5	11,201,120,117,70,	0,6221,7687,7902,8997,
chr22	31283287	31292344	Q96FE7-2	0	-	31283287	31292344	0,150,250	6	1,79,201,120,117,70,	0,6027,6211,7677,7892,8987,
chr22	31326893	31345602	Q9HBE1-1	1000	-	31326893	31345602	12,12,120	5	416,138,172,64,1271,	0,1893,8798,16003,17438,
chr22	31326893	31345602	Q9HBE1-3	0	-	31326893	31345602	0,150,250	5	416,1,171,64,1271,	0,1893,8799,16003,17438,
chr22	31327278	31345602	Q9HBE1-2	0	-	31327278	31345602	0,150,250	5	31,73,172,64,1271,	0,1508,8413,15618,17053,
chr22	31341407	31345602	Q9HBE1-4	0	-	31341407	31345602	0,150,250	3	276,64,1271,	0,1489,2924,
chr22	31399683	31433968	Q9Y295	1000	+	31399683	31433968	12,12,120	9	42,124,176,70,170,131,168,123,97,	0,936,3345,11328,20572,23596,26931,27376,34188,
chr22	31439882	31488718	Q9NRA8-1	1000	-	31439882	31488718	12,12,120	18	239,165,345,133,85,143,77,184,72,233,180,136,176,202,287,128,74,96,	0,821,1891,3079,4723,7543,8273,9465,10406,14261,15253,15969,18592,23049,23798,28292,31961,48740,
chr22	31439882	31488718	Q9NRA8-2	0	-	31439882	31488718	0,150,250	16	239,165,345,133,85,143,80,184,72,197,180,136,176,128,74,96,	0,821,1891,3079,4723,7543,8270,9465,10406,14297,15253,15969,18592,28292,31961,48740,
chr22	31439882	31488718	Q9NRA8-3	0	-	31439882	31488718	0,150,250	18	239,165,345,133,85,143,80,184,72,233,180,136,176,202,287,128,74,96,	0,821,1891,3079,4723,7543,8270,9465,10406,14261,15253,15969,18592,23049,23798,28292,31961,48740,
chr22	31508284	31606367	A8K8P3-5	0	+	31508284	31606367	0,150,250	22	92,174,1,110,95,118,103,157,162,71,93,98,67,131,82,179,76,96,66,11,16,24,	0,20405,22773,38577,41969,48657,53005,64773,66946,70097,71987,75590,76783,81162,93927,94322,95459,96024,96584,96650,98043,98059,
chr22	31508284	31616876	A8K8P3-4	0	+	31508284	31616876	0,150,250	28	92,7,5,94,5,103,157,162,71,93,98,67,131,82,179,76,96,77,103,97,161,75,75,177,254,72,232,132,	0,38576,38682,41969,48770,53005,64773,66946,70097,71987,75590,76783,81162,93927,94322,95459,96024,96584,98043,99652,102858,103481,104857,105069,105317,106504,106763,108460,
chr22	31508284	31618415	A8K8P3-1	1000	+	31508284	31618415	12,12,120	32	92,174,72,111,95,118,103,157,162,71,93,98,67,131,82,179,76,96,77,103,97,161,75,75,177,254,72,232,133,79,112,102,	0,20405,22773,38576,41969,48657,53005,64773,66946,70097,71987,75590,76783,81162,93927,94322,95459,96024,96584,98043,99652,102858,103481,104857,105069,105317,106504,106763,108460,108715,109830,110029,
chr22	31508284	31618415	A8K8P3-10	0	+	31508284	31618415	0,150,250	30	92,111,95,118,103,157,162,71,93,98,67,131,82,179,76,96,77,67,97,161,75,75,177,254,72,232,133,79,112,102,	0,38576,41969,48657,53005,64773,66946,70097,71987,75590,76783,81162,93927,94322,95459,96024,96584,98043,99652,102858,103481,104857,105069,105317,106504,106763,108460,108715,109830,110029,
chr22	31508284	31618415	A8K8P3-2	0	+	31508284	31618415	0,150,250	31	92,174,72,111,95,118,103,157,162,71,98,67,131,82,179,76,96,77,103,97,161,75,75,177,254,72,232,133,79,112,102,	0,20405,22773,38576,41969,48657,53005,64773,66946,70097,75590,76783,81162,93927,94322,95459,96024,96584,98043,99652,102858,103481,104857,105069,105317,106504,106763,108460,108715,109830,110029,
chr22	31508284	31618415	A8K8P3-3	0	+	31508284	31618415	0,150,250	30	92,111,95,118,103,157,162,71,93,98,67,131,82,179,76,96,77,103,97,161,75,75,177,254,72,232,133,79,112,102,	0,38576,41969,48657,53005,64773,66946,70097,71987,75590,76783,81162,93927,94322,95459,96024,96584,98043,99652,102858,103481,104857,105069,105317,106504,106763,108460,108715,109830,110029,
chr22	31508284	31618415	A8K8P3-9	0	+	31508284	31618415	0,150,250	31	92,174,1,110,95,118,103,157,162,71,98,67,131,82,179,76,96,77,103,97,161,75,75,177,254,72,232,133,79,112,102,	0,20405,22773,38577,41969,48657,53005,64773,66946,70097,75590,76783,81162,93927,94322,95459,96024,96584,98043,99652,102858,103481,104857,105069,105317,106504,106763,108460,108715,109830,110029,
chr22	31619614	31625815	Q9UG56-2	0	-	31619614	31625815	0,150,250	7	222,161,147,139,237,166,53,	0,938,1381,1719,2034,4069,6148,
chr22	31619614	31662208	Q9UG56-3	1000	-	31619614	31662208	12,12,120	8	222,161,147,139,237,176,80,65,	0,938,1381,1719,2034,28486,31084,42529,
chr22	31685529	31738860	Q5THK1-1	1000	-	31685529	31738860	12,12,120	8	274,72,107,172,72,5209,73,474,	0,2626,16126,18020,19125,26553,40008,52857,
chr22	31685727	31738860	Q5THK1-4	0	-	31685727	31738860	0,150,250	8	76,72,107,172,72,5209,73,474,	0,2428,15928,17822,18927,26355,39810,52659,
chr22	31701750	31738860	Q5THK1-2	0	-	31701750	31738860	0,150,250	6	12,172,72,5209,73,474,	0,1799,2904,10332,23787,36636,
chr22	31714136	31738860	Q5THK1-3	0	-	31714136	31738860	0,150,250	3	3155,73,474,	0,11401,24250,
chr22	31754921	31815426	O75140-2	0	+	31754921	31815426	0,150,250	21	58,88,47,86,84,50,70,79,62,70,73,104,75,135,62,74,70,37,121,221,11,	0,3624,5734,10053,11663,13892,23177,28985,29892,37111,37823,42678,43660,47782,49240,49920,51200,54689,55599,60070,60494,
chr22	31754921	31879749	O75140-6	0	+	31754921	31879749	0,150,250	34	58,88,47,86,84,50,70,79,62,70,73,104,75,135,62,74,70,37,121,221,204,66,184,161,118,168,220,134,109,66,155,78,133,225,	0,3624,5734,10053,11663,13892,23177,28985,29892,37111,37823,42678,43660,47782,49240,49920,51200,54689,55599,60070,64100,78993,82050,83763,88173,88723,90096,91912,102523,106446,115668,118333,119351,124603,
chr22	31754921	31906402	O75140-5	0	+	31754921	31906402	0,150,250	42	58,88,47,86,84,50,70,79,62,70,73,104,75,135,62,74,70,37,121,221,204,136,98,66,184,161,118,168,220,134,109,66,155,78,133,109,228,170,61,2,81,198,	0,3624,5734,10053,11663,13892,23177,28985,29892,37111,37823,42678,43660,47782,49240,49920,51200,54689,55599,60070,64100,66580,67771,78993,82050,83763,88173,88723,90096,91912,102523,106446,115668,118333,119351,121235,124603,138660,146820,151062,151064,151283,
chr22	31754921	31906494	O75140-1	0	+	31754921	31906494	0,150,250	42	58,88,47,86,84,50,70,79,62,70,73,104,75,135,62,74,70,37,121,221,204,136,98,66,2,155,161,118,168,220,134,109,155,78,133,109,228,170,172,61,83,290,	0,3624,5734,10053,11663,13892,23177,28985,29892,37111,37823,42678,43660,47782,49240,49920,51200,54689,55599,60070,64100,66580,67771,78993,82050,82079,83763,88173,88723,90096,91912,102523,115668,118333,119351,121235,124603,138660,142560,146820,151062,151283,
chr22	31754921	31906494	O75140-10	1000	+	31754921	31906494	12,12,120	42	58,88,47,86,84,50,70,79,62,70,73,104,75,135,62,74,70,37,121,221,204,136,98,66,184,161,118,168,220,134,109,66,155,78,133,109,228,170,172,61,83,290,	0,3624,5734,10053,11663,13892,23177,28985,29892,37111,37823,42678,43660,47782,49240,49920,51200,54689,55599,60070,64100,66580,67771,78993,82050,83763,88173,88723,90096,91912,102523,106446,115668,118333,119351,121235,124603,138660,142560,146820,151062,151283,
chr22	31754921	31906494	O75140-4	0	+	31754921	31906494	0,150,250	41	58,88,47,86,84,50,70,79,62,70,73,104,75,135,62,74,70,37,121,221,204,136,98,66,184,161,118,168,220,134,109,155,78,133,109,228,170,172,61,83,290,	0,3624,5734,10053,11663,13892,23177,28985,29892,37111,37823,42678,43660,47782,49240,49920,51200,54689,55599,60070,64100,66580,67771,78993,82050,83763,88173,88723,90096,91912,102523,115668,118333,119351,121235,124603,138660,142560,146820,151062,151283,
chr22	31754921	31906494	O75140-8	0	+	31754921	31906494	0,150,250	39	58,88,47,86,84,50,70,79,62,70,73,104,75,135,62,74,70,37,121,221,204,66,184,161,118,168,220,134,109,155,78,133,109,228,170,172,61,83,290,	0,3624,5734,10053,11663,13892,23177,28985,29892,37111,37823,42678,43660,47782,49240,49920,51200,54689,55599,60070,64100,78993,82050,83763,88173,88723,90096,91912,102523,115668,118333,119351,121235,124603,138660,142560,146820,151062,151283,
chr22	31754921	31906494	O75140-9	0	+	31754921	31906494	0,150,250	43	58,88,47,86,84,50,70,79,62,70,73,104,75,135,62,74,70,37,121,221,204,136,98,66,2,155,161,118,168,220,134,109,66,155,78,133,109,228,170,172,61,83,290,	0,3624,5734,10053,11663,13892,23177,28985,29892,37111,37823,42678,43660,47782,49240,49920,51200,54689,55599,60070,64100,66580,67771,78993,82050,82079,83763,88173,88723,90096,91912,102523,106446,115668,118333,119351,121235,124603,138660,142560,146820,151062,151283,
chr22	31934120	31938066	Q9Y442-1	1000	-	31934120	31938066	12,12,120	2	329,151,	0,3795,
chr22	31934434	31938066	Q9Y442-2	0	-	31934434	31938066	0,150,250	2	15,78,	0,3554,
chr22	31944733	31956789	Q04917	1000	+	31944733	31956789	12,12,120	2	87,651,	0,11405,
chr22	32043281	32110210	P13866-1	1000	+	32043281	32110210	12,12,120	15	135,72,105,60,105,106,81,221,136,108,151,169,216,106,221,	0,6661,23653,24685,25214,38584,39792,41157,41618,42938,48330,55901,58740,61504,66708,
chr22	32068504	32110210	P13866-2	0	+	32068504	32110210	0,150,250	11	96,106,81,221,136,108,151,169,216,106,221,	0,13361,14569,15934,16395,17715,23107,30678,33517,36281,41485,
chr22	32149542	32159215	Q6IC83	1000	-	32149542	32159215	12,12,120	9	71,28,161,28,65,28,65,75,232,	0,210,776,1449,1944,2524,3019,4701,9441,
chr22	32190774	32196097	O75678-3	0	-	32190774	32196097	0,150,250	3	578,291,7,	0,2127,5316,
chr22	32190774	32202451	O75678-1	1000	-	32190774	32202451	12,12,120	5	578,291,146,2,117,	0,2127,3570,5316,11560,
chr22	32193083	32202451	O75678-2	0	-	32193083	32202451	0,150,250	3	109,2,117,	0,3007,9251,
chr22	32218516	32255329	Q9NY91	1000	-	32218516	32255329	12,12,120	15	209,103,216,169,151,108,136,221,81,106,105,60,105,72,135,	0,2403,5750,7138,10677,12451,14382,16356,18727,20468,28894,30226,33253,35625,36678,
chr22	32358071	32360829	O75679-1	1000	+	32358071	32360829	12,12,120	2	373,578,	0,2180,
chr22	32358158	32360829	O75679-2	0	+	32358158	32360829	0,150,250	2	286,578,	0,2093,
chr22	32360063	32360384	P0C7P2	1000	-	32360063	32360384	12,12,120	1	321,	0,
chr22	32387994	32412156	Q9Y3I0	1000	-	32387994	32412156	12,12,120	12	105,120,111,189,176,160,157,157,100,68,79,93,	0,4245,5897,7031,8079,9946,11608,13752,18667,20180,20760,24069,
chr22	32414305	32445670	Q8NFQ6-2	0	-	32414305	32445670	0,150,250	10	120,77,64,43,68,54,177,92,61,36,	0,1609,2779,5056,17041,19413,21398,23454,28365,31329,
chr22	32414305	32457386	Q8NFQ6-1	1000	-	32414305	32457386	12,12,120	15	120,77,64,43,68,171,54,177,92,61,64,156,129,121,124,	0,1609,2779,5056,17041,18067,19413,21398,23454,28365,31329,31535,32906,39077,42957,
chr22	32475002	32498527	Q9Y3I1-1	1000	+	32475002	32498527	12,12,120	9	122,295,228,142,84,96,177,38,384,	0,3978,8894,10065,12742,16083,18102,20490,23141,
chr22	32475361	32498527	Q9Y3I1-2	0	+	32475361	32498527	0,150,250	9	37,143,228,142,84,96,177,38,384,	0,3771,8535,9706,12383,15724,17743,20131,22782,
chr22	32479200	32498527	Q9Y3I1-3	0	+	32479200	32498527	0,150,250	8	75,228,142,84,96,177,38,384,	0,4696,5867,8544,11885,13904,16292,18943,
chr22	32513694	33006662	O14994	1000	-	32513694	33006662	12,12,120	13	130,292,88,135,103,75,143,63,90,160,92,58,311,	0,4348,14223,15179,20098,24341,27876,82979,351220,355271,417695,466950,492657,
chr22	32802001	32859374	P35625	1000	+	32802001	32859374	12,12,120	5	121,83,112,122,195,	0,47450,55247,56015,57178,
chr22	33274429	33761476	O95461-1	1000	-	33274429	33761476	12,12,120	14	195,196,147,279,164,156,126,113,105,172,124,83,302,106,	0,2630,8772,29799,41655,63216,107489,109762,157731,290418,330005,351814,375937,486941,
chr22	33274429	33761476	O95461-2	0	-	33274429	33761476	0,150,250	13	195,196,147,279,164,126,113,105,172,124,83,302,106,	0,2630,8772,29799,41655,107489,109762,157731,290418,330005,351814,375937,486941,
chr22	35067087	35085690	Q2M1V0	1000	+	35067087	35085690	12,12,120	4	229,152,117,237,	0,15430,17295,18366,
chr22	35262390	35293648	Q9UGU5	1000	+	35262390	35293648	12,12,120	10	31,149,79,956,82,65,106,170,123,42,	0,687,1405,2257,21571,23606,24956,25847,30601,31216,
chr22	35299928	35347206	O60784-1	1000	+	35299928	35347206	12,12,120	16	52,85,79,150,135,147,117,134,34,94,121,76,60,39,1,152,	0,17948,22030,23099,23567,23839,27342,30418,33052,33475,34399,38784,45796,47001,47043,47126,
chr22	35299928	35347206	O60784-2	0	+	35299928	35347206	0,150,250	15	52,85,79,150,135,147,117,134,34,94,121,76,60,43,152,	0,17948,22030,23099,23567,23839,27342,30418,33052,33475,34399,38784,45796,47001,47126,
chr22	35299928	35347206	O60784-3	0	+	35299928	35347206	0,150,250	15	52,85,79,150,147,117,134,34,94,121,76,60,39,1,152,	0,17948,22030,23099,23839,27342,30418,33052,33475,34399,38784,45796,47001,47043,47126,
chr22	35317923	35347206	O60784-4	0	+	35317923	35347206	0,150,250	14	38,79,150,135,147,117,134,34,94,121,76,60,43,152,	0,4035,5104,5572,5844,9347,12423,15057,15480,16404,20789,27801,29006,29131,
chr22	35381173	35393595	P09601	1000	+	35381173	35393595	12,12,120	5	23,121,492,100,128,	0,1932,5511,8690,12294,
chr22	35400438	35424252	P33992	1000	+	35400438	35424252	12,12,120	16	167,127,129,173,156,167,172,112,144,66,177,113,129,143,128,99,	0,2768,2975,6114,7969,10305,12071,13436,15390,15900,16199,17305,19445,20879,22775,23715,
chr22	35546809	35552029	Q96D21	1000	+	35546809	35552029	12,12,120	2	271,527,	0,4693,
chr22	35607299	35617257	P02144	1000	-	35607299	35617257	12,12,120	3	144,223,95,	0,3584,9863,
chr22	35656425	35659593	Q9BWW8	1000	+	35656425	35659593	12,12,120	2	50,979,	0,2189,
chr22	35717871	35728895	Q9BWW9	1000	+	35717871	35728895	12,12,120	4	55,87,984,173,	0,2696,8339,10851,
chr22	35744197	35840218	O43251-4	0	-	35744197	35840218	0,150,250	13	52,73,88,1,145,93,54,61,93,54,144,225,27,	0,1725,2275,11946,15690,17004,17217,21225,24059,33827,37402,65582,95994,
chr22	35744197	35840218	O43251-9	0	-	35744197	35840218	0,150,250	13	52,73,88,1,134,92,54,61,93,54,147,225,27,	0,1725,2275,11946,15690,17005,17217,21225,24059,33827,37402,65582,95994,
chr22	35744197	36028245	O43251-7	0	-	35744197	36028245	0,150,250	15	52,73,89,32,40,134,92,54,61,93,54,144,225,51,6,	0,1725,2275,6228,11907,15690,17005,17217,21225,24059,33827,37402,65582,194649,284042,
chr22	35744207	35840218	O43251-10	0	-	35744207	35840218	0,150,250	13	42,73,89,40,145,93,54,61,93,54,144,225,27,	0,1715,2265,11897,15680,16994,17207,21215,24049,33817,37392,65572,95984,
chr22	35744207	35840218	O43251-2	0	-	35744207	35840218	0,150,250	13	42,73,89,40,145,93,54,61,93,54,147,225,27,	0,1715,2265,11897,15680,16994,17207,21215,24049,33817,37392,65572,95984,
chr22	35744207	35840218	O43251-3	0	-	35744207	35840218	0,150,250	12	42,73,89,40,134,92,54,61,93,144,225,27,	0,1715,2265,11897,15680,16995,17207,21215,24049,37392,65572,95984,
chr22	35744207	35840218	O43251-5	0	-	35744207	35840218	0,150,250	13	42,73,89,40,134,92,54,61,93,54,144,225,27,	0,1715,2265,11897,15680,16995,17207,21215,24049,33817,37392,65572,95984,
chr22	35744207	36028245	O43251-1	1000	-	35744207	36028245	12,12,120	14	42,73,89,40,145,93,54,61,93,54,144,225,51,6,	0,1715,2265,11897,15680,16994,17207,21215,24049,33817,37392,65572,194639,284032,
chr22	35744207	36028425	O43251-6	0	-	35744207	36028425	0,150,250	14	42,73,89,40,145,93,54,61,93,54,144,225,51,186,	0,1715,2265,11897,15680,16994,17207,21215,24049,33817,37392,65572,194639,284032,
chr22	35744207	36028425	O43251-8	0	-	35744207	36028425	0,150,250	14	42,73,89,40,145,93,54,61,93,54,147,225,51,186,	0,1715,2265,11897,15680,16994,17207,21215,24049,33817,37392,65572,194639,284032,
chr22	36141202	36141808	O95236-3	0	-	36141202	36141808	0,150,250	1	606,	0,
chr22	36141202	36149055	O95236-2	0	-	36141202	36149055	0,150,250	3	856,128,9,	0,4270,7844,
chr22	36141202	36160891	O95236-1	1000	-	36141202	36160891	12,12,120	3	856,127,223,	0,4270,19466,
chr22	36191077	36201734	Q9BPW4-2	0	-	36191077	36201734	0,150,250	4	835,127,47,35,	0,4233,8252,10622,
chr22	36191077	36201734	Q9BPW4-3	0	-	36191077	36201734	0,150,250	5	720,112,127,47,35,	0,723,4233,8252,10622,
chr22	36191077	36202036	Q9BPW4-1	1000	-	36191077	36202036	12,12,120	4	835,127,47,44,	0,4233,8252,10915,
chr22	36227406	36233162	Q9BQE5	1000	-	36227406	36233162	12,12,120	3	874,127,10,	0,3933,5746,
chr22	36253962	36266030	O14791-2	0	+	36253962	36266030	0,150,250	6	29,63,54,89,127,880,	0,974,3120,3356,7633,11188,
chr22	36254955	36266030	O14791-1	1000	+	36254955	36266030	12,12,120	5	44,54,89,127,880,	0,2127,2363,6640,10195,
chr22	36254955	36266030	O14791-3	0	+	36254955	36266030	0,150,250	5	44,1,88,127,880,	0,2127,2364,6640,10195,
chr22	36282670	36349236	P35579-1	1000	-	36282670	36349236	12,12,120	40	115,173,109,209,124,89,129,162,213,213,249,153,105,207,145,213,172,124,138,207,132,109,161,70,122,194,115,174,174,153,119,96,144,99,64,93,94,28,157,333,	0,1422,1732,2450,2987,3194,4047,5581,6056,6414,9315,10658,11088,11421,12261,12834,14172,16248,17456,18180,18863,19897,21324,22362,23259,23743,26611,29378,31474,33846,35536,36869,37549,38127,39087,39758,43897,44790,58699,66233,
chr22	36467806	36480837	Q99757	1000	-	36467806	36480837	12,12,120	3	111,124,263,	0,8926,12768,
chr22	36490010	36504165	Q8IWF2-2	0	-	36490010	36504165	0,150,250	6	257,171,242,166,167,68,	0,3622,5956,7980,11230,14087,
chr22	36490010	36506422	Q8IWF2-1	1000	-	36490010	36506422	12,12,120	8	257,171,242,166,167,270,252,527,	0,3622,5956,7980,11230,14087,14504,15885,
chr22	36510989	36526121	O15371-1	1000	-	36510989	36526121	12,12,120	14	11,284,143,130,86,131,148,133,113,73,86,137,46,123,	0,513,1470,5488,5715,6311,7773,8415,9586,12219,12905,13606,14674,15009,
chr22	36510989	36526121	O15371-2	0	-	36510989	36526121	0,150,250	13	11,284,143,130,86,131,148,133,113,73,83,39,123,	0,513,1470,5488,5715,6311,7773,8415,9586,12219,12905,14681,15009,
chr22	36510989	36526121	O15371-3	0	-	36510989	36526121	0,150,250	15	11,284,143,130,86,131,148,133,113,6,22,86,137,46,123,	0,513,1470,5488,5715,6311,7773,8415,9586,12219,12270,12905,13606,14674,15009,
chr22	36564353	36702576	Q9Y698	1000	-	36564353	36702576	12,12,120	4	533,141,84,211,	0,1999,23111,138012,
chr22	36758313	36775707	Q9BW83-1	1000	-	36758313	36775707	12,12,120	7	96,110,118,60,60,80,34,	0,4590,5605,7824,8992,9469,17360,
chr22	36758313	36775707	Q9BW83-2	0	-	36758313	36775707	0,150,250	7	96,110,118,60,60,78,33,	0,4590,5605,7824,8992,9469,17361,
chr22	36800892	36817005	P20472	1000	-	36800892	36817005	12,12,120	4	26,110,133,61,	0,12753,14210,16052,
chr22	36861171	36876069	Q15080-3	0	+	36861171	36876069	0,150,250	8	32,85,154,71,128,58,99,417,	0,2873,3747,6220,9243,10480,11155,14481,
chr22	36861171	36877820	Q15080-1	1000	+	36861171	36877820	12,12,120	10	32,85,154,71,128,58,99,131,66,193,	0,2873,3747,6220,9243,10480,11155,14481,14857,16456,
chr22	36922207	36938499	P32927-1	1000	+	36922207	36938499	12,12,120	14	76,124,191,158,169,136,1,157,140,163,91,58,104,1123,	0,1036,3779,7194,7431,8167,8447,8466,10557,11624,13143,13422,14341,15169,
chr22	36922207	36938499	P32927-2	0	+	36922207	36938499	0,150,250	13	76,124,191,158,169,136,176,140,163,91,58,104,1123,	0,1036,3779,7194,7431,8167,8447,10557,11624,13143,13422,14341,15169,
chr22	36991181	37002070	O43247-2	0	-	36991181	37002070	0,150,250	4	95,111,145,234,	0,299,8658,10655,
chr22	36991181	37003987	O43247-1	1000	-	36991181	37003987	12,12,120	5	95,111,145,467,22,	0,299,8658,10655,12784,
chr22	37011029	37018732	Q16762	1000	-	37011029	37018732	12,12,120	2	296,595,	0,7108,
chr22	37019836	37029511	P25325-2	0	+	37019836	37029511	0,150,250	3	36,619,296,	0,4355,9379,
chr22	37024215	37029511	P25325-1	1000	+	37024215	37029511	12,12,120	2	595,296,	0,5000,
chr22	37051760	37062591	Q8N5Z5-1	1000	+	37051760	37062591	12,12,120	9	189,109,92,96,126,100,72,91,67,	0,1339,4559,5637,7552,9062,9343,9778,10764,
chr22	37051760	37062591	Q8N5Z5-2	0	+	37051760	37062591	0,150,250	9	189,109,92,96,126,99,1,91,67,	0,1339,4559,5637,7552,9062,9414,9778,10764,
chr22	37066082	37103417	Q8IU80-1	0	-	37066082	37103417	0,150,250	18	156,135,2,272,169,117,114,99,146,110,113,137,205,42,185,68,134,202,	0,743,2597,2990,4401,4833,7449,8527,9052,18212,18644,20200,23495,29468,29823,30565,32333,37133,
chr22	37066082	37103417	Q8IU80-5	0	-	37066082	37103417	0,150,250	18	156,137,66,272,169,117,114,99,146,110,113,137,205,42,185,68,134,202,	0,743,2533,2990,4401,4833,7449,8527,9052,18212,18644,20200,23495,29468,29823,30565,32333,37133,
chr22	37066082	37103539	Q8IU80-4	1000	-	37066082	37103539	12,12,120	18	156,137,272,169,117,114,99,146,110,113,137,205,42,185,68,134,203,26,	0,743,2990,4401,4833,7449,8527,9052,18212,18644,20200,23495,29468,29823,30565,32333,37133,37431,
chr22	37075189	37103539	Q8IU80-2	0	-	37075189	37103539	0,150,250	12	69,22,110,113,137,205,42,185,68,134,203,26,	0,69,9105,9537,11093,14388,20361,20716,21458,23226,28026,28324,
chr22	37128098	37144172	P14784	1000	-	37128098	37144172	12,12,120	9	750,85,115,166,149,106,79,115,88,	0,4285,7229,8129,9488,11018,14335,15422,15986,
chr22	37182190	37185449	Q9BXI9-1	0	-	37182190	37185449	0,150,250	2	545,232,	0,3027,
chr22	37182190	37188213	Q9BXI9-2	1000	-	37182190	37188213	12,12,120	3	545,238,51,	0,3027,5972,
chr22	37206549	37207803	P32745	1000	-	37206549	37207803	12,12,120	1	1254,	0,
chr22	37226675	37244148	P15153	1000	-	37226675	37244148	12,12,120	6	128,160,63,118,72,35,	0,4555,5256,6125,14911,17438,
chr22	37282569	37313508	Q9UIA0	1000	+	37282569	37313508	12,12,120	13	19,83,65,67,119,81,113,149,112,77,72,155,70,	0,10051,12090,13429,14994,16656,18337,20684,26642,28418,28886,29450,30869,
chr22	37373074	37375534	Q5R3F8	1000	-	37373074	37375534	12,12,120	1	2460,	0,
chr22	37469965	37486177	O00587-1	1000	-	37469965	37486177	12,12,120	8	64,86,166,86,154,103,49,255,	0,2477,4546,6930,9379,10231,10755,15957,
chr22	37469965	37486177	O00587-2	0	-	37469965	37486177	0,150,250	7	64,86,166,86,154,103,262,	0,2477,4546,6930,9379,10231,15950,
chr22	37491161	37508682	Q9BWT7-2	0	-	37491161	37508682	0,150,250	16	232,113,116,159,103,70,244,112,160,124,29,116,135,192,126,156,	0,593,1273,1482,2924,4355,4598,5287,5857,11440,12023,13024,13473,15030,16667,17365,
chr22	37491161	37519200	Q9BWT7-1	1000	-	37491161	37519200	12,12,120	20	232,113,116,159,103,70,244,112,160,124,29,116,135,192,126,156,210,326,138,235,	0,593,1273,1482,2924,4355,4598,5287,5857,11440,12023,13024,13473,15030,16667,17365,19050,24811,26809,27804,
chr22	37566349	37568817	Q00587-1	1000	+	37566349	37568817	12,12,120	2	463,710,	0,1758,
chr22	37566349	37568817	Q00587-2	0	+	37566349	37568817	0,150,250	3	463,296,393,	0,1758,2075,
chr22	37570265	37579905	P05162	1000	-	37570265	37579905	12,12,120	4	147,160,83,6,	0,310,1583,9634,
chr22	37608860	37617048	Q9UJY5-5	0	+	37608860	37617048	0,150,250	3	43,85,127,	0,5329,8061,
chr22	37608860	37632708	Q9UJY5-1	1000	+	37608860	37632708	12,12,120	17	43,85,79,96,124,101,81,141,82,108,153,65,173,197,170,111,108,	0,5329,8061,9590,11377,11952,12755,14466,14691,16108,16936,20601,21137,22042,23135,23544,23740,
chr22	37608860	37632708	Q9UJY5-2	0	+	37608860	37632708	0,150,250	16	43,85,76,124,101,81,141,82,108,153,65,173,197,170,111,108,	0,5329,8061,11377,11952,12755,14466,14691,16108,16936,20601,21137,22042,23135,23544,23740,
chr22	37608860	37632708	Q9UJY5-4	0	+	37608860	37632708	0,150,250	15	43,85,79,96,124,101,81,141,82,65,173,197,170,111,108,	0,5329,8061,9590,11377,11952,12755,14466,14691,20601,21137,22042,23135,23544,23740,
chr22	37608860	37632708	Q9UJY5-6	0	+	37608860	37632708	0,150,250	17	43,85,127,99,124,101,81,141,82,108,153,65,173,197,170,111,108,	0,5329,8061,9587,11377,11952,12755,14466,14691,16108,16936,20601,21137,22042,23135,23544,23740,
chr22	37618462	37632708	Q9UJY5-3	0	+	37618462	37632708	0,150,250	14	84,124,101,81,141,82,108,153,65,173,197,170,111,108,	0,1775,2350,3153,4864,5089,6506,7334,10999,11535,12440,13533,13942,14138,
chr22	37639730	37655927	Q6ZT62-1	1000	+	37639730	37655927	12,12,120	19	54,20,43,105,77,112,77,145,69,91,146,112,82,81,117,98,184,95,2,	0,96,1395,1643,2808,3164,3367,3913,4906,5139,5634,7087,7536,7710,8588,10421,10811,14048,16195,
chr22	37639787	37650179	Q9Y3L3-2	0	+	37639787	37650179	0,150,250	15	59,43,105,77,112,77,145,69,91,146,112,82,81,117,28,	0,1338,1586,2751,3107,3310,3856,4849,5082,5577,7030,7479,7653,8531,10364,
chr22	37639787	37655681	Q9Y3L3-1	1000	+	37639787	37655681	12,12,120	18	59,43,105,77,112,77,145,69,91,146,112,82,81,117,98,184,95,410,	0,1338,1586,2751,3107,3310,3856,4849,5082,5577,7030,7479,7653,8531,10364,10754,13991,15484,
chr22	37641463	37655927	Q6ZT62-2	0	+	37641463	37655927	0,150,250	16	15,77,112,77,145,69,91,146,112,82,81,117,98,184,95,2,	0,1075,1431,1634,2180,3173,3406,3901,5354,5803,5977,6855,8688,9078,12315,14462,
chr22	37658782	37665868	Q96GD0-1	1000	+	37658782	37665868	12,12,120	2	574,314,	0,6772,
chr22	37659328	37665868	Q6ZT62-1	1000	+	37659328	37665868	12,12,120	3	24,1,314,	0,27,6226,
chr22	37659328	37665868	Q6ZT62-2	0	+	37659328	37665868	0,150,250	3	24,1,314,	0,27,6226,
chr22	37675702	37679746	P09382	1000	+	37675702	37679746	12,12,120	4	9,80,172,144,	0,1283,2780,3900,
chr22	37686392	37691333	Q9UGY1	1000	+	37686392	37691333	12,12,120	6	83,106,49,143,98,160,	0,1517,1919,2457,4304,4781,
chr22	37701365	37772759	Q9H2D6-1	1000	+	37701365	37772759	12,12,120	21	114,140,202,172,3319,115,1044,78,138,57,108,90,110,526,111,148,103,160,114,87,159,	0,9061,11844,14397,21819,31932,33033,37276,39529,50406,53511,53735,54184,56247,57788,64304,66708,67662,67896,70284,71235,
chr22	37701365	37772759	Q9H2D6-2	0	+	37701365	37772759	0,150,250	20	114,140,202,172,3319,1,1041,78,57,69,90,110,526,111,148,103,160,114,87,159,	0,9061,11844,14397,21819,31932,33036,37276,50406,53550,53735,54184,56247,57788,64304,66708,67662,67896,70284,71235,
chr22	37715822	37733298	Q9H2D6-4	0	+	37715822	37733298	0,150,250	3	112,3319,1,	0,7362,17475,
chr22	37715822	37772759	Q9H2D6-3	0	+	37715822	37772759	0,150,250	18	112,3319,115,1044,78,138,57,108,90,110,526,111,148,103,160,114,87,159,	0,7362,17475,18576,22819,25072,35949,39054,39278,39727,41790,43331,49847,52251,53205,53439,55827,56778,
chr22	37746237	37759524	Q9H2D6-6	0	+	37746237	37759524	0,150,250	8	183,57,108,90,110,526,111,108,	0,5534,8639,8863,9312,11375,12916,13179,
chr22	37746237	37772759	Q9H2D6-7	0	+	37746237	37772759	0,150,250	13	183,57,108,90,110,526,111,148,103,160,114,87,159,	0,5534,8639,8863,9312,11375,12916,19432,21836,22790,23024,25412,26363,
chr22	37746414	37772759	Q9H2D6-5	0	+	37746414	37772759	0,150,250	13	6,57,108,90,110,526,111,148,103,160,114,87,159,	0,5357,8462,8686,9135,11198,12739,19255,21659,22613,22847,25235,26186,
chr22	37805544	37806126	P07305-1	1000	+	37805544	37806126	12,12,120	1	582,	0,
chr22	37805598	37806126	P07305-2	0	+	37805598	37806126	0,150,250	1	528,	0,
chr22	37807967	37816715	O75600-1	1000	+	37807967	37816715	12,12,120	10	196,2,129,102,147,155,83,173,121,149,	0,1981,2061,4919,5495,7158,7450,7695,8233,8599,
chr22	37807967	37816715	O75600-2	0	+	37807967	37816715	0,150,250	9	196,209,102,147,155,83,173,121,149,	0,1981,4919,5495,7158,7450,7695,8233,8599,
chr22	37823406	37825467	O60755	1000	+	37823406	37825467	12,12,120	2	359,745,	0,1316,
chr22	37831945	37833737	Q6NXT1-2	0	-	37831945	37833737	0,150,250	4	72,108,249,54,	0,691,1012,1738,
chr22	37831945	37844238	Q6NXT1-1	1000	-	37831945	37844238	12,12,120	8	72,108,125,48,72,99,48,328,	0,691,1012,1213,1738,6554,8241,11965,
chr22	37849449	37888461	Q9Y262-1	1000	+	37849449	37888461	12,12,120	13	33,49,211,80,62,70,74,172,155,171,498,81,36,	0,565,1830,6115,9229,13519,13822,20726,24920,26391,28224,37315,38976,
chr22	37849449	37888461	Q9Y262-2	0	+	37849449	37888461	0,150,250	11	33,49,211,80,62,172,155,171,498,81,36,	0,565,1830,6115,9229,20726,24920,26391,28224,37315,38976,
chr22	37906422	37940827	Q8N3F8	1000	+	37906422	37940827	12,12,120	19	146,49,142,89,143,455,58,373,9,1,416,135,127,91,74,115,46,1,119,	0,5529,5928,11284,12613,15549,18237,19238,20634,20703,20988,25376,26130,26375,26616,30657,31323,31396,34286,
chr22	37944177	37953149	Q9BZE7	1000	-	37944177	37953149	12,12,120	6	69,101,132,183,63,103,	0,239,864,3103,7282,8869,
chr22	37953787	37967712	P61218	1000	+	37953787	37967712	12,12,120	5	20,70,131,72,88,	0,2985,5558,13311,13837,
chr22	37973497	37983784	P56693-1	1000	-	37973497	37983784	12,12,120	3	701,269,428,	0,4369,9859,
chr22	37974085	37983784	P56693-2	0	-	37974085	37983784	0,150,250	3	113,269,428,	0,3781,9271,
chr22	38057809	38073823	Q9NRD5-2	0	+	38057809	38073823	0,150,250	10	41,112,129,67,90,54,63,134,93,51,	0,1424,7192,9894,11223,13028,13872,14667,15190,15963,
chr22	38057809	38075129	Q9NRD5-1	1000	+	38057809	38075129	12,12,120	12	41,112,129,67,90,54,63,134,93,51,145,266,	0,1424,7192,9894,11223,13028,13872,14667,15190,15963,16497,17054,
chr22	38078390	38082873	O95907	1000	-	38078390	38082873	12,12,120	4	314,840,144,214,	0,2449,3498,4269,
chr22	38085302	38110525	Q6UXY1-1	1000	-	38085302	38110525	12,12,120	14	73,47,208,141,217,136,153,147,117,72,62,87,76,51,	0,383,939,1821,3445,3793,4219,11729,12760,13108,22549,22952,23830,25172,
chr22	38085302	38110525	Q6UXY1-2	0	-	38085302	38110525	0,150,250	15	73,47,106,60,141,217,136,153,147,117,72,62,87,76,51,	0,383,939,1087,1821,3445,3793,4219,11729,12760,13108,22549,22952,23830,25172,
chr22	38112163	38169426	O60733-1	1000	-	38112163	38169426	12,12,120	16	142,74,168,155,137,151,164,79,162,109,183,97,188,184,216,209,	0,340,1323,3363,3911,8595,10931,14207,16105,17290,20667,22824,27818,30941,33274,57054,
chr22	38112163	38169426	O60733-2	0	-	38112163	38169426	0,150,250	15	142,74,168,155,137,151,164,79,109,183,97,188,184,216,209,	0,340,1323,3363,3911,8595,10931,14207,17290,20667,22824,27818,30941,33274,57054,
chr22	38123257	38169426	O60733-3	0	-	38123257	38169426	0,150,250	10	1,79,162,109,183,97,188,184,216,209,	0,3113,5011,6196,9573,11730,16724,19847,22180,45960,
chr22	38128269	38143287	O60733-4	0	-	38128269	38143287	0,150,250	6	161,109,183,97,188,183,	0,1184,4561,6718,11712,14835,
chr22	38148622	38169426	O60733-4	0	-	38148622	38169426	0,150,250	2	1,209,	0,20595,
chr22	38213853	38214875	Q9ULX9-1	1000	+	38213853	38214875	12,12,120	2	36,456,	0,566,
chr22	38214470	38214875	Q9ULX9-2	0	+	38214470	38214875	0,150,250	1	405,	0,
chr22	38221471	38247961	Q9Y519	1000	-	38221471	38247961	12,12,120	9	239,1,194,170,92,76,91,166,192,	0,1170,3314,3952,5307,9197,9772,24463,26298,
chr22	38293289	38314157	P49674	1000	-	38293289	38314157	12,12,120	9	30,140,193,149,171,229,149,111,76,	0,819,1052,5496,6605,7434,9571,9848,20792,
chr22	38426797	38428132	P48050	1000	-	38426797	38428132	12,12,120	1	1335,	0,
chr22	38468233	38481520	O43731-2	0	+	38468233	38481520	0,150,250	4	91,101,159,309,	0,6289,11359,12978,
chr22	38468233	38482533	O43731-1	1000	+	38468233	38482533	12,12,120	5	91,101,159,253,38,	0,6289,11359,12978,14262,
chr22	38485937	38506000	Q92841-1	0	-	38485937	38506000	0,150,250	14	503,1,236,60,62,111,173,161,142,66,134,100,151,50,	0,1935,1942,6118,7772,8083,8692,8948,9858,12147,12502,13462,15192,20013,
chr22	38485937	38506000	Q92841-2	0	-	38485937	38506000	0,150,250	15	503,1,236,7,53,62,111,173,161,142,66,134,100,151,50,	0,1935,1942,6118,6125,7772,8083,8692,8948,9858,12147,12502,13462,15192,20013,
chr22	38485937	38506000	Q92841-3	0	-	38485937	38506000	0,150,250	13	503,243,60,62,111,173,161,142,66,134,100,151,50,	0,1935,6118,7772,8083,8692,8948,9858,12147,12502,13462,15192,20013,
chr22	38485937	38506237	Q92841-4	1000	-	38485937	38506237	12,12,120	14	503,1,236,60,62,111,173,161,142,66,134,100,151,287,	0,1935,1942,6118,7772,8083,8692,8948,9858,12147,12502,13462,15192,20013,
chr22	38520022	38568256	Q14565-1	1000	-	38520022	38568256	12,12,120	13	67,117,61,115,74,92,73,42,53,83,147,45,51,	0,1585,17569,18272,18516,19298,29902,32643,35334,42264,46567,47560,48183,
chr22	38520022	38568256	Q14565-2	0	-	38520022	38568256	0,150,250	11	67,117,61,115,74,42,53,83,147,45,51,	0,1585,17569,18272,18516,32643,35334,42264,46567,47560,48183,
chr22	38586127	38639630	F5H4B4-2	0	-	38586127	38639630	0,150,250	14	72,106,153,158,95,88,80,108,124,105,102,147,77,16,	0,5307,11076,13636,19126,21261,34084,37044,40052,42110,42706,50323,52618,53487,
chr22	38586127	38650168	F5H4B4-1	1000	-	38586127	38650168	12,12,120	17	72,106,153,158,95,88,80,1,107,124,105,102,147,77,70,83,142,	0,5307,11076,13636,19126,21261,34084,37032,37045,40052,42110,42706,50323,52618,53527,59435,63899,
chr22	38668054	38673233	Q9Y3M2	1000	+	38668054	38673233	12,12,120	4	78,106,119,75,	0,2829,3015,5104,
chr22	38681978	38683838	Q9NS69	1000	+	38681978	38683838	12,12,120	4	117,119,118,72,	0,344,900,1788,
chr22	38687904	38699987	Q15040	1000	-	38687904	38699987	12,12,120	4	97,195,129,185,	0,1030,1391,11898,
chr22	38705955	38730701	O00178	1000	+	38705955	38730701	12,12,120	12	192,112,181,349,124,115,145,183,136,179,201,90,	0,2889,9951,10696,15786,18341,20050,20302,21257,22027,23506,24656,
chr22	38736269	38752628	Q9UH99-1	1000	-	38736269	38752628	12,12,120	18	111,93,168,116,85,222,166,44,78,255,128,1,70,94,96,138,164,122,	0,1903,2317,2603,3072,3452,3997,4737,5224,6031,9414,10802,12444,13496,13955,14628,14940,16237,
chr22	38736269	38752628	Q9UH99-2	0	-	38736269	38752628	0,150,250	17	111,93,168,116,85,222,166,44,78,255,128,71,94,159,138,164,122,	0,1903,2317,2603,3072,3452,3997,4737,5224,6031,9414,12443,13496,13955,14628,14940,16237,
chr22	38736299	38752628	Q9UH99-3	0	-	38736299	38752628	0,150,250	20	12,45,6,93,168,116,85,222,166,44,78,255,128,1,70,94,96,138,164,122,	0,24,75,1873,2287,2573,3042,3422,3967,4707,5194,6001,9384,10772,12414,13466,13925,14598,14910,16207,
chr22	38779451	38782731	O96015	1000	-	38779451	38782731	12,12,120	3	162,84,69,	0,1474,3211,
chr22	38822611	38843858	O95502	1000	-	38822611	38843858	12,12,120	5	222,180,248,226,624,	0,471,3888,5675,20623,
chr22	38866211	38872190	O95503	1000	-	38866211	38872190	12,12,120	5	990,67,66,44,69,	0,5268,5480,5690,5910,
chr22	38957691	38962506	P31941-1	1000	+	38957691	38962506	12,12,120	5	29,145,295,116,12,	0,1850,3695,4406,4803,
chr22	38959548	38962506	P31941-2	0	+	38959548	38962506	0,150,250	4	138,295,116,12,	0,1838,2549,2946,
chr22	38959684	38961570	Q9UH17-2	0	+	38959684	38961570	0,150,250	2	2,184,	0,1702,
chr22	38982453	38989484	Q9UH17-2	0	+	38982453	38989484	0,150,250	5	17,157,280,115,28,	0,1621,3358,3844,7003,
chr22	38982453	38992442	Q9UH17-1	1000	+	38982453	38992442	12,12,120	8	17,157,280,115,154,295,116,12,	0,1621,3358,3844,7003,8878,9580,9977,
chr22	38982453	38992442	Q9UH17-3	0	+	38982453	38992442	0,150,250	8	17,157,280,115,154,220,116,12,	0,1621,3358,3844,7003,8953,9580,9977,
chr22	38989608	38991515	Q9UH17-2	0	+	38989608	38991515	0,150,250	2	2,184,	0,1723,
chr22	39014362	39018384	Q9NRW3	1000	+	39014362	39018384	12,12,120	4	17,157,280,116,	0,1232,3403,3906,
chr22	39021519	39032313	Q96AK3	1000	+	39021519	39032313	12,12,120	7	17,193,280,115,157,280,116,	0,1302,3550,4037,7843,10174,10678,
chr22	39040960	39044088	Q8IUX4-2	0	+	39040960	39044088	0,150,250	3	17,154,6,	0,1976,3122,
chr22	39040960	39044214	Q8IUX4-3	0	+	39040960	39044214	0,150,250	3	17,154,132,	0,1976,3122,
chr22	39040960	39052692	Q8IUX4-1	1000	+	39040960	39052692	12,12,120	7	17,154,280,115,157,280,116,	0,1976,3980,4467,8464,11113,11616,
chr22	39077361	39080935	Q9HC16-3	0	+	39077361	39080935	0,150,250	3	17,154,3,	0,1570,3571,
chr22	39077361	39087418	Q9HC16-1	1000	+	39077361	39087418	12,12,120	8	17,154,295,115,154,289,116,12,	0,1570,3571,4109,6369,8917,9649,10045,
chr22	39100278	39102555	Q6NTF7-4	0	+	39100278	39102555	0,150,250	3	150,268,44,	0,958,2233,
chr22	39100278	39102568	Q6NTF7-1	1000	+	39100278	39102568	12,12,120	4	150,268,125,57,	0,958,1639,2233,
chr22	39100278	39103694	Q6NTF7-2	0	+	39100278	39103694	0,150,250	4	150,268,125,3,	0,958,1639,3413,
chr22	39100278	39103694	Q6NTF7-3	0	+	39100278	39103694	0,150,250	4	150,268,125,6,	0,958,1639,3410,
chr22	39133893	39152444	O95931	1000	-	39133893	39152444	12,12,120	6	155,352,67,66,44,69,	0,507,4742,7477,15895,18482,
chr22	39225725	39240872	P01127-2	0	-	39225725	39240872	0,150,250	6	122,145,206,90,97,18,	0,4358,5896,7709,10052,15129,
chr22	39225725	39243963	P01127-1	1000	-	39225725	39243963	12,12,120	6	122,145,206,90,97,63,	0,4358,5896,7709,10052,18175,
chr22	39312942	39319597	P39023	1000	-	39312942	39319597	12,12,120	10	42,120,96,102,161,187,136,169,193,3,	0,248,691,1164,1743,2426,3763,4518,5457,6652,
chr22	39350010	39377687	O43759-2	0	+	39350010	39377687	0,150,250	4	99,238,146,90,	0,24305,26041,27587,
chr22	39350010	39381911	O43759-1	1000	+	39350010	39381911	12,12,120	4	99,238,146,216,	0,24305,26041,31685,
chr22	39364194	39377687	O43759-3	0	+	39364194	39377687	0,150,250	4	102,238,146,90,	0,10121,11857,13403,
chr22	39399802	39430219	Q15750-1	1000	+	39399802	39430219	12,12,120	11	33,137,154,87,139,114,112,145,223,163,205,	0,15203,15697,16988,17908,18929,19716,22024,26900,28218,30212,
chr22	39399802	39436568	Q15750-2	0	+	39399802	39436568	0,150,250	11	33,137,154,87,139,114,112,145,223,163,79,	0,15203,15697,16988,17908,18929,19716,22024,26900,28218,36687,
chr22	39487347	39488946	Q09327	1000	+	39487347	39488946	12,12,120	1	1599,	0,
chr22	39504230	39504440	L0R8F8-1	1000	+	39504230	39504440	12,12,120	1	210,	0,
chr22	39511294	39512439	Q9NQG6-2	0	+	39511294	39512439	0,150,250	3	144,178,122,	0,554,1023,
chr22	39511294	39514320	Q9NQG6-1	1000	+	39511294	39514320	12,12,120	4	144,178,263,804,	0,554,937,2222,
chr22	39521445	39522599	P18848	1000	+	39521445	39522599	12,12,120	2	226,827,	0,327,
chr22	39529494	39532738	Q86WX3	1000	-	39529494	39532738	12,12,120	4	129,98,129,52,	0,325,2900,3192,
chr22	39570752	39684498	Q9P0X4-2	0	+	39570752	39684498	0,150,250	36	236,112,134,98,160,316,93,313,105,425,152,186,118,156,94,203,471,101,124,69,185,127,126,90,193,152,110,134,71,79,122,339,147,123,166,197,	0,27398,29767,48557,63812,70114,72044,75816,77069,78748,87399,88178,88680,88944,89591,90355,91212,92023,92965,93338,93986,94745,95128,97539,99285,100050,101446,102196,103210,106588,107234,108354,108969,110177,111743,113549,
chr22	39570752	39684498	Q9P0X4-3	0	+	39570752	39684498	0,150,250	36	236,112,134,98,160,316,93,312,1,425,152,186,118,156,94,203,471,101,124,69,185,127,126,90,193,152,110,134,71,79,122,339,147,123,166,197,	0,27398,29767,48557,63812,70114,72044,75816,77173,78748,87399,88178,88680,88944,89591,90355,91212,92023,92965,93338,93986,94745,95128,97539,99285,100050,101446,102196,103210,106588,107234,108354,108969,110177,111743,113549,
chr22	39570752	39686402	Q9P0X4-1	1000	+	39570752	39686402	12,12,120	37	236,112,134,98,160,316,93,313,105,425,152,186,118,156,94,203,471,101,124,69,185,127,126,90,193,152,110,134,71,79,122,339,147,123,166,197,642,	0,27398,29767,48557,63812,70114,72044,75816,77069,78748,87399,88178,88680,88944,89591,90355,91212,92023,92965,93338,93986,94745,95128,97539,99285,100050,101446,102196,103210,106588,107234,108354,108969,110177,111743,113549,115008,
chr22	39570752	39686402	Q9P0X4-4	0	+	39570752	39686402	0,150,250	37	236,112,134,98,160,316,93,312,1,425,152,186,118,156,94,203,471,101,124,69,185,127,126,90,193,152,110,134,71,79,122,339,147,123,166,197,642,	0,27398,29767,48557,63812,70114,72044,75816,77173,78748,87399,88178,88680,88944,89591,90355,91212,92023,92965,93338,93986,94745,95128,97539,99285,100050,101446,102196,103210,106588,107234,108354,108969,110177,111743,113549,115008,
chr22	39743681	39887748	Q8IYW4	1000	-	39743681	39887748	12,12,120	6	602,387,121,119,243,349,	0,21541,77311,92158,118083,143718,
chr22	39947106	39971081	O75791-1	1000	+	39947106	39971081	12,12,120	7	78,92,120,169,231,123,177,	0,8712,12948,18883,20935,22304,23798,
chr22	39960054	39971081	O75791-2	0	+	39960054	39971081	0,150,250	4	120,231,123,177,	0,7987,9356,10850,
chr22	39964374	39964566	A0A024R1R8	1000	+	39964374	39964566	12,12,120	1	192,	0,
chr22	39995042	40029562	Q8NEG4-1	1000	+	39995042	40029562	12,12,120	5	489,168,122,674,47,	0,24125,24844,26247,34473,
chr22	40019182	40029562	Q8NEG4-2	0	+	40019182	40029562	0,150,250	4	153,122,674,47,	0,704,2107,10333,
chr22	40125817	40323238	Q9UPQ9-2	0	+	40125817	40323238	0,150,250	22	45,68,88,22,342,159,176,75,46,149,126,132,96,184,138,177,147,96,225,71,140,385,	0,30297,120197,125361,136014,144304,147607,151259,152181,154177,159827,174637,175092,175332,182694,184999,186687,187084,189465,190124,195272,197036,
chr22	40178135	40323238	Q9UPQ9-1	0	+	40178135	40323238	0,150,250	25	5,88,22,342,2348,1,176,75,46,149,24,18,12,72,132,96,184,138,177,147,96,225,71,140,385,	0,67879,73043,83696,86552,92144,95289,98941,99863,101859,102998,103136,107509,107563,122319,122774,123014,130376,132681,134369,134766,137147,137806,142954,144718,
chr22	40178135	40323238	Q9UPQ9-3	1000	+	40178135	40323238	12,12,120	23	5,88,22,342,2349,159,176,75,46,149,171,126,132,96,184,138,177,147,96,225,71,140,385,	0,67879,73043,83696,86552,91986,95289,98941,99863,101859,102983,107509,122319,122774,123014,130376,132681,134369,134766,137147,137806,142954,144718,
chr22	40346558	40366519	P30566-1	1000	+	40346558	40366519	12,12,120	13	153,204,45,80,172,47,91,70,148,91,90,177,84,	0,3273,6514,7689,12305,12701,13843,14714,14929,16422,17717,18321,19877,
chr22	40346558	40366519	P30566-2	0	+	40346558	40366519	0,150,250	12	153,204,45,80,172,47,91,70,148,91,90,84,	0,3273,6514,7689,12305,12701,13843,14714,14929,16422,17717,19877,
chr22	40400806	40409756	Q96HU1-1	1000	+	40400806	40409756	12,12,120	22	7,83,67,209,108,144,196,146,225,55,128,156,55,50,153,71,49,86,1,122,61,75,	0,786,1332,3440,3750,4334,4842,5271,5631,6210,6394,6606,6982,7264,7470,7820,7987,8126,8392,8444,8658,8875,
chr22	40400806	40409756	Q96HU1-2	0	+	40400806	40409756	0,150,250	22	7,83,67,209,108,144,196,146,225,55,128,156,55,50,153,71,49,86,1,122,61,75,	0,786,1332,3440,3750,4334,4842,5271,5631,6210,6394,6606,6982,7264,7470,7820,7987,8126,8392,8444,8658,8875,
chr22	40411392	40463227	Q969V6	1000	-	40411392	40463227	12,12,120	12	515,61,153,1011,172,254,150,176,162,76,56,7,	0,5593,5948,6981,9012,9454,12143,12813,18213,20012,24106,51828,
chr22	40679652	40681925	Q99705	1000	+	40679652	40681925	12,12,120	2	82,977,	0,1296,
chr22	40770836	40819248	O43808	1000	-	40770836	40819248	12,12,120	9	145,83,96,146,117,152,67,61,54,	0,3100,6203,6391,8172,21688,23677,28186,48358,
chr22	40826540	40856540	P50502	1000	-	40826540	40856540	12,12,120	12	126,134,49,117,103,111,85,67,71,76,58,110,	0,555,3085,4299,6028,9019,9262,14085,18298,21753,24282,29890,
chr22	40826540	40856540	Q8NFI4	1000	-	40826540	40856540	12,12,120	12	126,134,49,117,103,111,85,67,71,76,58,110,	0,555,3085,4299,6028,9019,9262,14085,18298,21753,24282,29890,
chr22	40857181	40886515	Q9NQH7-3	0	+	40857181	40886515	0,150,250	4	64,117,408,203,	0,11817,24588,29131,
chr22	40857181	40886515	Q9NQH7-5	0	+	40857181	40886515	0,150,250	4	64,117,408,203,	0,11817,24588,29131,
chr22	40857181	40926432	Q9NQH7-1	1000	+	40857181	40926432	12,12,120	10	64,117,408,203,63,114,86,181,121,164,	0,11817,24588,29131,50405,51940,57057,65151,67180,69087,
chr22	40861067	40861994	Q7Z6W7	1000	-	40861067	40861994	12,12,120	1	927,	0,
chr22	40869003	40926432	Q9NQH7-4	0	+	40869003	40926432	0,150,250	9	112,408,203,63,114,86,181,121,164,	0,12766,17309,38583,40118,45235,53329,55358,57265,
chr22	40881825	40926432	Q9NQH7-2	0	+	40881825	40926432	0,150,250	8	352,203,63,114,86,181,121,164,	0,4487,25761,27296,32413,40507,42536,44443,
chr22	40951398	40972485	P62877	1000	+	40951398	40972485	12,12,120	5	78,79,71,86,10,	0,2156,12648,16400,21077,
chr22	41093004	41178953	Q09472	1000	+	41093004	41178953	12,12,120	31	94,635,177,262,114,246,94,138,118,175,78,110,138,438,180,145,119,240,89,81,57,78,68,151,147,114,166,165,162,282,2181,	0,24182,32859,34482,36885,38383,42808,44648,47135,48043,53734,54832,56033,56756,58828,59201,61990,64164,65407,67637,69718,71048,73594,75444,75716,76498,77401,79494,80618,83242,83768,
chr22	41205362	41227322	Q969R5-3	0	+	41205362	41227322	0,150,250	14	24,238,134,124,80,118,135,89,232,77,105,148,83,234,	0,4333,8530,10776,11760,14056,15371,15836,18657,19362,19604,20431,21299,21726,
chr22	41205362	41227535	Q969R5-2	0	+	41205362	41227535	0,150,250	15	24,238,134,124,80,118,135,89,232,77,105,148,83,235,17,	0,4333,8530,10776,11760,14056,15371,15836,18657,19362,19604,20431,21299,21726,22156,
chr22	41205362	41230248	Q969R5-1	1000	+	41205362	41230248	12,12,120	17	24,238,134,124,80,118,135,89,232,77,105,148,83,235,66,117,110,	0,4333,8530,10776,11760,14056,15371,15836,18657,19362,19604,20431,21299,21726,22441,24177,24776,
chr22	41229706	41240881	Q6NUI6-1	1000	-	41229706	41240881	12,12,120	6	24,199,167,1710,178,8,	0,5438,6777,7469,9736,11167,
chr22	41236557	41240881	Q6NUI6-2	0	-	41236557	41240881	0,150,250	4	93,1710,178,8,	0,618,2885,4316,
chr22	41246605	41281044	P46060	1000	-	41246605	41281044	12,12,120	15	67,122,89,103,120,187,85,100,114,159,135,180,60,128,112,	0,2724,3123,4401,6266,7702,9415,9585,10105,11342,14840,18058,21491,27994,34327,
chr22	41320660	41357426	Q9UGR2	1000	+	41320660	41357426	12,12,120	22	53,34,198,159,81,57,43,191,322,59,100,162,206,101,182,86,134,106,109,134,164,250,	0,4903,5060,6545,9362,11510,17652,18340,19155,20427,21868,22754,25342,27406,28459,30900,34808,35096,35293,35682,35984,36516,
chr22	41367532	41395957	Q10587-2	0	+	41367532	41395957	0,150,250	4	67,318,221,213,	0,19818,26563,28212,
chr22	41382044	41395957	Q10587-1	1000	+	41382044	41395957	12,12,120	4	157,318,221,213,	0,5306,12051,13700,
chr22	41436313	41437345	Q14106-1	1000	-	41436313	41437345	12,12,120	1	1032,	0,
chr22	41436613	41437345	Q14106-2	0	-	41436613	41437345	0,150,250	1	732,	0,
chr22	41460400	41468653	Q7RTV0	1000	-	41460400	41468653	12,12,120	4	87,167,24,52,	0,7047,7723,8201,
chr22	41469146	41528610	Q99798	1000	+	41469146	41528610	12,12,120	18	36,137,259,93,159,151,105,92,106,158,74,112,123,156,192,133,122,132,	0,30579,38644,42729,46230,46620,48380,49334,51024,53683,54058,54683,55699,56046,57115,58141,58754,59332,
chr22	41529285	41544101	Q9Y535-1	1000	-	41529285	41544101	12,12,120	6	51,202,64,87,97,111,	0,1401,2808,3373,11413,14705,
chr22	41529285	41544101	Q9Y535-2	0	-	41529285	41544101	0,150,250	6	51,202,64,1,96,111,	0,1401,2808,3373,11414,14705,
chr22	41571965	41574892	Q9Y534	1000	+	41571965	41574892	12,12,120	3	176,123,160,	0,1689,2767,
chr22	41577320	41589805	Q92871	1000	-	41577320	41589805	12,12,120	8	120,116,76,100,92,77,118,87,	0,487,1485,6638,6960,7206,8755,12398,
chr22	41601099	41620839	Q6ICB0	1000	-	41601099	41620839	12,12,120	6	91,123,110,70,22,88,	0,2159,2944,6162,6740,19652,
chr22	41622004	41663812	P12956-1	1000	+	41622004	41663812	12,12,120	12	82,113,139,255,184,187,169,162,130,101,114,191,	0,6113,14108,14511,15603,24891,28718,31524,34898,36247,39326,41617,
chr22	41622004	41663812	P12956-2	0	+	41622004	41663812	0,150,250	12	82,113,16,255,184,187,169,162,130,101,114,191,	0,6113,14231,14511,15603,24891,28718,31524,34898,36247,39326,41617,
chr22	41674935	41682358	P55769	1000	-	41674935	41682358	12,12,120	3	260,121,3,	0,5308,7420,
chr22	41699538	41743080	Q5TIA1-6	0	+	41699538	41743080	0,150,250	12	174,124,51,74,106,204,131,115,117,100,135,1,	0,3792,5965,14463,16502,18532,24404,30126,30982,32706,32930,43541,
chr22	41699538	41746026	Q5TIA1-4	0	+	41699538	41746026	0,150,250	14	174,124,51,74,106,204,131,115,117,100,135,115,92,142,	0,3792,5965,14463,16502,18532,24404,30126,30982,32706,32930,43541,45434,46346,
chr22	41699538	41799296	Q5TIA1-1	1000	+	41699538	41799296	12,12,120	31	174,124,51,74,106,204,131,115,117,100,135,115,92,142,112,61,98,169,148,276,166,105,111,161,82,176,82,107,132,113,43,	0,3792,5965,14463,16502,18532,24404,30126,30982,32706,32930,43541,45434,46346,48568,53052,54410,58826,63635,71147,76563,79169,81745,82146,84800,85069,94290,94832,95872,96196,99715,
chr22	41753991	41799296	Q5TIA1-2	0	+	41753991	41799296	0,150,250	15	55,169,148,276,166,105,111,161,82,176,82,107,132,113,43,	0,4373,9182,16694,22110,24716,27292,27693,30347,30616,39837,40379,41419,41743,45262,
chr22	41753991	41799296	Q5TIA1-3	0	+	41753991	41799296	0,150,250	15	55,169,148,276,165,1,111,161,82,176,82,107,132,113,43,	0,4373,9182,16694,22110,24820,27292,27693,30347,30616,39837,40379,41419,41743,45262,
chr22	41770688	41799296	Q5TIA1-5	0	+	41770688	41799296	0,150,250	12	273,166,105,111,161,82,176,82,107,42,113,43,	0,5413,8019,10595,10996,13650,13919,23140,23682,24722,25046,28565,
chr22	41781734	41799296	Q5TIA1-7	0	+	41781734	41799296	0,150,250	7	111,82,176,82,107,113,43,	0,2604,2873,12094,12636,14000,17519,
chr22	41808890	41825820	Q9H6E4	1000	+	41808890	41825820	12,12,120	6	103,122,85,182,72,123,	0,988,1316,4373,4860,16807,
chr22	41833270	41880906	Q12772-2	0	+	41833270	41880906	0,150,250	12	88,450,182,105,33,222,115,182,193,182,100,191,	0,33560,35340,37618,37732,40527,42066,42272,43958,44671,45388,47445,
chr22	41833270	41905657	Q12772-1	1000	+	41833270	41905657	12,12,120	19	88,450,182,147,222,115,182,193,182,277,170,169,118,110,133,169,186,112,218,	0,33560,35340,37618,40527,42066,42272,43958,44671,47445,51571,59846,61549,63781,65378,67059,69699,71592,72169,
chr22	41909767	41914667	B8ZZ34-1	1000	-	41909767	41914667	12,12,120	4	380,147,134,530,	0,640,1448,4370,
chr22	41909767	41914667	B8ZZ34-3	0	-	41909767	41914667	0,150,250	4	380,432,134,530,	0,640,1448,4370,
chr22	41925369	41926773	Q96RJ3-1	1000	-	41925369	41926773	12,12,120	3	185,231,136,	0,731,1268,
chr22	41925369	41926773	Q96RJ3-2	0	-	41925369	41926773	0,150,250	4	123,62,231,136,	0,123,731,1268,
chr22	41939058	41940174	Q9NSP4-3	0	-	41939058	41940174	0,150,250	2	138,36,	0,1080,
chr22	41939058	41947076	Q9NSP4-1	1000	-	41939058	41947076	12,12,120	6	138,92,80,93,80,57,	0,4551,6166,6854,7358,7961,
chr22	41939185	41947076	Q9NSP4-4	0	-	41939185	41947076	0,150,250	5	11,80,93,80,57,	0,6039,6727,7231,7834,
chr22	41945138	41947076	Q9NSP4-2	0	-	41945138	41947076	0,150,250	4	166,93,80,57,	0,774,1278,1881,
chr22	41957685	41957889	A0A590UK83	1000	+	41957685	41957889	12,12,120	1	204,	0,
chr22	41977064	41981835	Q9UH03-3	0	+	41977064	41981835	0,150,250	2	10,191,	0,4580,
chr22	41977064	41994753	Q9UH03-2	0	+	41977064	41994753	0,150,250	10	10,192,129,82,138,118,96,100,52,133,	0,4580,8919,10141,10557,12502,14508,15599,17225,17556,
chr22	41977064	41996964	Q9UH03-1	1000	+	41977064	41996964	12,12,120	11	10,192,129,82,138,118,96,100,52,94,63,	0,4580,8919,10141,10557,12502,14508,15599,17225,17556,19837,
chr22	41998818	42027178	Q6ICG8	1000	+	41998818	42027178	12,12,120	6	62,109,142,93,108,413,	0,20492,20843,21185,23430,27947,
chr22	42060281	42070297	P17050	1000	-	42060281	42070297	12,12,120	9	132,144,198,162,95,178,172,136,16,	0,642,2545,5456,6428,6831,7483,8157,10000,
chr22	42077293	42078070	Q6ICB4	1000	+	42077293	42078070	12,12,120	1	777,	0,
chr22	42079768	42082059	Q9H4I9	1000	+	42079768	42082059	12,12,120	2	186,135,	0,2156,
chr22	42086185	42090744	P56556	1000	-	42086185	42090744	12,12,120	3	129,116,139,	0,874,4420,
chr22	42126576	42130791	P10635-1	1000	-	42126576	42130791	12,12,120	9	176,142,188,142,177,161,153,172,180,	0,274,870,1265,1597,2207,2456,3161,4035,
chr22	42126576	42130791	P10635-2	0	-	42126576	42130791	0,150,250	9	176,142,188,142,177,159,2,172,180,	0,274,870,1265,1597,2207,2607,3161,4035,
chr22	42140280	42144355	A0A087X1C5	1000	-	42140280	42144355	12,12,120	10	176,142,216,26,142,177,161,153,172,72,	0,274,871,1090,1253,1587,2198,2447,3129,4003,
chr22	42161343	42215305	Q9UGU0-2	0	-	42161343	42215305	0,150,250	4	15,50,94,5655,	0,8503,18265,48307,
chr22	42168655	42215305	Q9UGU0-1	1000	-	42168655	42215305	12,12,120	4	81,50,94,5655,	0,1191,10953,40995,
chr22	42385163	42432357	Q8NET5	1000	-	42385163	42432357	12,12,120	6	57,90,99,113,330,121,	0,1825,12694,24271,26243,47073,
chr22	42500670	42509103	Q9NQF3	1000	+	42500670	42509103	12,12,120	8	22,150,114,42,20,75,110,76,	0,954,1248,1680,2078,2528,4362,8357,
chr22	42512912	42514711	Q9NSQ0	1000	-	42512912	42514711	12,12,120	4	83,34,162,30,	0,1193,1230,1769,
chr22	42512912	42519786	Q9Y3A4	1000	-	42512912	42519786	12,12,120	7	83,199,98,118,126,143,73,	0,1193,1769,2238,3098,5092,6801,
chr22	42554020	42571196	Q9NQF3	1000	+	42554020	42571196	12,12,120	8	22,150,114,42,20,75,110,76,	0,917,1211,1643,2043,2493,4327,17100,
chr22	42554020	42574052	Q9H4I8-1	1000	+	42554020	42574052	12,12,120	13	22,150,114,42,20,75,110,79,1,35,83,94,117,	0,917,1211,1643,2043,2493,4327,6165,9448,12283,17100,18415,19915,
chr22	42554020	42574052	Q9H4I8-2	0	+	42554020	42574052	0,150,250	10	22,114,20,75,110,80,35,83,94,117,	0,1211,2043,2493,4327,6165,12283,17100,18415,19915,
chr22	42560225	42574052	Q9H4I8-3	0	+	42560225	42574052	0,150,250	6	39,1,35,83,94,117,	0,3243,6078,10895,12210,13710,
chr22	42574735	42576541	Q9NSQ0	1000	-	42574735	42576541	12,12,120	3	83,196,30,	0,1195,1776,
chr22	42585793	42614857	Q9BY77-1	1000	-	42585793	42614857	12,12,120	9	175,67,130,78,180,96,87,391,59,	0,1712,6161,9743,10392,13904,16176,16976,29005,
chr22	42585793	42614857	Q9BY77-2	0	-	42585793	42614857	0,150,250	8	175,67,130,78,180,96,391,59,	0,1712,6161,9743,10392,13904,16976,29005,
chr22	42619775	42636798	P00387-2	0	-	42619775	42636798	0,150,250	8	170,100,86,84,130,107,73,84,	0,4013,7528,7829,8376,11106,11602,16939,
chr22	42619775	42644509	P00387-3	0	-	42619775	42644509	0,150,250	9	170,100,86,84,130,107,73,132,120,	0,4013,7528,7829,8376,11106,11602,16939,24614,
chr22	42619775	42649315	P00387-1	1000	-	42619775	42649315	12,12,120	9	170,100,86,84,130,107,73,132,21,	0,4013,7528,7829,8376,11106,11602,16939,29519,
chr22	42639974	42640274	Q7Z4Y8	1000	-	42639974	42640274	12,12,120	1	300,	0,
chr22	42692892	42693951	Q9NPC4	1000	-	42692892	42693951	12,12,120	1	1059,	0,
chr22	42797590	42857182	Q9NP61-1	1000	-	42797590	42857182	12,12,120	16	15,122,91,124,132,123,129,140,47,60,88,84,132,73,119,69,	0,1448,9482,11176,13222,19551,20138,24679,26065,29349,33958,36651,37771,43353,49923,59523,
chr22	42797590	42857182	Q9NP61-2	0	-	42797590	42857182	0,150,250	15	15,122,91,124,132,123,129,140,47,60,88,84,73,119,69,	0,1448,9482,11176,13222,19551,20138,24679,26065,29349,33958,36651,43353,49923,59523,
chr22	42871359	42912080	Q9UNF0-1	1000	-	42871359	42912080	12,12,120	10	110,197,123,122,121,176,156,236,157,60,	0,4777,5528,7688,10824,13026,17283,19587,22097,40661,
chr22	42871359	42912080	Q9UNF0-2	0	-	42871359	42912080	0,150,250	10	110,197,122,3,118,176,156,236,157,60,	0,4777,7688,9257,10827,13026,17283,19587,22097,40661,
chr22	43039778	43075586	O95922-1	1000	-	43039778	43075586	12,12,120	9	127,164,87,144,109,135,181,209,113,	0,6631,12022,19605,24034,24411,28631,29857,35695,
chr22	43039778	43075586	O95922-4	0	-	43039778	43075586	0,150,250	8	127,164,144,109,135,181,209,113,	0,6631,19605,24034,24411,28631,29857,35695,
chr22	43070178	43075586	O95922-2	0	-	43070178	43075586	0,150,250	2	64,113,	0,5295,
chr22	43124022	43129302	Q13323	1000	+	43124022	43129302	12,12,120	4	161,99,130,90,	0,3674,4473,5190,
chr22	43133045	43143348	Q8IVS2-1	1000	-	43133045	43143348	12,12,120	4	441,218,88,423,	0,4035,8116,9880,
chr22	43133457	43143348	Q8IVS2-2	0	-	43133457	43143348	0,150,250	3	29,88,423,	0,7704,9468,
chr22	43159238	43162988	P30536-1	1000	+	43159238	43162988	12,12,120	3	182,139,186,	0,1813,3564,
chr22	43161150	43163068	B1AH88-1	1000	+	43161150	43163068	12,12,120	2	40,266,	0,1652,
chr22	43168010	43187069	Q14166	1000	-	43168010	43187069	12,12,120	14	149,139,69,82,152,112,195,117,77,134,160,199,170,177,	0,763,1489,3808,4392,5704,6198,6488,8309,11608,11830,12731,14969,18882,
chr22	43203999	43343261	Q8IWY4	1000	-	43203999	43343261	12,12,120	22	150,80,153,198,162,168,162,204,138,117,105,120,123,117,123,117,117,126,135,129,132,88,	0,3534,4072,6043,6922,8425,10090,14255,16450,17173,18638,19097,23374,25072,27753,34838,54219,58720,87046,115937,135104,139174,
chr22	43412143	43505613	O15442-2	0	+	43412143	43505613	0,150,250	7	15,302,182,226,116,114,116,	0,12764,22890,62592,86091,90500,93354,
chr22	43424985	43505613	O15442-1	1000	+	43424985	43505613	12,12,120	6	224,182,226,116,114,116,	0,10048,49750,73249,77658,80512,
chr22	43528855	43555096	Q5THR3-4	0	-	43528855	43555096	0,150,250	6	120,150,185,169,231,228,	0,1959,5832,8521,11271,26013,
chr22	43528855	43600151	Q5THR3-3	0	-	43528855	43600151	0,150,250	10	120,150,185,169,231,228,192,196,156,83,	0,1959,5832,8521,11271,26013,47441,51608,61218,71213,
chr22	43528855	43755816	Q5THR3-2	0	-	43528855	43755816	0,150,250	27	120,150,185,169,231,228,192,196,156,195,119,97,233,134,115,169,174,161,60,168,109,111,149,125,113,137,51,	0,1959,5832,8521,11271,26013,47441,51608,61218,71213,79626,86970,97591,103249,106246,138248,140016,143117,143390,149140,154891,158615,182619,187992,202843,207001,226910,
chr22	43528855	43782318	Q5THR3-1	1000	-	43528855	43782318	12,12,120	30	120,150,185,169,231,228,192,196,156,195,119,97,233,134,115,169,174,161,60,168,109,111,149,125,113,137,67,89,212,139,	0,1959,5832,8521,11271,26013,47441,51608,61218,71213,79626,86970,97591,103249,106246,138248,140016,143117,143390,149140,154891,158615,182619,187992,202843,207001,226910,236449,244036,253324,
chr22	43554868	43782318	Q5THR3-5	0	-	43554868	43782318	0,150,250	25	228,192,196,156,195,119,97,233,134,115,169,174,161,60,168,109,111,149,125,113,137,67,89,212,139,	0,21428,25595,35205,45200,53613,60957,71578,77236,80233,112235,114003,117104,117377,123127,128878,132602,156606,161979,176830,180988,200897,210436,218023,227311,
chr22	43683746	43782318	Q5THR3-6	0	-	43683746	43782318	0,150,250	10	109,111,149,125,113,137,67,89,212,139,	0,3724,27728,33101,47952,52110,72019,81558,89145,98433,
chr22	43826003	43862382	Q9BR01-1	1000	-	43826003	43862382	12,12,120	7	110,139,95,127,81,131,169,	0,3056,7636,12863,13941,15798,36210,
chr22	43827602	43862382	Q9BR01-2	0	-	43827602	43862382	0,150,250	7	38,139,95,127,81,131,169,	0,1457,6037,11264,12342,14199,34611,
chr22	43880797	43891880	Q7Z6Z6-1	1000	-	43880797	43891880	12,12,120	9	88,117,133,186,61,210,66,233,193,	0,760,3415,5505,6793,8531,9001,10264,10890,
chr22	43880797	43891880	Q7Z6Z6-2	0	-	43880797	43891880	0,150,250	7	88,117,133,186,61,167,193,	0,760,3415,5505,6793,8531,10890,
chr22	43923911	43946379	Q9NST1-1	1000	+	43923911	43946379	12,12,120	9	187,233,66,210,61,222,133,105,226,	0,3023,4912,8966,10694,13139,16081,20779,22242,
chr22	43923911	43946379	Q9NST1-2	0	+	43923911	43946379	0,150,250	10	174,1,233,66,210,61,222,133,105,226,	0,186,3023,4912,8966,10694,13139,16081,20779,22242,
chr22	43955577	43996380	Q9Y512	1000	+	43955577	43996380	12,12,120	15	21,111,102,88,107,131,88,129,72,87,71,68,147,142,43,	0,7708,8874,13153,16658,17293,17658,20477,21172,22294,25813,28355,33533,34687,40760,
chr22	43999340	44168675	Q9HBI1-2	0	+	43999340	44168675	0,150,250	14	71,140,90,71,103,141,116,59,20,62,69,102,73,74,	0,193,94587,100712,119697,132146,133553,137119,140783,148520,152142,158641,164517,169261,
chr22	44024339	44168675	Q9HBI1-1	1000	+	44024339	44168675	12,12,120	13	112,90,71,103,141,116,59,20,62,69,102,73,74,	0,69588,75713,94698,107147,108554,112120,115784,123521,127143,133642,139518,144262,
chr22	44069161	44168675	Q9HBI1-3	0	+	44069161	44168675	0,150,250	13	1,90,71,103,141,116,59,20,62,69,102,73,74,	0,24766,30891,49876,62325,63732,67298,70962,78699,82321,88820,94696,99440,
chr22	44173002	44185872	Q9HBI0-4	0	+	44173002	44185872	0,150,250	3	189,91,65,	0,10315,12805,
chr22	44183329	44185872	Q9HBI0-5	0	+	44183329	44185872	0,150,250	2	79,65,	0,2478,
chr22	44183329	44192102	Q9HBI0-3	0	+	44183329	44192102	0,150,250	6	79,65,103,141,116,54,	0,2478,4446,5784,7221,8719,
chr22	44183329	44205759	Q9HBI0-2	0	+	44183329	44205759	0,150,250	11	79,65,103,141,116,56,23,59,69,102,3,	0,2478,4446,5784,7221,8719,10471,12825,13017,15291,22427,
chr22	44183329	44206423	Q9HBI0-1	1000	+	44183329	44206423	12,12,120	12	79,65,103,141,116,56,23,59,69,102,73,107,	0,2478,4446,5784,7221,8719,10471,12825,13017,15291,22427,22987,
chr22	44285429	44300945	Q3SXP7	1000	-	44285429	44300945	12,12,120	3	316,214,67,	0,11242,15449,
chr22	44496839	44497556	Q6ICC9	1000	-	44496839	44497556	12,12,120	1	717,	0,
chr22	44679799	44737244	P85299-5	0	+	44679799	44737244	0,150,250	9	86,117,81,49,58,92,141,136,473,	0,22692,34791,45444,46777,51930,52451,55227,56972,
chr22	44702474	44737244	P85299-1	1000	+	44702474	44737244	12,12,120	8	134,81,49,58,92,141,136,473,	0,12116,22769,24102,29255,29776,32552,34297,
chr22	44702501	44737244	P85299-3	0	+	44702501	44737244	0,150,250	8	107,81,49,58,92,141,136,473,	0,12089,22742,24075,29228,29749,32525,34270,
chr22	44726597	44737244	P85299-4	0	+	44726597	44737244	0,150,250	5	37,92,141,136,473,	0,5132,5653,8429,10174,
chr22	44726633	44737244	P85299-2	0	+	44726633	44737244	0,150,250	5	1,92,141,136,473,	0,5096,5617,8393,10138,
chr22	44786527	44862276	P85298-2	0	+	44786527	44862276	0,150,250	10	79,88,132,87,99,111,74,78,129,2,	0,15549,21779,28144,35843,38955,58741,61445,62404,75747,
chr22	44786527	44862312	P85298-5	0	+	44786527	44862312	0,150,250	10	79,88,132,87,99,111,74,78,129,38,	0,15549,21779,28144,35843,38955,58741,61445,62404,75747,
chr22	44786527	44862592	P85298-1	1000	+	44786527	44862592	12,12,120	12	79,88,132,93,87,99,111,74,78,129,104,318,	0,15549,21779,22478,28144,35843,38955,58741,61445,62404,73203,75747,
chr22	44786527	44862592	P85298-3	0	+	44786527	44862592	0,150,250	12	79,88,132,82,83,99,111,74,78,129,104,318,	0,15549,21779,22478,28148,35843,38955,58741,61445,62404,73203,75747,
chr22	44786527	44862592	P85298-4	0	+	44786527	44862592	0,150,250	12	79,88,132,1,86,99,111,74,78,129,104,318,	0,15549,21779,22478,28145,35843,38955,58741,61445,62404,73203,75747,
chr22	44883088	45008811	Q96EK2-4	0	-	44883088	45008811	0,150,250	13	216,104,76,159,23,55,77,52,141,351,93,66,18,	0,2337,2774,4874,6671,8217,10368,12943,30733,33191,37309,125456,125705,
chr22	44883088	45009549	Q96EK2-1	1000	-	44883088	45009549	12,12,120	13	216,104,76,159,23,55,77,52,267,351,93,66,54,	0,2337,2774,4874,6671,8217,10368,12943,30733,33191,37309,125456,126407,
chr22	44883088	45009549	Q96EK2-3	0	-	44883088	45009549	0,150,250	13	216,104,76,159,23,55,77,52,141,351,93,66,54,	0,2337,2774,4874,6671,8217,10368,12943,30733,33191,37309,125456,126407,
chr22	45168177	45184652	Q9UKX7-1	1000	+	45168177	45184652	12,12,120	7	69,84,187,663,82,119,200,	0,3422,7716,10060,13108,15224,16275,
chr22	45171614	45184652	Q9UKX7-2	0	+	45171614	45184652	0,150,250	6	69,187,663,82,119,200,	0,4279,6623,9671,11787,12838,
chr22	45197178	45212069	Q6ICG6-3	0	-	45197178	45212069	0,150,250	9	38,159,163,195,141,102,78,120,114,	0,611,2694,5811,6666,8038,8451,8614,14777,
chr22	45197178	45212343	Q6ICG6-2	0	-	45197178	45212343	0,150,250	10	38,159,163,195,141,102,78,120,152,79,	0,611,2694,5811,6666,8038,8451,8614,14777,15086,
chr22	45197178	45240703	Q6ICG6-1	1000	-	45197178	45240703	12,12,120	10	38,159,163,195,141,102,78,120,152,64,	0,611,2694,5811,6666,8038,8451,8614,14777,43461,
chr22	45285013	45295716	O75631-1	1000	+	45285013	45295716	12,12,120	6	52,156,280,83,133,157,	0,927,2158,4047,8167,10546,
chr22	45285013	45295716	O75631-2	0	+	45285013	45295716	0,150,250	4	52,156,133,157,	0,927,8167,10546,
chr22	45322379	45340402	Q9NWS6-1	1000	+	45322379	45340402	12,12,120	8	47,253,222,129,286,33,84,17,	0,795,5462,8223,10045,12970,13948,18006,
chr22	45330626	45340402	Q9NWS6-2	0	+	45330626	45340402	0,150,250	5	105,286,33,84,17,	0,1798,4723,5701,9759,
chr22	45344558	45413567	Q8NDV3-2	0	-	45344558	45413567	0,150,250	23	99,111,155,157,99,154,146,142,107,117,138,147,180,186,208,83,141,259,239,204,113,189,109,	0,900,9419,10400,14138,15246,17280,18326,25395,26912,27596,38908,42308,45153,49075,50126,51787,54536,57774,61901,62194,64151,68900,
chr22	45344558	45413567	Q8NDV3-3	1000	-	45344558	45413567	12,12,120	25	99,111,70,152,155,157,99,154,146,142,107,117,138,147,180,186,208,83,141,259,239,204,113,189,109,	0,900,5169,7892,9419,10400,14138,15246,17280,18326,25395,26912,27596,38908,42308,45153,49075,50126,51787,54536,57774,61901,62194,64151,68900,
chr22	45413886	45432359	Q9H4K1	1000	+	45413886	45432359	12,12,120	7	129,82,345,119,228,167,76,	0,435,3715,8403,12061,17013,18397,
chr22	45502985	45563263	P23142-4	0	+	45502985	45563263	0,150,250	15	79,106,136,163,60,102,138,138,144,129,126,120,132,124,352,	0,15696,22557,24861,28279,30077,30775,32214,38243,39169,40415,44099,45627,47506,59926,
chr22	45502985	45564989	P23142-3	0	+	45502985	45564989	0,150,250	15	79,106,136,163,60,102,138,138,144,129,126,120,132,124,106,	0,15696,22557,24861,28279,30077,30775,32214,38243,39169,40415,44099,45627,47506,61898,
chr22	45502985	45574511	P23142-2	0	+	45502985	45574511	0,150,250	15	79,106,136,163,60,102,138,138,144,129,126,120,132,124,1,	0,15696,22557,24861,28279,30077,30775,32214,38243,39169,40415,44099,45627,47506,71525,
chr22	45502985	45600443	P23142-1	1000	+	45502985	45600443	12,12,120	17	79,106,136,163,60,102,138,138,144,129,126,120,132,124,143,132,137,	0,15696,22557,24861,28279,30077,30775,32214,38243,39169,40415,44099,45627,47506,71525,73991,97321,
chr22	45672063	45843178	Q9UBB4-1	1000	+	45672063	45843178	12,12,120	11	116,192,83,97,159,81,166,109,170,64,188,	0,17648,20932,28218,30625,46349,57361,66667,68305,134895,170927,
chr22	45672063	45843178	Q9UBB4-2	0	+	45672063	45843178	0,150,250	10	116,83,97,159,81,166,109,170,64,188,	0,20932,28218,30625,46349,57361,66667,68305,134895,170927,
chr22	45922858	45976754	P56706	1000	-	45922858	45976754	12,12,120	4	477,272,227,71,	0,8239,27061,53825,
chr22	46006811	46007393	Q6ZR54	1000	+	46006811	46007393	12,12,120	1	582,	0,
chr22	46051829	46054093	Q9NV39	1000	-	46051829	46054093	12,12,120	2	70,344,	0,1920,
chr22	46198383	46231805	Q07869-2	0	+	46198383	46231805	0,150,250	4	208,161,139,14,	0,16789,19879,33408,
chr22	46198383	46235377	Q07869-1	1000	+	46198383	46235377	12,12,120	6	208,161,139,203,448,245,	0,16789,19879,21428,33408,36749,
chr22	46245094	46248284	Q6NVV7	1000	-	46245094	46248284	12,12,120	3	144,112,113,	0,2015,3077,
chr22	46256563	46263322	Q9NTG1	1000	-	46256563	46263322	12,12,120	1	6759,	0,
chr22	46268039	46292881	Q5R3I4	1000	+	46268039	46292881	12,12,120	14	33,78,82,172,174,76,120,60,39,82,166,160,74,91,	0,474,4295,5858,7208,10546,13559,15933,17201,19033,20383,21362,21786,24751,
chr22	46297400	46330127	Q9NYZ3	1000	+	46297400	46330127	12,12,120	11	79,58,625,165,124,381,73,219,202,210,81,	0,10749,10918,14740,16489,18631,25789,29035,31287,31957,32646,
chr22	46335764	46350365	O75648-5	0	+	46335764	46350365	0,150,250	5	82,166,107,123,20,	0,2014,7497,10657,14581,
chr22	46335764	46356951	O75648-2	0	+	46335764	46356951	0,150,250	10	82,166,107,123,173,54,67,101,145,110,	0,2014,7497,10657,14526,16356,16499,18002,19679,21077,
chr22	46335764	46357003	O75648-1	1000	+	46335764	46357003	12,12,120	11	82,166,107,123,173,54,67,101,145,83,162,	0,2014,7497,10657,14526,16356,16499,18002,19679,20225,21077,
chr22	46346469	46356951	O75648-3	0	+	46346469	46356951	0,150,250	7	75,114,54,67,101,145,110,	0,3880,5651,5794,7297,8974,10372,
chr22	46346469	46357003	O75648-4	0	+	46346469	46357003	0,150,250	8	75,114,54,67,101,145,83,162,	0,3880,5651,5794,7297,8974,9520,10372,
chr22	46363180	46537170	Q9NYQ6-1	1000	-	46363180	46537170	12,12,120	35	7,256,225,150,104,95,126,127,80,113,175,201,127,168,205,144,184,210,95,102,184,121,142,175,114,186,167,126,164,158,89,116,223,639,3544,	0,815,1331,2050,2405,3205,3812,4548,5998,6511,9702,13880,15410,17607,18665,21362,23221,26109,27211,28005,28452,30961,33424,34493,35343,36536,45815,46574,47217,48421,70212,72993,76008,100526,170446,
chr22	46463707	46537170	Q9NYQ6-2	0	-	46463707	46537170	0,150,250	2	638,3544,	0,69919,
chr22	46626799	46677248	Q6IC98-1	1000	+	46626799	46677248	12,12,120	18	162,121,121,62,133,26,92,92,49,72,44,110,155,145,94,85,69,102,	0,11040,31387,34581,36240,37038,37226,38815,40025,41296,41889,41999,46043,46870,47857,48668,49800,50347,
chr22	46674703	46677248	Q6IC98-2	0	+	46674703	46677248	0,150,250	4	47,85,69,102,	0,764,1896,2443,
chr22	46687136	46707963	Q8TCT0-2	0	-	46687136	46707963	0,150,250	8	70,209,206,77,106,153,75,121,	0,2855,4435,6290,8073,12176,14499,20706,
chr22	46687136	46738148	Q8TCT0-1	1000	-	46687136	46738148	12,12,120	13	70,209,206,77,106,153,75,146,64,126,123,114,142,	0,2855,4435,6290,8073,12176,14499,20706,23949,25031,32949,33765,50870,
chr22	46762786	47173623	Q8WUA7-1	1000	+	46762786	47173623	12,12,120	13	62,57,341,177,71,129,63,115,110,76,128,96,126,	0,29733,30714,34657,115866,128479,131997,149287,211503,234847,274284,348721,410711,
chr22	46762786	47173623	Q8WUA7-2	0	+	46762786	47173623	0,150,250	12	62,1,340,71,129,63,115,110,76,128,96,126,	0,29733,30715,115866,128479,131997,149287,211503,234847,274284,348721,410711,
chr22	46793522	46913431	Q8WUA7-3	0	+	46793522	46913431	0,150,250	7	319,177,71,129,63,115,98,	0,3921,85130,97743,101261,118551,119811,
chr22	46793522	47173623	Q8WUA7-4	0	+	46793522	47173623	0,150,250	11	319,177,71,129,63,115,110,76,128,96,126,	0,3921,85130,97743,101261,118551,180767,204111,243548,317985,379975,
chr22	46915347	46915878	Q96M85	1000	-	46915347	46915878	12,12,120	1	531,	0,
chr22	47116123	47116594	Q6UXV3	1000	-	47116123	47116594	12,12,120	1	471,	0,
chr22	48489592	48749844	Q7Z5A7-1	1000	+	48489592	48749844	12,12,120	4	112,150,128,6,	0,157004,218124,260246,
chr22	48576480	48749844	Q7Z5A7-2	0	+	48576480	48749844	0,150,250	4	91,150,128,6,	0,70116,131236,173358,
chr22	48646745	48749844	Q7Z5A7-3	0	+	48646745	48749844	0,150,250	3	1,128,6,	0,60971,103093,
chr22	49774235	49824317	O95696-1	1000	-	49774235	49824317	12,12,120	12	181,155,110,128,136,105,261,313,129,132,157,1367,	0,1355,1814,2798,3442,13154,19798,23569,24322,24752,29968,48715,
chr22	49774235	49824317	O95696-2	0	-	49774235	49824317	0,150,250	13	181,155,110,128,136,498,261,313,129,132,156,1,1367,	0,1355,1814,2798,3442,13154,19798,23569,24322,24752,29968,46750,48715,
chr22	49883662	49887175	O75132	1000	+	49883662	49887175	12,12,120	1	3513,	0,
chr22	49903840	49913765	Q9BV10	1000	-	49903840	49913765	12,12,120	9	226,76,170,224,104,195,174,133,162,	0,338,496,3880,5403,6053,6593,9544,9763,
chr22	49918769	49923397	Q6UXH1-3	0	+	49918769	49923397	0,150,250	7	129,83,111,92,177,96,164,	0,460,960,1386,2815,3842,4464,
chr22	49918769	49925667	Q6UXH1-6	0	+	49918769	49925667	0,150,250	9	129,83,111,92,177,96,84,96,251,	0,460,960,1386,2815,3842,4464,5590,6647,
chr22	49918769	49927304	Q6UXH1-1	1000	+	49918769	49927304	12,12,120	10	129,83,111,92,177,96,84,96,141,50,	0,460,960,1386,2815,3842,4464,5590,6647,8485,
chr22	49918769	49927304	Q6UXH1-2	0	+	49918769	49927304	0,150,250	10	129,83,111,92,177,96,83,1,141,50,	0,460,960,1386,2815,3842,4464,5685,6647,8485,
chr22	49918769	49927304	Q6UXH1-4	0	+	49918769	49927304	0,150,250	10	129,83,111,92,177,95,1,96,141,50,	0,460,960,1386,2815,3842,4547,5590,6647,8485,
chr22	49918769	49927304	Q6UXH1-5	0	+	49918769	49927304	0,150,250	11	129,83,111,92,177,147,96,84,96,141,50,	0,460,960,1386,2815,3527,3842,4464,5590,6647,8485,
chr22	49960947	49963124	Q86V86	1000	+	49960947	49963124	12,12,120	6	85,110,51,370,177,185,	0,177,370,494,1741,1992,
chr22	49996677	50012646	Q6ZVW7-1	1000	-	49996677	50012646	12,12,120	15	183,81,164,58,45,173,55,72,140,45,115,110,150,28,102,	0,316,642,1007,1347,1459,2613,2753,3150,3518,3800,4076,4404,11959,15867,
chr22	49997040	50001190	Q6ZVW7-2	0	-	49997040	50001190	0,150,250	12	34,97,58,45,173,55,72,140,1,114,110,109,	0,279,644,984,1096,2250,2390,2787,3155,3438,3713,4041,
chr22	50028279	50050247	A6PVC2-2	0	-	50028279	50050247	0,150,250	13	2,496,424,244,1,108,40,187,135,115,129,74,139,	0,2150,3406,4922,6077,6078,6186,13341,16975,17576,18888,20969,21829,
chr22	50028279	50056935	A6PVC2-1	1000	-	50028279	50056935	12,12,120	13	2,496,424,244,149,187,135,115,129,74,139,92,67,	0,2150,3406,4922,6077,13341,16975,17576,18888,20969,21829,26954,28589,
chr22	50061585	50084902	Q15049-1	1000	-	50061585	50084902	12,12,120	11	72,165,123,57,117,72,102,102,54,90,177,	0,2448,6847,8941,12630,15255,15815,18332,18758,21498,23140,
chr22	50061585	50084902	Q15049-2	0	-	50061585	50084902	0,150,250	10	72,165,123,57,117,72,102,102,54,177,	0,2448,6847,8941,12630,15255,15815,18332,18758,23140,
chr22	50090088	50161446	Q9BXT6-1	1000	+	50090088	50161446	12,12,120	27	97,185,160,113,188,141,242,133,195,115,178,71,92,59,101,109,179,147,122,100,165,174,150,108,138,92,79,	0,1912,9354,18047,18568,23559,24292,25025,27068,30413,35303,36113,38327,43918,44441,51992,52954,54008,55600,59526,60646,62956,67968,69589,70599,70875,71279,
chr22	50090088	50161446	Q9BXT6-4	0	+	50090088	50161446	0,150,250	26	97,185,160,113,188,141,242,133,195,115,178,71,92,59,101,109,179,147,122,100,165,174,150,108,92,79,	0,1912,9354,18047,18568,23559,24292,25025,27068,30413,35303,36113,38327,43918,44441,51992,52954,54008,55600,59526,60646,62956,67968,69589,70875,71279,
chr22	50090475	50161460	Q9BXT6-5	0	+	50090475	50161460	0,150,250	26	37,185,160,113,188,141,242,133,195,115,178,71,92,59,101,109,179,147,122,100,165,174,150,108,138,93,	0,1525,8967,17660,18181,23172,23905,24638,26681,30026,34916,35726,37940,43531,44054,51605,52567,53621,55213,59139,60259,62569,67581,69202,70212,70892,
chr22	50147141	50161446	Q9BXT6-2	0	+	50147141	50161446	0,150,250	9	8,100,165,174,150,108,138,92,79,	0,2473,3593,5903,10915,12536,13546,13822,14226,
chr22	50153044	50159680	Q9BXT6-3	0	+	50153044	50159680	0,150,250	3	174,150,3,	0,5012,6633,
chr22	50170730	50179257	Q96RD6-1	0	+	50170730	50179257	0,150,250	5	225,1,1464,202,37,	0,4751,6208,8203,8490,
chr22	50170730	50179274	Q96RD6-3	1000	+	50170730	50179274	12,12,120	4	225,1,1464,341,	0,4751,6208,8203,
chr22	50177114	50179257	Q96RD6-2	0	+	50177114	50179257	0,150,250	3	1288,202,37,	0,1819,2106,
chr22	50193060	50199116	Q9H4I3-1	1000	+	50193060	50199116	12,12,120	10	33,79,167,141,111,140,173,112,171,1,	0,515,1279,1839,4180,4388,4762,5014,5284,6055,
chr22	50193060	50199116	Q9H4I3-2	0	+	50193060	50199116	0,150,250	10	33,54,54,141,111,140,173,112,171,1,	0,515,1392,1839,4180,4388,4762,5014,5284,6055,
chr22	50201036	50217366	Q9BVL4	1000	+	50201036	50217366	12,12,120	9	554,204,181,131,281,151,186,157,162,	0,5280,7499,9144,9594,14680,15654,15935,16168,
chr22	50217738	50244459	Q96RT7-1	1000	-	50217738	50244459	12,12,120	25	89,200,214,133,195,142,169,148,59,1624,75,139,116,89,82,150,140,92,110,79,122,174,211,164,741,	0,179,450,749,964,1329,1549,1905,2218,2512,4289,4715,6402,6593,6772,8055,8311,8548,8994,9260,10168,11665,15577,22465,25980,
chr22	50217738	50244459	Q96RT7-2	0	-	50217738	50244459	0,150,250	26	89,97,1,214,133,195,142,169,148,59,1624,75,139,116,89,82,150,140,92,110,79,122,174,211,164,741,	0,179,378,450,749,964,1329,1549,1905,2218,2512,4289,4715,6402,6593,6772,8055,8311,8548,8994,9260,10168,11665,15577,22465,25980,
chr22	50217738	50244459	Q96RT7-3	0	-	50217738	50244459	0,150,250	26	89,181,1,182,132,195,142,169,148,59,1624,75,139,116,89,82,150,140,92,110,79,122,174,211,164,741,	0,179,378,450,750,964,1329,1549,1905,2218,2512,4289,4715,6402,6593,6772,8055,8311,8548,8994,9260,10168,11665,15577,22465,25980,
chr22	50245509	50251032	Q969S8-1	1000	-	50245509	50251032	12,12,120	20	21,153,183,79,57,92,85,256,68,107,90,60,66,127,69,105,98,97,135,59,	0,165,400,788,1169,1365,2182,2380,2715,2856,3152,3321,3593,3818,4125,4350,4553,4917,5261,5464,
chr22	50245509	50251032	Q969S8-2	0	-	50245509	50251032	0,150,250	19	21,153,183,79,57,92,85,256,68,107,90,66,127,69,105,98,97,135,59,	0,165,400,788,1169,1365,2182,2380,2715,2856,3152,3593,3818,4125,4350,4553,4917,5261,5464,
chr22	50245821	50251032	Q969S8-4	0	-	50245821	50251032	0,150,250	19	6,183,79,57,92,85,256,68,107,90,60,66,127,69,105,98,97,135,59,	0,88,476,857,1053,1870,2068,2403,2544,2840,3009,3281,3506,3813,4038,4241,4605,4949,5152,
chr22	50247775	50251032	Q969S8-5	0	-	50247775	50251032	0,150,250	13	1,256,68,107,3,63,127,69,105,98,97,135,59,	0,114,449,590,886,1330,1552,1859,2084,2287,2651,2995,3198,
chr22	50253403	50261509	P53778-1	1000	-	50253403	50261509	12,12,120	12	77,174,79,80,72,115,48,30,112,59,130,125,	0,1793,2049,2211,2406,2681,3195,3531,3678,4839,7763,7981,
chr22	50253403	50261509	P53778-2	0	-	50253403	50261509	0,150,250	11	77,174,79,80,72,115,48,112,59,130,125,	0,1793,2049,2211,2406,2681,3195,3678,4839,7763,7981,
chr22	50264950	50270292	Q15759-1	1000	-	50264950	50270292	12,12,120	12	77,174,79,80,72,115,48,30,112,59,130,116,	0,370,631,1275,1589,1983,2176,2306,2420,2618,2869,5226,
chr22	50266934	50267463	Q15759-3	0	-	50266934	50267463	0,150,250	4	114,48,30,93,	0,192,322,436,
chr22	50275706	50290584	O15031	1000	-	50275706	50290584	12,12,120	35	102,75,76,65,148,161,155,85,101,157,147,67,182,230,101,140,177,228,130,171,137,109,149,158,82,93,102,109,115,154,127,101,129,183,1068,	0,182,922,1135,1884,2146,2410,2728,2889,3148,3923,4298,4782,5037,5382,5653,5859,6147,6477,7004,7343,7630,7895,8126,8425,8866,10093,10283,10466,11404,11960,12230,13036,13253,13810,
chr22	50312141	50326988	Q8NEG7	1000	-	50312141	50326988	12,12,120	21	120,75,103,2,108,54,90,65,66,95,96,123,56,63,80,106,81,113,43,39,177,	0,201,381,842,859,1304,1493,1672,2065,2258,2463,2657,3572,3883,4032,4228,5151,5766,6705,6823,14670,
chr22	50393908	50444230	O75170-2	0	+	50393908	50444230	0,150,250	21	227,187,138,66,113,114,127,153,210,65,116,86,98,58,125,164,160,89,205,252,28,	0,12780,20643,22183,24958,25440,28345,29553,37264,38356,41057,42458,43597,43934,44265,44690,45789,46052,46913,49957,50294,
chr22	50393908	50444244	O75170-1	1000	+	50393908	50444244	12,12,120	23	227,187,138,66,113,1,113,127,153,210,65,116,86,81,98,58,125,164,157,89,226,252,46,	0,12780,20643,22183,24958,25437,25441,28345,29553,37264,38356,41057,42458,43079,43597,43934,44265,44690,45792,46052,46892,49957,50290,
chr22	50393908	50444244	O75170-3	0	+	50393908	50444244	0,150,250	21	227,187,138,66,113,117,127,153,210,65,116,86,98,58,125,164,157,89,205,252,46,	0,12780,20643,22183,24958,25437,28345,29553,37264,38356,41057,42458,43597,43934,44265,44690,45792,46052,46913,49957,50290,
chr22	50393908	50444244	O75170-4	0	+	50393908	50444244	0,150,250	22	227,187,138,66,113,1,113,127,153,210,65,116,86,98,58,125,164,157,89,205,252,46,	0,12780,20643,22183,24958,25437,25441,28345,29553,37264,38356,41057,42458,43597,43934,44265,44690,45792,46052,46913,49957,50290,
chr22	50393908	50444244	O75170-5	0	+	50393908	50444244	0,150,250	23	227,187,138,66,113,1,113,127,153,210,65,116,86,81,98,58,125,164,157,89,205,252,46,	0,12780,20643,22183,24958,25437,25441,28345,29553,37264,38356,41057,42458,43079,43597,43934,44265,44690,45792,46052,46913,49957,50290,
chr22	50393908	50444244	O75170-6	0	+	50393908	50444244	0,150,250	22	171,162,138,66,113,1,113,127,153,210,65,116,86,98,58,125,164,157,89,205,252,46,	0,12805,20643,22183,24958,25437,25441,28345,29553,37264,38356,41057,42458,43597,43934,44265,44690,45792,46052,46913,49957,50290,
chr22	50447144	50474840	O95248-1	1000	-	50447144	50474840	12,12,120	41	96,132,88,212,108,231,131,127,186,102,180,182,1,137,197,208,137,179,128,196,74,173,269,159,69,150,113,205,99,129,114,78,114,109,133,106,111,162,138,86,55,	0,177,377,1088,1398,7367,7669,7871,8079,8336,9071,9347,9889,12111,12325,12807,13127,13389,14014,14378,14651,14802,15060,15414,15725,16138,17184,17389,17674,17856,18070,18618,18816,19005,19205,19460,20193,20387,20641,21231,27641,
chr22	50447144	50474840	O95248-4	0	-	50447144	50474840	0,150,250	41	96,132,88,212,108,231,131,127,186,102,180,182,78,138,197,208,137,179,128,196,74,173,269,159,69,150,113,205,99,129,114,78,114,109,133,106,111,162,138,86,55,	0,177,377,1088,1398,7367,7669,7871,8079,8336,9071,9347,9889,12110,12325,12807,13127,13389,14014,14378,14651,14802,15060,15414,15725,16138,17184,17389,17674,17856,18070,18618,18816,19005,19205,19460,20193,20387,20641,21231,27641,
chr22	50447144	50474840	O95248-5	0	-	50447144	50474840	0,150,250	41	96,132,88,212,108,231,131,127,186,102,180,182,78,138,197,208,137,179,128,196,74,173,269,159,69,150,113,205,99,129,114,78,114,109,133,106,111,159,138,86,55,	0,177,377,1088,1398,7367,7669,7871,8079,8336,9071,9347,9889,12110,12325,12807,13127,13389,14014,14378,14651,14802,15060,15414,15725,16138,17184,17389,17674,17856,18070,18618,18816,19005,19205,19460,20193,20387,20641,21231,27641,
chr22	50481847	50482900	Q7Z4H4	1000	+	50481847	50482900	12,12,120	2	110,334,	0,719,
chr22	50486897	50489295	Q9UGB7-2	0	+	50486897	50489295	0,150,250	7	15,81,81,163,100,110,68,	0,487,764,988,1345,2142,2330,
chr22	50486897	50489853	Q9UGB7-1	1000	+	50486897	50489853	12,12,120	10	15,81,81,163,68,110,68,50,113,106,	0,487,764,988,1377,2142,2330,2499,2634,2850,
chr22	50503393	50504652	Q9BU23-3	0	-	50503393	50504652	0,150,250	4	306,97,112,94,	0,414,946,1165,
chr22	50503393	50507054	Q9BU23-2	0	-	50503393	50507054	0,150,250	13	306,97,112,169,183,97,106,135,142,179,218,29,273,	0,414,946,1165,1408,1663,1835,2009,2280,2641,2891,3244,3388,
chr22	50503393	50507675	Q9BU23-1	1000	-	50503393	50507675	12,12,120	15	306,97,112,169,183,97,106,135,142,179,218,29,252,2,94,	0,414,946,1165,1408,1663,1835,2009,2280,2641,2891,3244,3388,3709,4188,
chr22	50505131	50507675	Q9BU23-3	0	-	50505131	50507675	0,150,250	10	22,106,135,142,179,218,29,252,2,94,	0,97,271,542,903,1153,1506,1650,1971,2450,
chr22	50508337	50519356	Q6IBW4-5	0	+	50508337	50519356	0,150,250	9	108,102,56,85,69,80,146,84,167,	0,8109,9089,9239,9403,9635,9795,10311,10852,
chr22	50508337	50523372	Q6IBW4-1	1000	+	50508337	50523372	12,12,120	21	108,102,56,85,69,80,146,84,131,72,67,108,54,71,66,4,72,50,102,150,138,	0,8109,9089,9239,9403,9635,9795,10311,10852,12627,13205,13403,13648,13843,14005,14074,14160,14333,14483,14679,14897,
chr22	50508337	50523372	Q6IBW4-2	0	+	50508337	50523372	0,150,250	21	108,102,56,85,69,78,82,84,131,72,67,108,54,71,66,4,72,50,102,150,138,	0,8109,9089,9239,9403,9635,9859,10311,10852,12627,13205,13403,13648,13843,14005,14074,14160,14333,14483,14679,14897,
chr22	50508337	50523372	Q6IBW4-4	0	+	50508337	50523372	0,150,250	20	108,102,56,85,69,80,146,84,131,72,67,108,54,71,73,72,50,102,150,138,	0,8109,9089,9239,9403,9635,9795,10311,10852,12627,13205,13403,13648,13843,14005,14160,14333,14483,14679,14897,
chr22	50523613	50524411	O43819	1000	-	50523613	50524411	12,12,120	1	798,	0,
chr22	50525772	50529709	P19971-1	1000	-	50525772	50529709	12,12,120	9	146,142,230,163,119,130,99,203,214,	0,228,474,803,1392,1815,2739,3363,3723,
chr22	50525772	50529709	P19971-2	0	-	50525772	50529709	0,150,250	9	146,156,231,163,119,130,99,203,214,	0,228,473,803,1392,1815,2739,3363,3723,
chr22	50530482	50532077	A8MYP8-1	1000	-	50530482	50532077	12,12,120	6	78,141,122,105,204,109,	0,229,454,708,1087,1486,
chr22	50531290	50531969	A8MYP8-2	0	-	50531290	50531969	0,150,250	3	5,204,1,	0,279,678,
chr22	50548166	50549948	Q96G42	1000	+	50548166	50549948	12,12,120	1	1782,	0,
chr22	50551247	50556405	A1L190	1000	-	50551247	50556405	12,12,120	2	155,109,	0,5049,
chr22	50569340	50572921	Q92523-4	0	-	50569340	50572921	0,150,250	9	81,93,114,153,135,165,117,106,47,	0,235,952,1550,1817,2034,2665,2862,3534,
chr22	50569340	50577915	Q92523-1	1000	-	50569340	50577915	12,12,120	18	81,93,114,153,135,165,117,106,186,196,85,108,78,138,102,178,140,141,	0,235,952,1550,1817,2034,2665,2862,3534,4179,4994,5152,6694,6857,7195,7516,7983,8434,
chr22	50569340	50577915	Q92523-3	0	-	50569340	50577915	0,150,250	17	81,93,114,153,135,165,117,106,186,196,85,108,78,138,178,140,141,	0,235,952,1550,1817,2034,2665,2862,3534,4179,4994,5152,6694,6857,7516,7983,8434,
chr22	50571284	50577915	Q92523-2	0	-	50571284	50577915	0,150,250	14	3,165,117,106,186,196,85,108,78,138,102,178,140,141,	0,90,721,918,1590,2235,3050,3208,4750,4913,5251,5572,6039,6490,
chr22	50573620	50577915	Q92523-4	0	-	50573620	50577915	0,150,250	9	95,85,108,78,138,102,178,140,141,	0,714,872,2414,2577,2915,3236,3703,4154,
chr22	50579183	50582781	Q9Y259-1	1000	-	50579183	50582781	12,12,120	11	72,82,104,109,82,59,96,134,114,109,224,	0,242,543,790,1006,1174,1381,2236,2565,3065,3374,
chr22	50600818	50610776	Q13387-1	1000	+	50600818	50610776	12,12,120	12	65,106,276,94,1224,76,173,110,108,71,99,70,	0,970,2404,2807,3022,4549,4743,5006,5839,6102,9393,9888,
chr22	50601891	50610776	Q13387-2	0	+	50601891	50610776	0,150,250	11	3,276,94,1224,76,173,110,108,71,99,70,	0,1331,1734,1949,3476,3670,3933,4766,5029,8320,8815,
chr22	50604700	50610776	Q13387-4	0	+	50604700	50610776	0,150,250	8	364,76,173,110,108,71,99,70,	0,667,861,1124,1957,2220,5511,6006,
chr22	50606983	50610776	Q13387-3	0	+	50606983	50610776	0,150,250	3	8,99,70,	0,3228,3723,
chr22	50625147	50627372	P15289-2	0	-	50625147	50627372	0,150,250	7	317,103,128,125,170,219,207,	0,431,788,1006,1443,1686,2018,
chr22	50625147	50627773	P15289-1	1000	-	50625147	50627773	12,12,120	8	317,103,128,125,170,219,241,218,	0,431,788,1006,1443,1686,2018,2408,
chr22	50674641	50731309	Q9BYB0-1	1000	+	50674641	50731309	12,12,120	23	63,204,72,109,152,168,117,78,67,272,5,152,114,76,83,125,133,81,24,131,85,2254,589,	0,406,1980,3943,4127,4377,4670,8698,9943,20133,22915,22922,24048,29218,29524,30096,30322,31430,36973,40275,41027,45542,56079,
chr22	50678602	50731309	Q9BYB0-3	0	+	50678602	50731309	0,150,250	20	91,152,168,117,78,67,272,5,152,114,76,83,125,133,81,24,131,85,2254,589,	0,166,416,709,4737,5982,16172,18954,18961,20087,25257,25563,26135,26361,27469,33012,36314,37066,41581,52118,
chr22	50738235	50745204	P10323	1000	+	50738235	50745204	12,12,120	5	77,204,284,146,552,	0,1035,1458,5825,6417,
chr22	50768778	50782294	Q9UNT1-1	1000	-	50768778	50782294	12,12,120	9	96,84,3,93,111,80,80,30,107,	0,262,646,679,1127,6993,7891,9173,13409,
chr22	50768778	50782294	Q9UNT1-2	0	-	50768778	50782294	0,150,250	9	96,84,3,95,112,80,80,30,107,	0,262,646,679,1126,6993,7891,9173,13409,
chr22	50768778	50782294	Q9UNT1-3	0	-	50768778	50782294	0,150,250	8	96,84,126,111,80,80,30,107,	0,262,646,1127,6993,7891,9173,13409,
