node_id,type,protein_id,gene_symbol,graph_degree,graph_weight,graph_lift,beta_phenotype,mean_log2_intensity,detection_rate,phenotype_difference,site,label
protein:P36543,protein,P36543,ATP6V1E1,796.0,5992.0,4830.812450000007,0.0,12.040573435843056,0.943,-0.025035742690764806,,
gene:ATP6V1E1,gene,,ATP6V1E1,,,,,,,,,
site:site1,site,,,,,,,,,,site1,
site:site2,site,,,,,,,,,,site2,
site:site3,site,,,,,,,,,,site3,
protein:Q9H1K4,protein,Q9H1K4,SLC25A18,786.0,5452.0,4776.221000000006,0.0,11.512740410588869,0.9255,0.0021512331972441956,,
gene:SLC25A18,gene,,SLC25A18,,,,,,,,,
protein:Q9BXF3,protein,Q9BXF3,CECR2,7219.0,37837.0,46926.25728999982,0.0,7.991766431593795,0.88625,0.00026371698291249857,,
gene:CECR2,gene,,CECR2,,,,,,,,,
protein:Q7RTP6,protein,Q7RTP6,MICAL3,4557.0,21231.0,30513.15142999988,-0.6175819860877398,7.781929158401813,0.88225,-0.5669372010541354,,
gene:MICAL3,gene,,MICAL3,,,,,,,,,
protein:Q9BYH1,protein,Q9BYH1,SEZ6L,5185.0,26294.0,33782.2374899998,0.0,15.870723558897245,0.9975,-0.0004950689546152631,,
gene:SEZ6L,gene,,SEZ6L,,,,,,,,,
protein:Q8IUG5,protein,Q8IUG5,MYO18B,9171.0,43746.0,60367.32847999969,0.0,9.491983897834537,0.9005,0.03244267924701205,,
gene:MYO18B,gene,,MYO18B,,,,,,,,,
protein:O43435,protein,O43435,TBX1,1438.0,7269.0,9902.88656,0.0,13.17028739539749,0.956,0.023980072652378226,,
gene:TBX1,gene,,TBX1,,,,,,,,,
protein:Q9BYB4,protein,Q9BYB4,GNB1L,2969.0,15004.0,19956.48249999991,0.0,11.489314760246451,0.93325,-0.004992554823200379,,
gene:GNB1L,gene,,GNB1L,,,,,,,,,
protein:Q8NFQ6,protein,Q8NFQ6,BPIFC,3342.0,16919.0,22145.05921999982,0.0,10.710743526846553,0.91725,-0.018521753451654632,,
gene:BPIFC,gene,,BPIFC,,,,,,,,,
protein:P01127,protein,P01127,PDGFB,1259.0,5551.0,8358.437710000015,0.0,7.2920527377521625,0.8675,-0.04907164727978852,,
gene:PDGFB,gene,,PDGFB,,,,,,,,,
protein:Q9UBB4,protein,Q9UBB4,ATXN10,684.0,3046.0,4461.008210000001,0.0,12.80667719852554,0.9495,-0.07062525722819935,,
gene:ATXN10,gene,,ATXN10,,,,,,,,,
protein:Q9NNW7,protein,Q9NNW7,TXNRD2,2598.0,13141.0,17141.797850000035,0.0,7.649633064516128,0.868,-0.03789599606730398,,
gene:TXNRD2,gene,,TXNRD2,,,,,,,,,
protein:Q7L3V2,protein,Q7L3V2,RTL10,1545.0,8003.0,10210.80175000002,0.0,12.890335433070867,0.9525,-0.02031079505288602,,
gene:RTL10,gene,,RTL10,,,,,,,,,
protein:Q9BWW9,protein,Q9BWW9,APOL5,603.0,2027.0,4050.4474100000034,0.0,14.084634032634032,0.96525,0.012333515098834624,,
gene:APOL5,gene,,APOL5,,,,,,,,,
protein:Q9BY27,protein,Q9BY27,DGCR6L,483.0,2576.0,3211.30612,0.0,7.726296054499007,0.88075,0.019521343748334807,,
gene:DGCR6L,gene,,DGCR6L,,,,,,,,,
protein:P12018,protein,P12018,VPREB1,1018.0,5235.0,6864.958869999996,0.0,6.236486604542807,0.8585,-0.04887905561870998,,
gene:VPREB1,gene,,VPREB1,,,,,,,,,
protein:P11274,protein,P11274,BCR,3616.0,15539.0,24872.854359999983,0.0,12.995820398531725,0.9535,-0.04797198414391346,,
gene:BCR,gene,,BCR,,,,,,,,,
protein:Q9BWT7,protein,Q9BWT7,CARD10,2190.0,10833.0,14588.274209999978,0.0,14.712509003296981,0.98575,-0.07740318862706808,,
gene:CARD10,gene,,CARD10,,,,,,,,,
protein:Q96EK2,protein,Q96EK2,PHF21B,3112.0,14735.0,20331.983759999952,0.0,11.488264588329336,0.93825,0.09455766872462945,,
gene:PHF21B,gene,,PHF21B,,,,,,,,,
protein:Q96D21,protein,Q96D21,RASD2,667.0,3824.0,4148.07453000001,-0.0668739108793384,9.081700480361684,0.88475,-0.023158727154786618,,
gene:RASD2,gene,,RASD2,,,,,,,,,
protein:Q9Y698,protein,Q9Y698,CACNG2,2726.0,14918.0,17610.179710000026,0.0,15.535181268882177,0.993,-0.05358939338034929,,
gene:CACNG2,gene,,CACNG2,,,,,,,,,
protein:Q8IYW4,protein,Q8IYW4,ENTHD1,823.0,4659.0,5346.424820000001,0.0,10.25588858547242,0.9155,-0.0190231589409926,,
gene:ENTHD1,gene,,ENTHD1,,,,,,,,,
protein:O75791,protein,O75791,GRAP2,1228.0,6461.0,8105.156319999988,0.0,7.258058566433566,0.858,-0.004787913653298226,,
gene:GRAP2,gene,,GRAP2,,,,,,,,,
protein:P23142,protein,P23142,FBLN1,3102.0,13659.0,20993.90014999991,0.0,10.192275302530254,0.909,-0.049758768329709824,,
gene:FBLN1,gene,,FBLN1,,,,,,,,,
protein:O95755,protein,O95755,RAB36,2292.0,10345.0,15309.364990000016,0.0,6.05797175639894,0.84975,0.010312292690137781,,
gene:RAB36,gene,,RAB36,,,,,,,,,
protein:Q9UHP6,protein,Q9UHP6,RSPH14,1515.0,7727.0,9977.239960000024,0.0,6.058241722824494,0.85325,-0.043494243709153224,,
gene:RSPH14,gene,,RSPH14,,,,,,,,,
protein:P19086,protein,P19086,GNAZ,968.0,5152.0,6397.296030000011,0.0,9.8956727625381,0.90225,0.011493872152017914,,
gene:GNAZ,gene,,GNAZ,,,,,,,,,
protein:Q9NYQ6,protein,Q9NYQ6,CELSR1,8192.0,39563.0,54781.06400999984,0.0,15.3345859375,0.992,-0.003175690159554989,,
gene:CELSR1,gene,,CELSR1,,,,,,,,,
protein:Q7Z5A7,protein,Q7Z5A7,TAFA5,11362.0,54654.0,75109.75618000013,0.0,6.58133479020979,0.858,0.013307536620770222,,
gene:TAFA5,gene,,TAFA5,,,,,,,,,
protein:Q2NKQ1,protein,Q2NKQ1,SGSM1,2913.0,14631.0,19051.925629999976,0.0,12.695493427970558,0.951,-0.019718773058773564,,
gene:SGSM1,gene,,SGSM1,,,,,,,,,
protein:Q6ICI0,protein,Q6ICI0,LHFPL7,223.0,1237.0,1419.9998799999998,-0.2654079777009882,15.184820207647505,0.98725,-0.20202324382796988,,
gene:LHFPL7,gene,,LHFPL7,,,,,,,,,
protein:Q9HBI1,protein,Q9HBI1,PARVB,5290.0,23806.0,35685.78366000003,0.5160065488397104,11.881749667464753,0.93975,0.4604549447136357,,
gene:PARVB,gene,,PARVB,,,,,,,,,
protein:Q9NST1,protein,Q9NST1,PNPLA3,927.0,3787.0,6128.882820000009,0.0,15.843162365321975,0.99775,-0.020833352201234945,,
gene:PNPLA3,gene,,PNPLA3,,,,,,,,,
protein:Q9Y512,protein,Q9Y512,SAMM50,239.0,712.0,1615.2207599999997,0.0,7.552216169724771,0.872,-0.015972226423164315,,
gene:SAMM50,gene,,SAMM50,,,,,,,,,
protein:P15814,protein,P15814,IGLL1,757.0,5407.0,4585.8701299999975,0.8096174016965673,12.160495746943115,0.9405,0.9237574715778099,,
gene:IGLL1,gene,,IGLL1,,,,,,,,,
protein:Q6P575,protein,Q6P575,GUSBP11,238.0,1242.0,1724.3755499999995,0.0,9.654416253443525,0.9075,-0.027725455810646338,,
gene:GUSBP11,gene,,GUSBP11,,,,,,,,,
protein:Q6PGQ1,protein,Q6PGQ1,DRICH1,762.0,4471.0,5055.46903,0.0,7.674910846110165,0.8805,0.007943499173425295,,
gene:DRICH1,gene,,DRICH1,,,,,,,,,
protein:Q8IZJ4,protein,Q8IZJ4,RGL4,238.0,1242.0,1724.3755499999995,0.0,9.218770652478296,0.89275,0.07654474826065538,,
gene:RGL4,gene,,RGL4,,,,,,,,,
protein:Q9UC06,protein,Q9UC06,ZNF70,238.0,1242.0,1724.3755499999995,0.2606379652270442,12.47179202955925,0.94725,0.28316242694521065,,
gene:ZNF70,gene,,ZNF70,,,,,,,,,
protein:Q6IC83,protein,Q6IC83,C22orf42,1851.0,8671.0,12323.945130000046,0.0,15.493347267690758,0.99275,0.003755903216223544,,
gene:C22orf42,gene,,C22orf42,,,,,,,,,
protein:O00541,protein,O00541,PES1,880.0,4727.0,5727.100390000014,0.0,9.17696130117779,0.8915,-0.0334249179621402,,
gene:PES1,gene,,PES1,,,,,,,,,
protein:Q8TCT0,protein,Q8TCT0,CERK,1276.0,7799.0,8320.537980000005,0.0,12.86776685833769,0.9565,-0.02131166208930857,,
gene:CERK,gene,,CERK,,,,,,,,,
protein:P39023,protein,P39023,RPL3,142.0,682.0,885.67661,0.0,11.809795902075573,0.9395,-0.01885416115011651,,
gene:RPL3,gene,,RPL3,,,,,,,,,
protein:O43759,protein,O43759,SYNGR1,167.0,943.0,1023.0015900000004,0.0,11.50368918191604,0.929,-0.008017494220023735,,
gene:SYNGR1,gene,,SYNGR1,,,,,,,,,
protein:Q9H4I3,protein,Q9H4I3,TRABD,340.0,1603.0,2134.870709999999,-0.6147004509923318,9.90683434399118,0.907,-0.6248519350423738,,
gene:TRABD,gene,,TRABD,,,,,,,,,
protein:Q9BVL4,protein,Q9BVL4,SELENOO,340.0,1603.0,2134.870709999999,0.0,6.2221730317273805,0.851,0.023155220311640967,,
gene:SELENOO,gene,,SELENOO,,,,,,,,,
protein:Q96RD6,protein,Q96RD6,PANX2,351.0,1845.0,2191.7310499999985,0.0,7.944736976942783,0.87825,-0.06369489585602395,,
gene:PANX2,gene,,PANX2,,,,,,,,,
protein:Q96RT7,protein,Q96RT7,TUBGCP6,340.0,1603.0,2134.870709999999,0.0,11.894105712760275,0.9365,0.03152363385945023,,
gene:TUBGCP6,gene,,TUBGCP6,,,,,,,,,
protein:P85298,protein,P85298,ARHGAP8,3186.0,13974.0,21607.65914999986,0.0,11.7125170195658,0.93275,-0.03373917236432611,,
gene:ARHGAP8,gene,,ARHGAP8,,,,,,,,,
protein:Q10571,protein,Q10571,MN1,3805.0,17567.0,25454.08558999996,-0.0837120634104703,12.215329798515377,0.943,-0.10944566455032323,,
gene:MN1,gene,,MN1,,,,,,,,,
protein:P13866,protein,P13866,SLC5A1,207.0,913.0,1338.1295,0.0,8.962343723673126,0.89025,-0.049974002198780454,,
gene:SLC5A1,gene,,SLC5A1,,,,,,,,,
protein:Q04917,protein,Q04917,YWHAH,207.0,913.0,1338.1295,0.0,6.379210356933879,0.8545,-0.04721961116749629,,
gene:YWHAH,gene,,YWHAH,,,,,,,,,
protein:O14994,protein,O14994,SYN3,3971.0,22170.0,25272.978689999985,0.0,10.276505346860434,0.91175,-0.03907132860173235,,
gene:SYN3,gene,,SYN3,,,,,,,,,
protein:Q2M1V0,protein,Q2M1V0,ISX,198.0,1038.0,1259.1443900000006,0.0,15.746437452995739,0.99725,0.002599121282271355,,
gene:ISX,gene,,ISX,,,,,,,,,
protein:Q9HBI0,protein,Q9HBI0,PARVG,832.0,5113.0,5519.975960000001,0.0,11.01308299866131,0.93375,0.03568028432211712,,
gene:PARVG,gene,,PARVG,,,,,,,,,
protein:Q96F46,protein,Q96F46,IL17RA,432.0,2786.0,2718.6714599999996,0.0,15.201927323373004,0.98725,0.013356431930160895,,
gene:IL17RA,gene,,IL17RA,,,,,,,,,
protein:Q9NV39,protein,Q9NV39,PRR34,891.0,5114.0,5821.856770000015,0.0,11.041925765375236,0.92275,-0.03267343992429517,,
gene:PRR34,gene,,PRR34,,,,,,,,,
protein:Q07869,protein,Q07869,PPARA,2195.0,14774.0,14175.30244,0.0,9.991737379310344,0.90625,0.04385434175515712,,
gene:PPARA,gene,,PPARA,,,,,,,,,
protein:Q9NY65,protein,Q9NY65,TUBA8,1438.0,7362.0,9536.499530000006,0.0,11.820263733333334,0.9375,0.02534391497376909,,
gene:TUBA8,gene,,TUBA8,,,,,,,,,
protein:P21964,protein,P21964,COMT,840.0,5277.0,5381.701739999991,0.0,9.443894866867964,0.91075,0.012244930394984976,,
gene:COMT,gene,,COMT,,,,,,,,,
protein:P43487,protein,P43487,RANBP1,1175.0,5504.0,7823.251029999988,0.0,14.244437772645625,0.97425,-0.0099930056731381,,
gene:RANBP1,gene,,RANBP1,,,,,,,,,
protein:Q9ULC8,protein,Q9ULC8,ZDHHC8,1175.0,5504.0,7823.251029999988,0.0,13.840581347150259,0.965,0.041501963449462664,,
gene:ZDHHC8,gene,,ZDHHC8,,,,,,,,,
protein:Q8IZ69,protein,Q8IZ69,TRMT2A,1175.0,5504.0,7823.251029999988,0.0,15.27081089258699,0.9915,-0.0006189638878879578,,
gene:TRMT2A,gene,,TRMT2A,,,,,,,,,
protein:Q8WYQ5,protein,Q8WYQ5,DGCR8,1175.0,5504.0,7823.251029999988,0.0,13.05149385620915,0.95625,0.039057893394900844,,
gene:DGCR8,gene,,DGCR8,,,,,,,,,
protein:H7C350,protein,H7C350,CCDC188,1175.0,5504.0,7823.251029999988,0.0,15.627745033945185,0.99425,0.02610684615408765,,
gene:CCDC188,gene,,CCDC188,,,,,,,,,
protein:Q6ICL3,protein,Q6ICL3,TANGO2,1246.0,5738.0,8301.354089999986,0.2965697652719854,11.549056246619793,0.9245,0.24669871315732728,,
gene:TANGO2,gene,,TANGO2,,,,,,,,,
protein:Q16587,protein,Q16587,ZNF74,713.0,3589.0,4731.496909999998,0.0,15.575929917106254,0.99525,0.02497199638497527,,
gene:ZNF74,gene,,ZNF74,,,,,,,,,
protein:Q8WYQ3,protein,Q8WYQ3,CHCHD10,1827.0,9359.0,12217.933659999995,0.0,6.016617483132884,0.85225,0.002297243423743822,,
gene:CHCHD10,gene,,CHCHD10,,,,,,,,,
protein:P24347,protein,P24347,MMP11,949.0,5051.0,6481.050630000017,0.0,12.94130867413389,0.95975,-0.09085756372935982,,
gene:MMP11,gene,,MMP11,,,,,,,,,
protein:Q12824,protein,Q12824,SMARCB1,949.0,5051.0,6481.050630000017,0.0,14.525930292157868,0.9755,-0.027012319926180695,,
gene:SMARCB1,gene,,SMARCB1,,,,,,,,,
protein:Q96Q80,protein,Q96Q80,DERL3,949.0,5051.0,6481.050630000017,0.0,10.754541049798114,0.92875,0.017869634991612315,,
gene:DERL3,gene,,DERL3,,,,,,,,,
protein:P43320,protein,P43320,CRYBB2,729.0,3866.0,5151.215699999998,0.0,8.040564247387744,0.88525,0.08507926399887822,,
gene:CRYBB2,gene,,CRYBB2,,,,,,,,,
protein:Q8WWX9,protein,Q8WWX9,SELENOM,415.0,3530.0,2532.4604600000007,0.0,8.798272727272728,0.891,-0.06293146321911713,,
gene:SELENOM,gene,,SELENOM,,,,,,,,,
protein:P53814,protein,P53814,SMTN,415.0,3530.0,2532.4604600000007,0.0,8.481728703964015,0.88925,0.004999441837941987,,
gene:SMTN,gene,,SMTN,,,,,,,,,
protein:Q15735,protein,Q15735,INPP5J,415.0,3530.0,2532.4604600000007,0.0,9.987324089178903,0.9195,0.029972934518207595,,
gene:INPP5J,gene,,INPP5J,,,,,,,,,
protein:Q9NZ20,protein,Q9NZ20,PLA2G3,415.0,3530.0,2532.4604600000007,0.0,7.873972301541976,0.8755,-0.02306442441054024,,
gene:PLA2G3,gene,,PLA2G3,,,,,,,,,
protein:Q9NY91,protein,Q9NY91,SLC5A4,1797.0,9533.0,11814.788920000015,0.0,14.34938090349076,0.974,-0.003601651283537066,,
gene:SLC5A4,gene,,SLC5A4,,,,,,,,,
protein:O95461,protein,O95461,LARGE1,6986.0,35272.0,45246.10619000014,0.0,10.240723537414967,0.91875,-0.011783694500330455,,
gene:LARGE1,gene,,LARGE1,,,,,,,,,
protein:P09382,protein,P09382,LGALS1,225.0,1711.0,1342.33195,0.0,9.377562654916002,0.90775,0.08929738219698002,,
gene:LGALS1,gene,,LGALS1,,,,,,,,,
protein:Q6ZT62,protein,Q6ZT62,BARGIN,225.0,1711.0,1342.33195,0.0,13.238594903796152,0.9615,-0.041455168617023475,,
gene:BARGIN,gene,,BARGIN,,,,,,,,,
protein:Q9UJY5,protein,Q9UJY5,GGA1,225.0,1711.0,1342.33195,0.0,14.819333248987855,0.988,0.019492299296743454,,
gene:GGA1,gene,,GGA1,,,,,,,,,
protein:Q9Y3L3,protein,Q9Y3L3,SH3BP1,225.0,1711.0,1342.33195,0.0,7.129525173611112,0.864,-0.013644904364397803,,
gene:SH3BP1,gene,,SH3BP1,,,,,,,,,
protein:Q96GD0,protein,Q96GD0,PDXP,225.0,1711.0,1342.33195,0.0,10.298774571195208,0.91825,-0.08891704596542738,,
gene:PDXP,gene,,PDXP,,,,,,,,,
protein:P49674,protein,P49674,CSNK1E,2180.0,8916.0,14677.630700000049,0.0,12.228363972530376,0.9465,-0.01605434234832437,,
gene:CSNK1E,gene,,CSNK1E,,,,,,,,,
protein:P31941,protein,P31941,APOBEC3A,1110.0,5112.0,7351.129210000002,0.0,10.174801602652666,0.90475,-0.002040682623759338,,
gene:APOBEC3A,gene,,APOBEC3A,,,,,,,,,
protein:Q9UH17,protein,Q9UH17,APOBEC3B,1110.0,5112.0,7351.129210000002,-0.3247537451181644,8.19933633295838,0.889,-0.30475594749136725,,
gene:APOBEC3B,gene,,APOBEC3B,,,,,,,,,
protein:Q96AK3,protein,Q96AK3,APOBEC3D,1258.0,6868.0,8274.421840000015,0.0,9.205008916132629,0.89725,-0.012651886820400193,,
gene:APOBEC3D,gene,,APOBEC3D,,,,,,,,,
protein:Q8IUX4,protein,Q8IUX4,APOBEC3F,1258.0,6868.0,8274.421840000015,0.0,10.891427373546119,0.92425,0.027099618309058826,,
gene:APOBEC3F,gene,,APOBEC3F,,,,,,,,,
protein:Q9NRW3,protein,Q9NRW3,APOBEC3C,1258.0,6868.0,8274.421840000015,0.0,6.598301535735382,0.8465,-0.037126683438327035,,
gene:APOBEC3C,gene,,APOBEC3C,,,,,,,,,
protein:Q9HC16,protein,Q9HC16,APOBEC3G,1258.0,6868.0,8274.421840000015,0.0,7.060668589558696,0.86675,-0.05043675434189776,,
gene:APOBEC3G,gene,,APOBEC3G,,,,,,,,,
protein:Q8NEG4,protein,Q8NEG4,SACK1F,1388.0,8360.0,8901.272219999988,0.0,15.121990139064474,0.98875,0.052270097496604606,,
gene:SACK1F,gene,,SACK1F,,,,,,,,,
protein:Q9UPQ9,protein,Q9UPQ9,TNRC6B,506.0,4534.0,3091.338209999999,0.0,9.0899231851435,0.8885,0.01205628353391397,,
gene:TNRC6B,gene,,TNRC6B,,,,,,,,,
protein:Q969R5,protein,Q969R5,L3MBTL2,61.0,1238.0,346.2734000000001,0.0,12.688764259549972,0.9555,-0.002111056555531121,,
gene:L3MBTL2,gene,,L3MBTL2,,,,,,,,,
protein:Q6NUI6,protein,Q6NUI6,CHADL,61.0,1238.0,346.2734000000001,0.0,6.635547688706847,0.8545,0.006726052140809458,,
gene:CHADL,gene,,CHADL,,,,,,,,,
protein:Q09472,protein,Q09472,EP300,61.0,1238.0,346.2734000000001,0.0,9.744933406714365,0.9085,-0.03559509916858694,,
gene:EP300,gene,,EP300,,,,,,,,,
protein:Q14166,protein,Q14166,TTLL12,1900.0,8150.0,12754.688279999982,0.5722700696539474,8.280545892351274,0.8825,0.6208831782066131,,
gene:TTLL12,gene,,TTLL12,,,,,,,,,
protein:Q8IWY4,protein,Q8IWY4,SCUBE1,3335.0,17544.0,22235.97461999998,0.0,9.779326806398235,0.9065,0.003651396774040805,,
gene:SCUBE1,gene,,SCUBE1,,,,,,,,,
protein:O15442,protein,O15442,MPPED1,2617.0,10602.0,17514.37680999994,0.0,14.406167603474705,0.9785,-0.09869876715904446,,
gene:MPPED1,gene,,MPPED1,,,,,,,,,
protein:Q9BYW1,protein,Q9BYW1,SLC2A11,1054.0,6591.0,6707.483499999983,0.0,7.203802544087886,0.86475,0.030134551703455692,,
gene:SLC2A11,gene,,SLC2A11,,,,,,,,,
protein:Q69YQ0,protein,Q69YQ0,SPECC1L,1352.0,7812.0,8895.284370000029,0.0,13.010295859538784,0.954,0.05835846375916809,,
gene:SPECC1L,gene,,SPECC1L,,,,,,,,,
protein:P36269,protein,P36269,GGT5,838.0,4128.0,5726.044860000005,0.0,9.390584984649735,0.89575,-0.06355097506502361,,
gene:GGT5,gene,,GGT5,,,,,,,,,
protein:P29274,protein,P29274,ADORA2A,618.0,4343.0,3868.8745599999943,0.0,15.005574581430745,0.9855,-0.03187491967361211,,
gene:ADORA2A,gene,,ADORA2A,,,,,,,,,
protein:P86434,protein,P86434,ADORA2A-AS1,618.0,4343.0,3868.8745599999943,0.0,9.902548520873651,0.90425,0.015065746569812077,,
gene:ADORA2A-AS1,gene,,ADORA2A-AS1,,,,,,,,,
protein:P14784,protein,P14784,IL2RB,631.0,4488.0,3895.413439999995,0.0,15.463080141129032,0.992,0.002079587979586961,,
gene:IL2RB,gene,,IL2RB,,,,,,,,,
protein:P15153,protein,P15153,RAC2,908.0,4608.0,5584.803720000004,0.0,7.250203473227207,0.86375,0.03218077819122378,,
gene:RAC2,gene,,RAC2,,,,,,,,,
protein:Q99705,protein,Q99705,MCHR1,230.0,1515.0,1409.0724399999997,0.0,14.271695841889118,0.974,0.011326060572756091,,
gene:MCHR1,gene,,MCHR1,,,,,,,,,
protein:Q969V6,protein,Q969V6,MRTFA,238.0,1607.0,1453.0910299999991,0.0,15.713490215755144,0.9965,-0.023402062301132176,,
gene:MRTFA,gene,,MRTFA,,,,,,,,,
protein:Q3SXP7,protein,Q3SXP7,SHISAL1,3124.0,15021.0,20938.58010999993,0.0,6.630559136605559,0.8455,-0.023693939393939267,,
gene:SHISAL1,gene,,SHISAL1,,,,,,,,,
protein:Q6ICG6,protein,Q6ICG6,KIAA0930,649.0,3073.0,4431.786890000002,0.0,12.07492819289878,0.9435,-0.009932639107505636,,
gene:KIAA0930,gene,,KIAA0930,,,,,,,,,
protein:Q6IC98,protein,Q6IC98,GRAMD4,299.0,2715.0,1796.8042500000004,0.0,12.622798894445907,0.94975,-0.07202233160823823,,
gene:GRAMD4,gene,,GRAMD4,,,,,,,,,
protein:O15371,protein,O15371,EIF3D,1905.0,10494.0,12431.496840000009,0.0,6.960475447718081,0.8655,-0.11555089106148397,,
gene:EIF3D,gene,,EIF3D,,,,,,,,,
protein:Q99757,protein,Q99757,TXN2,1905.0,10494.0,12431.496840000009,0.0,9.997337789904503,0.91625,-0.02519965938689772,,
gene:TXN2,gene,,TXN2,,,,,,,,,
protein:Q8IWF2,protein,Q8IWF2,FOXRED2,1905.0,10494.0,12431.496840000009,0.0,13.249096429502215,0.95925,-0.043318760794774036,,
gene:FOXRED2,gene,,FOXRED2,,,,,,,,,
protein:P59817,protein,P59817,ZNF280A,1174.0,7120.0,7918.571999999997,0.0,9.928621754577753,0.91475,-0.006753791878958637,,
gene:ZNF280A,gene,,ZNF280A,,,,,,,,,
protein:Q86YH2,protein,Q86YH2,ZNF280B,1174.0,7120.0,7918.571999999997,0.0,7.947274267662263,0.8705,0.06329292950000465,,
gene:ZNF280B,gene,,ZNF280B,,,,,,,,,
protein:P35626,protein,P35626,GRK3,1305.0,6875.0,8341.863370000014,-0.2735549815738259,8.75224189944134,0.895,-0.3376414072684,,
gene:GRK3,gene,,GRK3,,,,,,,,,
protein:Q9P0X4,protein,Q9P0X4,CACNA1I,3204.0,15876.0,21178.959359999968,0.0,14.936560988031577,0.98175,-0.030753604426303482,,
gene:CACNA1I,gene,,CACNA1I,,,,,,,,,
protein:P49593,protein,P49593,PPM1F,534.0,3760.0,3653.4101800000058,0.0,14.871996441281137,0.9835,-0.010716164448611565,,
gene:PPM1F,gene,,PPM1F,,,,,,,,,
protein:O95985,protein,O95985,TOP3B,534.0,3760.0,3653.4101800000058,0.0,8.149699408950182,0.88825,0.053235256328147074,,
gene:TOP3B,gene,,TOP3B,,,,,,,,,
protein:Q5R3I4,protein,Q5R3I4,TTC38,1248.0,7632.0,8260.197360000006,0.0,9.302379817022455,0.90175,0.03373012367127082,,
gene:TTC38,gene,,TTC38,,,,,,,,,
protein:O75648,protein,O75648,TRMU,1248.0,7632.0,8260.197360000006,0.0,11.414737973662994,0.93025,-0.01838491116478025,,
gene:TRMU,gene,,TRMU,,,,,,,,,
protein:Q9NTG1,protein,Q9NTG1,PKDREJ,1248.0,7632.0,8260.197360000006,0.0,13.773788205128206,0.975,0.01342116365101198,,
gene:PKDREJ,gene,,PKDREJ,,,,,,,,,
protein:Q9NYZ3,protein,Q9NYZ3,GTSE1,1248.0,7632.0,8260.197360000006,0.0,14.248561056952283,0.9745,-0.06151233463881489,,
gene:GTSE1,gene,,GTSE1,,,,,,,,,
protein:Q7Z3Z3,protein,Q7Z3Z3,PIWIL3,283.0,2485.0,1725.08486,0.0,8.456646813247982,0.89825,-0.08508186949960006,,
gene:PIWIL3,gene,,PIWIL3,,,,,,,,,
protein:Q14390,protein,Q14390,GGTLC2,33.0,554.0,178.21185000000003,0.0,6.202996236247828,0.8635,0.05232889632209137,,
gene:GGTLC2,gene,,GGTLC2,,,,,,,,,
protein:Q6NTF7,protein,Q6NTF7,APOBEC3H,403.0,1721.0,2688.8899499999984,0.0,9.742851759490165,0.90225,0.0462155195214784,,
gene:APOBEC3H,gene,,APOBEC3H,,,,,,,,,
protein:O95236,protein,O95236,APOL3,266.0,1542.0,1783.6151900000011,0.0,7.263514384349827,0.869,0.010534301165438187,,
gene:APOL3,gene,,APOL3,,,,,,,,,
protein:P26998,protein,P26998,CRYBB3,175.0,1101.0,1102.5715700000003,-0.1686435039209785,10.325245461934434,0.92275,-0.15926476827264935,,
gene:CRYBB3,gene,,CRYBB3,,,,,,,,,
protein:Q9BY89,protein,Q9BY89,KIAA1671,676.0,3120.0,4490.282270000003,0.0,10.850428376906319,0.918,0.030520362882498375,,
gene:KIAA1671,gene,,KIAA1671,,,,,,,,,
protein:Q15750,protein,Q15750,TAB1,25.0,261.0,137.32498,0.0,9.350036791147994,0.90375,-0.024080551843255193,,
gene:TAB1,gene,,TAB1,,,,,,,,,
protein:Q9BXI9,protein,Q9BXI9,C1QTNF6,201.0,1614.0,1630.5902699999997,0.0,13.669530848329048,0.9725,-0.020565731569549328,,
gene:C1QTNF6,gene,,C1QTNF6,,,,,,,,,
protein:P32745,protein,P32745,SSTR3,201.0,1614.0,1630.5902699999997,0.0,11.54013469827586,0.928,-0.005467268373903877,,
gene:SSTR3,gene,,SSTR3,,,,,,,,,
protein:L0R8F8,protein,L0R8F8,MIEF1,466.0,2424.0,2927.352299999997,0.0,11.917395074946466,0.934,0.03598939768193077,,
gene:MIEF1,gene,,MIEF1,,,,,,,,,
protein:Q9NQG6,protein,Q9NQG6,MIEF1,466.0,2424.0,2927.352299999997,0.0,11.639022818791947,0.93125,-0.028901053121121123,,
protein:Q09327,protein,Q09327,MGAT3,466.0,2424.0,2927.352299999997,0.0,15.273710652228658,0.99275,0.024199357488088324,,
gene:MGAT3,gene,,MGAT3,,,,,,,,,
protein:P18848,protein,P18848,ATF4,466.0,2424.0,2927.352299999997,0.0,13.352532396565183,0.96075,-0.06283421114599719,,
gene:ATF4,gene,,ATF4,,,,,,,,,
protein:Q86WX3,protein,Q86WX3,RPS19BP1,466.0,2424.0,2927.352299999997,0.0,15.347798735777497,0.98875,-0.023423553549749343,,
gene:RPS19BP1,gene,,RPS19BP1,,,,,,,,,
protein:O75631,protein,O75631,UPK3A,1246.0,5699.0,8848.45899000001,0.0,8.34866986455982,0.886,0.0027262709405082575,,
gene:UPK3A,gene,,UPK3A,,,,,,,,,
protein:Q9BQE5,protein,Q9BQE5,APOL2,459.0,3555.0,3064.0061699999974,0.0,9.52887928631168,0.89675,-0.09925896474884865,,
gene:APOL2,gene,,APOL2,,,,,,,,,
protein:P07305,protein,P07305,H1-0,504.0,2049.0,3388.074100000005,0.0,6.869628142155446,0.86525,0.030123149380375303,,
gene:H1-0,gene,,H1-0,,,,,,,,,
protein:O75600,protein,O75600,GCAT,520.0,2267.0,3477.804220000004,0.0,12.484449179460032,0.9445,0.062315016941631995,,
gene:GCAT,gene,,GCAT,,,,,,,,,
protein:Q9UGY1,protein,Q9UGY1,NOL12,504.0,2049.0,3388.074100000005,0.0,11.513248322147653,0.93125,0.024909537407772575,,
gene:NOL12,gene,,NOL12,,,,,,,,,
protein:Q9H2D6,protein,Q9H2D6,TRIOBP,504.0,2049.0,3388.074100000005,0.0,8.045560554612338,0.8835,-0.07137543007938163,,
gene:TRIOBP,gene,,TRIOBP,,,,,,,,,
protein:Q9Y519,protein,Q9Y519,TMEM184B,163.0,1939.0,995.34077,0.0,15.74865070210632,0.997,0.030318806987905234,,
gene:TMEM184B,gene,,TMEM184B,,,,,,,,,
protein:O95502,protein,O95502,NPTXR,301.0,1091.0,1903.34585,0.0,11.333517501346257,0.9285,0.007881215915645612,,
gene:NPTXR,gene,,NPTXR,,,,,,,,,
protein:O96015,protein,O96015,DNAL4,301.0,1091.0,1903.34585,-0.1801430583790487,12.091916180371353,0.9425,-0.19961781783450938,,
gene:DNAL4,gene,,DNAL4,,,,,,,,,
protein:Q15049,protein,Q15049,MLC1,14.0,364.0,83.09653999999999,0.0,11.955023626227765,0.94175,0.020932529952025547,,
gene:MLC1,gene,,MLC1,,,,,,,,,
protein:Q9BXT6,protein,Q9BXT6,MOV10L1,14.0,364.0,83.09653999999999,0.0,14.962373668188738,0.9855,-0.008060258515962815,,
gene:MOV10L1,gene,,MOV10L1,,,,,,,,,
protein:A6PVC2,protein,A6PVC2,TTLL8,14.0,364.0,83.09653999999999,0.0,9.315783904204956,0.89775,-0.024086635679759993,,
gene:TTLL8,gene,,TTLL8,,,,,,,,,
protein:A0A024R1R8,protein,A0A024R1R8,TMA7B,408.0,1848.0,2775.295470000002,0.0,11.593003462972828,0.9385,0.015870863102568578,,
gene:TMA7B,gene,,TMA7B,,,,,,,,,
protein:Q12772,protein,Q12772,SREBF2,276.0,2723.0,2054.9810399999997,0.0,12.680280168999209,0.94675,0.014216582695398827,,
gene:SREBF2,gene,,SREBF2,,,,,,,,,
protein:P55769,protein,P55769,SNU13,51.0,804.0,278.99939,0.0,9.692513024403619,0.91175,-0.007537610947066398,,
gene:SNU13,gene,,SNU13,,,,,,,,,
protein:Q92871,protein,Q92871,PMM1,51.0,804.0,278.99939,0.0,13.876147384694667,0.97025,0.0020026498894356592,,
gene:PMM1,gene,,PMM1,,,,,,,,,
protein:Q6ICB0,protein,Q6ICB0,DESI1,51.0,804.0,278.99939,0.0,8.283636697766468,0.88425,0.0583740895619016,,
gene:DESI1,gene,,DESI1,,,,,,,,,
protein:Q9H6E4,protein,Q9H6E4,CCDC134,51.0,804.0,278.99939,0.868771216493547,10.403177606177607,0.9065,0.8591844170262615,,
gene:CCDC134,gene,,CCDC134,,,,,,,,,
protein:Q9Y534,protein,Q9Y534,CSDC2,51.0,804.0,278.99939,0.0,7.969069550466497,0.88425,0.02163619475734979,,
gene:CSDC2,gene,,CSDC2,,,,,,,,,
protein:Q5TIA1,protein,Q5TIA1,MEI1,51.0,804.0,278.99939,0.0,7.35798764367816,0.87,-0.001971537765055764,,
gene:MEI1,gene,,MEI1,,,,,,,,,
protein:P12956,protein,P12956,XRCC6,51.0,804.0,278.99939,0.0,14.41171523347793,0.97975,0.02916835887599234,,
gene:XRCC6,gene,,XRCC6,,,,,,,,,
protein:Q6NVV7,protein,Q6NVV7,CDPF1,399.0,3172.0,2557.07812,0.0,15.577112927565393,0.994,0.03528248797565503,,
gene:CDPF1,gene,,CDPF1,,,,,,,,,
protein:Q9UKI3,protein,Q9UKI3,VPREB3,881.0,4431.0,5758.592660000014,0.1164408892581127,12.52501798941799,0.945,0.06267544395042535,,
gene:VPREB3,gene,,VPREB3,,,,,,,,,
protein:Q8WYQ4,protein,Q8WYQ4,C22orf15,881.0,4431.0,5758.592660000014,0.0,9.428022947193806,0.90425,-0.04831631356830357,,
gene:C22orf15,gene,,C22orf15,,,,,,,,,
protein:P30536,protein,P30536,TSPO,1130.0,4805.0,7676.824680000027,0.0,14.246216799383507,0.97325,0.02552512226672654,,
gene:TSPO,gene,,TSPO,,,,,,,,,
protein:B1AH88,protein,B1AH88,TSPO,1130.0,4805.0,7676.824680000027,0.0,15.481851954602776,0.99125,-0.04272103509910252,,
protein:Q9BXK5,protein,Q9BXK5,BCL2L13,70.0,669.0,429.9602,-0.4016006618046185,12.604419003115265,0.963,-0.41844103895525286,,
gene:BCL2L13,gene,,BCL2L13,,,,,,,,,
protein:P55957,protein,P55957,BID,119.0,978.0,723.6299400000001,0.0,12.701335164835164,0.9555,-0.009174190328305798,,
gene:BID,gene,,BID,,,,,,,,,
protein:P19440,protein,P19440,GGT1,623.0,3682.0,3869.453209999997,0.0,12.096146432374866,0.939,-0.0333871536035808,,
gene:GGT1,gene,,GGT1,,,,,,,,,
protein:Q2VPJ9,protein,Q2VPJ9,LRRC75B,1080.0,5662.0,6854.358190000002,0.0,12.086975285676322,0.94075,-0.02826129046392367,,
gene:LRRC75B,gene,,LRRC75B,,,,,,,,,
protein:Q5THK1,protein,Q5THK1,PRR14L,1147.0,6438.0,7488.256349999993,0.0,15.222554265522461,0.9905,-0.03296217963698922,,
gene:PRR14L,gene,,PRR14L,,,,,,,,,
protein:Q9Y442,protein,Q9Y442,YWHAH-AS1,611.0,4011.0,3946.190149999999,0.0,6.587566212691973,0.86275,0.08514408721705546,,
gene:YWHAH-AS1,gene,,YWHAH-AS1,,,,,,,,,
protein:O75140,protein,O75140,DEPDC5,611.0,4011.0,3946.190149999999,0.0,9.05215369595537,0.89625,-0.029506558999546684,,
gene:DEPDC5,gene,,DEPDC5,,,,,,,,,
protein:Q9Y3I0,protein,Q9Y3I0,RTCB,70.0,1190.0,417.5788999999999,0.0,10.335331877729258,0.916,-0.0006310833962821505,,
gene:RTCB,gene,,RTCB,,,,,,,,,
protein:P85299,protein,P85299,PRR5,3725.0,19223.0,24564.09122999984,0.0,11.39585644504749,0.92125,0.04723261605047746,,
gene:PRR5,gene,,PRR5,,,,,,,,,
protein:O43808,protein,O43808,SLC25A17,385.0,3556.0,2363.212140000001,0.0,12.91818877818563,0.9535,-0.07783145934934765,,
gene:SLC25A17,gene,,SLC25A17,,,,,,,,,
protein:P62877,protein,P62877,RBX1,164.0,1982.0,944.9070999999996,0.0,6.7472084662220935,0.86225,0.0642211099891341,,
gene:RBX1,gene,,RBX1,,,,,,,,,
protein:Q9NQH7,protein,Q9NQH7,XPNPEP3,164.0,1982.0,944.9070999999996,0.0,10.341567420321438,0.91775,0.0538664059182441,,
gene:XPNPEP3,gene,,XPNPEP3,,,,,,,,,
protein:Q8NFI4,protein,Q8NFI4,ST13P5,164.0,1982.0,944.9070999999996,0.0,15.463126856279889,0.99325,0.01957344256213389,,
gene:ST13P5,gene,,ST13P5,,,,,,,,,
protein:Q7Z6W7,protein,Q7Z6W7,DNAJB7,164.0,1982.0,944.9070999999996,0.0,14.291340920716111,0.9775,0.012472938783821164,,
gene:DNAJB7,gene,,DNAJB7,,,,,,,,,
protein:P50502,protein,P50502,ST13,164.0,1982.0,944.9070999999996,0.0,15.860499498243854,0.9965,0.10995297506772417,,
gene:ST13,gene,,ST13,,,,,,,,,
protein:P15018,protein,P15018,LIF,841.0,4910.0,5386.619750000002,0.0,13.284356034709438,0.95075,-0.007646461218323353,,
gene:LIF,gene,,LIF,,,,,,,,,
protein:P13725,protein,P13725,OSM,841.0,4910.0,5386.619750000002,0.0,12.093378586609989,0.941,0.013325522002167745,,
gene:OSM,gene,,OSM,,,,,,,,,
protein:O75679,protein,O75679,RFPL3,199.0,1747.0,1273.54891,0.0,7.575283433133732,0.87675,-0.018585773439810716,,
gene:RFPL3,gene,,RFPL3,,,,,,,,,
protein:P0C7P2,protein,P0C7P2,RFPL3S,199.0,1747.0,1273.54891,0.0,15.924593445083813,0.99925,0.023212678468059522,,
gene:RFPL3S,gene,,RFPL3S,,,,,,,,,
protein:P09601,protein,P09601,HMOX1,612.0,3172.0,4089.97535,0.0,6.619368988633052,0.85775,-0.01263662533183929,,
gene:HMOX1,gene,,HMOX1,,,,,,,,,
protein:P33992,protein,P33992,MCM5,984.0,5040.0,6417.0620700000145,0.0,13.630186621551275,0.9605,0.02744320261025912,,
gene:MCM5,gene,,MCM5,,,,,,,,,
protein:P35625,protein,P35625,TIMP3,611.0,3399.0,3827.944830000008,0.0,8.586020804048356,0.88925,-0.013591550963301557,,
gene:TIMP3,gene,,TIMP3,,,,,,,,,
protein:O00587,protein,O00587,MFNG,1055.0,4654.0,7179.837550000011,0.0,5.992374815688588,0.84775,0.00013875073925451176,,
gene:MFNG,gene,,MFNG,,,,,,,,,
protein:Q6P5X5,protein,Q6P5X5,C22orf39,11.0,266.0,57.09067,0.0,15.419043105621375,0.99175,0.017706739338176902,,
gene:C22orf39,gene,,C22orf39,,,,,,,,,
protein:O75419,protein,O75419,CDC45,11.0,266.0,57.09067,0.0,14.813684010152285,0.985,0.10394341009361163,,
gene:CDC45,gene,,CDC45,,,,,,,,,
protein:O00501,protein,O00501,CLDN5,11.0,266.0,57.09067,0.0,11.64590353441403,0.94075,-0.0051613694619074835,,
gene:CLDN5,gene,,CLDN5,,,,,,,,,
protein:Q92890,protein,Q92890,UFD1,11.0,266.0,57.09067,-0.4189407972683309,7.033533045977012,0.87,-0.4463065901636982,,
gene:UFD1,gene,,UFD1,,,,,,,,,
protein:Q9UIA0,protein,Q9UIA0,CYTH4,1575.0,7317.0,10557.51469999999,0.0,6.233097010550998,0.853,-0.024873047742740795,,
gene:CYTH4,gene,,CYTH4,,,,,,,,,
protein:P56706,protein,P56706,WNT7B,2054.0,10323.0,13730.361100000018,0.0,8.01445295281153,0.88475,0.09770388374242422,,
gene:WNT7B,gene,,WNT7B,,,,,,,,,
protein:Q8IWD4,protein,Q8IWD4,CCDC117,480.0,2782.0,3054.7996800000005,0.0,15.780434161023326,0.99675,0.03686470563436295,,
gene:CCDC117,gene,,CCDC117,,,,,,,,,
protein:Q8IWL3,protein,Q8IWL3,HSCB,480.0,2782.0,3054.7996800000005,0.0,8.64507636159461,0.8905,0.05071293403700672,,
gene:HSCB,gene,,HSCB,,,,,,,,,
protein:P17861,protein,P17861,XBP1,480.0,2782.0,3054.7996800000005,0.0,9.977128748280606,0.90875,0.017215297157623155,,
gene:XBP1,gene,,XBP1,,,,,,,,,
protein:O95696,protein,O95696,BRD1,183.0,1226.0,1117.71351,0.0,15.860749874812218,0.9985,0.01968814533472063,,
gene:BRD1,gene,,BRD1,,,,,,,,,
protein:O75132,protein,O75132,ZBED4,183.0,1226.0,1117.71351,0.0,11.83191604278075,0.935,-0.058196428931131194,,
gene:ZBED4,gene,,ZBED4,,,,,,,,,
protein:Q6UXH1,protein,Q6UXH1,CRELD2,183.0,1226.0,1117.71351,0.0,6.812679953106683,0.853,-0.017346144419611242,,
gene:CRELD2,gene,,CRELD2,,,,,,,,,
protein:Q9BV10,protein,Q9BV10,ALG12,183.0,1226.0,1117.71351,0.0,7.4228387843704775,0.86375,0.008373543621828183,,
gene:ALG12,gene,,ALG12,,,,,,,,,
protein:Q96NN9,protein,Q96NN9,AIFM3,1668.0,7485.0,11302.552499999989,0.0,12.99743883951908,0.9565,0.02977218811572513,,
gene:AIFM3,gene,,AIFM3,,,,,,,,,
protein:Q969R2,protein,Q969R2,OSBP2,1366.0,7001.0,9269.0145,0.0,12.899315597287426,0.9585,-0.026170013104847456,,
gene:OSBP2,gene,,OSBP2,,,,,,,,,
protein:O95931,protein,O95931,CBX7,567.0,2539.0,3807.133740000007,0.0,15.868224837255882,0.9985,-0.007666484692384401,,
gene:CBX7,gene,,CBX7,,,,,,,,,
protein:O43246,protein,O43246,SLC7A4,580.0,3660.0,3726.7836200000024,0.0,14.447433094994892,0.979,0.08090850881130507,,
gene:SLC7A4,gene,,SLC7A4,,,,,,,,,
protein:O15547,protein,O15547,P2RX6,1342.0,7760.0,8562.153519999998,0.9350242542281072,10.48784252619967,0.9065,0.9557198630907386,,
gene:P2RX6,gene,,P2RX6,,,,,,,,,
protein:Q6ZQY2,protein,Q6ZQY2,LRRC74B,580.0,3660.0,3726.7836200000024,0.0,9.973257001647447,0.9105,-0.0331570004412427,,
gene:LRRC74B,gene,,LRRC74B,,,,,,,,,
protein:Q6ZR54,protein,Q6ZR54,Q6ZR54,90.0,388.0,552.3177900000001,0.0,7.368545662100456,0.876,0.004394018063997862,,
protein:P12036,protein,P12036,NEFH,810.0,3685.0,5406.05751,0.0,8.59507055214724,0.8965,-0.04521202733661056,,
gene:NEFH,gene,,NEFH,,,,,,,,,
protein:O75677,protein,O75677,RFPL1,810.0,3685.0,5406.05751,0.0,13.547208831168831,0.9625,-0.029979368607078172,,
gene:RFPL1,gene,,RFPL1,,,,,,,,,
protein:Q6ICG8,protein,Q6ICG8,WBP2NL,225.0,1919.0,1775.981649999999,-0.0307874380252479,14.926940802845529,0.984,-0.048638931123290874,,
gene:WBP2NL,gene,,WBP2NL,,,,,,,,,
protein:Q9NSP4,protein,Q9NSP4,CENPM,225.0,1919.0,1775.981649999999,0.0,11.45378581062854,0.92675,-0.018572999332773676,,
gene:CENPM,gene,,CENPM,,,,,,,,,
protein:P17050,protein,P17050,NAGA,325.0,2714.0,2400.066710000002,0.0,9.288106548279687,0.901,0.053041140209062476,,
gene:NAGA,gene,,NAGA,,,,,,,,,
protein:Q96RJ3,protein,Q96RJ3,TNFRSF13C,225.0,1919.0,1775.981649999999,0.0,12.40683956796628,0.949,-0.06239143366393485,,
gene:TNFRSF13C,gene,,TNFRSF13C,,,,,,,,,
protein:Q9UH03,protein,Q9UH03,SEPTIN3,225.0,1919.0,1775.981649999999,0.0,13.921393366157035,0.96475,0.003354967058626812,,
gene:SEPTIN3,gene,,SEPTIN3,,,,,,,,,
protein:B8ZZ34,protein,B8ZZ34,SHISA8,225.0,1919.0,1775.981649999999,0.0,10.876544438386041,0.917,0.03460696412420816,,
gene:SHISA8,gene,,SHISA8,,,,,,,,,
protein:A0A590UK83,protein,A0A590UK83,SMIM45,225.0,1919.0,1775.981649999999,0.0,14.145900128700129,0.97125,0.001433604697169244,,
gene:SMIM45,gene,,SMIM45,,,,,,,,,
protein:O43247,protein,O43247,CIMIP4,635.0,2715.0,4162.46953,0.0,10.579069172113291,0.918,-0.061329555108669,,
gene:CIMIP4,gene,,CIMIP4,,,,,,,,,
protein:P25325,protein,P25325,MPST,662.0,2868.0,4318.240940000002,0.0,12.101669781099838,0.9365,0.03915352338901812,,
gene:MPST,gene,,MPST,,,,,,,,,
protein:Q16762,protein,Q16762,TST,635.0,2715.0,4162.46953,0.0,9.931196672122207,0.9165,-0.0004744160499523531,,
gene:TST,gene,,TST,,,,,,,,,
protein:Q9BXW7,protein,Q9BXW7,HDHD5,788.0,3872.0,5118.408560000001,0.0,7.590098089535216,0.87675,0.011794180007710153,,
gene:HDHD5,gene,,HDHD5,,,,,,,,,
protein:Q9NZK5,protein,Q9NZK5,ADA2,258.0,1206.0,1599.6955899999996,0.0,12.870845129276574,0.95725,-0.023326859712042847,,
gene:ADA2,gene,,ADA2,,,,,,,,,
protein:Q15080,protein,Q15080,NCF4,1816.0,8621.0,11688.597660000009,0.0,9.024851105513573,0.89325,-0.007527755402778169,,
gene:NCF4,gene,,NCF4,,,,,,,,,
protein:Q6ICC9,protein,Q6ICC9,RTL6,1107.0,6214.0,7209.514589999993,0.0,15.226214666328344,0.98525,0.011642019659410252,,
gene:RTL6,gene,,RTL6,,,,,,,,,
protein:P78395,protein,P78395,PRAME,931.0,3989.0,6093.132380000004,0.0,12.286109989373008,0.941,0.012914071325212717,,
gene:PRAME,gene,,PRAME,,,,,,,,,
protein:P13224,protein,P13224,GP1BB,1861.0,7801.0,12200.686060000022,0.0,11.805592087677091,0.93525,0.008808441748477946,,
gene:GP1BB,gene,,GP1BB,,,,,,,,,
protein:Q99719,protein,Q99719,SEPTIN5,1861.0,7801.0,12200.686060000022,0.0,7.102754325259515,0.867,-0.014378983810202861,,
gene:SEPTIN5,gene,,SEPTIN5,,,,,,,,,
protein:O00192,protein,O00192,ARVCF,156.0,1513.0,969.2667800000004,0.0,9.642533940397353,0.906,0.04614363597922022,,
gene:ARVCF,gene,,ARVCF,,,,,,,,,
protein:P14174,protein,P14174,MIF,443.0,2864.0,2828.7876300000044,0.0,8.60388866911557,0.88475,0.05404533666079381,,
gene:MIF,gene,,MIF,,,,,,,,,
protein:O60704,protein,O60704,TPST2,375.0,2592.0,2552.522040000004,0.0,15.09366211085801,0.98775,0.037743014443014644,,
gene:TPST2,gene,,TPST2,,,,,,,,,
protein:Q9UG56,protein,Q9UG56,PISD,541.0,2527.0,3584.092689999994,0.0,6.946975073313783,0.8525,-0.03803015415198718,,
gene:PISD,gene,,PISD,,,,,,,,,
protein:Q9NRA8,protein,Q9NRA8,EIF4ENIF1,541.0,2527.0,3584.092689999994,0.0,10.521910724006533,0.9185,-0.01891508388082208,,
gene:EIF4ENIF1,gene,,EIF4ENIF1,,,,,,,,,
protein:A8K8P3,protein,A8K8P3,SFI1,541.0,2527.0,3584.092689999994,0.0,12.273845847704962,0.94225,-0.051870625247374846,,
gene:SFI1,gene,,SFI1,,,,,,,,,
protein:Q9NPC4,protein,Q9NPC4,A4GALT,148.0,1616.0,869.9505599999999,0.0,15.762129331993973,0.9955,-0.029462325121327737,,
gene:A4GALT,gene,,A4GALT,,,,,,,,,
protein:Q7Z412,protein,Q7Z412,PEX26,787.0,3496.0,5358.118510000009,0.0,13.616636012364761,0.9705,-0.0254518406928117,,
gene:PEX26,gene,,PEX26,,,,,,,,,
protein:A0A0A0MRZ9,protein,A0A0A0MRZ9,IGLV5-52,778.0,3858.0,5168.93199,0.0,8.999264978902954,0.88875,-0.012741763407710494,,
gene:IGLV5-52,gene,,IGLV5-52,,,,,,,,,
protein:P01701,protein,P01701,IGLV1-51,778.0,3858.0,5168.93199,0.0,14.221316208579502,0.97325,0.02435187067131217,,
gene:IGLV1-51,gene,,IGLV1-51,,,,,,,,,
protein:O75678,protein,O75678,RFPL2,292.0,1681.0,1802.194239999999,0.0,15.395805296343001,0.99125,-0.007739026545507954,,
gene:RFPL2,gene,,RFPL2,,,,,,,,,
protein:Q9UMW8,protein,Q9UMW8,USP18,848.0,3335.0,5653.524530000015,0.0,15.356408528892253,0.99075,-0.016670894355183208,,
gene:USP18,gene,,USP18,,,,,,,,,
protein:Q9BZR6,protein,Q9BZR6,RTN4R,239.0,1732.0,1423.1684199999995,0.0,9.371802007808142,0.8965,0.012380639893008194,,
gene:RTN4R,gene,,RTN4R,,,,,,,,,
protein:Q9H1I8,protein,Q9H1I8,ASCC2,14.0,562.0,78.19045999999999,0.0,10.198323626373627,0.91,0.016599397093282064,,
gene:ASCC2,gene,,ASCC2,,,,,,,,,
protein:Q86V35,protein,Q86V35,CABP7,14.0,562.0,78.19045999999999,0.0,12.674513797634692,0.95125,-0.040317084656877,,
gene:CABP7,gene,,CABP7,,,,,,,,,
protein:Q9UDW1,protein,Q9UDW1,UQCR10,14.0,562.0,78.19045999999999,-0.1085493620302542,8.907556178201176,0.89225,-0.12056209698855724,,
gene:UQCR10,gene,,UQCR10,,,,,,,,,
protein:Q9UDW3,protein,Q9UDW3,ZMAT5,14.0,562.0,78.19045999999999,0.0,6.851688401615696,0.8665,-0.09101414326948376,,
gene:ZMAT5,gene,,ZMAT5,,,,,,,,,
protein:Q13615,protein,Q13615,MTMR3,127.0,890.0,853.6016899999996,0.0,11.175745698924732,0.93,-0.03588966211012412,,
gene:MTMR3,gene,,MTMR3,,,,,,,,,
protein:Q8N7B1,protein,Q8N7B1,HORMAD2,127.0,890.0,853.6016899999996,-1.0245205650950984,6.524614146060955,0.8695,-0.9806796719021733,,
gene:HORMAD2,gene,,HORMAD2,,,,,,,,,
protein:Q8NEJ0,protein,Q8NEJ0,DUSP18,291.0,1873.0,1842.5589,0.0,8.500597002262442,0.884,0.01553559918349201,,
gene:DUSP18,gene,,DUSP18,,,,,,,,,
protein:Q6ICL7,protein,Q6ICL7,SLC35E4,291.0,1873.0,1842.5589,0.0,12.690166181529506,0.94475,-0.019207002386384175,,
gene:SLC35E4,gene,,SLC35E4,,,,,,,,,
protein:P20062,protein,P20062,TCN2,291.0,1873.0,1842.5589,0.0,7.949697907709945,0.87225,0.014472070086299027,,
gene:TCN2,gene,,TCN2,,,,,,,,,
protein:Q9BWW8,protein,Q9BWW8,APOL6,86.0,365.0,540.1986000000002,0.0,14.847977099236642,0.9825,0.012785030626641714,,
gene:APOL6,gene,,APOL6,,,,,,,,,
protein:Q9H4K1,protein,Q9H4K1,RIBC2,306.0,1201.0,2184.8607799999986,0.0,13.129300390117034,0.96125,-0.02116010485622688,,
gene:RIBC2,gene,,RIBC2,,,,,,,,,
protein:Q8WUA7,protein,Q8WUA7,TBC1D22A,4071.0,17962.0,26585.676639999903,0.0,12.708110994764397,0.955,-0.03141649651287359,,
gene:TBC1D22A,gene,,TBC1D22A,,,,,,,,,
protein:Q9UKX7,protein,Q9UKX7,NUP50,467.0,2849.0,2898.801829999998,0.0,13.606831991690472,0.96275,0.006147191110128958,,
gene:NUP50,gene,,NUP50,,,,,,,,,
protein:Q00587,protein,Q00587,CDC42EP1,1312.0,7578.0,8721.503630000007,0.0,13.547355081881987,0.96175,-0.08984053531877656,,
gene:CDC42EP1,gene,,CDC42EP1,,,,,,,,,
protein:P05162,protein,P05162,LGALS2,1312.0,7578.0,8721.503630000007,0.0,7.681708250071367,0.87575,-0.009763218264871476,,
gene:LGALS2,gene,,LGALS2,,,,,,,,,
protein:Q8NET5,protein,Q8NET5,NFAM1,1028.0,4538.0,7111.047999999994,0.0,13.428611743404035,0.9665,0.029934965767743904,,
gene:NFAM1,gene,,NFAM1,,,,,,,,,
protein:Q96M85,protein,Q96M85,Q96M85,434.0,1892.0,2776.129339999997,0.0,14.723282397959181,0.98,0.012732754688034476,,
protein:Q9Y3I1,protein,Q9Y3I1,FBXO7,754.0,4157.0,4982.333009999991,0.0,12.797566902330454,0.95475,-0.06668879046846676,,
gene:FBXO7,gene,,FBXO7,,,,,,,,,
protein:P35579,protein,P35579,MYH9,818.0,4222.0,5201.150169999997,0.0,8.851585112359551,0.89,-0.021395976572113895,,
gene:MYH9,gene,,MYH9,,,,,,,,,
protein:Q9BT49,protein,Q9BT49,THAP7,767.0,4237.0,4872.03983000001,0.0,11.083257481801025,0.92725,0.06299546640935816,,
gene:THAP7,gene,,THAP7,,,,,,,,,
protein:Q8N653,protein,Q8N653,LZTR1,769.0,4289.0,4882.366920000009,0.0,11.073474054054055,0.925,-0.05433033106104901,,
gene:LZTR1,gene,,LZTR1,,,,,,,,,
protein:Q9H4I8,protein,Q9H4I8,SERHL2,333.0,1696.0,2089.355300000001,0.0,12.370085381971979,0.94575,0.013048575997336442,,
gene:SERHL2,gene,,SERHL2,,,,,,,,,
protein:Q9NQF3,protein,Q9NQF3,SERHL,333.0,1696.0,2089.355300000001,0.0,10.300547847545928,0.91175,0.04224852845383964,,
gene:SERHL,gene,,SERHL,,,,,,,,,
protein:Q9NSQ0,protein,Q9NSQ0,RRP7BP,333.0,1696.0,2089.355300000001,0.0,13.565096665805118,0.96725,0.013098502037030002,,
gene:RRP7BP,gene,,RRP7BP,,,,,,,,,
protein:P00387,protein,P00387,CYB5R3,363.0,1847.0,2277.090860000001,0.0,11.708093147751606,0.934,-0.015949949928597107,,
gene:CYB5R3,gene,,CYB5R3,,,,,,,,,
protein:Q9BY77,protein,Q9BY77,POLDIP3,333.0,1696.0,2089.355300000001,0.0,14.972361933687672,0.98775,-0.04683130793799073,,
gene:POLDIP3,gene,,POLDIP3,,,,,,,,,
protein:Q9Y3A4,protein,Q9Y3A4,RRP7A,333.0,1696.0,2089.355300000001,0.3679920524327954,6.3507988859571975,0.85275,0.29773034512646923,,
gene:RRP7A,gene,,RRP7A,,,,,,,,,
protein:Q9BR01,protein,Q9BR01,SULT4A1,357.0,1625.0,2368.7574600000003,0.0,14.336121165248775,0.96975,-0.014188894558916587,,
gene:SULT4A1,gene,,SULT4A1,,,,,,,,,
protein:Q9ULT6,protein,Q9ULT6,ZNRF3,344.0,1454.0,2314.45211,0.501454934474039,10.45077921719956,0.907,0.5207038962050206,,
gene:ZNRF3,gene,,ZNRF3,,,,,,,,,
protein:Q96MU8,protein,Q96MU8,KREMEN1,718.0,3122.0,4681.506000000005,0.0,8.127972403982932,0.87875,0.039300493652181245,,
gene:KREMEN1,gene,,KREMEN1,,,,,,,,,
protein:Q96A84,protein,Q96A84,EMID1,588.0,2303.0,3805.1713199999976,0.0,14.980059659812136,0.98475,0.025459136781403657,,
gene:EMID1,gene,,EMID1,,,,,,,,,
protein:O43251,protein,O43251,RBFOX2,98.0,1088.0,560.9736000000001,0.0,15.30385361552028,0.99225,-0.003643389965551691,,
gene:RBFOX2,gene,,RBFOX2,,,,,,,,,
protein:O60755,protein,O60755,GALR3,17.0,240.0,96.24372,0.0,15.363906131718396,0.99075,0.005660271418866714,,
gene:GALR3,gene,,GALR3,,,,,,,,,
protein:Q6UXY1,protein,Q6UXY1,BAIAP2L2,680.0,3571.0,4435.09273,0.0,6.534836698858648,0.85425,-0.04265724611247812,,
gene:BAIAP2L2,gene,,BAIAP2L2,,,,,,,,,
protein:Q9BZE7,protein,Q9BZE7,C22orf23,17.0,240.0,96.24372,0.0,13.557555903049256,0.95925,0.03573770817379973,,
gene:C22orf23,gene,,C22orf23,,,,,,,,,
protein:Q8N3F8,protein,Q8N3F8,MICALL1,17.0,240.0,96.24372,0.0,11.94559611805371,0.94025,0.047360964438629694,,
gene:MICALL1,gene,,MICALL1,,,,,,,,,
protein:Q6NXT1,protein,Q6NXT1,ANKRD54,17.0,240.0,96.24372,0.0,15.945009250000002,1.0,0.028754081904624584,,
gene:ANKRD54,gene,,ANKRD54,,,,,,,,,
protein:O95907,protein,O95907,SLC16A8,17.0,240.0,96.24372,0.0,8.410937287173667,0.881,0.0532150721084772,,
gene:SLC16A8,gene,,SLC16A8,,,,,,,,,
protein:Q9Y262,protein,Q9Y262,EIF3L,17.0,240.0,96.24372,0.0,10.142445536445537,0.91575,0.05594774117215806,,
gene:EIF3L,gene,,EIF3L,,,,,,,,,
protein:P61218,protein,P61218,POLR2F,17.0,240.0,96.24372,0.0,15.669564038171773,0.9955,0.06806668333993215,,
gene:POLR2F,gene,,POLR2F,,,,,,,,,
protein:Q9NRD5,protein,Q9NRD5,PICK1,17.0,240.0,96.24372,0.0,13.014981201044387,0.9575,0.0389571151499748,,
gene:PICK1,gene,,PICK1,,,,,,,,,
protein:P56693,protein,P56693,SOX10,17.0,240.0,96.24372,0.0,15.744374436090226,0.9975,0.0318055138784743,,
gene:SOX10,gene,,SOX10,,,,,,,,,
protein:B5MCN3,protein,B5MCN3,SEC14L6,956.0,4827.0,6409.9342900000065,0.0,10.108359263331499,0.9095,0.006262887370377612,,
gene:SEC14L6,gene,,SEC14L6,,,,,,,,,
protein:Q99999,protein,Q99999,GAL3ST1,956.0,4827.0,6409.9342900000065,0.0,7.647758059831542,0.86075,-0.040502787086279746,,
gene:GAL3ST1,gene,,GAL3ST1,,,,,,,,,
protein:Q9UDX3,protein,Q9UDX3,SEC14L4,956.0,4827.0,6409.9342900000065,0.0,14.23877430910952,0.977,-0.025550170916016413,,
gene:SEC14L4,gene,,SEC14L4,,,,,,,,,
protein:Q8IYX3,protein,Q8IYX3,CCDC116,1.0,25.0,5.13544,0.0260080546311633,13.493608132608133,0.96525,0.049159620197670506,,
gene:CCDC116,gene,,CCDC116,,,,,,,,,
protein:Q8N8J0,protein,Q8N8J0,PI4KAP1,220.0,891.0,1415.55727,0.0,7.655041119360366,0.8755,-0.07435604564860299,,
gene:PI4KAP1,gene,,PI4KAP1,,,,,,,,,
protein:A6NJZ7,protein,A6NJZ7,RIMBP3C,220.0,891.0,1415.55727,0.0,8.403096153846153,0.884,-0.029492437920852765,,
gene:RIMBP3C,gene,,RIMBP3C,,,,,,,,,
protein:A8MPS7,protein,A8MPS7,YDJC,1.0,25.0,5.13544,0.0,7.830271892047087,0.87075,0.01580479758865394,,
gene:YDJC,gene,,YDJC,,,,,,,,,
protein:A4QPH2,protein,A4QPH2,PI4KAP2,222.0,990.0,1428.12062,0.0,12.853197378768021,0.95375,-0.007325402522235791,,
gene:PI4KAP2,gene,,PI4KAP2,,,,,,,,,
protein:P68036,protein,P68036,UBE2L3,1.0,25.0,5.13544,0.2122560672156705,14.995660583016477,0.98625,0.2830743004689058,,
gene:UBE2L3,gene,,UBE2L3,,,,,,,,,
protein:A6NGB0,protein,A6NGB0,TMEM191C,1.0,25.0,5.13544,0.0,9.636978085991677,0.90125,-0.03766547405285792,,
gene:TMEM191C,gene,,TMEM191C,,,,,,,,,
protein:A6NNM3,protein,A6NNM3,RIMBP3B,220.0,891.0,1415.55727,0.0,12.876417101147029,0.959,0.07265416875522313,,
gene:RIMBP3B,gene,,RIMBP3B,,,,,,,,,
protein:P0C7N4,protein,P0C7N4,TMEM191B,220.0,891.0,1415.55727,-0.6438423348878088,8.380415536723165,0.885,-0.5821507510880259,,
gene:TMEM191B,gene,,TMEM191B,,,,,,,,,
protein:Q9HCN8,protein,Q9HCN8,SDF2L1,1.0,25.0,5.13544,0.0,9.148908163265306,0.9065,0.06305399760509367,,
gene:SDF2L1,gene,,SDF2L1,,,,,,,,,
protein:Q9UFD9,protein,Q9UFD9,RIMBP3,220.0,891.0,1415.55727,0.3112463116199546,9.46400782122905,0.895,0.2572113868980157,,
gene:RIMBP3,gene,,RIMBP3,,,,,,,,,
protein:Q96JB3,protein,Q96JB3,HIC2,1.0,25.0,5.13544,0.0,15.386273139974781,0.99125,-0.005770209797569592,,
gene:HIC2,gene,,HIC2,,,,,,,,,
protein:A0A6I8PU40,protein,A0A6I8PU40,TUG1,326.0,2027.0,2227.748279999998,0.0,14.395597848360655,0.976,0.034794459503418196,,
gene:TUG1,gene,,TUG1,,,,,,,,,
protein:Q9Y6X9,protein,Q9Y6X9,MORC2,326.0,2027.0,2227.748279999998,0.0,11.541018498659517,0.9325,-0.04638533784570242,,
gene:MORC2,gene,,MORC2,,,,,,,,,
protein:Q8IU80,protein,Q8IU80,TMPRSS6,683.0,3020.0,4361.257119999999,0.0,13.31330604796663,0.959,-0.07125690580598132,,
gene:TMPRSS6,gene,,TMPRSS6,,,,,,,,,
protein:O43272,protein,O43272,PRODH,219.0,866.0,1410.42183,0.0,8.072747356387538,0.87475,-0.034517473085641015,,
gene:PRODH,gene,,PRODH,,,,,,,,,
protein:P61581,protein,P61581,ERVK-24,219.0,866.0,1410.42183,0.0,12.101314844587353,0.933,-0.00581584236214816,,
gene:ERVK-24,gene,,ERVK-24,,,,,,,,,
protein:Q5BKY6,protein,Q5BKY6,Q5BKY6,376.0,1604.0,2434.7251899999983,0.0,14.199954580446496,0.97425,0.12551262716051426,,
protein:A0A494C0N9,protein,A0A494C0N9,FAM246B,219.0,866.0,1410.42183,0.0,13.021051066070019,0.94975,-0.07155351733731408,,
gene:FAM246B,gene,,FAM246B,,,,,,,,,
protein:B5MD39,protein,B5MD39,GGTLC3,376.0,1604.0,2434.7251899999983,0.0,8.44111231162923,0.87925,-0.0028021651817713433,,
gene:GGTLC3,gene,,GGTLC3,,,,,,,,,
protein:P61580,protein,P61580,ERVK-10,219.0,866.0,1410.42183,0.0,12.882499868386416,0.94975,-0.005921971515386204,,
gene:ERVK-10,gene,,ERVK-10,,,,,,,,,
protein:Q14129,protein,Q14129,DGCR6,219.0,866.0,1410.42183,0.0,10.474140082079344,0.91375,-0.018780287687354402,,
gene:DGCR6,gene,,DGCR6,,,,,,,,,
protein:P20472,protein,P20472,PVALB,618.0,2848.0,4140.337880000001,0.0,15.465736842105265,0.99275,0.023884755115247458,,
gene:PVALB,gene,,PVALB,,,,,,,,,
protein:Q9ULX9,protein,Q9ULX9,MAFF,663.0,3331.0,4338.849010000001,0.2880087072422321,14.130841220584433,0.96675,0.3166377974086032,,
gene:MAFF,gene,,MAFF,,,,,,,,,
protein:O60733,protein,O60733,PLA2G6,663.0,3331.0,4338.849010000001,0.0,13.177372727272726,0.9625,0.07698044034335538,,
gene:PLA2G6,gene,,PLA2G6,,,,,,,,,
protein:Q5THR3,protein,Q5THR3,EFCAB6,722.0,3038.0,4806.05253,0.0,8.773279708520178,0.892,-0.011255187520813337,,
gene:EFCAB6,gene,,EFCAB6,,,,,,,,,
protein:P53673,protein,P53673,CRYBA4,216.0,1332.0,1446.311520000001,0.0,8.48185,0.89,-0.020037839201506813,,
gene:CRYBA4,gene,,CRYBA4,,,,,,,,,
protein:P53674,protein,P53674,CRYBB1,216.0,1332.0,1446.311520000001,0.0,9.444747304395907,0.90425,-0.026662436924340227,,
gene:CRYBB1,gene,,CRYBB1,,,,,,,,,
protein:P32927,protein,P32927,CSF2RB,827.0,3688.0,5358.4061500000125,0.0,6.407668153434432,0.84075,0.017477439042606235,,
gene:CSF2RB,gene,,CSF2RB,,,,,,,,,
protein:A4QPB2,protein,A4QPB2,LRP5L,460.0,2174.0,2896.6004399999993,0.0,13.182424836601308,0.95625,-0.020175619047618554,,
gene:LRP5L,gene,,LRP5L,,,,,,,,,
protein:P0DOY2,protein,P0DOY2,IGLC2,464.0,1860.0,3209.205230000003,0.0,15.315177537144296,0.99275,0.10657879385904856,,
gene:IGLC2,gene,,IGLC2,,,,,,,,,
protein:B9A064,protein,B9A064,IGLL5,464.0,1860.0,3209.205230000003,0.0,9.938475495594716,0.908,0.020669396876868973,,
gene:IGLL5,gene,,IGLL5,,,,,,,,,
protein:P0CF74,protein,P0CF74,IGLC6,464.0,1860.0,3209.205230000003,0.0,6.442166666666667,0.8535,0.02375757126229594,,
gene:IGLC6,gene,,IGLC6,,,,,,,,,
protein:P0DOX8,protein,P0DOX8,P0DOX8,464.0,1860.0,3209.205230000003,0.0,10.519198751018191,0.92075,0.06156765031942868,,
protein:A0M8Q6,protein,A0M8Q6,IGLC7,464.0,1860.0,3209.205230000003,0.9727362279322826,12.240049719326382,0.93525,1.0074091579861104,,
gene:IGLC7,gene,,IGLC7,,,,,,,,,
protein:P0DOY3,protein,P0DOY3,IGLC3,464.0,1860.0,3209.205230000003,0.0,8.015968723343757,0.87925,0.04886823389029438,,
gene:IGLC3,gene,,IGLC3,,,,,,,,,
protein:A0A0A0MT76,protein,A0A0A0MT76,IGLJ1,464.0,1860.0,3209.205230000003,0.0,6.272624014022788,0.85575,-0.07318435538837242,,
gene:IGLJ1,gene,,IGLJ1,,,,,,,,,
protein:P0CG04,protein,P0CG04,IGLC1,464.0,1860.0,3209.205230000003,0.0,14.579130445925164,0.9755,-0.020656720174660137,,
gene:IGLC1,gene,,IGLC1,,,,,,,,,
protein:Q7Z4Y8,protein,Q7Z4Y8,ATP5MGL,30.0,151.0,187.73556,0.0,9.682409922394678,0.902,-0.012367059357213606,,
gene:ATP5MGL,gene,,ATP5MGL,,,,,,,,,
protein:P46109,protein,P46109,CRKL,698.0,2953.0,4671.994180000006,0.0,11.120646646916239,0.92825,0.012599036027351573,,
gene:CRKL,gene,,CRKL,,,,,,,,,
protein:Q9UBR1,protein,Q9UBR1,UPB1,458.0,1986.0,2996.64688,0.0,11.170834643534834,0.92225,-0.029229453938709682,,
gene:UPB1,gene,,UPB1,,,,,,,,,
protein:Q96NT3,protein,Q96NT3,GUCD1,458.0,1986.0,2996.64688,0.0,11.701107304116864,0.94125,-0.015211230373388673,,
gene:GUCD1,gene,,GUCD1,,,,,,,,,
protein:P62318,protein,P62318,SNRPD3,458.0,1986.0,2996.64688,0.0,11.420646807373764,0.93575,-0.02578576917737685,,
gene:SNRPD3,gene,,SNRPD3,,,,,,,,,
protein:Q9BPW4,protein,Q9BPW4,APOL4,50.0,323.0,287.89348,0.0,11.830695978552278,0.9325,0.07716735878320691,,
gene:APOL4,gene,,APOL4,,,,,,,,,
protein:O60784,protein,O60784,TOM1,896.0,3627.0,5793.107500000001,0.0,12.14340010669512,0.93725,-0.10196200149183099,,
gene:TOM1,gene,,TOM1,,,,,,,,,
protein:Q9BW83,protein,Q9BW83,IFT27,444.0,1853.0,2789.45203,0.0,6.5195614549721315,0.85225,-0.05416426264992591,,
gene:IFT27,gene,,IFT27,,,,,,,,,
protein:P02144,protein,P02144,MB,431.0,1995.0,2733.811370000001,0.0,15.518753780241935,0.992,-0.022888828410028594,,
gene:MB,gene,,MB,,,,,,,,,
protein:P48050,protein,P48050,KCNJ4,815.0,2802.0,5520.804709999998,0.0,11.160820839978735,0.9405,-0.030568361203835437,,
gene:KCNJ4,gene,,KCNJ4,,,,,,,,,
protein:O43731,protein,O43731,KDELR3,815.0,2802.0,5520.804709999998,0.0,15.79157493734336,0.9975,-0.031222722782569434,,
gene:KDELR3,gene,,KDELR3,,,,,,,,,
protein:Q96AY4,protein,Q96AY4,TTC28,167.0,745.0,1026.9530799999998,0.0,6.362291253644314,0.8575,-0.03129732846218669,,
gene:TTC28,gene,,TTC28,,,,,,,,,
protein:P48739,protein,P48739,PITPNB,167.0,745.0,1026.9530799999998,0.0,11.710647074539141,0.93575,0.006474643467731411,,
gene:PITPNB,gene,,PITPNB,,,,,,,,,
protein:Q9Y6J0,protein,Q9Y6J0,CABIN1,99.0,281.0,646.28531,0.0,14.965626270325204,0.984,-0.011191916348922248,,
gene:CABIN1,gene,,CABIN1,,,,,,,,,
protein:Q9UGT4,protein,Q9UGT4,SUSD2,99.0,281.0,646.28531,0.0,12.572007380073801,0.9485,0.028786667816685707,,
gene:SUSD2,gene,,SUSD2,,,,,,,,,
protein:O95922,protein,O95922,TTLL1,273.0,1048.0,1786.6230899999978,0.0,15.796238357536303,0.9985,-0.02399395223964973,,
gene:TTLL1,gene,,TTLL1,,,,,,,,,
protein:Q9NQ50,protein,Q9NQ50,MRPL40,210.0,725.0,1385.11087,0.0,11.832510779877563,0.93925,0.009590777154548036,,
gene:MRPL40,gene,,MRPL40,,,,,,,,,
protein:P54198,protein,P54198,HIRA,210.0,725.0,1385.11087,0.0,8.225142493638677,0.88425,-0.10786890054334819,,
gene:HIRA,gene,,HIRA,,,,,,,,,
protein:Q8N1L1,protein,Q8N1L1,LINC00528,49.0,309.0,293.66974,0.0,10.714573220616309,0.91675,-0.010439729897317562,,
gene:LINC00528,gene,,LINC00528,,,,,,,,,
protein:Q9UGR2,protein,Q9UGR2,ZC3H7B,153.0,583.0,1026.6758199999997,0.0,14.386525358606558,0.976,-0.014569710577108097,,
gene:ZC3H7B,gene,,ZC3H7B,,,,,,,,,
protein:Q14106,protein,Q14106,TOB2,153.0,583.0,1026.6758199999997,0.0,8.145444507361269,0.883,-0.01393941095193263,,
gene:TOB2,gene,,TOB2,,,,,,,,,
protein:P46060,protein,P46060,RANGAP1,153.0,583.0,1026.6758199999997,0.0,6.925994527649769,0.868,-0.010042131859395731,,
gene:RANGAP1,gene,,RANGAP1,,,,,,,,,
protein:Q9Y535,protein,Q9Y535,POLR3H,153.0,583.0,1026.6758199999997,-0.8934238252928887,6.409887630662021,0.861,-0.951536967812805,,
gene:POLR3H,gene,,POLR3H,,,,,,,,,
protein:Q10587,protein,Q10587,TEF,153.0,583.0,1026.6758199999997,0.0,13.992492433957423,0.97475,0.022938153310105847,,
gene:TEF,gene,,TEF,,,,,,,,,
protein:Q99798,protein,Q99798,ACO2,153.0,583.0,1026.6758199999997,0.9071274416742344,13.705717040125066,0.9595,0.903075880560511,,
gene:ACO2,gene,,ACO2,,,,,,,,,
protein:Q7RTV0,protein,Q7RTV0,PHF5A,153.0,583.0,1026.6758199999997,0.0,13.684810635538264,0.96375,0.0707016268728502,,
gene:PHF5A,gene,,PHF5A,,,,,,,,,
protein:Q5R3F8,protein,Q5R3F8,ELFN2,446.0,2359.0,3217.6973199999993,0.0,13.874714433255875,0.96825,0.011092217663389192,,
gene:ELFN2,gene,,ELFN2,,,,,,,,,
protein:Q9UGU5,protein,Q9UGU5,HMGXB4,554.0,1835.0,3498.9295600000023,0.0,9.409446585903083,0.908,0.02543274852334143,,
gene:HMGXB4,gene,,HMGXB4,,,,,,,,,
protein:Q3SYA9,protein,Q3SYA9,POM121L1P,2.0,99.0,12.56335,0.0,14.55127746550843,0.9785,-0.01980045288843968,,
gene:POM121L1P,gene,,POM121L1P,,,,,,,,,
protein:O95721,protein,O95721,SNAP29,2.0,99.0,12.56335,0.0,10.883434454912518,0.92875,-0.02343938643864263,,
gene:SNAP29,gene,,SNAP29,,,,,,,,,
protein:P05546,protein,P05546,SERPIND1,2.0,99.0,12.56335,0.0,10.634636215334421,0.9195,-0.03153197319224965,,
gene:SERPIND1,gene,,SERPIND1,,,,,,,,,
protein:P42356,protein,P42356,PI4KA,2.0,99.0,12.56335,0.0,8.58184370599831,0.88775,-0.06834973980592629,,
gene:PI4KA,gene,,PI4KA,,,,,,,,,
protein:Q9H0A3,protein,Q9H0A3,TMEM191A,2.0,99.0,12.56335,0.0,7.098096533944429,0.87275,0.006664151955760644,,
gene:TMEM191A,gene,,TMEM191A,,,,,,,,,
protein:Q8N5Z5,protein,Q8N5Z5,KCTD17,27.0,153.0,155.77140999999995,0.0,9.933212037548316,0.9055,0.06188988724320943,,
gene:KCTD17,gene,,KCTD17,,,,,,,,,
protein:P30566,protein,P30566,ADSL,8.0,92.0,44.01859,0.0,8.616111868256672,0.8805,0.024090841869860213,,
gene:ADSL,gene,,ADSL,,,,,,,,,
protein:Q96HU1,protein,Q96HU1,SGSM3,8.0,92.0,44.01859,0.0,6.5624331006399075,0.8595,-0.055112318952429185,,
gene:SGSM3,gene,,SGSM3,,,,,,,,,
protein:Q53GT1,protein,Q53GT1,KLHL22,78.0,300.0,469.3953800000001,0.0,11.729568606513615,0.9365,0.018539002183356246,,
gene:KLHL22,gene,,KLHL22,,,,,,,,,
protein:Q96GP6,protein,Q96GP6,SCARF2,78.0,300.0,469.3953800000001,0.0,11.445298330640819,0.9285,0.024468517813986068,,
gene:SCARF2,gene,,SCARF2,,,,,,,,,
protein:P28482,protein,P28482,MAPK1,130.0,466.0,873.6822599999992,0.0,12.683868745087766,0.95425,0.0008152615976921851,,
gene:MAPK1,gene,,MAPK1,,,,,,,,,
protein:Q9UH36,protein,Q9UH36,SRRD,1.0,132.0,7.06173,0.0,15.6437236875157,0.99525,0.045673357418474225,,
gene:SRRD,gene,,SRRD,,,,,,,,,
protein:Q9NQG7,protein,Q9NQG7,HPS4,1.0,132.0,7.06173,0.0,12.673883916820216,0.94975,-0.01567826920289761,,
gene:HPS4,gene,,HPS4,,,,,,,,,
protein:Q9UBB9,protein,Q9UBB9,TFIP11,1.0,132.0,7.06173,0.0,12.8579783469765,0.94675,0.03488042042665285,,
gene:TFIP11,gene,,TFIP11,,,,,,,,,
protein:Q6ICH7,protein,Q6ICH7,ASPHD2,1.0,132.0,7.06173,0.0,7.115471855255599,0.8705,0.018858081865582577,,
gene:ASPHD2,gene,,ASPHD2,,,,,,,,,
protein:P53007,protein,P53007,SLC25A1,13.0,140.0,75.56197,0.0,14.710828017351366,0.97975,-0.04942260626768835,,
gene:SLC25A1,gene,,SLC25A1,,,,,,,,,
protein:P53675,protein,P53675,CLTCL1,13.0,140.0,75.56197,0.0,9.92175956284153,0.915,0.009729923319891753,,
gene:CLTCL1,gene,,CLTCL1,,,,,,,,,
protein:Q9BXQ6,protein,Q9BXQ6,TMEM121B,550.0,2985.0,3640.3988200000017,0.0,7.129924028776979,0.86875,0.012686203154518516,,
gene:TMEM121B,gene,,TMEM121B,,,,,,,,,
protein:O95567,protein,O95567,C22orf31,220.0,1073.0,1368.3521799999996,0.0,10.510319813647575,0.91225,0.0007767738047128603,,
gene:C22orf31,gene,,C22orf31,,,,,,,,,
protein:Q13323,protein,Q13323,BIK,152.0,1413.0,898.1487199999996,0.0,7.130127665706051,0.8675,-0.004658130656714832,,
gene:BIK,gene,,BIK,,,,,,,,,
protein:Q8IVS2,protein,Q8IVS2,MCAT,152.0,1413.0,898.1487199999996,0.0,7.570133524355301,0.8725,0.006544112824434123,,
gene:MCAT,gene,,MCAT,,,,,,,,,
protein:Q01844,protein,Q01844,EWSR1,74.0,401.0,452.69472,0.6848129345173024,11.367322006472492,0.927,0.6801888008637533,,
gene:EWSR1,gene,,EWSR1,,,,,,,,,
protein:Q10567,protein,Q10567,AP1B1,74.0,401.0,452.69472,0.0,10.135634673229424,0.91425,-0.060483488528960905,,
gene:AP1B1,gene,,AP1B1,,,,,,,,,
protein:Q92737,protein,Q92737,RASL10A,74.0,401.0,452.69472,0.0,8.18858980855856,0.888,0.04572974130419993,,
gene:RASL10A,gene,,RASL10A,,,,,,,,,
protein:Q9Y3P4,protein,Q9Y3P4,RHBDD3,74.0,401.0,452.69472,0.0,15.39826289308176,0.99375,0.015184764293888264,,
gene:RHBDD3,gene,,RHBDD3,,,,,,,,,
protein:Q99501,protein,Q99501,GAS2L1,74.0,401.0,452.69472,0.0,12.857792967725006,0.95275,0.01607426293686487,,
gene:GAS2L1,gene,,GAS2L1,,,,,,,,,
protein:Q9Y6U7,protein,Q9Y6U7,RNF215,25.0,126.0,151.95341000000002,0.0,12.577575471698115,0.954,0.027629310589878386,,
gene:RNF215,gene,,RNF215,,,,,,,,,
protein:Q8WTX7,protein,Q8WTX7,CASTOR1,4.0,30.0,21.71678,0.0,10.188729166666668,0.912,0.0022807417681214304,,
gene:CASTOR1,gene,,CASTOR1,,,,,,,,,
protein:Q9BXI6,protein,Q9BXI6,TBC1D10A,4.0,30.0,21.71678,0.4508525406611782,11.442827853515105,0.93525,0.47524104438106285,,
gene:TBC1D10A,gene,,TBC1D10A,,,,,,,,,
protein:Q15459,protein,Q15459,SF3A1,4.0,30.0,21.71678,0.0,9.687439690863924,0.90575,-0.030544346767351627,,
gene:SF3A1,gene,,SF3A1,,,,,,,,,
protein:Q569K6,protein,Q569K6,CCDC157,4.0,30.0,21.71678,0.0,10.11326994535519,0.915,0.024810583876616832,,
gene:CCDC157,gene,,CCDC157,,,,,,,,,
protein:Q9H6A9,protein,Q9H6A9,PCNX3,4.0,30.0,21.71678,0.0,14.383397344228806,0.979,-0.05508400886073872,,
gene:PCNX3,gene,,PCNX3,,,,,,,,,
protein:A6NHG4,protein,A6NHG4,DDTL,106.0,291.0,708.2424899999997,0.0,6.051199053534457,0.84525,-0.009274644172155178,,
gene:DDTL,gene,,DDTL,,,,,,,,,
protein:P30046,protein,P30046,DDT,106.0,291.0,708.2424899999997,0.0,13.989001805519733,0.96925,0.02645534020403062,,
gene:DDT,gene,,DDT,,,,,,,,,
protein:P0CG30,protein,P0CG30,GSTT2B,106.0,291.0,708.2424899999997,0.0,11.292184231697506,0.93225,-0.027633701784180786,,
gene:GSTT2B,gene,,GSTT2B,,,,,,,,,
protein:P0CG29,protein,P0CG29,GSTT2,106.0,291.0,708.2424899999997,0.0,6.785252492668621,0.8525,-0.0769921441946737,,
gene:GSTT2,gene,,GSTT2,,,,,,,,,
protein:A0A1W2PR19,protein,A0A1W2PR19,GSTT4,106.0,291.0,708.2424899999997,0.0,13.788114745586707,0.963,-0.01767116602533214,,
gene:GSTT4,gene,,GSTT4,,,,,,,,,
protein:Q9UGU0,protein,Q9UGU0,TCF20,100.0,795.0,624.0850600000001,0.0,15.64671156257838,0.99675,0.056850918200730405,,
gene:TCF20,gene,,TCF20,,,,,,,,,
protein:P10635,protein,P10635,CYP2D6,100.0,795.0,624.0850600000001,0.0,13.234038571800886,0.95925,-0.07193278553281246,,
gene:CYP2D6,gene,,CYP2D6,,,,,,,,,
protein:Q9H4I9,protein,Q9H4I9,SMDT1,100.0,795.0,624.0850600000001,0.0,11.7399160913436,0.9415,-0.01684972227285364,,
gene:SMDT1,gene,,SMDT1,,,,,,,,,
protein:P56556,protein,P56556,NDUFA6,100.0,795.0,624.0850600000001,0.0,12.900776909043522,0.95925,-0.00955110343581822,,
gene:NDUFA6,gene,,NDUFA6,,,,,,,,,
protein:A0A087X1C5,protein,A0A087X1C5,CYP2D7,100.0,795.0,624.0850600000001,0.0,14.946487420584498,0.98375,0.0532383770249929,,
gene:CYP2D7,gene,,CYP2D7,,,,,,,,,
protein:Q6ICB4,protein,Q6ICB4,PHETA2,100.0,795.0,624.0850600000001,0.0,8.121034492507775,0.88425,-0.006968051476645698,,
gene:PHETA2,gene,,PHETA2,,,,,,,,,
protein:Q9UDX5,protein,Q9UDX5,MTFP1,21.0,96.0,130.23663000000002,0.0,14.568396829455383,0.97775,-0.06645677986457521,,
gene:MTFP1,gene,,MTFP1,,,,,,,,,
protein:O76054,protein,O76054,SEC14L2,21.0,96.0,130.23663000000002,0.0,10.144129218106995,0.91125,-0.008007202756791898,,
gene:SEC14L2,gene,,SEC14L2,,,,,,,,,
protein:Q96DF8,protein,Q96DF8,ESS2,16.0,69.0,89.50127,0.0,7.855945822640433,0.87675,-0.046901543393749634,,
gene:ESS2,gene,,ESS2,,,,,,,,,
protein:O15499,protein,O15499,GSC2,16.0,69.0,89.50127,0.601244889576281,7.9653302830998,0.87425,0.5904840152865569,,
gene:GSC2,gene,,GSC2,,,,,,,,,
protein:A0A494C0Y3,protein,A0A494C0Y3,FAM246A,157.0,738.0,1024.3033599999997,0.0,11.434908407198495,0.93075,-0.07056035574616537,,
gene:FAM246A,gene,,FAM246A,,,,,,,,,
haploblock:chr22_17420471-17463955_cluster123,haploblock,,,,,,,,,,,chr22_17420471-17463955_cluster123
haploblock:chr22_17573553-17596894_cluster65,haploblock,,,,,,,,,,,chr22_17573553-17596894_cluster65
haploblock:chr22_17795362-17851807_cluster742,haploblock,,,,,,,,,,,chr22_17795362-17851807_cluster742
haploblock:chr22_23355114-23374984_cluster99,haploblock,,,,,,,,,,,chr22_23355114-23374984_cluster99
haploblock:chr22_26270093-26284739_cluster83,haploblock,,,,,,,,,,,chr22_26270093-26284739_cluster83
haploblock:chr22_17486499-17510346_cluster33,haploblock,,,,,,,,,,,chr22_17486499-17510346_cluster33
haploblock:chr22_17510346-17565024_cluster572,haploblock,,,,,,,,,,,chr22_17510346-17565024_cluster572
haploblock:chr22_17779751-17795362_cluster47,haploblock,,,,,,,,,,,chr22_17779751-17795362_cluster47
haploblock:chr22_26024448-26060666_cluster23,haploblock,,,,,,,,,,,chr22_26024448-26060666_cluster23
haploblock:chr22_26245115-26270093_cluster16,haploblock,,,,,,,,,,,chr22_26245115-26270093_cluster16
haploblock:chr22_26270093-26284739_cluster55,haploblock,,,,,,,,,,,chr22_26270093-26284739_cluster55
haploblock:chr22_18948160-18978115_cluster55,haploblock,,,,,,,,,,,chr22_18948160-18978115_cluster55
haploblock:chr22_19773105-19821351_cluster27,haploblock,,,,,,,,,,,chr22_19773105-19821351_cluster27
haploblock:chr22_32412368-32431958_cluster14,haploblock,,,,,,,,,,,chr22_32412368-32431958_cluster14
haploblock:chr22_49333633-49355927_cluster6,haploblock,,,,,,,,,,,chr22_49333633-49355927_cluster6
haploblock:chr22_18978115-18995264_cluster46,haploblock,,,,,,,,,,,chr22_18978115-18995264_cluster46
haploblock:chr22_39233324-39262537_cluster15,haploblock,,,,,,,,,,,chr22_39233324-39262537_cluster15
haploblock:chr22_19608021-19623032_cluster23,haploblock,,,,,,,,,,,chr22_19608021-19623032_cluster23
haploblock:chr22_19623032-19641214_cluster21,haploblock,,,,,,,,,,,chr22_19623032-19641214_cluster21
haploblock:chr22_45746785-45833918_cluster1,haploblock,,,,,,,,,,,chr22_45746785-45833918_cluster1
haploblock:chr22_19821351-19886686_cluster99,haploblock,,,,,,,,,,,chr22_19821351-19886686_cluster99
haploblock:chr22_35695363-35738379_cluster10,haploblock,,,,,,,,,,,chr22_35695363-35738379_cluster10
haploblock:chr22_20290948-20320756_cluster9,haploblock,,,,,,,,,,,chr22_20290948-20320756_cluster9
haploblock:chr22_20320756-20367930_cluster23,haploblock,,,,,,,,,,,chr22_20320756-20367930_cluster23
haploblock:chr22_22244968-22306953_cluster8,haploblock,,,,,,,,,,,chr22_22244968-22306953_cluster8
haploblock:chr22_27642389-27675678_cluster6,haploblock,,,,,,,,,,,chr22_27642389-27675678_cluster6
haploblock:chr22_36527111-36555805_cluster16,haploblock,,,,,,,,,,,chr22_36527111-36555805_cluster16
haploblock:chr22_44579724-44598588_cluster10,haploblock,,,,,,,,,,,chr22_44579724-44598588_cluster10
haploblock:chr22_49381761-49408121_cluster69,haploblock,,,,,,,,,,,chr22_49381761-49408121_cluster69
haploblock:chr22_22344671-22370689_cluster2,haploblock,,,,,,,,,,,chr22_22344671-22370689_cluster2
haploblock:chr22_23241440-23290478_cluster389,haploblock,,,,,,,,,,,chr22_23241440-23290478_cluster389
haploblock:chr22_37510682-37546356_cluster99,haploblock,,,,,,,,,,,chr22_37510682-37546356_cluster99
haploblock:chr22_43076056-43102108_cluster75,haploblock,,,,,,,,,,,chr22_43076056-43102108_cluster75
haploblock:chr22_44871543-44917047_cluster8,haploblock,,,,,,,,,,,chr22_44871543-44917047_cluster8
haploblock:chr22_48440418-48460740_cluster487,haploblock,,,,,,,,,,,chr22_48440418-48460740_cluster487
haploblock:chr22_22914880-22943618_cluster132,haploblock,,,,,,,,,,,chr22_22914880-22943618_cluster132
haploblock:chr22_35519727-35559256_cluster73,haploblock,,,,,,,,,,,chr22_35519727-35559256_cluster73
haploblock:chr22_36555805-36582143_cluster526,haploblock,,,,,,,,,,,chr22_36555805-36582143_cluster526
haploblock:chr22_39705387-39953483_cluster5,haploblock,,,,,,,,,,,chr22_39705387-39953483_cluster5
haploblock:chr22_45502117-45521571_cluster9,haploblock,,,,,,,,,,,chr22_45502117-45521571_cluster9
haploblock:chr22_49189227-49196610_cluster7,haploblock,,,,,,,,,,,chr22_49189227-49196610_cluster7
haploblock:chr22_23075491-23146855_cluster179,haploblock,,,,,,,,,,,chr22_23075491-23146855_cluster179
haploblock:chr22_23146855-23241440_cluster353,haploblock,,,,,,,,,,,chr22_23146855-23241440_cluster353
haploblock:chr22_25233065-25249900_cluster12,haploblock,,,,,,,,,,,chr22_25233065-25249900_cluster12
haploblock:chr22_25876277-25884349_cluster59,haploblock,,,,,,,,,,,chr22_25876277-25884349_cluster59
haploblock:chr22_25984066-26024448_cluster14,haploblock,,,,,,,,,,,chr22_25984066-26024448_cluster14
haploblock:chr22_26970187-26999263_cluster6,haploblock,,,,,,,,,,,chr22_26970187-26999263_cluster6
haploblock:chr22_27378463-27396539_cluster67,haploblock,,,,,,,,,,,chr22_27378463-27396539_cluster67
haploblock:chr22_27642389-27675678_cluster2,haploblock,,,,,,,,,,,chr22_27642389-27675678_cluster2
haploblock:chr22_46438932-46457205_cluster1,haploblock,,,,,,,,,,,chr22_46438932-46457205_cluster1
haploblock:chr22_48697982-48748191_cluster14,haploblock,,,,,,,,,,,chr22_48697982-48748191_cluster14
haploblock:chr22_48697982-48748191_cluster16,haploblock,,,,,,,,,,,chr22_48697982-48748191_cluster16
haploblock:chr22_23241440-23290478_cluster87,haploblock,,,,,,,,,,,chr22_23241440-23290478_cluster87
haploblock:chr22_24898544-24977424_cluster499,haploblock,,,,,,,,,,,chr22_24898544-24977424_cluster499
haploblock:chr22_23416457-23472786_cluster339,haploblock,,,,,,,,,,,chr22_23416457-23472786_cluster339
haploblock:chr22_26999263-27009479_cluster29,haploblock,,,,,,,,,,,chr22_26999263-27009479_cluster29
haploblock:chr22_43927194-44005142_cluster2,haploblock,,,,,,,,,,,chr22_43927194-44005142_cluster2
haploblock:chr22_23532651-23582658_cluster1401,haploblock,,,,,,,,,,,chr22_23532651-23582658_cluster1401
haploblock:chr22_26368672-26396610_cluster61,haploblock,,,,,,,,,,,chr22_26368672-26396610_cluster61
haploblock:chr22_23607557-23654276_cluster1,haploblock,,,,,,,,,,,chr22_23607557-23654276_cluster1
haploblock:chr22_23654276-23751602_cluster81,haploblock,,,,,,,,,,,chr22_23654276-23751602_cluster81
haploblock:chr22_32156952-32181456_cluster25,haploblock,,,,,,,,,,,chr22_32156952-32181456_cluster25
haploblock:chr22_47795000-47815791_cluster8,haploblock,,,,,,,,,,,chr22_47795000-47815791_cluster8
haploblock:chr22_48574333-48593175_cluster305,haploblock,,,,,,,,,,,chr22_48574333-48593175_cluster305
haploblock:chr22_25836129-25858830_cluster21,haploblock,,,,,,,,,,,chr22_25836129-25858830_cluster21
haploblock:chr22_26071416-26125105_cluster199,haploblock,,,,,,,,,,,chr22_26071416-26125105_cluster199
haploblock:chr22_26284739-26293669_cluster17,haploblock,,,,,,,,,,,chr22_26284739-26293669_cluster17
haploblock:chr22_26970187-26999263_cluster3,haploblock,,,,,,,,,,,chr22_26970187-26999263_cluster3
haploblock:chr22_30559334-30585088_cluster4,haploblock,,,,,,,,,,,chr22_30559334-30585088_cluster4
haploblock:chr22_46684568-46701053_cluster1,haploblock,,,,,,,,,,,chr22_46684568-46701053_cluster1
haploblock:chr22_47257518-47285160_cluster37,haploblock,,,,,,,,,,,chr22_47257518-47285160_cluster37
haploblock:chr22_27702743-27734056_cluster5,haploblock,,,,,,,,,,,chr22_27702743-27734056_cluster5
haploblock:chr22_39262537-39359979_cluster1067,haploblock,,,,,,,,,,,chr22_39262537-39359979_cluster1067
haploblock:chr22_48299933-48318300_cluster52,haploblock,,,,,,,,,,,chr22_48299933-48318300_cluster52
haploblock:chr22_49492624-49517573_cluster101,haploblock,,,,,,,,,,,chr22_49492624-49517573_cluster101
haploblock:chr22_26293669-26323043_cluster269,haploblock,,,,,,,,,,,chr22_26293669-26323043_cluster269
haploblock:chr22_42703049-42759443_cluster389,haploblock,,,,,,,,,,,chr22_42703049-42759443_cluster389
haploblock:chr22_44022564-44051606_cluster91,haploblock,,,,,,,,,,,chr22_44022564-44051606_cluster91
haploblock:chr22_50171475-50227431_cluster139,haploblock,,,,,,,,,,,chr22_50171475-50227431_cluster139
haploblock:chr22_27505000-27522596_cluster9,haploblock,,,,,,,,,,,chr22_27505000-27522596_cluster9
haploblock:chr22_44307622-44325913_cluster41,haploblock,,,,,,,,,,,chr22_44307622-44325913_cluster41
haploblock:chr22_44791710-44821141_cluster2,haploblock,,,,,,,,,,,chr22_44791710-44821141_cluster2
haploblock:chr22_27734056-27751201_cluster2,haploblock,,,,,,,,,,,chr22_27734056-27751201_cluster2
haploblock:chr22_31942200-32156952_cluster983,haploblock,,,,,,,,,,,chr22_31942200-32156952_cluster983
haploblock:chr22_49517573-49534275_cluster2,haploblock,,,,,,,,,,,chr22_49517573-49534275_cluster2
haploblock:chr22_32987578-33044905_cluster53,haploblock,,,,,,,,,,,chr22_32987578-33044905_cluster53
haploblock:chr22_34835095-34882112_cluster26,haploblock,,,,,,,,,,,chr22_34835095-34882112_cluster26
haploblock:chr22_35044716-35110291_cluster1,haploblock,,,,,,,,,,,chr22_35044716-35110291_cluster1
haploblock:chr22_48748191-48780105_cluster7,haploblock,,,,,,,,,,,chr22_48748191-48780105_cluster7
haploblock:chr22_49310363-49333633_cluster3,haploblock,,,,,,,,,,,chr22_49310363-49333633_cluster3
haploblock:chr22_43102108-43121899_cluster11,haploblock,,,,,,,,,,,chr22_43102108-43121899_cluster11
haploblock:chr22_44166469-44185056_cluster52,haploblock,,,,,,,,,,,chr22_44166469-44185056_cluster52
haploblock:chr22_44219338-44263132_cluster275,haploblock,,,,,,,,,,,chr22_44219338-44263132_cluster275
haploblock:chr22_45861015-45898320_cluster405,haploblock,,,,,,,,,,,chr22_45861015-45898320_cluster405
haploblock:chr22_46478129-46493826_cluster4,haploblock,,,,,,,,,,,chr22_46478129-46493826_cluster4
haploblock:chr22_47200033-47222105_cluster3,haploblock,,,,,,,,,,,chr22_47200033-47222105_cluster3
haploblock:chr22_48666756-48674907_cluster34,haploblock,,,,,,,,,,,chr22_48666756-48674907_cluster34
haploblock:chr22_48687200-48697982_cluster165,haploblock,,,,,,,,,,,chr22_48687200-48697982_cluster165
haploblock:chr22_48687200-48697982_cluster77,haploblock,,,,,,,,,,,chr22_48687200-48697982_cluster77
haploblock:chr22_49161412-49189227_cluster2,haploblock,,,,,,,,,,,chr22_49161412-49189227_cluster2
haploblock:chr22_17099658-17118145_cluster111,haploblock,,,,,,,,,,,chr22_17099658-17118145_cluster111
haploblock:chr22_46050878-46078647_cluster7,haploblock,,,,,,,,,,,chr22_46050878-46078647_cluster7
haploblock:chr22_46176998-46198741_cluster35,haploblock,,,,,,,,,,,chr22_46176998-46198741_cluster35
haploblock:chr22_46438932-46457205_cluster93,haploblock,,,,,,,,,,,chr22_46438932-46457205_cluster93
haploblock:chr22_17257431-17286047_cluster125,haploblock,,,,,,,,,,,chr22_17257431-17286047_cluster125
haploblock:chr22_17286047-17311850_cluster81,haploblock,,,,,,,,,,,chr22_17286047-17311850_cluster81
haploblock:chr22_17349065-17382179_cluster647,haploblock,,,,,,,,,,,chr22_17349065-17382179_cluster647
haploblock:chr22_17573553-17596894_cluster137,haploblock,,,,,,,,,,,chr22_17573553-17596894_cluster137
haploblock:chr22_18130176-18154397_cluster53,haploblock,,,,,,,,,,,chr22_18130176-18154397_cluster53
haploblock:chr22_19623032-19641214_cluster38,haploblock,,,,,,,,,,,chr22_19623032-19641214_cluster38
haploblock:chr22_19674207-19686138_cluster8,haploblock,,,,,,,,,,,chr22_19674207-19686138_cluster8
haploblock:chr22_19959374-19965038_cluster23,haploblock,,,,,,,,,,,chr22_19959374-19965038_cluster23
haploblock:chr22_20059164-20157037_cluster13,haploblock,,,,,,,,,,,chr22_20059164-20157037_cluster13
haploblock:chr22_20059164-20157037_cluster56,haploblock,,,,,,,,,,,chr22_20059164-20157037_cluster56
haploblock:chr22_20367930-20414601_cluster32,haploblock,,,,,,,,,,,chr22_20367930-20414601_cluster32
haploblock:chr22_20612877-20639180_cluster63,haploblock,,,,,,,,,,,chr22_20612877-20639180_cluster63
haploblock:chr22_21084128-21097378_cluster37,haploblock,,,,,,,,,,,chr22_21084128-21097378_cluster37
haploblock:chr22_23241440-23290478_cluster72,haploblock,,,,,,,,,,,chr22_23241440-23290478_cluster72
haploblock:chr22_23766514-23847298_cluster19,haploblock,,,,,,,,,,,chr22_23766514-23847298_cluster19
haploblock:chr22_24887942-24898544_cluster177,haploblock,,,,,,,,,,,chr22_24887942-24898544_cluster177
haploblock:chr22_25218191-25233065_cluster99,haploblock,,,,,,,,,,,chr22_25218191-25233065_cluster99
haploblock:chr22_25755364-25769547_cluster42,haploblock,,,,,,,,,,,chr22_25755364-25769547_cluster42
haploblock:chr22_25984066-26024448_cluster6,haploblock,,,,,,,,,,,chr22_25984066-26024448_cluster6
haploblock:chr22_26549322-26578207_cluster55,haploblock,,,,,,,,,,,chr22_26549322-26578207_cluster55
haploblock:chr22_26884663-26902257_cluster154,haploblock,,,,,,,,,,,chr22_26884663-26902257_cluster154
haploblock:chr22_26999263-27009479_cluster12,haploblock,,,,,,,,,,,chr22_26999263-27009479_cluster12
haploblock:chr22_27259943-27267287_cluster44,haploblock,,,,,,,,,,,chr22_27259943-27267287_cluster44
haploblock:chr22_27378463-27396539_cluster24,haploblock,,,,,,,,,,,chr22_27378463-27396539_cluster24
haploblock:chr22_27675678-27702743_cluster7,haploblock,,,,,,,,,,,chr22_27675678-27702743_cluster7
haploblock:chr22_27774178-27795907_cluster259,haploblock,,,,,,,,,,,chr22_27774178-27795907_cluster259
haploblock:chr22_27795907-27840691_cluster127,haploblock,,,,,,,,,,,chr22_27795907-27840691_cluster127
haploblock:chr22_31042595-31137239_cluster74,haploblock,,,,,,,,,,,chr22_31042595-31137239_cluster74
haploblock:chr22_32241161-32268625_cluster16,haploblock,,,,,,,,,,,chr22_32241161-32268625_cluster16
haploblock:chr22_32604930-32649633_cluster2,haploblock,,,,,,,,,,,chr22_32604930-32649633_cluster2
haploblock:chr22_33259027-33299764_cluster285,haploblock,,,,,,,,,,,chr22_33259027-33299764_cluster285
haploblock:chr22_33359267-33408818_cluster44,haploblock,,,,,,,,,,,chr22_33359267-33408818_cluster44
haploblock:chr22_33452024-33502441_cluster95,haploblock,,,,,,,,,,,chr22_33452024-33502441_cluster95
haploblock:chr22_33571700-33628113_cluster116,haploblock,,,,,,,,,,,chr22_33571700-33628113_cluster116
haploblock:chr22_35519727-35559256_cluster364,haploblock,,,,,,,,,,,chr22_35519727-35559256_cluster364
haploblock:chr22_36681598-36745061_cluster106,haploblock,,,,,,,,,,,chr22_36681598-36745061_cluster106
haploblock:chr22_37581275-37681711_cluster883,haploblock,,,,,,,,,,,chr22_37581275-37681711_cluster883
haploblock:chr22_38284355-38316189_cluster132,haploblock,,,,,,,,,,,chr22_38284355-38316189_cluster132
haploblock:chr22_38949961-38959712_cluster29,haploblock,,,,,,,,,,,chr22_38949961-38959712_cluster29
haploblock:chr22_39013374-39091660_cluster351,haploblock,,,,,,,,,,,chr22_39013374-39091660_cluster351
haploblock:chr22_39705387-39953483_cluster138,haploblock,,,,,,,,,,,chr22_39705387-39953483_cluster138
haploblock:chr22_39980379-40032702_cluster40,haploblock,,,,,,,,,,,chr22_39980379-40032702_cluster40
haploblock:chr22_40032702-40132216_cluster22,haploblock,,,,,,,,,,,chr22_40032702-40132216_cluster22
haploblock:chr22_41011161-41082478_cluster121,haploblock,,,,,,,,,,,chr22_41011161-41082478_cluster121
haploblock:chr22_41082478-41244846_cluster2,haploblock,,,,,,,,,,,chr22_41082478-41244846_cluster2
haploblock:chr22_42340130-42375220_cluster23,haploblock,,,,,,,,,,,chr22_42340130-42375220_cluster23
haploblock:chr22_43176240-43219862_cluster328,haploblock,,,,,,,,,,,chr22_43176240-43219862_cluster328
haploblock:chr22_43471880-43502343_cluster2,haploblock,,,,,,,,,,,chr22_43471880-43502343_cluster2
haploblock:chr22_44127670-44156872_cluster88,haploblock,,,,,,,,,,,chr22_44127670-44156872_cluster88
haploblock:chr22_44307622-44325913_cluster35,haploblock,,,,,,,,,,,chr22_44307622-44325913_cluster35
haploblock:chr22_45502117-45521571_cluster61,haploblock,,,,,,,,,,,chr22_45502117-45521571_cluster61
haploblock:chr22_46198741-46224519_cluster81,haploblock,,,,,,,,,,,chr22_46198741-46224519_cluster81
haploblock:chr22_46418842-46438932_cluster196,haploblock,,,,,,,,,,,chr22_46418842-46438932_cluster196
haploblock:chr22_47963676-47997555_cluster209,haploblock,,,,,,,,,,,chr22_47963676-47997555_cluster209
haploblock:chr22_48086646-48105541_cluster163,haploblock,,,,,,,,,,,chr22_48086646-48105541_cluster163
haploblock:chr22_48105541-48131182_cluster85,haploblock,,,,,,,,,,,chr22_48105541-48131182_cluster85
haploblock:chr22_48256183-48280360_cluster63,haploblock,,,,,,,,,,,chr22_48256183-48280360_cluster63
haploblock:chr22_48616504-48649986_cluster970,haploblock,,,,,,,,,,,chr22_48616504-48649986_cluster970
haploblock:chr22_49138659-49161412_cluster192,haploblock,,,,,,,,,,,chr22_49138659-49161412_cluster192
haploblock:chr22_49715343-49726702_cluster318,haploblock,,,,,,,,,,,chr22_49715343-49726702_cluster318
haploblock:chr22_17286047-17311850_cluster62,haploblock,,,,,,,,,,,chr22_17286047-17311850_cluster62
haploblock:chr22_19608021-19623032_cluster24,haploblock,,,,,,,,,,,chr22_19608021-19623032_cluster24
haploblock:chr22_22943618-23011425_cluster15,haploblock,,,,,,,,,,,chr22_22943618-23011425_cluster15
haploblock:chr22_23851737-23865996_cluster25,haploblock,,,,,,,,,,,chr22_23851737-23865996_cluster25
haploblock:chr22_24221347-24408113_cluster292,haploblock,,,,,,,,,,,chr22_24221347-24408113_cluster292
haploblock:chr22_24408113-24495387_cluster23,haploblock,,,,,,,,,,,chr22_24408113-24495387_cluster23
haploblock:chr22_24887942-24898544_cluster46,haploblock,,,,,,,,,,,chr22_24887942-24898544_cluster46
haploblock:chr22_25953967-25984066_cluster15,haploblock,,,,,,,,,,,chr22_25953967-25984066_cluster15
haploblock:chr22_26024448-26060666_cluster15,haploblock,,,,,,,,,,,chr22_26024448-26060666_cluster15
haploblock:chr22_26060666-26071416_cluster9,haploblock,,,,,,,,,,,chr22_26060666-26071416_cluster9
haploblock:chr22_26396610-26414516_cluster26,haploblock,,,,,,,,,,,chr22_26396610-26414516_cluster26
haploblock:chr22_27642389-27675678_cluster82,haploblock,,,,,,,,,,,chr22_27642389-27675678_cluster82
haploblock:chr22_32879460-32932820_cluster3,haploblock,,,,,,,,,,,chr22_32879460-32932820_cluster3
haploblock:chr22_34403531-34464592_cluster199,haploblock,,,,,,,,,,,chr22_34403531-34464592_cluster199
haploblock:chr22_34403531-34464592_cluster473,haploblock,,,,,,,,,,,chr22_34403531-34464592_cluster473
haploblock:chr22_36555805-36582143_cluster155,haploblock,,,,,,,,,,,chr22_36555805-36582143_cluster155
haploblock:chr22_37124185-37147116_cluster154,haploblock,,,,,,,,,,,chr22_37124185-37147116_cluster154
haploblock:chr22_37241613-37276728_cluster56,haploblock,,,,,,,,,,,chr22_37241613-37276728_cluster56
haploblock:chr22_37320379-37355281_cluster70,haploblock,,,,,,,,,,,chr22_37320379-37355281_cluster70
haploblock:chr22_38257683-38284355_cluster67,haploblock,,,,,,,,,,,chr22_38257683-38284355_cluster67
haploblock:chr22_38257683-38284355_cluster7,haploblock,,,,,,,,,,,chr22_38257683-38284355_cluster7
haploblock:chr22_40418590-40682469_cluster349,haploblock,,,,,,,,,,,chr22_40418590-40682469_cluster349
haploblock:chr22_43102108-43121899_cluster97,haploblock,,,,,,,,,,,chr22_43102108-43121899_cluster97
haploblock:chr22_44051606-44076464_cluster286,haploblock,,,,,,,,,,,chr22_44051606-44076464_cluster286
haploblock:chr22_44263132-44288496_cluster210,haploblock,,,,,,,,,,,chr22_44263132-44288496_cluster210
haploblock:chr22_45192496-45220568_cluster18,haploblock,,,,,,,,,,,chr22_45192496-45220568_cluster18
haploblock:chr22_46116729-46176998_cluster141,haploblock,,,,,,,,,,,chr22_46116729-46176998_cluster141
haploblock:chr22_46622269-46684568_cluster520,haploblock,,,,,,,,,,,chr22_46622269-46684568_cluster520
haploblock:chr22_46701053-46710903_cluster17,haploblock,,,,,,,,,,,chr22_46701053-46710903_cluster17
haploblock:chr22_48574333-48593175_cluster338,haploblock,,,,,,,,,,,chr22_48574333-48593175_cluster338
haploblock:chr22_23607557-23654276_cluster482,haploblock,,,,,,,,,,,chr22_23607557-23654276_cluster482
haploblock:chr22_36463901-36527111_cluster26,haploblock,,,,,,,,,,,chr22_36463901-36527111_cluster26
haploblock:chr22_17596894-17635993_cluster3,haploblock,,,,,,,,,,,chr22_17596894-17635993_cluster3
haploblock:chr22_26677587-26720644_cluster16,haploblock,,,,,,,,,,,chr22_26677587-26720644_cluster16
haploblock:chr22_48195632-48256183_cluster228,haploblock,,,,,,,,,,,chr22_48195632-48256183_cluster228
haploblock:chr22_17851807-17897315_cluster45,haploblock,,,,,,,,,,,chr22_17851807-17897315_cluster45
haploblock:chr22_17951518-18012407_cluster789,haploblock,,,,,,,,,,,chr22_17951518-18012407_cluster789
haploblock:chr22_44127670-44156872_cluster91,haploblock,,,,,,,,,,,chr22_44127670-44156872_cluster91
haploblock:chr22_19608021-19623032_cluster2,haploblock,,,,,,,,,,,chr22_19608021-19623032_cluster2
haploblock:chr22_19623032-19641214_cluster3,haploblock,,,,,,,,,,,chr22_19623032-19641214_cluster3
haploblock:chr22_32412368-32431958_cluster133,haploblock,,,,,,,,,,,chr22_32412368-32431958_cluster133
haploblock:chr22_19674207-19686138_cluster5,haploblock,,,,,,,,,,,chr22_19674207-19686138_cluster5
haploblock:chr22_20290948-20320756_cluster29,haploblock,,,,,,,,,,,chr22_20290948-20320756_cluster29
haploblock:chr22_22423583-22524402_cluster808,haploblock,,,,,,,,,,,chr22_22423583-22524402_cluster808
haploblock:chr22_23847298-23851737_cluster6,haploblock,,,,,,,,,,,chr22_23847298-23851737_cluster6
haploblock:chr22_26284739-26293669_cluster30,haploblock,,,,,,,,,,,chr22_26284739-26293669_cluster30
haploblock:chr22_32739724-32751497_cluster4,haploblock,,,,,,,,,,,chr22_32739724-32751497_cluster4
haploblock:chr22_36527111-36555805_cluster195,haploblock,,,,,,,,,,,chr22_36527111-36555805_cluster195
haploblock:chr22_36527111-36555805_cluster229,haploblock,,,,,,,,,,,chr22_36527111-36555805_cluster229
haploblock:chr22_49290733-49310363_cluster47,haploblock,,,,,,,,,,,chr22_49290733-49310363_cluster47
haploblock:chr22_33960108-34007359_cluster5,haploblock,,,,,,,,,,,chr22_33960108-34007359_cluster5
haploblock:chr22_44395824-44404134_cluster34,haploblock,,,,,,,,,,,chr22_44395824-44404134_cluster34
haploblock:chr22_47795000-47815791_cluster39,haploblock,,,,,,,,,,,chr22_47795000-47815791_cluster39
haploblock:chr22_25535613-25688319_cluster498,haploblock,,,,,,,,,,,chr22_25535613-25688319_cluster498
haploblock:chr22_39648397-39696563_cluster3,haploblock,,,,,,,,,,,chr22_39648397-39696563_cluster3
haploblock:chr22_21868030-22004012_cluster598,haploblock,,,,,,,,,,,chr22_21868030-22004012_cluster598
haploblock:chr22_46249251-46375373_cluster521,haploblock,,,,,,,,,,,chr22_46249251-46375373_cluster521
haploblock:chr22_20157037-20182821_cluster86,haploblock,,,,,,,,,,,chr22_20157037-20182821_cluster86
haploblock:chr22_33628113-33670860_cluster67,haploblock,,,,,,,,,,,chr22_33628113-33670860_cluster67
haploblock:chr22_22004012-22039828_cluster321,haploblock,,,,,,,,,,,chr22_22004012-22039828_cluster321
haploblock:chr22_25417399-25535613_cluster636,haploblock,,,,,,,,,,,chr22_25417399-25535613_cluster636
haploblock:chr22_47487014-47542804_cluster45,haploblock,,,,,,,,,,,chr22_47487014-47542804_cluster45
haploblock:chr22_24748945-24813410_cluster107,haploblock,,,,,,,,,,,chr22_24748945-24813410_cluster107
haploblock:chr22_47370846-47433033_cluster554,haploblock,,,,,,,,,,,chr22_47370846-47433033_cluster554
haploblock:chr22_48517374-48534407_cluster32,haploblock,,,,,,,,,,,chr22_48517374-48534407_cluster32
haploblock:chr22_22385243-22400730_cluster6,haploblock,,,,,,,,,,,chr22_22385243-22400730_cluster6
haploblock:chr22_22616398-22703853_cluster1120,haploblock,,,,,,,,,,,chr22_22616398-22703853_cluster1120
haploblock:chr22_23011425-23075491_cluster18,haploblock,,,,,,,,,,,chr22_23011425-23075491_cluster18
haploblock:chr22_23241440-23290478_cluster101,haploblock,,,,,,,,,,,chr22_23241440-23290478_cluster101
haploblock:chr22_23290478-23355114_cluster211,haploblock,,,,,,,,,,,chr22_23290478-23355114_cluster211
haploblock:chr22_39091660-39123775_cluster3,haploblock,,,,,,,,,,,chr22_39091660-39123775_cluster3
haploblock:chr22_44644582-44670538_cluster171,haploblock,,,,,,,,,,,chr22_44644582-44670538_cluster171
haploblock:chr22_48983254-49024317_cluster264,haploblock,,,,,,,,,,,chr22_48983254-49024317_cluster264
haploblock:chr22_23654276-23751602_cluster47,haploblock,,,,,,,,,,,chr22_23654276-23751602_cluster47
haploblock:chr22_24977424-25019754_cluster101,haploblock,,,,,,,,,,,chr22_24977424-25019754_cluster101
haploblock:chr22_32554597-32604930_cluster830,haploblock,,,,,,,,,,,chr22_32554597-32604930_cluster830
haploblock:chr22_36137894-36173796_cluster33,haploblock,,,,,,,,,,,chr22_36137894-36173796_cluster33
haploblock:chr22_48460740-48507466_cluster124,haploblock,,,,,,,,,,,chr22_48460740-48507466_cluster124
haploblock:chr22_25019754-25066667_cluster237,haploblock,,,,,,,,,,,chr22_25019754-25066667_cluster237
haploblock:chr22_25066667-25206817_cluster346,haploblock,,,,,,,,,,,chr22_25066667-25206817_cluster346
haploblock:chr22_44615978-44644582_cluster326,haploblock,,,,,,,,,,,chr22_44615978-44644582_cluster326
haploblock:chr22_39359979-39432576_cluster2,haploblock,,,,,,,,,,,chr22_39359979-39432576_cluster2
haploblock:chr22_43304000-43349923_cluster466,haploblock,,,,,,,,,,,chr22_43304000-43349923_cluster466
haploblock:chr22_26970187-26999263_cluster459,haploblock,,,,,,,,,,,chr22_26970187-26999263_cluster459
haploblock:chr22_27020234-27031341_cluster29,haploblock,,,,,,,,,,,chr22_27020234-27031341_cluster29
haploblock:chr22_27259943-27267287_cluster3,haploblock,,,,,,,,,,,chr22_27259943-27267287_cluster3
haploblock:chr22_37164516-37218168_cluster85,haploblock,,,,,,,,,,,chr22_37164516-37218168_cluster85
haploblock:chr22_49052289-49087426_cluster236,haploblock,,,,,,,,,,,chr22_49052289-49087426_cluster236
haploblock:chr22_27378463-27396539_cluster104,haploblock,,,,,,,,,,,chr22_27378463-27396539_cluster104
haploblock:chr22_39466336-39545930_cluster122,haploblock,,,,,,,,,,,chr22_39466336-39545930_cluster122
haploblock:chr22_40032702-40132216_cluster32,haploblock,,,,,,,,,,,chr22_40032702-40132216_cluster32
haploblock:chr22_42434570-42475676_cluster375,haploblock,,,,,,,,,,,chr22_42434570-42475676_cluster375
haploblock:chr22_45275462-45289532_cluster229,haploblock,,,,,,,,,,,chr22_45275462-45289532_cluster229
haploblock:chr22_34464592-34589089_cluster9,haploblock,,,,,,,,,,,chr22_34464592-34589089_cluster9
haploblock:chr22_46684568-46701053_cluster11,haploblock,,,,,,,,,,,chr22_46684568-46701053_cluster11
haploblock:chr22_37416456-37447223_cluster15,haploblock,,,,,,,,,,,chr22_37416456-37447223_cluster15
haploblock:chr22_32932820-32987578_cluster45,haploblock,,,,,,,,,,,chr22_32932820-32987578_cluster45
haploblock:chr22_33214306-33259027_cluster59,haploblock,,,,,,,,,,,chr22_33214306-33259027_cluster59
haploblock:chr22_36208559-36238986_cluster39,haploblock,,,,,,,,,,,chr22_36208559-36238986_cluster39
haploblock:chr22_36352948-36418187_cluster74,haploblock,,,,,,,,,,,chr22_36352948-36418187_cluster74
haploblock:chr22_36418187-36463901_cluster8,haploblock,,,,,,,,,,,chr22_36418187-36463901_cluster8
haploblock:chr22_36418187-36463901_cluster491,haploblock,,,,,,,,,,,chr22_36418187-36463901_cluster491
haploblock:chr22_37681711-37809887_cluster566,haploblock,,,,,,,,,,,chr22_37681711-37809887_cluster566
haploblock:chr22_38218926-38257683_cluster67,haploblock,,,,,,,,,,,chr22_38218926-38257683_cluster67
haploblock:chr22_38316189-38345691_cluster4,haploblock,,,,,,,,,,,chr22_38316189-38345691_cluster4
haploblock:chr22_48807134-48866772_cluster1052,haploblock,,,,,,,,,,,chr22_48807134-48866772_cluster1052
haploblock:chr22_38764112-38864027_cluster747,haploblock,,,,,,,,,,,chr22_38764112-38864027_cluster747
haploblock:chr22_50052721-50171475_cluster342,haploblock,,,,,,,,,,,chr22_50052721-50171475_cluster342
haploblock:chr22_39953483-39980379_cluster11,haploblock,,,,,,,,,,,chr22_39953483-39980379_cluster11
haploblock:chr22_41561606-41891962_cluster570,haploblock,,,,,,,,,,,chr22_41561606-41891962_cluster570
haploblock:chr22_44098586-44103463_cluster59,haploblock,,,,,,,,,,,chr22_44098586-44103463_cluster59
haploblock:chr22_49310363-49333633_cluster69,haploblock,,,,,,,,,,,chr22_49310363-49333633_cluster69
haploblock:chr22_46224519-46249251_cluster7,haploblock,,,,,,,,,,,chr22_46224519-46249251_cluster7
haploblock:chr22_47736510-47795000_cluster100,haploblock,,,,,,,,,,,chr22_47736510-47795000_cluster100
haploblock:chr22_47891202-47963676_cluster22,haploblock,,,,,,,,,,,chr22_47891202-47963676_cluster22
haploblock:chr22_48131182-48149450_cluster69,haploblock,,,,,,,,,,,chr22_48131182-48149450_cluster69
haploblock:chr22_49087426-49128444_cluster67,haploblock,,,,,,,,,,,chr22_49087426-49128444_cluster67
haploblock:chr22_49128444-49138659_cluster3,haploblock,,,,,,,,,,,chr22_49128444-49138659_cluster3
haploblock:chr22_49675891-49715343_cluster33,haploblock,,,,,,,,,,,chr22_49675891-49715343_cluster33
haploblock:chr22_17565024-17573553_cluster40,haploblock,,,,,,,,,,,chr22_17565024-17573553_cluster40
haploblock:chr22_17779751-17795362_cluster129,haploblock,,,,,,,,,,,chr22_17779751-17795362_cluster129
haploblock:chr22_18012407-18040448_cluster56,haploblock,,,,,,,,,,,chr22_18012407-18040448_cluster56
haploblock:chr22_22244968-22306953_cluster103,haploblock,,,,,,,,,,,chr22_22244968-22306953_cluster103
haploblock:chr22_23529638-23532651_cluster17,haploblock,,,,,,,,,,,chr22_23529638-23532651_cluster17
haploblock:chr22_23766514-23847298_cluster20,haploblock,,,,,,,,,,,chr22_23766514-23847298_cluster20
haploblock:chr22_23847298-23851737_cluster7,haploblock,,,,,,,,,,,chr22_23847298-23851737_cluster7
haploblock:chr22_25535613-25688319_cluster533,haploblock,,,,,,,,,,,chr22_25535613-25688319_cluster533
haploblock:chr22_25736676-25755364_cluster17,haploblock,,,,,,,,,,,chr22_25736676-25755364_cluster17
haploblock:chr22_25755364-25769547_cluster13,haploblock,,,,,,,,,,,chr22_25755364-25769547_cluster13
haploblock:chr22_26245115-26270093_cluster21,haploblock,,,,,,,,,,,chr22_26245115-26270093_cluster21
haploblock:chr22_26270093-26284739_cluster51,haploblock,,,,,,,,,,,chr22_26270093-26284739_cluster51
haploblock:chr22_27505000-27522596_cluster22,haploblock,,,,,,,,,,,chr22_27505000-27522596_cluster22
haploblock:chr22_32412368-32431958_cluster11,haploblock,,,,,,,,,,,chr22_32412368-32431958_cluster11
haploblock:chr22_32431958-32447679_cluster90,haploblock,,,,,,,,,,,chr22_32431958-32447679_cluster90
haploblock:chr22_35519727-35559256_cluster170,haploblock,,,,,,,,,,,chr22_35519727-35559256_cluster170
haploblock:chr22_44929677-44992621_cluster11,haploblock,,,,,,,,,,,chr22_44929677-44992621_cluster11
haploblock:chr22_46418842-46438932_cluster227,haploblock,,,,,,,,,,,chr22_46418842-46438932_cluster227
haploblock:chr22_17414153-17420471_cluster23,haploblock,,,,,,,,,,,chr22_17414153-17420471_cluster23
haploblock:chr22_39980379-40032702_cluster41,haploblock,,,,,,,,,,,chr22_39980379-40032702_cluster41
haploblock:chr22_43102108-43121899_cluster114,haploblock,,,,,,,,,,,chr22_43102108-43121899_cluster114
haploblock:chr22_17463955-17486499_cluster173,haploblock,,,,,,,,,,,chr22_17463955-17486499_cluster173
haploblock:chr22_22943618-23011425_cluster33,haploblock,,,,,,,,,,,chr22_22943618-23011425_cluster33
haploblock:chr22_26368672-26396610_cluster4,haploblock,,,,,,,,,,,chr22_26368672-26396610_cluster4
haploblock:chr22_39600259-39648397_cluster131,haploblock,,,,,,,,,,,chr22_39600259-39648397_cluster131
haploblock:chr22_17573553-17596894_cluster110,haploblock,,,,,,,,,,,chr22_17573553-17596894_cluster110
haploblock:chr22_19886686-19925060_cluster83,haploblock,,,,,,,,,,,chr22_19886686-19925060_cluster83
haploblock:chr22_23751602-23766514_cluster61,haploblock,,,,,,,,,,,chr22_23751602-23766514_cluster61
haploblock:chr22_26024448-26060666_cluster19,haploblock,,,,,,,,,,,chr22_26024448-26060666_cluster19
haploblock:chr22_27166948-27240185_cluster1050,haploblock,,,,,,,,,,,chr22_27166948-27240185_cluster1050
haploblock:chr22_36060254-36137894_cluster672,haploblock,,,,,,,,,,,chr22_36060254-36137894_cluster672
haploblock:chr22_38949961-38959712_cluster16,haploblock,,,,,,,,,,,chr22_38949961-38959712_cluster16
haploblock:chr22_39577521-39600259_cluster53,haploblock,,,,,,,,,,,chr22_39577521-39600259_cluster53
haploblock:chr22_41011161-41082478_cluster137,haploblock,,,,,,,,,,,chr22_41011161-41082478_cluster137
haploblock:chr22_43145214-43176240_cluster56,haploblock,,,,,,,,,,,chr22_43145214-43176240_cluster56
haploblock:chr22_44022564-44051606_cluster105,haploblock,,,,,,,,,,,chr22_44022564-44051606_cluster105
haploblock:chr22_44871543-44917047_cluster69,haploblock,,,,,,,,,,,chr22_44871543-44917047_cluster69
haploblock:chr22_46375373-46418842_cluster26,haploblock,,,,,,,,,,,chr22_46375373-46418842_cluster26
haploblock:chr22_46739093-46762438_cluster27,haploblock,,,,,,,,,,,chr22_46739093-46762438_cluster27
haploblock:chr22_26864523-26884663_cluster57,haploblock,,,,,,,,,,,chr22_26864523-26884663_cluster57
haploblock:chr22_43219862-43239201_cluster13,haploblock,,,,,,,,,,,chr22_43219862-43239201_cluster13
haploblock:chr22_17573553-17596894_cluster94,haploblock,,,,,,,,,,,chr22_17573553-17596894_cluster94
haploblock:chr22_17635993-17757446_cluster68,haploblock,,,,,,,,,,,chr22_17635993-17757446_cluster68
haploblock:chr22_43239201-43251410_cluster8,haploblock,,,,,,,,,,,chr22_43239201-43251410_cluster8
haploblock:chr22_19623032-19641214_cluster88,haploblock,,,,,,,,,,,chr22_19623032-19641214_cluster88
haploblock:chr22_19821351-19886686_cluster317,haploblock,,,,,,,,,,,chr22_19821351-19886686_cluster317
haploblock:chr22_24587296-24690767_cluster770,haploblock,,,,,,,,,,,chr22_24587296-24690767_cluster770
haploblock:chr22_31721546-31942200_cluster562,haploblock,,,,,,,,,,,chr22_31721546-31942200_cluster562
haploblock:chr22_32378957-32412368_cluster4,haploblock,,,,,,,,,,,chr22_32378957-32412368_cluster4
haploblock:chr22_36060254-36137894_cluster487,haploblock,,,,,,,,,,,chr22_36060254-36137894_cluster487
haploblock:chr22_42434570-42475676_cluster383,haploblock,,,,,,,,,,,chr22_42434570-42475676_cluster383
haploblock:chr22_44644582-44670538_cluster100,haploblock,,,,,,,,,,,chr22_44644582-44670538_cluster100
haploblock:chr22_46224519-46249251_cluster16,haploblock,,,,,,,,,,,chr22_46224519-46249251_cluster16
haploblock:chr22_49024317-49052289_cluster7,haploblock,,,,,,,,,,,chr22_49024317-49052289_cluster7
haploblock:chr22_49087426-49128444_cluster207,haploblock,,,,,,,,,,,chr22_49087426-49128444_cluster207
haploblock:chr22_26341714-26368672_cluster87,haploblock,,,,,,,,,,,chr22_26341714-26368672_cluster87
haploblock:chr22_44670538-44696863_cluster62,haploblock,,,,,,,,,,,chr22_44670538-44696863_cluster62
haploblock:chr22_45061875-45076203_cluster9,haploblock,,,,,,,,,,,chr22_45061875-45076203_cluster9
haploblock:chr22_48517374-48534407_cluster26,haploblock,,,,,,,,,,,chr22_48517374-48534407_cluster26
haploblock:chr22_19608021-19623032_cluster20,haploblock,,,,,,,,,,,chr22_19608021-19623032_cluster20
haploblock:chr22_19821351-19886686_cluster3,haploblock,,,,,,,,,,,chr22_19821351-19886686_cluster3
haploblock:chr22_23472786-23489773_cluster18,haploblock,,,,,,,,,,,chr22_23472786-23489773_cluster18
haploblock:chr22_39980379-40032702_cluster99,haploblock,,,,,,,,,,,chr22_39980379-40032702_cluster99
haploblock:chr22_47200033-47222105_cluster101,haploblock,,,,,,,,,,,chr22_47200033-47222105_cluster101
haploblock:chr22_23355114-23374984_cluster205,haploblock,,,,,,,,,,,chr22_23355114-23374984_cluster205
haploblock:chr22_44696863-44709627_cluster20,haploblock,,,,,,,,,,,chr22_44696863-44709627_cluster20
haploblock:chr22_22083318-22109386_cluster11,haploblock,,,,,,,,,,,chr22_22083318-22109386_cluster11
haploblock:chr22_22203687-22224948_cluster7,haploblock,,,,,,,,,,,chr22_22203687-22224948_cluster7
haploblock:chr22_22370689-22385243_cluster14,haploblock,,,,,,,,,,,chr22_22370689-22385243_cluster14
haploblock:chr22_27134960-27157084_cluster132,haploblock,,,,,,,,,,,chr22_27134960-27157084_cluster132
haploblock:chr22_44166469-44185056_cluster79,haploblock,,,,,,,,,,,chr22_44166469-44185056_cluster79
haploblock:chr22_44929677-44992621_cluster22,haploblock,,,,,,,,,,,chr22_44929677-44992621_cluster22
haploblock:chr22_48105541-48131182_cluster33,haploblock,,,,,,,,,,,chr22_48105541-48131182_cluster33
haploblock:chr22_37241613-37276728_cluster528,haploblock,,,,,,,,,,,chr22_37241613-37276728_cluster528
haploblock:chr22_27259943-27267287_cluster7,haploblock,,,,,,,,,,,chr22_27259943-27267287_cluster7
haploblock:chr22_36463901-36527111_cluster128,haploblock,,,,,,,,,,,chr22_36463901-36527111_cluster128
haploblock:chr22_45461240-45480586_cluster10,haploblock,,,,,,,,,,,chr22_45461240-45480586_cluster10
haploblock:chr22_26970187-26999263_cluster15,haploblock,,,,,,,,,,,chr22_26970187-26999263_cluster15
haploblock:chr22_32604930-32649633_cluster79,haploblock,,,,,,,,,,,chr22_32604930-32649633_cluster79
haploblock:chr22_40032702-40132216_cluster81,haploblock,,,,,,,,,,,chr22_40032702-40132216_cluster81
haploblock:chr22_46710903-46724445_cluster6,haploblock,,,,,,,,,,,chr22_46710903-46724445_cluster6
haploblock:chr22_25266257-25304848_cluster1212,haploblock,,,,,,,,,,,chr22_25266257-25304848_cluster1212
haploblock:chr22_40816704-41011161_cluster89,haploblock,,,,,,,,,,,chr22_40816704-41011161_cluster89
haploblock:chr22_26060666-26071416_cluster11,haploblock,,,,,,,,,,,chr22_26060666-26071416_cluster11
haploblock:chr22_26293669-26323043_cluster533,haploblock,,,,,,,,,,,chr22_26293669-26323043_cluster533
haploblock:chr22_48440418-48460740_cluster138,haploblock,,,,,,,,,,,chr22_48440418-48460740_cluster138
haploblock:chr22_44670538-44696863_cluster73,haploblock,,,,,,,,,,,chr22_44670538-44696863_cluster73
haploblock:chr22_27134960-27157084_cluster128,haploblock,,,,,,,,,,,chr22_27134960-27157084_cluster128
haploblock:chr22_27157084-27166948_cluster25,haploblock,,,,,,,,,,,chr22_27157084-27166948_cluster25
haploblock:chr22_27267287-27274059_cluster3,haploblock,,,,,,,,,,,chr22_27267287-27274059_cluster3
haploblock:chr22_30218448-30274592_cluster19,haploblock,,,,,,,,,,,chr22_30218448-30274592_cluster19
haploblock:chr22_32332036-32378957_cluster102,haploblock,,,,,,,,,,,chr22_32332036-32378957_cluster102
haploblock:chr22_32332036-32378957_cluster44,haploblock,,,,,,,,,,,chr22_32332036-32378957_cluster44
haploblock:chr22_35360016-35406206_cluster287,haploblock,,,,,,,,,,,chr22_35360016-35406206_cluster287
haploblock:chr22_32844047-32879460_cluster24,haploblock,,,,,,,,,,,chr22_32844047-32879460_cluster24
haploblock:chr22_33408818-33452024_cluster78,haploblock,,,,,,,,,,,chr22_33408818-33452024_cluster78
haploblock:chr22_35406206-35467079_cluster658,haploblock,,,,,,,,,,,chr22_35406206-35467079_cluster658
haploblock:chr22_45502117-45521571_cluster430,haploblock,,,,,,,,,,,chr22_45502117-45521571_cluster430
haploblock:chr22_37447223-37510682_cluster68,haploblock,,,,,,,,,,,chr22_37447223-37510682_cluster68
haploblock:chr22_39233324-39262537_cluster4,haploblock,,,,,,,,,,,chr22_39233324-39262537_cluster4
haploblock:chr22_44219338-44263132_cluster60,haploblock,,,,,,,,,,,chr22_44219338-44263132_cluster60
haploblock:chr22_48358281-48414640_cluster224,haploblock,,,,,,,,,,,chr22_48358281-48414640_cluster224
haploblock:chr22_48574333-48593175_cluster818,haploblock,,,,,,,,,,,chr22_48574333-48593175_cluster818
haploblock:chr22_47222105-47257518_cluster4,haploblock,,,,,,,,,,,chr22_47222105-47257518_cluster4
haploblock:chr22_17349065-17382179_cluster939,haploblock,,,,,,,,,,,chr22_17349065-17382179_cluster939
haploblock:chr22_17463955-17486499_cluster33,haploblock,,,,,,,,,,,chr22_17463955-17486499_cluster33
haploblock:chr22_17565024-17573553_cluster38,haploblock,,,,,,,,,,,chr22_17565024-17573553_cluster38
haploblock:chr22_18040448-18059257_cluster132,haploblock,,,,,,,,,,,chr22_18040448-18059257_cluster132
haploblock:chr22_19440988-19530556_cluster30,haploblock,,,,,,,,,,,chr22_19440988-19530556_cluster30
haploblock:chr22_23374984-23416457_cluster366,haploblock,,,,,,,,,,,chr22_23374984-23416457_cluster366
haploblock:chr22_23766514-23847298_cluster91,haploblock,,,,,,,,,,,chr22_23766514-23847298_cluster91
haploblock:chr22_26970187-26999263_cluster131,haploblock,,,,,,,,,,,chr22_26970187-26999263_cluster131
haploblock:chr22_27061731-27091280_cluster327,haploblock,,,,,,,,,,,chr22_27061731-27091280_cluster327
haploblock:chr22_32241161-32268625_cluster10,haploblock,,,,,,,,,,,chr22_32241161-32268625_cluster10
haploblock:chr22_34975718-35004794_cluster23,haploblock,,,,,,,,,,,chr22_34975718-35004794_cluster23
haploblock:chr22_35519727-35559256_cluster37,haploblock,,,,,,,,,,,chr22_35519727-35559256_cluster37
haploblock:chr22_41561606-41891962_cluster463,haploblock,,,,,,,,,,,chr22_41561606-41891962_cluster463
haploblock:chr22_44263132-44288496_cluster89,haploblock,,,,,,,,,,,chr22_44263132-44288496_cluster89
haploblock:chr22_44579724-44598588_cluster41,haploblock,,,,,,,,,,,chr22_44579724-44598588_cluster41
haploblock:chr22_44644582-44670538_cluster369,haploblock,,,,,,,,,,,chr22_44644582-44670538_cluster369
haploblock:chr22_45061875-45076203_cluster44,haploblock,,,,,,,,,,,chr22_45061875-45076203_cluster44
haploblock:chr22_45102024-45131462_cluster17,haploblock,,,,,,,,,,,chr22_45102024-45131462_cluster17
haploblock:chr22_46050878-46078647_cluster22,haploblock,,,,,,,,,,,chr22_46050878-46078647_cluster22
haploblock:chr22_46116729-46176998_cluster732,haploblock,,,,,,,,,,,chr22_46116729-46176998_cluster732
haploblock:chr22_46438932-46457205_cluster87,haploblock,,,,,,,,,,,chr22_46438932-46457205_cluster87
haploblock:chr22_47891202-47963676_cluster382,haploblock,,,,,,,,,,,chr22_47891202-47963676_cluster382
haploblock:chr22_48049142-48070478_cluster82,haploblock,,,,,,,,,,,chr22_48049142-48070478_cluster82
haploblock:chr22_48962941-48975351_cluster47,haploblock,,,,,,,,,,,chr22_48962941-48975351_cluster47
haploblock:chr22_17420471-17463955_cluster179,haploblock,,,,,,,,,,,chr22_17420471-17463955_cluster179
haploblock:chr22_23472786-23489773_cluster3,haploblock,,,,,,,,,,,chr22_23472786-23489773_cluster3
haploblock:chr22_26071416-26125105_cluster23,haploblock,,,,,,,,,,,chr22_26071416-26125105_cluster23
haploblock:chr22_37285225-37320379_cluster7,haploblock,,,,,,,,,,,chr22_37285225-37320379_cluster7
haploblock:chr22_44579724-44598588_cluster73,haploblock,,,,,,,,,,,chr22_44579724-44598588_cluster73
haploblock:chr22_44845752-44871543_cluster287,haploblock,,,,,,,,,,,chr22_44845752-44871543_cluster287
haploblock:chr22_44871543-44917047_cluster91,haploblock,,,,,,,,,,,chr22_44871543-44917047_cluster91
haploblock:chr22_44917047-44929677_cluster14,haploblock,,,,,,,,,,,chr22_44917047-44929677_cluster14
haploblock:chr22_45898320-45931386_cluster79,haploblock,,,,,,,,,,,chr22_45898320-45931386_cluster79
haploblock:chr22_23011425-23075491_cluster21,haploblock,,,,,,,,,,,chr22_23011425-23075491_cluster21
haploblock:chr22_44127670-44156872_cluster189,haploblock,,,,,,,,,,,chr22_44127670-44156872_cluster189
haploblock:chr22_44558955-44579724_cluster3,haploblock,,,,,,,,,,,chr22_44558955-44579724_cluster3
haploblock:chr22_44615978-44644582_cluster318,haploblock,,,,,,,,,,,chr22_44615978-44644582_cluster318
haploblock:chr22_28739901-28862563_cluster14,haploblock,,,,,,,,,,,chr22_28739901-28862563_cluster14
haploblock:chr22_44307622-44325913_cluster24,haploblock,,,,,,,,,,,chr22_44307622-44325913_cluster24
haploblock:chr22_44615978-44644582_cluster275,haploblock,,,,,,,,,,,chr22_44615978-44644582_cluster275
haploblock:chr22_45061875-45076203_cluster65,haploblock,,,,,,,,,,,chr22_45061875-45076203_cluster65
haploblock:chr22_46224519-46249251_cluster11,haploblock,,,,,,,,,,,chr22_46224519-46249251_cluster11
haploblock:chr22_47433033-47487014_cluster193,haploblock,,,,,,,,,,,chr22_47433033-47487014_cluster193
haploblock:chr22_47599748-47625237_cluster115,haploblock,,,,,,,,,,,chr22_47599748-47625237_cluster115
haploblock:chr22_47669224-47736510_cluster148,haploblock,,,,,,,,,,,chr22_47669224-47736510_cluster148
haploblock:chr22_48131182-48149450_cluster70,haploblock,,,,,,,,,,,chr22_48131182-48149450_cluster70
haploblock:chr22_48616504-48649986_cluster1017,haploblock,,,,,,,,,,,chr22_48616504-48649986_cluster1017
haploblock:chr22_49455747-49492624_cluster82,haploblock,,,,,,,,,,,chr22_49455747-49492624_cluster82
haploblock:chr22_49492624-49517573_cluster104,haploblock,,,,,,,,,,,chr22_49492624-49517573_cluster104
haploblock:chr22_48807134-48866772_cluster1309,haploblock,,,,,,,,,,,chr22_48807134-48866772_cluster1309
haploblock:chr22_17851807-17897315_cluster35,haploblock,,,,,,,,,,,chr22_17851807-17897315_cluster35
haploblock:chr22_24221347-24408113_cluster214,haploblock,,,,,,,,,,,chr22_24221347-24408113_cluster214
haploblock:chr22_33214306-33259027_cluster27,haploblock,,,,,,,,,,,chr22_33214306-33259027_cluster27
haploblock:chr22_49726702-49956702_cluster111,haploblock,,,,,,,,,,,chr22_49726702-49956702_cluster111
haploblock:chr22_20961195-20968216_cluster8,haploblock,,,,,,,,,,,chr22_20961195-20968216_cluster8
haploblock:chr22_22703853-22788009_cluster486,haploblock,,,,,,,,,,,chr22_22703853-22788009_cluster486
haploblock:chr22_30667110-30757175_cluster13,haploblock,,,,,,,,,,,chr22_30667110-30757175_cluster13
haploblock:chr22_39123775-39179317_cluster6,haploblock,,,,,,,,,,,chr22_39123775-39179317_cluster6
haploblock:chr22_21022574-21062587_cluster170,haploblock,,,,,,,,,,,chr22_21022574-21062587_cluster170
haploblock:chr22_22244968-22306953_cluster175,haploblock,,,,,,,,,,,chr22_22244968-22306953_cluster175
haploblock:chr22_23075491-23146855_cluster6,haploblock,,,,,,,,,,,chr22_23075491-23146855_cluster6
haploblock:chr22_23241440-23290478_cluster6,haploblock,,,,,,,,,,,chr22_23241440-23290478_cluster6
haploblock:chr22_25535613-25688319_cluster1,haploblock,,,,,,,,,,,chr22_25535613-25688319_cluster1
haploblock:chr22_26753805-26783983_cluster104,haploblock,,,,,,,,,,,chr22_26753805-26783983_cluster104
haploblock:chr22_23896670-23919857_cluster25,haploblock,,,,,,,,,,,chr22_23896670-23919857_cluster25
haploblock:chr22_46002629-46050878_cluster137,haploblock,,,,,,,,,,,chr22_46002629-46050878_cluster137
haploblock:chr22_35406206-35467079_cluster734,haploblock,,,,,,,,,,,chr22_35406206-35467079_cluster734
haploblock:chr22_35519727-35559256_cluster375,haploblock,,,,,,,,,,,chr22_35519727-35559256_cluster375
haploblock:chr22_25858830-25876277_cluster6,haploblock,,,,,,,,,,,chr22_25858830-25876277_cluster6
haploblock:chr22_25884349-25933372_cluster107,haploblock,,,,,,,,,,,chr22_25884349-25933372_cluster107
haploblock:chr22_29422865-29484784_cluster241,haploblock,,,,,,,,,,,chr22_29422865-29484784_cluster241
haploblock:chr22_41891962-42067647_cluster226,haploblock,,,,,,,,,,,chr22_41891962-42067647_cluster226
haploblock:chr22_47580784-47599748_cluster12,haploblock,,,,,,,,,,,chr22_47580784-47599748_cluster12
haploblock:chr22_32431958-32447679_cluster263,haploblock,,,,,,,,,,,chr22_32431958-32447679_cluster263
haploblock:chr22_48666756-48674907_cluster74,haploblock,,,,,,,,,,,chr22_48666756-48674907_cluster74
haploblock:chr22_27378463-27396539_cluster1,haploblock,,,,,,,,,,,chr22_27378463-27396539_cluster1
haploblock:chr22_48574333-48593175_cluster7,haploblock,,,,,,,,,,,chr22_48574333-48593175_cluster7
haploblock:chr22_36969311-37027101_cluster49,haploblock,,,,,,,,,,,chr22_36969311-37027101_cluster49
haploblock:chr22_32156952-32181456_cluster10,haploblock,,,,,,,,,,,chr22_32156952-32181456_cluster10
haploblock:chr22_33873503-33960108_cluster98,haploblock,,,,,,,,,,,chr22_33873503-33960108_cluster98
haploblock:chr22_37320379-37355281_cluster263,haploblock,,,,,,,,,,,chr22_37320379-37355281_cluster263
haploblock:chr22_49138659-49161412_cluster207,haploblock,,,,,,,,,,,chr22_49138659-49161412_cluster207
haploblock:chr22_48534407-48551127_cluster13,haploblock,,,,,,,,,,,chr22_48534407-48551127_cluster13
haploblock:chr22_44404134-44423106_cluster34,haploblock,,,,,,,,,,,chr22_44404134-44423106_cluster34
haploblock:chr22_44598588-44603286_cluster21,haploblock,,,,,,,,,,,chr22_44598588-44603286_cluster21
haploblock:chr22_48551127-48574333_cluster40,haploblock,,,,,,,,,,,chr22_48551127-48574333_cluster40
haploblock:chr22_49455747-49492624_cluster84,haploblock,,,,,,,,,,,chr22_49455747-49492624_cluster84
haploblock:chr22_45076203-45102024_cluster148,haploblock,,,,,,,,,,,chr22_45076203-45102024_cluster148
haploblock:chr22_45502117-45521571_cluster121,haploblock,,,,,,,,,,,chr22_45502117-45521571_cluster121
haploblock:chr22_45521571-45546494_cluster14,haploblock,,,,,,,,,,,chr22_45521571-45546494_cluster14
haploblock:chr22_49517573-49534275_cluster137,haploblock,,,,,,,,,,,chr22_49517573-49534275_cluster137
haploblock:chr22_17143182-17189339_cluster126,haploblock,,,,,,,,,,,chr22_17143182-17189339_cluster126
haploblock:chr22_18978115-18995264_cluster25,haploblock,,,,,,,,,,,chr22_18978115-18995264_cluster25
haploblock:chr22_17286047-17311850_cluster37,haploblock,,,,,,,,,,,chr22_17286047-17311850_cluster37
haploblock:chr22_17311850-17349065_cluster1296,haploblock,,,,,,,,,,,chr22_17311850-17349065_cluster1296
haploblock:chr22_17510346-17565024_cluster411,haploblock,,,,,,,,,,,chr22_17510346-17565024_cluster411
haploblock:chr22_17565024-17573553_cluster11,haploblock,,,,,,,,,,,chr22_17565024-17573553_cluster11
haploblock:chr22_17779751-17795362_cluster133,haploblock,,,,,,,,,,,chr22_17779751-17795362_cluster133
haploblock:chr22_18130176-18154397_cluster21,haploblock,,,,,,,,,,,chr22_18130176-18154397_cluster21
haploblock:chr22_19608021-19623032_cluster1,haploblock,,,,,,,,,,,chr22_19608021-19623032_cluster1
haploblock:chr22_20205063-20229336_cluster16,haploblock,,,,,,,,,,,chr22_20205063-20229336_cluster16
haploblock:chr22_20595442-20612877_cluster330,haploblock,,,,,,,,,,,chr22_20595442-20612877_cluster330
haploblock:chr22_23146855-23241440_cluster198,haploblock,,,,,,,,,,,chr22_23146855-23241440_cluster198
haploblock:chr22_23532651-23582658_cluster395,haploblock,,,,,,,,,,,chr22_23532651-23582658_cluster395
haploblock:chr22_23847298-23851737_cluster8,haploblock,,,,,,,,,,,chr22_23847298-23851737_cluster8
haploblock:chr22_26753805-26783983_cluster94,haploblock,,,,,,,,,,,chr22_26753805-26783983_cluster94
haploblock:chr22_26864523-26884663_cluster14,haploblock,,,,,,,,,,,chr22_26864523-26884663_cluster14
haploblock:chr22_27505000-27522596_cluster34,haploblock,,,,,,,,,,,chr22_27505000-27522596_cluster34
haploblock:chr22_27631167-27642389_cluster138,haploblock,,,,,,,,,,,chr22_27631167-27642389_cluster138
haploblock:chr22_34403531-34464592_cluster301,haploblock,,,,,,,,,,,chr22_34403531-34464592_cluster301
haploblock:chr22_36208559-36238986_cluster13,haploblock,,,,,,,,,,,chr22_36208559-36238986_cluster13
haploblock:chr22_36850905-36863317_cluster16,haploblock,,,,,,,,,,,chr22_36850905-36863317_cluster16
haploblock:chr22_39013374-39091660_cluster183,haploblock,,,,,,,,,,,chr22_39013374-39091660_cluster183
haploblock:chr22_44051606-44076464_cluster26,haploblock,,,,,,,,,,,chr22_44051606-44076464_cluster26
haploblock:chr22_44098586-44103463_cluster12,haploblock,,,,,,,,,,,chr22_44098586-44103463_cluster12
haploblock:chr22_44166469-44185056_cluster39,haploblock,,,,,,,,,,,chr22_44166469-44185056_cluster39
haploblock:chr22_44491834-44533808_cluster12,haploblock,,,,,,,,,,,chr22_44491834-44533808_cluster12
haploblock:chr22_44696863-44709627_cluster45,haploblock,,,,,,,,,,,chr22_44696863-44709627_cluster45
haploblock:chr22_45047275-45061875_cluster155,haploblock,,,,,,,,,,,chr22_45047275-45061875_cluster155
haploblock:chr22_46438932-46457205_cluster95,haploblock,,,,,,,,,,,chr22_46438932-46457205_cluster95
haploblock:chr22_47875259-47891202_cluster75,haploblock,,,,,,,,,,,chr22_47875259-47891202_cluster75
haploblock:chr22_47963676-47997555_cluster389,haploblock,,,,,,,,,,,chr22_47963676-47997555_cluster389
haploblock:chr22_48318300-48325515_cluster4,haploblock,,,,,,,,,,,chr22_48318300-48325515_cluster4
haploblock:chr22_19686138-19699265_cluster19,haploblock,,,,,,,,,,,chr22_19686138-19699265_cluster19
haploblock:chr22_31721546-31942200_cluster732,haploblock,,,,,,,,,,,chr22_31721546-31942200_cluster732
haploblock:chr22_36418187-36463901_cluster170,haploblock,,,,,,,,,,,chr22_36418187-36463901_cluster170
haploblock:chr22_36630948-36681598_cluster519,haploblock,,,,,,,,,,,chr22_36630948-36681598_cluster519
haploblock:chr22_17420471-17463955_cluster221,haploblock,,,,,,,,,,,chr22_17420471-17463955_cluster221
haploblock:chr22_17463955-17486499_cluster138,haploblock,,,,,,,,,,,chr22_17463955-17486499_cluster138
haploblock:chr22_23241440-23290478_cluster89,haploblock,,,,,,,,,,,chr22_23241440-23290478_cluster89
haploblock:chr22_23489773-23507389_cluster12,haploblock,,,,,,,,,,,chr22_23489773-23507389_cluster12
haploblock:chr22_25858830-25876277_cluster109,haploblock,,,,,,,,,,,chr22_25858830-25876277_cluster109
haploblock:chr22_27134960-27157084_cluster130,haploblock,,,,,,,,,,,chr22_27134960-27157084_cluster130
haploblock:chr22_27248628-27259943_cluster38,haploblock,,,,,,,,,,,chr22_27248628-27259943_cluster38
haploblock:chr22_27259943-27267287_cluster31,haploblock,,,,,,,,,,,chr22_27259943-27267287_cluster31
haploblock:chr22_27795907-27840691_cluster8,haploblock,,,,,,,,,,,chr22_27795907-27840691_cluster8
haploblock:chr22_37276728-37285225_cluster6,haploblock,,,,,,,,,,,chr22_37276728-37285225_cluster6
haploblock:chr22_37510682-37546356_cluster51,haploblock,,,,,,,,,,,chr22_37510682-37546356_cluster51
haploblock:chr22_46249251-46375373_cluster314,haploblock,,,,,,,,,,,chr22_46249251-46375373_cluster314
haploblock:chr22_47669224-47736510_cluster17,haploblock,,,,,,,,,,,chr22_47669224-47736510_cluster17
haploblock:chr22_48105541-48131182_cluster128,haploblock,,,,,,,,,,,chr22_48105541-48131182_cluster128
haploblock:chr22_48666756-48674907_cluster20,haploblock,,,,,,,,,,,chr22_48666756-48674907_cluster20
haploblock:chr22_49138659-49161412_cluster99,haploblock,,,,,,,,,,,chr22_49138659-49161412_cluster99
haploblock:chr22_49310363-49333633_cluster133,haploblock,,,,,,,,,,,chr22_49310363-49333633_cluster133
haploblock:chr22_23582658-23591838_cluster4,haploblock,,,,,,,,,,,chr22_23582658-23591838_cluster4
haploblock:chr22_23355114-23374984_cluster49,haploblock,,,,,,,,,,,chr22_23355114-23374984_cluster49
haploblock:chr22_22545569-22589389_cluster75,haploblock,,,,,,,,,,,chr22_22545569-22589389_cluster75
haploblock:chr22_25876277-25884349_cluster32,haploblock,,,,,,,,,,,chr22_25876277-25884349_cluster32
haploblock:chr22_34121170-34159369_cluster71,haploblock,,,,,,,,,,,chr22_34121170-34159369_cluster71
haploblock:chr22_43145214-43176240_cluster33,haploblock,,,,,,,,,,,chr22_43145214-43176240_cluster33
haploblock:chr22_44761333-44772968_cluster11,haploblock,,,,,,,,,,,chr22_44761333-44772968_cluster11
haploblock:chr22_48889773-48921793_cluster2,haploblock,,,,,,,,,,,chr22_48889773-48921793_cluster2
haploblock:chr22_43429411-43471880_cluster197,haploblock,,,,,,,,,,,chr22_43429411-43471880_cluster197
haploblock:chr22_19699265-19729797_cluster32,haploblock,,,,,,,,,,,chr22_19699265-19729797_cluster32
haploblock:chr22_23529638-23532651_cluster6,haploblock,,,,,,,,,,,chr22_23529638-23532651_cluster6
haploblock:chr22_37396550-37416456_cluster16,haploblock,,,,,,,,,,,chr22_37396550-37416456_cluster16
haploblock:chr22_19674207-19686138_cluster21,haploblock,,,,,,,,,,,chr22_19674207-19686138_cluster21
haploblock:chr22_25266257-25304848_cluster1003,haploblock,,,,,,,,,,,chr22_25266257-25304848_cluster1003
haploblock:chr22_26644382-26677587_cluster87,haploblock,,,,,,,,,,,chr22_26644382-26677587_cluster87
haploblock:chr22_45956310-46002629_cluster405,haploblock,,,,,,,,,,,chr22_45956310-46002629_cluster405
haploblock:chr22_36463901-36527111_cluster14,haploblock,,,,,,,,,,,chr22_36463901-36527111_cluster14
haploblock:chr22_19965038-20003597_cluster12,haploblock,,,,,,,,,,,chr22_19965038-20003597_cluster12
haploblock:chr22_44845752-44871543_cluster892,haploblock,,,,,,,,,,,chr22_44845752-44871543_cluster892
haploblock:chr22_23865996-23896670_cluster19,haploblock,,,,,,,,,,,chr22_23865996-23896670_cluster19
haploblock:chr22_25417399-25535613_cluster649,haploblock,,,,,,,,,,,chr22_25417399-25535613_cluster649
haploblock:chr22_26529987-26549322_cluster23,haploblock,,,,,,,,,,,chr22_26529987-26549322_cluster23
haploblock:chr22_30757175-30858788_cluster360,haploblock,,,,,,,,,,,chr22_30757175-30858788_cluster360
haploblock:chr22_22810398-22854292_cluster63,haploblock,,,,,,,,,,,chr22_22810398-22854292_cluster63
haploblock:chr22_23851737-23865996_cluster62,haploblock,,,,,,,,,,,chr22_23851737-23865996_cluster62
haploblock:chr22_33408818-33452024_cluster53,haploblock,,,,,,,,,,,chr22_33408818-33452024_cluster53
haploblock:chr22_39705387-39953483_cluster348,haploblock,,,,,,,,,,,chr22_39705387-39953483_cluster348
haploblock:chr22_45076203-45102024_cluster61,haploblock,,,,,,,,,,,chr22_45076203-45102024_cluster61
haploblock:chr22_47963676-47997555_cluster475,haploblock,,,,,,,,,,,chr22_47963676-47997555_cluster475
haploblock:chr22_31042595-31137239_cluster465,haploblock,,,,,,,,,,,chr22_31042595-31137239_cluster465
haploblock:chr22_26549322-26578207_cluster9,haploblock,,,,,,,,,,,chr22_26549322-26578207_cluster9
haploblock:chr22_48460740-48507466_cluster265,haploblock,,,,,,,,,,,chr22_48460740-48507466_cluster265
haploblock:chr22_27274059-27281429_cluster5,haploblock,,,,,,,,,,,chr22_27274059-27281429_cluster5
haploblock:chr22_32844047-32879460_cluster17,haploblock,,,,,,,,,,,chr22_32844047-32879460_cluster17
haploblock:chr22_27552091-27574483_cluster35,haploblock,,,,,,,,,,,chr22_27552091-27574483_cluster35
haploblock:chr22_27642389-27675678_cluster128,haploblock,,,,,,,,,,,chr22_27642389-27675678_cluster128
haploblock:chr22_31445105-31721546_cluster478,haploblock,,,,,,,,,,,chr22_31445105-31721546_cluster478
haploblock:chr22_36137894-36173796_cluster57,haploblock,,,,,,,,,,,chr22_36137894-36173796_cluster57
haploblock:chr22_38910779-38949961_cluster145,haploblock,,,,,,,,,,,chr22_38910779-38949961_cluster145
haploblock:chr22_42688607-42703049_cluster4,haploblock,,,,,,,,,,,chr22_42688607-42703049_cluster4
haploblock:chr22_42703049-42759443_cluster183,haploblock,,,,,,,,,,,chr22_42703049-42759443_cluster183
haploblock:chr22_47542804-47580784_cluster226,haploblock,,,,,,,,,,,chr22_47542804-47580784_cluster226
haploblock:chr22_46101290-46116729_cluster13,haploblock,,,,,,,,,,,chr22_46101290-46116729_cluster13
haploblock:chr22_46509245-46519724_cluster2,haploblock,,,,,,,,,,,chr22_46509245-46519724_cluster2
haploblock:chr22_46622269-46684568_cluster76,haploblock,,,,,,,,,,,chr22_46622269-46684568_cluster76
haploblock:chr22_46684568-46701053_cluster12,haploblock,,,,,,,,,,,chr22_46684568-46701053_cluster12
haploblock:chr22_47736510-47795000_cluster2,haploblock,,,,,,,,,,,chr22_47736510-47795000_cluster2
haploblock:chr22_49290733-49310363_cluster325,haploblock,,,,,,,,,,,chr22_49290733-49310363_cluster325
haploblock:chr22_17420471-17463955_cluster89,haploblock,,,,,,,,,,,chr22_17420471-17463955_cluster89
haploblock:chr22_27259943-27267287_cluster83,haploblock,,,,,,,,,,,chr22_27259943-27267287_cluster83
haploblock:chr22_27267287-27274059_cluster7,haploblock,,,,,,,,,,,chr22_27267287-27274059_cluster7
haploblock:chr22_48346281-48358281_cluster409,haploblock,,,,,,,,,,,chr22_48346281-48358281_cluster409
haploblock:chr22_17463955-17486499_cluster42,haploblock,,,,,,,,,,,chr22_17463955-17486499_cluster42
haploblock:chr22_19623032-19641214_cluster72,haploblock,,,,,,,,,,,chr22_19623032-19641214_cluster72
haploblock:chr22_26902257-26914018_cluster23,haploblock,,,,,,,,,,,chr22_26902257-26914018_cluster23
haploblock:chr22_27435114-27473414_cluster38,haploblock,,,,,,,,,,,chr22_27435114-27473414_cluster38
haploblock:chr22_32987578-33044905_cluster34,haploblock,,,,,,,,,,,chr22_32987578-33044905_cluster34
haploblock:chr22_38284355-38316189_cluster66,haploblock,,,,,,,,,,,chr22_38284355-38316189_cluster66
haploblock:chr22_39980379-40032702_cluster28,haploblock,,,,,,,,,,,chr22_39980379-40032702_cluster28
haploblock:chr22_40816704-41011161_cluster64,haploblock,,,,,,,,,,,chr22_40816704-41011161_cluster64
haploblock:chr22_44395824-44404134_cluster45,haploblock,,,,,,,,,,,chr22_44395824-44404134_cluster45
haploblock:chr22_45076203-45102024_cluster95,haploblock,,,,,,,,,,,chr22_45076203-45102024_cluster95
haploblock:chr22_45575071-45611743_cluster14,haploblock,,,,,,,,,,,chr22_45575071-45611743_cluster14
haploblock:chr22_47875259-47891202_cluster152,haploblock,,,,,,,,,,,chr22_47875259-47891202_cluster152
haploblock:chr22_47963676-47997555_cluster153,haploblock,,,,,,,,,,,chr22_47963676-47997555_cluster153
haploblock:chr22_48534407-48551127_cluster46,haploblock,,,,,,,,,,,chr22_48534407-48551127_cluster46
haploblock:chr22_17779751-17795362_cluster111,haploblock,,,,,,,,,,,chr22_17779751-17795362_cluster111
haploblock:chr22_18077804-18130176_cluster853,haploblock,,,,,,,,,,,chr22_18077804-18130176_cluster853
haploblock:chr22_22083318-22109386_cluster10,haploblock,,,,,,,,,,,chr22_22083318-22109386_cluster10
haploblock:chr22_23766514-23847298_cluster36,haploblock,,,,,,,,,,,chr22_23766514-23847298_cluster36
haploblock:chr22_30218448-30274592_cluster29,haploblock,,,,,,,,,,,chr22_30218448-30274592_cluster29
haploblock:chr22_32932820-32987578_cluster70,haploblock,,,,,,,,,,,chr22_32932820-32987578_cluster70
haploblock:chr22_34464592-34589089_cluster5,haploblock,,,,,,,,,,,chr22_34464592-34589089_cluster5
haploblock:chr22_35519727-35559256_cluster90,haploblock,,,,,,,,,,,chr22_35519727-35559256_cluster90
haploblock:chr22_36463901-36527111_cluster34,haploblock,,,,,,,,,,,chr22_36463901-36527111_cluster34
haploblock:chr22_39013374-39091660_cluster299,haploblock,,,,,,,,,,,chr22_39013374-39091660_cluster299
haploblock:chr22_48440418-48460740_cluster524,haploblock,,,,,,,,,,,chr22_48440418-48460740_cluster524
haploblock:chr22_49517573-49534275_cluster109,haploblock,,,,,,,,,,,chr22_49517573-49534275_cluster109
haploblock:chr22_22306953-22344671_cluster11,haploblock,,,,,,,,,,,chr22_22306953-22344671_cluster11
haploblock:chr22_27166948-27240185_cluster312,haploblock,,,,,,,,,,,chr22_27166948-27240185_cluster312
haploblock:chr22_27795907-27840691_cluster665,haploblock,,,,,,,,,,,chr22_27795907-27840691_cluster665
haploblock:chr22_32181456-32241161_cluster72,haploblock,,,,,,,,,,,chr22_32181456-32241161_cluster72
haploblock:chr22_36850905-36863317_cluster15,haploblock,,,,,,,,,,,chr22_36850905-36863317_cluster15
haploblock:chr22_38949961-38959712_cluster13,haploblock,,,,,,,,,,,chr22_38949961-38959712_cluster13
haploblock:chr22_44288496-44303006_cluster362,haploblock,,,,,,,,,,,chr22_44288496-44303006_cluster362
haploblock:chr22_44603286-44615978_cluster113,haploblock,,,,,,,,,,,chr22_44603286-44615978_cluster113
haploblock:chr22_45061875-45076203_cluster46,haploblock,,,,,,,,,,,chr22_45061875-45076203_cluster46
haploblock:chr22_45521571-45546494_cluster43,haploblock,,,,,,,,,,,chr22_45521571-45546494_cluster43
haploblock:chr22_48086646-48105541_cluster34,haploblock,,,,,,,,,,,chr22_48086646-48105541_cluster34
haploblock:chr22_48593175-48616504_cluster91,haploblock,,,,,,,,,,,chr22_48593175-48616504_cluster91
haploblock:chr22_26060666-26071416_cluster31,haploblock,,,,,,,,,,,chr22_26060666-26071416_cluster31
haploblock:chr22_17951518-18012407_cluster856,haploblock,,,,,,,,,,,chr22_17951518-18012407_cluster856
haploblock:chr22_27259943-27267287_cluster36,haploblock,,,,,,,,,,,chr22_27259943-27267287_cluster36
haploblock:chr22_19699265-19729797_cluster52,haploblock,,,,,,,,,,,chr22_19699265-19729797_cluster52
haploblock:chr22_23532651-23582658_cluster200,haploblock,,,,,,,,,,,chr22_23532651-23582658_cluster200
haploblock:chr22_18154397-18173325_cluster28,haploblock,,,,,,,,,,,chr22_18154397-18173325_cluster28
haploblock:chr22_26024448-26060666_cluster34,haploblock,,,,,,,,,,,chr22_26024448-26060666_cluster34
haploblock:chr22_44263132-44288496_cluster336,haploblock,,,,,,,,,,,chr22_44263132-44288496_cluster336
haploblock:chr22_46050878-46078647_cluster33,haploblock,,,,,,,,,,,chr22_46050878-46078647_cluster33
haploblock:chr22_46198741-46224519_cluster53,haploblock,,,,,,,,,,,chr22_46198741-46224519_cluster53
haploblock:chr22_46375373-46418842_cluster191,haploblock,,,,,,,,,,,chr22_46375373-46418842_cluster191
haploblock:chr22_20258558-20274330_cluster12,haploblock,,,,,,,,,,,chr22_20258558-20274330_cluster12
haploblock:chr22_32241161-32268625_cluster23,haploblock,,,,,,,,,,,chr22_32241161-32268625_cluster23
haploblock:chr22_33873503-33960108_cluster30,haploblock,,,,,,,,,,,chr22_33873503-33960108_cluster30
haploblock:chr22_45220568-45261186_cluster164,haploblock,,,,,,,,,,,chr22_45220568-45261186_cluster164
haploblock:chr22_26270093-26284739_cluster8,haploblock,,,,,,,,,,,chr22_26270093-26284739_cluster8
haploblock:chr22_36630948-36681598_cluster415,haploblock,,,,,,,,,,,chr22_36630948-36681598_cluster415
haploblock:chr22_48256183-48280360_cluster60,haploblock,,,,,,,,,,,chr22_48256183-48280360_cluster60
haploblock:chr22_21868030-22004012_cluster290,haploblock,,,,,,,,,,,chr22_21868030-22004012_cluster290
haploblock:chr22_22039828-22047705_cluster108,haploblock,,,,,,,,,,,chr22_22039828-22047705_cluster108
haploblock:chr22_22244968-22306953_cluster554,haploblock,,,,,,,,,,,chr22_22244968-22306953_cluster554
haploblock:chr22_22423583-22524402_cluster746,haploblock,,,,,,,,,,,chr22_22423583-22524402_cluster746
haploblock:chr22_36630948-36681598_cluster555,haploblock,,,,,,,,,,,chr22_36630948-36681598_cluster555
haploblock:chr22_38316189-38345691_cluster22,haploblock,,,,,,,,,,,chr22_38316189-38345691_cluster22
haploblock:chr22_25953967-25984066_cluster18,haploblock,,,,,,,,,,,chr22_25953967-25984066_cluster18
haploblock:chr22_25984066-26024448_cluster913,haploblock,,,,,,,,,,,chr22_25984066-26024448_cluster913
haploblock:chr22_26071416-26125105_cluster191,haploblock,,,,,,,,,,,chr22_26071416-26125105_cluster191
haploblock:chr22_43251410-43267728_cluster5,haploblock,,,,,,,,,,,chr22_43251410-43267728_cluster5
haploblock:chr22_26529987-26549322_cluster2,haploblock,,,,,,,,,,,chr22_26529987-26549322_cluster2
haploblock:chr22_32156952-32181456_cluster13,haploblock,,,,,,,,,,,chr22_32156952-32181456_cluster13
haploblock:chr22_46438932-46457205_cluster251,haploblock,,,,,,,,,,,chr22_46438932-46457205_cluster251
haploblock:chr22_29728907-29840455_cluster23,haploblock,,,,,,,,,,,chr22_29728907-29840455_cluster23
haploblock:chr22_29840455-30197423_cluster118,haploblock,,,,,,,,,,,chr22_29840455-30197423_cluster118
haploblock:chr22_30585088-30667110_cluster249,haploblock,,,,,,,,,,,chr22_30585088-30667110_cluster249
haploblock:chr22_34121170-34159369_cluster57,haploblock,,,,,,,,,,,chr22_34121170-34159369_cluster57
haploblock:chr22_35647540-35695363_cluster15,haploblock,,,,,,,,,,,chr22_35647540-35695363_cluster15
haploblock:chr22_40032702-40132216_cluster34,haploblock,,,,,,,,,,,chr22_40032702-40132216_cluster34
haploblock:chr22_47795000-47815791_cluster124,haploblock,,,,,,,,,,,chr22_47795000-47815791_cluster124
haploblock:chr22_47891202-47963676_cluster777,haploblock,,,,,,,,,,,chr22_47891202-47963676_cluster777
haploblock:chr22_17382179-17414153_cluster155,haploblock,,,,,,,,,,,chr22_17382179-17414153_cluster155
haploblock:chr22_17414153-17420471_cluster22,haploblock,,,,,,,,,,,chr22_17414153-17420471_cluster22
haploblock:chr22_17420471-17463955_cluster112,haploblock,,,,,,,,,,,chr22_17420471-17463955_cluster112
haploblock:chr22_22788009-22810398_cluster15,haploblock,,,,,,,,,,,chr22_22788009-22810398_cluster15
haploblock:chr22_23241440-23290478_cluster178,haploblock,,,,,,,,,,,chr22_23241440-23290478_cluster178
haploblock:chr22_26549322-26578207_cluster121,haploblock,,,,,,,,,,,chr22_26549322-26578207_cluster121
haploblock:chr22_33299764-33359267_cluster669,haploblock,,,,,,,,,,,chr22_33299764-33359267_cluster669
haploblock:chr22_37276728-37285225_cluster146,haploblock,,,,,,,,,,,chr22_37276728-37285225_cluster146
haploblock:chr22_45192496-45220568_cluster5,haploblock,,,,,,,,,,,chr22_45192496-45220568_cluster5
haploblock:chr22_45416682-45461240_cluster36,haploblock,,,,,,,,,,,chr22_45416682-45461240_cluster36
haploblock:chr22_46078647-46090628_cluster11,haploblock,,,,,,,,,,,chr22_46078647-46090628_cluster11
haploblock:chr22_46739093-46762438_cluster41,haploblock,,,,,,,,,,,chr22_46739093-46762438_cluster41
haploblock:chr22_48086646-48105541_cluster8,haploblock,,,,,,,,,,,chr22_48086646-48105541_cluster8
haploblock:chr22_48424298-48440418_cluster28,haploblock,,,,,,,,,,,chr22_48424298-48440418_cluster28
haploblock:chr22_17565024-17573553_cluster37,haploblock,,,,,,,,,,,chr22_17565024-17573553_cluster37
haploblock:chr22_22589389-22616398_cluster17,haploblock,,,,,,,,,,,chr22_22589389-22616398_cluster17
haploblock:chr22_23355114-23374984_cluster198,haploblock,,,,,,,,,,,chr22_23355114-23374984_cluster198
haploblock:chr22_26071416-26125105_cluster30,haploblock,,,,,,,,,,,chr22_26071416-26125105_cluster30
haploblock:chr22_34007359-34099461_cluster219,haploblock,,,,,,,,,,,chr22_34007359-34099461_cluster219
haploblock:chr22_37581275-37681711_cluster74,haploblock,,,,,,,,,,,chr22_37581275-37681711_cluster74
haploblock:chr22_38910779-38949961_cluster122,haploblock,,,,,,,,,,,chr22_38910779-38949961_cluster122
haploblock:chr22_39577521-39600259_cluster64,haploblock,,,,,,,,,,,chr22_39577521-39600259_cluster64
haploblock:chr22_48687200-48697982_cluster121,haploblock,,,,,,,,,,,chr22_48687200-48697982_cluster121
haploblock:chr22_49715343-49726702_cluster172,haploblock,,,,,,,,,,,chr22_49715343-49726702_cluster172
haploblock:chr22_17463955-17486499_cluster171,haploblock,,,,,,,,,,,chr22_17463955-17486499_cluster171
haploblock:chr22_23507389-23529638_cluster129,haploblock,,,,,,,,,,,chr22_23507389-23529638_cluster129
haploblock:chr22_23865996-23896670_cluster33,haploblock,,,,,,,,,,,chr22_23865996-23896670_cluster33
haploblock:chr22_25836129-25858830_cluster32,haploblock,,,,,,,,,,,chr22_25836129-25858830_cluster32
haploblock:chr22_25858830-25876277_cluster28,haploblock,,,,,,,,,,,chr22_25858830-25876277_cluster28
haploblock:chr22_32156952-32181456_cluster50,haploblock,,,,,,,,,,,chr22_32156952-32181456_cluster50
haploblock:chr22_32604930-32649633_cluster15,haploblock,,,,,,,,,,,chr22_32604930-32649633_cluster15
haploblock:chr22_42434570-42475676_cluster118,haploblock,,,,,,,,,,,chr22_42434570-42475676_cluster118
haploblock:chr22_46418842-46438932_cluster244,haploblock,,,,,,,,,,,chr22_46418842-46438932_cluster244
haploblock:chr22_44696863-44709627_cluster37,haploblock,,,,,,,,,,,chr22_44696863-44709627_cluster37
haploblock:chr22_23532651-23582658_cluster718,haploblock,,,,,,,,,,,chr22_23532651-23582658_cluster718
haploblock:chr22_48256183-48280360_cluster123,haploblock,,,,,,,,,,,chr22_48256183-48280360_cluster123
haploblock:chr22_19530556-19608021_cluster733,haploblock,,,,,,,,,,,chr22_19530556-19608021_cluster733
haploblock:chr22_27734056-27751201_cluster74,haploblock,,,,,,,,,,,chr22_27734056-27751201_cluster74
haploblock:chr22_32431958-32447679_cluster71,haploblock,,,,,,,,,,,chr22_32431958-32447679_cluster71
haploblock:chr22_35406206-35467079_cluster535,haploblock,,,,,,,,,,,chr22_35406206-35467079_cluster535
haploblock:chr22_35467079-35492611_cluster770,haploblock,,,,,,,,,,,chr22_35467079-35492611_cluster770
haploblock:chr22_35467079-35492611_cluster860,haploblock,,,,,,,,,,,chr22_35467079-35492611_cluster860
haploblock:chr22_37510682-37546356_cluster308,haploblock,,,,,,,,,,,chr22_37510682-37546356_cluster308
haploblock:chr22_38257683-38284355_cluster48,haploblock,,,,,,,,,,,chr22_38257683-38284355_cluster48
haploblock:chr22_46841413-46902935_cluster168,haploblock,,,,,,,,,,,chr22_46841413-46902935_cluster168
haploblock:chr22_47599748-47625237_cluster31,haploblock,,,,,,,,,,,chr22_47599748-47625237_cluster31
haploblock:chr22_27240185-27248628_cluster25,haploblock,,,,,,,,,,,chr22_27240185-27248628_cluster25
haploblock:chr22_44533808-44558955_cluster182,haploblock,,,,,,,,,,,chr22_44533808-44558955_cluster182
haploblock:chr22_22039828-22047705_cluster25,haploblock,,,,,,,,,,,chr22_22039828-22047705_cluster25
haploblock:chr22_22197437-22203687_cluster8,haploblock,,,,,,,,,,,chr22_22197437-22203687_cluster8
haploblock:chr22_45131462-45192496_cluster266,haploblock,,,,,,,,,,,chr22_45131462-45192496_cluster266
haploblock:chr22_43349923-43371073_cluster33,haploblock,,,,,,,,,,,chr22_43349923-43371073_cluster33
haploblock:chr22_20059164-20157037_cluster172,haploblock,,,,,,,,,,,chr22_20059164-20157037_cluster172
haploblock:chr22_22914880-22943618_cluster264,haploblock,,,,,,,,,,,chr22_22914880-22943618_cluster264
haploblock:chr22_33452024-33502441_cluster6,haploblock,,,,,,,,,,,chr22_33452024-33502441_cluster6
haploblock:chr22_19959374-19965038_cluster7,haploblock,,,,,,,,,,,chr22_19959374-19965038_cluster7
haploblock:chr22_30667110-30757175_cluster12,haploblock,,,,,,,,,,,chr22_30667110-30757175_cluster12
haploblock:chr22_37386898-37396550_cluster4,haploblock,,,,,,,,,,,chr22_37386898-37396550_cluster4
haploblock:chr22_24898544-24977424_cluster1437,haploblock,,,,,,,,,,,chr22_24898544-24977424_cluster1437
haploblock:chr22_47997555-48049142_cluster2,haploblock,,,,,,,,,,,chr22_47997555-48049142_cluster2
haploblock:chr22_48534407-48551127_cluster59,haploblock,,,,,,,,,,,chr22_48534407-48551127_cluster59
haploblock:chr22_27166948-27240185_cluster1622,haploblock,,,,,,,,,,,chr22_27166948-27240185_cluster1622
haploblock:chr22_34948328-34975718_cluster2,haploblock,,,,,,,,,,,chr22_34948328-34975718_cluster2
haploblock:chr22_46176998-46198741_cluster15,haploblock,,,,,,,,,,,chr22_46176998-46198741_cluster15
haploblock:chr22_48983254-49024317_cluster182,haploblock,,,,,,,,,,,chr22_48983254-49024317_cluster182
haploblock:chr22_27031341-27041588_cluster1,haploblock,,,,,,,,,,,chr22_27031341-27041588_cluster1
haploblock:chr22_27396539-27435114_cluster382,haploblock,,,,,,,,,,,chr22_27396539-27435114_cluster382
haploblock:chr22_37241613-37276728_cluster186,haploblock,,,,,,,,,,,chr22_37241613-37276728_cluster186
haploblock:chr22_31942200-32156952_cluster278,haploblock,,,,,,,,,,,chr22_31942200-32156952_cluster278
haploblock:chr22_37546356-37581275_cluster357,haploblock,,,,,,,,,,,chr22_37546356-37581275_cluster357
haploblock:chr22_48358281-48414640_cluster197,haploblock,,,,,,,,,,,chr22_48358281-48414640_cluster197
haploblock:chr22_48534407-48551127_cluster78,haploblock,,,,,,,,,,,chr22_48534407-48551127_cluster78
haploblock:chr22_32604930-32649633_cluster13,haploblock,,,,,,,,,,,chr22_32604930-32649633_cluster13
haploblock:chr22_37416456-37447223_cluster55,haploblock,,,,,,,,,,,chr22_37416456-37447223_cluster55
haploblock:chr22_44491834-44533808_cluster221,haploblock,,,,,,,,,,,chr22_44491834-44533808_cluster221
haploblock:chr22_42375220-42434570_cluster125,haploblock,,,,,,,,,,,chr22_42375220-42434570_cluster125
haploblock:chr22_47257518-47285160_cluster403,haploblock,,,,,,,,,,,chr22_47257518-47285160_cluster403
haploblock:chr22_44709627-44721676_cluster22,haploblock,,,,,,,,,,,chr22_44709627-44721676_cluster22
haploblock:chr22_44871543-44917047_cluster203,haploblock,,,,,,,,,,,chr22_44871543-44917047_cluster203
haploblock:chr22_44917047-44929677_cluster3,haploblock,,,,,,,,,,,chr22_44917047-44929677_cluster3
haploblock:chr22_45076203-45102024_cluster5,haploblock,,,,,,,,,,,chr22_45076203-45102024_cluster5
haploblock:chr22_46224519-46249251_cluster24,haploblock,,,,,,,,,,,chr22_46224519-46249251_cluster24
haploblock:chr22_46701053-46710903_cluster1,haploblock,,,,,,,,,,,chr22_46701053-46710903_cluster1
haploblock:chr22_46902935-46974137_cluster521,haploblock,,,,,,,,,,,chr22_46902935-46974137_cluster521
haploblock:chr22_48049142-48070478_cluster74,haploblock,,,,,,,,,,,chr22_48049142-48070478_cluster74
haploblock:chr22_48195632-48256183_cluster379,haploblock,,,,,,,,,,,chr22_48195632-48256183_cluster379
haploblock:chr22_25984066-26024448_cluster161,haploblock,,,,,,,,,,,chr22_25984066-26024448_cluster161
haploblock:chr22_18154397-18173325_cluster86,haploblock,,,,,,,,,,,chr22_18154397-18173325_cluster86
haploblock:chr22_20367930-20414601_cluster84,haploblock,,,,,,,,,,,chr22_20367930-20414601_cluster84
haploblock:chr22_26753805-26783983_cluster113,haploblock,,,,,,,,,,,chr22_26753805-26783983_cluster113
haploblock:chr22_26970187-26999263_cluster76,haploblock,,,,,,,,,,,chr22_26970187-26999263_cluster76
haploblock:chr22_27134960-27157084_cluster134,haploblock,,,,,,,,,,,chr22_27134960-27157084_cluster134
haploblock:chr22_27259943-27267287_cluster46,haploblock,,,,,,,,,,,chr22_27259943-27267287_cluster46
haploblock:chr22_29422865-29484784_cluster59,haploblock,,,,,,,,,,,chr22_29422865-29484784_cluster59
haploblock:chr22_32461834-32523211_cluster38,haploblock,,,,,,,,,,,chr22_32461834-32523211_cluster38
haploblock:chr22_33408818-33452024_cluster79,haploblock,,,,,,,,,,,chr22_33408818-33452024_cluster79
haploblock:chr22_43176240-43219862_cluster299,haploblock,,,,,,,,,,,chr22_43176240-43219862_cluster299
haploblock:chr22_44022564-44051606_cluster326,haploblock,,,,,,,,,,,chr22_44022564-44051606_cluster326
haploblock:chr22_46101290-46116729_cluster9,haploblock,,,,,,,,,,,chr22_46101290-46116729_cluster9
haploblock:chr22_48616504-48649986_cluster675,haploblock,,,,,,,,,,,chr22_48616504-48649986_cluster675
haploblock:chr22_48697982-48748191_cluster315,haploblock,,,,,,,,,,,chr22_48697982-48748191_cluster315
haploblock:chr22_25953967-25984066_cluster55,haploblock,,,,,,,,,,,chr22_25953967-25984066_cluster55
haploblock:chr22_26864523-26884663_cluster4,haploblock,,,,,,,,,,,chr22_26864523-26884663_cluster4
haploblock:chr22_27240185-27248628_cluster34,haploblock,,,,,,,,,,,chr22_27240185-27248628_cluster34
haploblock:chr22_27248628-27259943_cluster41,haploblock,,,,,,,,,,,chr22_27248628-27259943_cluster41
haploblock:chr22_33679263-33694376_cluster14,haploblock,,,,,,,,,,,chr22_33679263-33694376_cluster14
haploblock:chr22_35492611-35519727_cluster25,haploblock,,,,,,,,,,,chr22_35492611-35519727_cluster25
haploblock:chr22_36318590-36352948_cluster75,haploblock,,,,,,,,,,,chr22_36318590-36352948_cluster75
haploblock:chr22_37416456-37447223_cluster134,haploblock,,,,,,,,,,,chr22_37416456-37447223_cluster134
haploblock:chr22_37447223-37510682_cluster172,haploblock,,,,,,,,,,,chr22_37447223-37510682_cluster172
haploblock:chr22_42340130-42375220_cluster43,haploblock,,,,,,,,,,,chr22_42340130-42375220_cluster43
haploblock:chr22_43429411-43471880_cluster201,haploblock,,,,,,,,,,,chr22_43429411-43471880_cluster201
haploblock:chr22_44491834-44533808_cluster119,haploblock,,,,,,,,,,,chr22_44491834-44533808_cluster119
haploblock:chr22_44752468-44761333_cluster11,haploblock,,,,,,,,,,,chr22_44752468-44761333_cluster11
haploblock:chr22_45461240-45480586_cluster71,haploblock,,,,,,,,,,,chr22_45461240-45480586_cluster71
haploblock:chr22_46090628-46101290_cluster5,haploblock,,,,,,,,,,,chr22_46090628-46101290_cluster5
haploblock:chr22_48460740-48507466_cluster67,haploblock,,,,,,,,,,,chr22_48460740-48507466_cluster67
haploblock:chr22_48748191-48780105_cluster581,haploblock,,,,,,,,,,,chr22_48748191-48780105_cluster581
haploblock:chr22_48962941-48975351_cluster296,haploblock,,,,,,,,,,,chr22_48962941-48975351_cluster296
haploblock:chr22_49715343-49726702_cluster213,haploblock,,,,,,,,,,,chr22_49715343-49726702_cluster213
haploblock:chr22_37447223-37510682_cluster147,haploblock,,,,,,,,,,,chr22_37447223-37510682_cluster147
haploblock:chr22_44156872-44166469_cluster15,haploblock,,,,,,,,,,,chr22_44156872-44166469_cluster15
haploblock:chr22_19674207-19686138_cluster20,haploblock,,,,,,,,,,,chr22_19674207-19686138_cluster20
haploblock:chr22_20988220-21022574_cluster56,haploblock,,,,,,,,,,,chr22_20988220-21022574_cluster56
haploblock:chr22_22244968-22306953_cluster105,haploblock,,,,,,,,,,,chr22_22244968-22306953_cluster105
haploblock:chr22_26999263-27009479_cluster45,haploblock,,,,,,,,,,,chr22_26999263-27009479_cluster45
haploblock:chr22_36582143-36606606_cluster20,haploblock,,,,,,,,,,,chr22_36582143-36606606_cluster20
haploblock:chr22_36850905-36863317_cluster82,haploblock,,,,,,,,,,,chr22_36850905-36863317_cluster82
haploblock:chr22_42478767-42627529_cluster757,haploblock,,,,,,,,,,,chr22_42478767-42627529_cluster757
haploblock:chr22_47285160-47370846_cluster1806,haploblock,,,,,,,,,,,chr22_47285160-47370846_cluster1806
haploblock:chr22_47795000-47815791_cluster41,haploblock,,,,,,,,,,,chr22_47795000-47815791_cluster41
haploblock:chr22_48517374-48534407_cluster27,haploblock,,,,,,,,,,,chr22_48517374-48534407_cluster27
haploblock:chr22_25218191-25233065_cluster206,haploblock,,,,,,,,,,,chr22_25218191-25233065_cluster206
haploblock:chr22_20290948-20320756_cluster48,haploblock,,,,,,,,,,,chr22_20290948-20320756_cluster48
haploblock:chr22_19959374-19965038_cluster22,haploblock,,,,,,,,,,,chr22_19959374-19965038_cluster22
haploblock:chr22_20320756-20367930_cluster375,haploblock,,,,,,,,,,,chr22_20320756-20367930_cluster375
haploblock:chr22_22244968-22306953_cluster85,haploblock,,,,,,,,,,,chr22_22244968-22306953_cluster85
haploblock:chr22_37546356-37581275_cluster29,haploblock,,,,,,,,,,,chr22_37546356-37581275_cluster29
haploblock:chr22_44579724-44598588_cluster35,haploblock,,,,,,,,,,,chr22_44579724-44598588_cluster35
haploblock:chr22_44721676-44752468_cluster667,haploblock,,,,,,,,,,,chr22_44721676-44752468_cluster667
haploblock:chr22_48358281-48414640_cluster306,haploblock,,,,,,,,,,,chr22_48358281-48414640_cluster306
haploblock:chr22_48666756-48674907_cluster17,haploblock,,,,,,,,,,,chr22_48666756-48674907_cluster17
haploblock:chr22_46249251-46375373_cluster335,haploblock,,,,,,,,,,,chr22_46249251-46375373_cluster335
haploblock:chr22_27378463-27396539_cluster11,haploblock,,,,,,,,,,,chr22_27378463-27396539_cluster11
haploblock:chr22_43899207-43927194_cluster34,haploblock,,,,,,,,,,,chr22_43899207-43927194_cluster34
haploblock:chr22_47891202-47963676_cluster448,haploblock,,,,,,,,,,,chr22_47891202-47963676_cluster448
haploblock:chr22_25417399-25535613_cluster554,haploblock,,,,,,,,,,,chr22_25417399-25535613_cluster554
haploblock:chr22_26529987-26549322_cluster5,haploblock,,,,,,,,,,,chr22_26529987-26549322_cluster5
haploblock:chr22_27299096-27335333_cluster95,haploblock,,,,,,,,,,,chr22_27299096-27335333_cluster95
haploblock:chr22_27267287-27274059_cluster8,haploblock,,,,,,,,,,,chr22_27267287-27274059_cluster8
haploblock:chr22_33259027-33299764_cluster22,haploblock,,,,,,,,,,,chr22_33259027-33299764_cluster22
haploblock:chr22_44696863-44709627_cluster68,haploblock,,,,,,,,,,,chr22_44696863-44709627_cluster68
haploblock:chr22_33571700-33628113_cluster98,haploblock,,,,,,,,,,,chr22_33571700-33628113_cluster98
haploblock:chr22_43810000-43826536_cluster2,haploblock,,,,,,,,,,,chr22_43810000-43826536_cluster2
haploblock:chr22_44721676-44752468_cluster33,haploblock,,,,,,,,,,,chr22_44721676-44752468_cluster33
haploblock:chr22_48780105-48807134_cluster658,haploblock,,,,,,,,,,,chr22_48780105-48807134_cluster658
haploblock:chr22_22370689-22385243_cluster4,haploblock,,,,,,,,,,,chr22_22370689-22385243_cluster4
haploblock:chr22_25953967-25984066_cluster39,haploblock,,,,,,,,,,,chr22_25953967-25984066_cluster39
haploblock:chr22_25953967-25984066_cluster43,haploblock,,,,,,,,,,,chr22_25953967-25984066_cluster43
haploblock:chr22_32241161-32268625_cluster11,haploblock,,,,,,,,,,,chr22_32241161-32268625_cluster11
haploblock:chr22_33214306-33259027_cluster14,haploblock,,,,,,,,,,,chr22_33214306-33259027_cluster14
haploblock:chr22_45131462-45192496_cluster638,haploblock,,,,,,,,,,,chr22_45131462-45192496_cluster638
haploblock:chr22_47599748-47625237_cluster91,haploblock,,,,,,,,,,,chr22_47599748-47625237_cluster91
haploblock:chr22_17311850-17349065_cluster677,haploblock,,,,,,,,,,,chr22_17311850-17349065_cluster677
haploblock:chr22_44670538-44696863_cluster129,haploblock,,,,,,,,,,,chr22_44670538-44696863_cluster129
haploblock:chr22_17382179-17414153_cluster208,haploblock,,,,,,,,,,,chr22_17382179-17414153_cluster208
haploblock:chr22_22400730-22423583_cluster95,haploblock,,,,,,,,,,,chr22_22400730-22423583_cluster95
haploblock:chr22_22423583-22524402_cluster445,haploblock,,,,,,,,,,,chr22_22423583-22524402_cluster445
haploblock:chr22_24587296-24690767_cluster1156,haploblock,,,,,,,,,,,chr22_24587296-24690767_cluster1156
haploblock:chr22_32431958-32447679_cluster72,haploblock,,,,,,,,,,,chr22_32431958-32447679_cluster72
haploblock:chr22_33359267-33408818_cluster125,haploblock,,,,,,,,,,,chr22_33359267-33408818_cluster125
haploblock:chr22_36947400-36969311_cluster20,haploblock,,,,,,,,,,,chr22_36947400-36969311_cluster20
haploblock:chr22_37447223-37510682_cluster135,haploblock,,,,,,,,,,,chr22_37447223-37510682_cluster135
haploblock:chr22_44791710-44821141_cluster283,haploblock,,,,,,,,,,,chr22_44791710-44821141_cluster283
haploblock:chr22_48593175-48616504_cluster17,haploblock,,,,,,,,,,,chr22_48593175-48616504_cluster17
haploblock:chr22_49128444-49138659_cluster20,haploblock,,,,,,,,,,,chr22_49128444-49138659_cluster20
haploblock:chr22_17779751-17795362_cluster73,haploblock,,,,,,,,,,,chr22_17779751-17795362_cluster73
haploblock:chr22_26024448-26060666_cluster24,haploblock,,,,,,,,,,,chr22_26024448-26060666_cluster24
haploblock:chr22_36850905-36863317_cluster11,haploblock,,,,,,,,,,,chr22_36850905-36863317_cluster11
haploblock:chr22_48748191-48780105_cluster351,haploblock,,,,,,,,,,,chr22_48748191-48780105_cluster351
haploblock:chr22_29422865-29484784_cluster24,haploblock,,,,,,,,,,,chr22_29422865-29484784_cluster24
haploblock:chr22_17795362-17851807_cluster353,haploblock,,,,,,,,,,,chr22_17795362-17851807_cluster353
haploblock:chr22_28862563-28963114_cluster7,haploblock,,,,,,,,,,,chr22_28862563-28963114_cluster7
haploblock:chr22_18059257-18077804_cluster388,haploblock,,,,,,,,,,,chr22_18059257-18077804_cluster388
haploblock:chr22_46050878-46078647_cluster20,haploblock,,,,,,,,,,,chr22_46050878-46078647_cluster20
haploblock:chr22_18040448-18059257_cluster23,haploblock,,,,,,,,,,,chr22_18040448-18059257_cluster23
haploblock:chr22_22109386-22129854_cluster23,haploblock,,,,,,,,,,,chr22_22109386-22129854_cluster23
haploblock:chr22_26060666-26071416_cluster19,haploblock,,,,,,,,,,,chr22_26060666-26071416_cluster19
haploblock:chr22_27631167-27642389_cluster26,haploblock,,,,,,,,,,,chr22_27631167-27642389_cluster26
haploblock:chr22_32181456-32241161_cluster34,haploblock,,,,,,,,,,,chr22_32181456-32241161_cluster34
haploblock:chr22_39577521-39600259_cluster47,haploblock,,,,,,,,,,,chr22_39577521-39600259_cluster47
haploblock:chr22_19925060-19959374_cluster128,haploblock,,,,,,,,,,,chr22_19925060-19959374_cluster128
haploblock:chr22_20059164-20157037_cluster368,haploblock,,,,,,,,,,,chr22_20059164-20157037_cluster368
haploblock:chr22_32241161-32268625_cluster69,haploblock,,,,,,,,,,,chr22_32241161-32268625_cluster69
haploblock:chr22_27274059-27281429_cluster7,haploblock,,,,,,,,,,,chr22_27274059-27281429_cluster7
haploblock:chr22_44404134-44423106_cluster1,haploblock,,,,,,,,,,,chr22_44404134-44423106_cluster1
haploblock:chr22_26270093-26284739_cluster38,haploblock,,,,,,,,,,,chr22_26270093-26284739_cluster38
haploblock:chr22_27166948-27240185_cluster1027,haploblock,,,,,,,,,,,chr22_27166948-27240185_cluster1027
haploblock:chr22_37510682-37546356_cluster33,haploblock,,,,,,,,,,,chr22_37510682-37546356_cluster33
haploblock:chr22_23489773-23507389_cluster175,haploblock,,,,,,,,,,,chr22_23489773-23507389_cluster175
haploblock:chr22_25266257-25304848_cluster706,haploblock,,,,,,,,,,,chr22_25266257-25304848_cluster706
haploblock:chr22_23489773-23507389_cluster94,haploblock,,,,,,,,,,,chr22_23489773-23507389_cluster94
haploblock:chr22_47580784-47599748_cluster159,haploblock,,,,,,,,,,,chr22_47580784-47599748_cluster159
haploblock:chr22_27505000-27522596_cluster5,haploblock,,,,,,,,,,,chr22_27505000-27522596_cluster5
haploblock:chr22_34403531-34464592_cluster97,haploblock,,,,,,,,,,,chr22_34403531-34464592_cluster97
haploblock:chr22_44263132-44288496_cluster225,haploblock,,,,,,,,,,,chr22_44263132-44288496_cluster225
haploblock:chr22_32332036-32378957_cluster48,haploblock,,,,,,,,,,,chr22_32332036-32378957_cluster48
haploblock:chr22_32461834-32523211_cluster88,haploblock,,,,,,,,,,,chr22_32461834-32523211_cluster88
haploblock:chr22_44579724-44598588_cluster37,haploblock,,,,,,,,,,,chr22_44579724-44598588_cluster37
haploblock:chr22_34248049-34403531_cluster50,haploblock,,,,,,,,,,,chr22_34248049-34403531_cluster50
haploblock:chr22_34464592-34589089_cluster13,haploblock,,,,,,,,,,,chr22_34464592-34589089_cluster13
haploblock:chr22_35044716-35110291_cluster3,haploblock,,,,,,,,,,,chr22_35044716-35110291_cluster3
haploblock:chr22_35110291-35135705_cluster22,haploblock,,,,,,,,,,,chr22_35110291-35135705_cluster22
haploblock:chr22_44166469-44185056_cluster8,haploblock,,,,,,,,,,,chr22_44166469-44185056_cluster8
haploblock:chr22_44709627-44721676_cluster23,haploblock,,,,,,,,,,,chr22_44709627-44721676_cluster23
haploblock:chr22_45833918-45861015_cluster23,haploblock,,,,,,,,,,,chr22_45833918-45861015_cluster23
haploblock:chr22_46050878-46078647_cluster39,haploblock,,,,,,,,,,,chr22_46050878-46078647_cluster39
haploblock:chr22_26549322-26578207_cluster108,haploblock,,,,,,,,,,,chr22_26549322-26578207_cluster108
haploblock:chr22_37276728-37285225_cluster67,haploblock,,,,,,,,,,,chr22_37276728-37285225_cluster67
haploblock:chr22_43429411-43471880_cluster441,haploblock,,,,,,,,,,,chr22_43429411-43471880_cluster441
haploblock:chr22_46684568-46701053_cluster27,haploblock,,,,,,,,,,,chr22_46684568-46701053_cluster27
haploblock:chr22_18130176-18154397_cluster25,haploblock,,,,,,,,,,,chr22_18130176-18154397_cluster25
haploblock:chr22_26753805-26783983_cluster57,haploblock,,,,,,,,,,,chr22_26753805-26783983_cluster57
haploblock:chr22_29124422-29160751_cluster52,haploblock,,,,,,,,,,,chr22_29124422-29160751_cluster52
haploblock:chr22_45502117-45521571_cluster132,haploblock,,,,,,,,,,,chr22_45502117-45521571_cluster132
haploblock:chr22_47997555-48049142_cluster58,haploblock,,,,,,,,,,,chr22_47997555-48049142_cluster58
haploblock:chr22_19623032-19641214_cluster27,haploblock,,,,,,,,,,,chr22_19623032-19641214_cluster27
haploblock:chr22_39980379-40032702_cluster74,haploblock,,,,,,,,,,,chr22_39980379-40032702_cluster74
haploblock:chr22_43810000-43826536_cluster10,haploblock,,,,,,,,,,,chr22_43810000-43826536_cluster10
haploblock:chr22_44347315-44365917_cluster259,haploblock,,,,,,,,,,,chr22_44347315-44365917_cluster259
haploblock:chr22_44491834-44533808_cluster63,haploblock,,,,,,,,,,,chr22_44491834-44533808_cluster63
haploblock:chr22_45931386-45956310_cluster30,haploblock,,,,,,,,,,,chr22_45931386-45956310_cluster30
haploblock:chr22_29225139-29255004_cluster38,haploblock,,,,,,,,,,,chr22_29225139-29255004_cluster38
haploblock:chr22_35492611-35519727_cluster120,haploblock,,,,,,,,,,,chr22_35492611-35519727_cluster120
haploblock:chr22_25535613-25688319_cluster409,haploblock,,,,,,,,,,,chr22_25535613-25688319_cluster409
haploblock:chr22_25876277-25884349_cluster3,haploblock,,,,,,,,,,,chr22_25876277-25884349_cluster3
haploblock:chr22_26024448-26060666_cluster224,haploblock,,,,,,,,,,,chr22_26024448-26060666_cluster224
haploblock:chr22_26753805-26783983_cluster197,haploblock,,,,,,,,,,,chr22_26753805-26783983_cluster197
haploblock:chr22_33214306-33259027_cluster6,haploblock,,,,,,,,,,,chr22_33214306-33259027_cluster6
haploblock:chr22_37147116-37164516_cluster3,haploblock,,,,,,,,,,,chr22_37147116-37164516_cluster3
haploblock:chr22_38218926-38257683_cluster21,haploblock,,,,,,,,,,,chr22_38218926-38257683_cluster21
haploblock:chr22_39980379-40032702_cluster18,haploblock,,,,,,,,,,,chr22_39980379-40032702_cluster18
haploblock:chr22_44644582-44670538_cluster62,haploblock,,,,,,,,,,,chr22_44644582-44670538_cluster62
haploblock:chr22_44696863-44709627_cluster57,haploblock,,,,,,,,,,,chr22_44696863-44709627_cluster57
haploblock:chr22_46622269-46684568_cluster310,haploblock,,,,,,,,,,,chr22_46622269-46684568_cluster310
haploblock:chr22_24408113-24495387_cluster8,haploblock,,,,,,,,,,,chr22_24408113-24495387_cluster8
haploblock:chr22_49517573-49534275_cluster55,haploblock,,,,,,,,,,,chr22_49517573-49534275_cluster55
haploblock:chr22_23489773-23507389_cluster9,haploblock,,,,,,,,,,,chr22_23489773-23507389_cluster9
haploblock:chr22_25736676-25755364_cluster30,haploblock,,,,,,,,,,,chr22_25736676-25755364_cluster30
haploblock:chr22_36969311-37027101_cluster11,haploblock,,,,,,,,,,,chr22_36969311-37027101_cluster11
haploblock:chr22_46739093-46762438_cluster18,haploblock,,,,,,,,,,,chr22_46739093-46762438_cluster18
haploblock:chr22_20274330-20290948_cluster2,haploblock,,,,,,,,,,,chr22_20274330-20290948_cluster2
haploblock:chr22_34589089-34743749_cluster113,haploblock,,,,,,,,,,,chr22_34589089-34743749_cluster113
haploblock:chr22_47963676-47997555_cluster156,haploblock,,,,,,,,,,,chr22_47963676-47997555_cluster156
haploblock:chr22_26060666-26071416_cluster8,haploblock,,,,,,,,,,,chr22_26060666-26071416_cluster8
haploblock:chr22_35738379-36060254_cluster81,haploblock,,,,,,,,,,,chr22_35738379-36060254_cluster81
haploblock:chr22_44615978-44644582_cluster87,haploblock,,,,,,,,,,,chr22_44615978-44644582_cluster87
haploblock:chr22_47795000-47815791_cluster197,haploblock,,,,,,,,,,,chr22_47795000-47815791_cluster197
haploblock:chr22_49087426-49128444_cluster113,haploblock,,,,,,,,,,,chr22_49087426-49128444_cluster113
haploblock:chr22_26884663-26902257_cluster249,haploblock,,,,,,,,,,,chr22_26884663-26902257_cluster249
haploblock:chr22_27061731-27091280_cluster1,haploblock,,,,,,,,,,,chr22_27061731-27091280_cluster1
haploblock:chr22_27166948-27240185_cluster135,haploblock,,,,,,,,,,,chr22_27166948-27240185_cluster135
haploblock:chr22_46841413-46902935_cluster16,haploblock,,,,,,,,,,,chr22_46841413-46902935_cluster16
haploblock:chr22_37809887-38107961_cluster864,haploblock,,,,,,,,,,,chr22_37809887-38107961_cluster864
haploblock:chr22_49189227-49196610_cluster8,haploblock,,,,,,,,,,,chr22_49189227-49196610_cluster8
haploblock:chr22_43471880-43502343_cluster16,haploblock,,,,,,,,,,,chr22_43471880-43502343_cluster16
haploblock:chr22_17463955-17486499_cluster78,haploblock,,,,,,,,,,,chr22_17463955-17486499_cluster78
haploblock:chr22_17382179-17414153_cluster95,haploblock,,,,,,,,,,,chr22_17382179-17414153_cluster95
haploblock:chr22_19773105-19821351_cluster130,haploblock,,,,,,,,,,,chr22_19773105-19821351_cluster130
haploblock:chr22_19959374-19965038_cluster32,haploblock,,,,,,,,,,,chr22_19959374-19965038_cluster32
haploblock:chr22_21062587-21084128_cluster46,haploblock,,,,,,,,,,,chr22_21062587-21084128_cluster46
haploblock:chr22_23751602-23766514_cluster15,haploblock,,,,,,,,,,,chr22_23751602-23766514_cluster15
haploblock:chr22_26368672-26396610_cluster253,haploblock,,,,,,,,,,,chr22_26368672-26396610_cluster253
haploblock:chr22_26529987-26549322_cluster15,haploblock,,,,,,,,,,,chr22_26529987-26549322_cluster15
haploblock:chr22_33827023-33873503_cluster56,haploblock,,,,,,,,,,,chr22_33827023-33873503_cluster56
haploblock:chr22_36555805-36582143_cluster77,haploblock,,,,,,,,,,,chr22_36555805-36582143_cluster77
haploblock:chr22_47150007-47171844_cluster124,haploblock,,,,,,,,,,,chr22_47150007-47171844_cluster124
haploblock:chr22_48299933-48318300_cluster227,haploblock,,,,,,,,,,,chr22_48299933-48318300_cluster227
haploblock:chr22_18040448-18059257_cluster152,haploblock,,,,,,,,,,,chr22_18040448-18059257_cluster152
haploblock:chr22_44871543-44917047_cluster174,haploblock,,,,,,,,,,,chr22_44871543-44917047_cluster174
haploblock:chr22_49492624-49517573_cluster92,haploblock,,,,,,,,,,,chr22_49492624-49517573_cluster92
haploblock:chr22_49517573-49534275_cluster51,haploblock,,,,,,,,,,,chr22_49517573-49534275_cluster51
haploblock:chr22_24690767-24704235_cluster13,haploblock,,,,,,,,,,,chr22_24690767-24704235_cluster13
haploblock:chr22_25858830-25876277_cluster50,haploblock,,,,,,,,,,,chr22_25858830-25876277_cluster50
haploblock:chr22_27248628-27259943_cluster78,haploblock,,,,,,,,,,,chr22_27248628-27259943_cluster78
haploblock:chr22_43304000-43349923_cluster394,haploblock,,,,,,,,,,,chr22_43304000-43349923_cluster394
haploblock:chr22_46438932-46457205_cluster151,haploblock,,,,,,,,,,,chr22_46438932-46457205_cluster151
haploblock:chr22_17795362-17851807_cluster81,haploblock,,,,,,,,,,,chr22_17795362-17851807_cluster81
haploblock:chr22_26549322-26578207_cluster62,haploblock,,,,,,,,,,,chr22_26549322-26578207_cluster62
haploblock:chr22_26827693-26838327_cluster6,haploblock,,,,,,,,,,,chr22_26827693-26838327_cluster6
haploblock:chr22_32554597-32604930_cluster883,haploblock,,,,,,,,,,,chr22_32554597-32604930_cluster883
haploblock:chr22_34403531-34464592_cluster230,haploblock,,,,,,,,,,,chr22_34403531-34464592_cluster230
haploblock:chr22_47669224-47736510_cluster154,haploblock,,,,,,,,,,,chr22_47669224-47736510_cluster154
haploblock:chr22_48574333-48593175_cluster155,haploblock,,,,,,,,,,,chr22_48574333-48593175_cluster155
haploblock:chr22_19674207-19686138_cluster6,haploblock,,,,,,,,,,,chr22_19674207-19686138_cluster6
haploblock:chr22_19821351-19886686_cluster79,haploblock,,,,,,,,,,,chr22_19821351-19886686_cluster79
haploblock:chr22_24704235-24748945_cluster104,haploblock,,,,,,,,,,,chr22_24704235-24748945_cluster104
haploblock:chr22_30473070-30559334_cluster13,haploblock,,,,,,,,,,,chr22_30473070-30559334_cluster13
haploblock:chr22_32156952-32181456_cluster24,haploblock,,,,,,,,,,,chr22_32156952-32181456_cluster24
haploblock:chr22_37546356-37581275_cluster110,haploblock,,,,,,,,,,,chr22_37546356-37581275_cluster110
haploblock:chr22_39233324-39262537_cluster98,haploblock,,,,,,,,,,,chr22_39233324-39262537_cluster98
haploblock:chr22_40032702-40132216_cluster46,haploblock,,,,,,,,,,,chr22_40032702-40132216_cluster46
haploblock:chr22_19959374-19965038_cluster11,haploblock,,,,,,,,,,,chr22_19959374-19965038_cluster11
haploblock:chr22_44558955-44579724_cluster6,haploblock,,,,,,,,,,,chr22_44558955-44579724_cluster6
haploblock:chr22_20059164-20157037_cluster74,haploblock,,,,,,,,,,,chr22_20059164-20157037_cluster74
haploblock:chr22_33540489-33571700_cluster26,haploblock,,,,,,,,,,,chr22_33540489-33571700_cluster26
haploblock:chr22_37396550-37416456_cluster8,haploblock,,,,,,,,,,,chr22_37396550-37416456_cluster8
haploblock:chr22_20290948-20320756_cluster5,haploblock,,,,,,,,,,,chr22_20290948-20320756_cluster5
haploblock:chr22_46198741-46224519_cluster103,haploblock,,,,,,,,,,,chr22_46198741-46224519_cluster103
haploblock:chr22_21363286-21645003_cluster13,haploblock,,,,,,,,,,,chr22_21363286-21645003_cluster13
haploblock:chr22_22385243-22400730_cluster5,haploblock,,,,,,,,,,,chr22_22385243-22400730_cluster5
haploblock:chr22_37124185-37147116_cluster244,haploblock,,,,,,,,,,,chr22_37124185-37147116_cluster244
haploblock:chr22_23532651-23582658_cluster1395,haploblock,,,,,,,,,,,chr22_23532651-23582658_cluster1395
haploblock:chr22_25836129-25858830_cluster9,haploblock,,,,,,,,,,,chr22_25836129-25858830_cluster9
haploblock:chr22_45192496-45220568_cluster34,haploblock,,,,,,,,,,,chr22_45192496-45220568_cluster34
haploblock:chr22_25876277-25884349_cluster7,haploblock,,,,,,,,,,,chr22_25876277-25884349_cluster7
haploblock:chr22_47222105-47257518_cluster28,haploblock,,,,,,,,,,,chr22_47222105-47257518_cluster28
haploblock:chr22_49128444-49138659_cluster40,haploblock,,,,,,,,,,,chr22_49128444-49138659_cluster40
haploblock:chr22_26753805-26783983_cluster10,haploblock,,,,,,,,,,,chr22_26753805-26783983_cluster10
haploblock:chr22_30874551-31042595_cluster227,haploblock,,,,,,,,,,,chr22_30874551-31042595_cluster227
haploblock:chr22_32987578-33044905_cluster31,haploblock,,,,,,,,,,,chr22_32987578-33044905_cluster31
haploblock:chr22_35467079-35492611_cluster165,haploblock,,,,,,,,,,,chr22_35467079-35492611_cluster165
haploblock:chr22_33750381-33827023_cluster162,haploblock,,,,,,,,,,,chr22_33750381-33827023_cluster162
haploblock:chr22_34099461-34121170_cluster69,haploblock,,,,,,,,,,,chr22_34099461-34121170_cluster69
haploblock:chr22_37510682-37546356_cluster28,haploblock,,,,,,,,,,,chr22_37510682-37546356_cluster28
haploblock:chr22_45461240-45480586_cluster5,haploblock,,,,,,,,,,,chr22_45461240-45480586_cluster5
haploblock:chr22_46002629-46050878_cluster41,haploblock,,,,,,,,,,,chr22_46002629-46050878_cluster41
haploblock:chr22_46050878-46078647_cluster13,haploblock,,,,,,,,,,,chr22_46050878-46078647_cluster13
haploblock:chr22_22129854-22166665_cluster27,haploblock,,,,,,,,,,,chr22_22129854-22166665_cluster27
haploblock:chr22_27274059-27281429_cluster10,haploblock,,,,,,,,,,,chr22_27274059-27281429_cluster10
haploblock:chr22_45061875-45076203_cluster36,haploblock,,,,,,,,,,,chr22_45061875-45076203_cluster36
haploblock:chr22_45076203-45102024_cluster52,haploblock,,,,,,,,,,,chr22_45076203-45102024_cluster52
haploblock:chr22_47997555-48049142_cluster50,haploblock,,,,,,,,,,,chr22_47997555-48049142_cluster50
haploblock:chr22_32604930-32649633_cluster12,haploblock,,,,,,,,,,,chr22_32604930-32649633_cluster12
haploblock:chr22_19686138-19699265_cluster96,haploblock,,,,,,,,,,,chr22_19686138-19699265_cluster96
haploblock:chr22_21062587-21084128_cluster50,haploblock,,,,,,,,,,,chr22_21062587-21084128_cluster50
haploblock:chr22_22039828-22047705_cluster19,haploblock,,,,,,,,,,,chr22_22039828-22047705_cluster19
haploblock:chr22_24690767-24704235_cluster5,haploblock,,,,,,,,,,,chr22_24690767-24704235_cluster5
haploblock:chr22_26071416-26125105_cluster16,haploblock,,,,,,,,,,,chr22_26071416-26125105_cluster16
haploblock:chr22_44365917-44370143_cluster13,haploblock,,,,,,,,,,,chr22_44365917-44370143_cluster13
haploblock:chr22_44598588-44603286_cluster47,haploblock,,,,,,,,,,,chr22_44598588-44603286_cluster47
haploblock:chr22_48105541-48131182_cluster43,haploblock,,,,,,,,,,,chr22_48105541-48131182_cluster43
haploblock:chr22_48534407-48551127_cluster60,haploblock,,,,,,,,,,,chr22_48534407-48551127_cluster60
haploblock:chr22_33540489-33571700_cluster106,haploblock,,,,,,,,,,,chr22_33540489-33571700_cluster106
haploblock:chr22_36527111-36555805_cluster175,haploblock,,,,,,,,,,,chr22_36527111-36555805_cluster175
haploblock:chr22_44670538-44696863_cluster126,haploblock,,,,,,,,,,,chr22_44670538-44696863_cluster126
haploblock:chr22_49024317-49052289_cluster29,haploblock,,,,,,,,,,,chr22_49024317-49052289_cluster29
haploblock:chr22_49517573-49534275_cluster43,haploblock,,,,,,,,,,,chr22_49517573-49534275_cluster43
haploblock:chr22_24887942-24898544_cluster156,haploblock,,,,,,,,,,,chr22_24887942-24898544_cluster156
haploblock:chr22_34882112-34948328_cluster239,haploblock,,,,,,,,,,,chr22_34882112-34948328_cluster239
haploblock:chr22_44098586-44103463_cluster10,haploblock,,,,,,,,,,,chr22_44098586-44103463_cluster10
haploblock:chr22_48983254-49024317_cluster28,haploblock,,,,,,,,,,,chr22_48983254-49024317_cluster28
haploblock:chr22_44098586-44103463_cluster7,haploblock,,,,,,,,,,,chr22_44098586-44103463_cluster7
haploblock:chr22_36555805-36582143_cluster236,haploblock,,,,,,,,,,,chr22_36555805-36582143_cluster236
haploblock:chr22_46198741-46224519_cluster11,haploblock,,,,,,,,,,,chr22_46198741-46224519_cluster11
haploblock:chr22_49446708-49455747_cluster8,haploblock,,,,,,,,,,,chr22_49446708-49455747_cluster8
haploblock:chr22_27299096-27335333_cluster265,haploblock,,,,,,,,,,,chr22_27299096-27335333_cluster265
haploblock:chr22_46974137-47051453_cluster550,haploblock,,,,,,,,,,,chr22_46974137-47051453_cluster550
haploblock:chr22_32431958-32447679_cluster334,haploblock,,,,,,,,,,,chr22_32431958-32447679_cluster334
haploblock:chr22_36463901-36527111_cluster56,haploblock,,,,,,,,,,,chr22_36463901-36527111_cluster56
haploblock:chr22_39545930-39577521_cluster1,haploblock,,,,,,,,,,,chr22_39545930-39577521_cluster1
haploblock:chr22_42478767-42627529_cluster646,haploblock,,,,,,,,,,,chr22_42478767-42627529_cluster646
haploblock:chr22_44558955-44579724_cluster5,haploblock,,,,,,,,,,,chr22_44558955-44579724_cluster5
haploblock:chr22_46418842-46438932_cluster194,haploblock,,,,,,,,,,,chr22_46418842-46438932_cluster194
haploblock:chr22_49052289-49087426_cluster203,haploblock,,,,,,,,,,,chr22_49052289-49087426_cluster203
haploblock:chr22_17486499-17510346_cluster53,haploblock,,,,,,,,,,,chr22_17486499-17510346_cluster53
haploblock:chr22_33960108-34007359_cluster6,haploblock,,,,,,,,,,,chr22_33960108-34007359_cluster6
haploblock:chr22_44263132-44288496_cluster77,haploblock,,,,,,,,,,,chr22_44263132-44288496_cluster77
haploblock:chr22_48574333-48593175_cluster3,haploblock,,,,,,,,,,,chr22_48574333-48593175_cluster3
haploblock:chr22_17565024-17573553_cluster21,haploblock,,,,,,,,,,,chr22_17565024-17573553_cluster21
haploblock:chr22_26838327-26848544_cluster118,haploblock,,,,,,,,,,,chr22_26838327-26848544_cluster118
haploblock:chr22_34975718-35004794_cluster21,haploblock,,,,,,,,,,,chr22_34975718-35004794_cluster21
haploblock:chr22_35044716-35110291_cluster4,haploblock,,,,,,,,,,,chr22_35044716-35110291_cluster4
haploblock:chr22_22788009-22810398_cluster29,haploblock,,,,,,,,,,,chr22_22788009-22810398_cluster29
haploblock:chr22_48358281-48414640_cluster334,haploblock,,,,,,,,,,,chr22_48358281-48414640_cluster334
haploblock:chr22_48325515-48346281_cluster659,haploblock,,,,,,,,,,,chr22_48325515-48346281_cluster659
haploblock:chr22_17897315-17951518_cluster10,haploblock,,,,,,,,,,,chr22_17897315-17951518_cluster10
haploblock:chr22_36863317-36921349_cluster11,haploblock,,,,,,,,,,,chr22_36863317-36921349_cluster11
haploblock:chr22_17951518-18012407_cluster538,haploblock,,,,,,,,,,,chr22_17951518-18012407_cluster538
haploblock:chr22_18154397-18173325_cluster157,haploblock,,,,,,,,,,,chr22_18154397-18173325_cluster157
haploblock:chr22_46841413-46902935_cluster109,haploblock,,,,,,,,,,,chr22_46841413-46902935_cluster109
haploblock:chr22_20595442-20612877_cluster724,haploblock,,,,,,,,,,,chr22_20595442-20612877_cluster724
haploblock:chr22_19699265-19729797_cluster36,haploblock,,,,,,,,,,,chr22_19699265-19729797_cluster36
haploblock:chr22_36463901-36527111_cluster31,haploblock,,,,,,,,,,,chr22_36463901-36527111_cluster31
haploblock:chr22_47599748-47625237_cluster42,haploblock,,,,,,,,,,,chr22_47599748-47625237_cluster42
haploblock:chr22_49408121-49430759_cluster10,haploblock,,,,,,,,,,,chr22_49408121-49430759_cluster10
haploblock:chr22_25206817-25218191_cluster6,haploblock,,,,,,,,,,,chr22_25206817-25218191_cluster6
haploblock:chr22_33408818-33452024_cluster1,haploblock,,,,,,,,,,,chr22_33408818-33452024_cluster1
haploblock:chr22_26284739-26293669_cluster4,haploblock,,,,,,,,,,,chr22_26284739-26293669_cluster4
haploblock:chr22_26293669-26323043_cluster16,haploblock,,,,,,,,,,,chr22_26293669-26323043_cluster16
haploblock:chr22_33259027-33299764_cluster5,haploblock,,,,,,,,,,,chr22_33259027-33299764_cluster5
haploblock:chr22_42375220-42434570_cluster7,haploblock,,,,,,,,,,,chr22_42375220-42434570_cluster7
haploblock:chr22_46902935-46974137_cluster236,haploblock,,,,,,,,,,,chr22_46902935-46974137_cluster236
haploblock:chr22_27123825-27134960_cluster3,haploblock,,,,,,,,,,,chr22_27123825-27134960_cluster3
haploblock:chr22_27795907-27840691_cluster125,haploblock,,,,,,,,,,,chr22_27795907-27840691_cluster125
haploblock:chr22_32378957-32412368_cluster1,haploblock,,,,,,,,,,,chr22_32378957-32412368_cluster1
haploblock:chr22_32412368-32431958_cluster116,haploblock,,,,,,,,,,,chr22_32412368-32431958_cluster116
haploblock:chr22_33359267-33408818_cluster12,haploblock,,,,,,,,,,,chr22_33359267-33408818_cluster12
haploblock:chr22_43176240-43219862_cluster33,haploblock,,,,,,,,,,,chr22_43176240-43219862_cluster33
haploblock:chr22_47257518-47285160_cluster15,haploblock,,,,,,,,,,,chr22_47257518-47285160_cluster15
haploblock:chr22_48440418-48460740_cluster15,haploblock,,,,,,,,,,,chr22_48440418-48460740_cluster15
haploblock:chr22_49408121-49430759_cluster17,haploblock,,,,,,,,,,,chr22_49408121-49430759_cluster17
haploblock:chr22_49675891-49715343_cluster7,haploblock,,,,,,,,,,,chr22_49675891-49715343_cluster7
haploblock:chr22_34948328-34975718_cluster10,haploblock,,,,,,,,,,,chr22_34948328-34975718_cluster10
haploblock:chr22_35110291-35135705_cluster36,haploblock,,,,,,,,,,,chr22_35110291-35135705_cluster36
haploblock:chr22_37101553-37124185_cluster5,haploblock,,,,,,,,,,,chr22_37101553-37124185_cluster5
haploblock:chr22_37241613-37276728_cluster24,haploblock,,,,,,,,,,,chr22_37241613-37276728_cluster24
haploblock:chr22_37447223-37510682_cluster1,haploblock,,,,,,,,,,,chr22_37447223-37510682_cluster1
haploblock:chr22_44263132-44288496_cluster3,haploblock,,,,,,,,,,,chr22_44263132-44288496_cluster3
haploblock:chr22_46249251-46375373_cluster84,haploblock,,,,,,,,,,,chr22_46249251-46375373_cluster84
haploblock:chr22_44288496-44303006_cluster314,haploblock,,,,,,,,,,,chr22_44288496-44303006_cluster314
haploblock:chr22_48616504-48649986_cluster875,haploblock,,,,,,,,,,,chr22_48616504-48649986_cluster875
haploblock:chr22_44845752-44871543_cluster852,haploblock,,,,,,,,,,,chr22_44845752-44871543_cluster852
haploblock:chr22_44871543-44917047_cluster107,haploblock,,,,,,,,,,,chr22_44871543-44917047_cluster107
haploblock:chr22_49430759-49446708_cluster28,haploblock,,,,,,,,,,,chr22_49430759-49446708_cluster28
haploblock:chr22_48517374-48534407_cluster49,haploblock,,,,,,,,,,,chr22_48517374-48534407_cluster49
haploblock:chr22_17382179-17414153_cluster212,haploblock,,,,,,,,,,,chr22_17382179-17414153_cluster212
haploblock:chr22_32156952-32181456_cluster46,haploblock,,,,,,,,,,,chr22_32156952-32181456_cluster46
haploblock:chr22_22039828-22047705_cluster45,haploblock,,,,,,,,,,,chr22_22039828-22047705_cluster45
haploblock:chr22_26270093-26284739_cluster59,haploblock,,,,,,,,,,,chr22_26270093-26284739_cluster59
haploblock:chr22_33540489-33571700_cluster53,haploblock,,,,,,,,,,,chr22_33540489-33571700_cluster53
haploblock:chr22_45061875-45076203_cluster62,haploblock,,,,,,,,,,,chr22_45061875-45076203_cluster62
haploblock:chr22_46101290-46116729_cluster8,haploblock,,,,,,,,,,,chr22_46101290-46116729_cluster8
haploblock:chr22_46418842-46438932_cluster287,haploblock,,,,,,,,,,,chr22_46418842-46438932_cluster287
haploblock:chr22_21084128-21097378_cluster23,haploblock,,,,,,,,,,,chr22_21084128-21097378_cluster23
haploblock:chr22_26060666-26071416_cluster22,haploblock,,,,,,,,,,,chr22_26060666-26071416_cluster22
haploblock:chr22_27281429-27299096_cluster38,haploblock,,,,,,,,,,,chr22_27281429-27299096_cluster38
haploblock:chr22_30473070-30559334_cluster42,haploblock,,,,,,,,,,,chr22_30473070-30559334_cluster42
haploblock:chr22_33299764-33359267_cluster300,haploblock,,,,,,,,,,,chr22_33299764-33359267_cluster300
haploblock:chr22_33452024-33502441_cluster22,haploblock,,,,,,,,,,,chr22_33452024-33502441_cluster22
haploblock:chr22_33827023-33873503_cluster112,haploblock,,,,,,,,,,,chr22_33827023-33873503_cluster112
haploblock:chr22_45746785-45833918_cluster4,haploblock,,,,,,,,,,,chr22_45746785-45833918_cluster4
haploblock:chr22_46101290-46116729_cluster25,haploblock,,,,,,,,,,,chr22_46101290-46116729_cluster25
haploblock:chr22_47875259-47891202_cluster74,haploblock,,,,,,,,,,,chr22_47875259-47891202_cluster74
haploblock:chr22_23529638-23532651_cluster11,haploblock,,,,,,,,,,,chr22_23529638-23532651_cluster11
haploblock:chr22_34882112-34948328_cluster242,haploblock,,,,,,,,,,,chr22_34882112-34948328_cluster242
haploblock:chr22_48358281-48414640_cluster173,haploblock,,,,,,,,,,,chr22_48358281-48414640_cluster173
haploblock:chr22_44325913-44347315_cluster318,haploblock,,,,,,,,,,,chr22_44325913-44347315_cluster318
haploblock:chr22_22788009-22810398_cluster11,haploblock,,,,,,,,,,,chr22_22788009-22810398_cluster11
haploblock:chr22_20988220-21022574_cluster123,haploblock,,,,,,,,,,,chr22_20988220-21022574_cluster123
haploblock:chr22_22129854-22166665_cluster36,haploblock,,,,,,,,,,,chr22_22129854-22166665_cluster36
haploblock:chr22_38284355-38316189_cluster492,haploblock,,,,,,,,,,,chr22_38284355-38316189_cluster492
haploblock:chr22_44615978-44644582_cluster233,haploblock,,,,,,,,,,,chr22_44615978-44644582_cluster233
haploblock:chr22_23075491-23146855_cluster420,haploblock,,,,,,,,,,,chr22_23075491-23146855_cluster420
haploblock:chr22_36060254-36137894_cluster472,haploblock,,,,,,,,,,,chr22_36060254-36137894_cluster472
haploblock:chr22_47171844-47200033_cluster864,haploblock,,,,,,,,,,,chr22_47171844-47200033_cluster864
haploblock:chr22_47542804-47580784_cluster269,haploblock,,,,,,,,,,,chr22_47542804-47580784_cluster269
haploblock:chr22_24408113-24495387_cluster26,haploblock,,,,,,,,,,,chr22_24408113-24495387_cluster26
haploblock:chr22_48424298-48440418_cluster4,haploblock,,,,,,,,,,,chr22_48424298-48440418_cluster4
haploblock:chr22_36850905-36863317_cluster2,haploblock,,,,,,,,,,,chr22_36850905-36863317_cluster2
haploblock:chr22_32844047-32879460_cluster4,haploblock,,,,,,,,,,,chr22_32844047-32879460_cluster4
haploblock:chr22_33408818-33452024_cluster142,haploblock,,,,,,,,,,,chr22_33408818-33452024_cluster142
haploblock:chr22_39696563-39705387_cluster5,haploblock,,,,,,,,,,,chr22_39696563-39705387_cluster5
haploblock:chr22_47200033-47222105_cluster2,haploblock,,,,,,,,,,,chr22_47200033-47222105_cluster2
haploblock:chr22_45546494-45554461_cluster3,haploblock,,,,,,,,,,,chr22_45546494-45554461_cluster3
haploblock:chr22_48460740-48507466_cluster273,haploblock,,,,,,,,,,,chr22_48460740-48507466_cluster273
haploblock:chr22_47487014-47542804_cluster15,haploblock,,,,,,,,,,,chr22_47487014-47542804_cluster15
haploblock:chr22_26024448-26060666_cluster49,haploblock,,,,,,,,,,,chr22_26024448-26060666_cluster49
haploblock:chr22_26999263-27009479_cluster44,haploblock,,,,,,,,,,,chr22_26999263-27009479_cluster44
haploblock:chr22_44370143-44395824_cluster86,haploblock,,,,,,,,,,,chr22_44370143-44395824_cluster86
haploblock:chr22_45461240-45480586_cluster32,haploblock,,,,,,,,,,,chr22_45461240-45480586_cluster32
haploblock:chr22_46198741-46224519_cluster15,haploblock,,,,,,,,,,,chr22_46198741-46224519_cluster15
haploblock:chr22_47599748-47625237_cluster117,haploblock,,,,,,,,,,,chr22_47599748-47625237_cluster117
haploblock:chr22_49128444-49138659_cluster5,haploblock,,,,,,,,,,,chr22_49128444-49138659_cluster5
haploblock:chr22_17565024-17573553_cluster19,haploblock,,,,,,,,,,,chr22_17565024-17573553_cluster19
haploblock:chr22_18173325-18948160_cluster1385,haploblock,,,,,,,,,,,chr22_18173325-18948160_cluster1385
haploblock:chr22_20961195-20968216_cluster59,haploblock,,,,,,,,,,,chr22_20961195-20968216_cluster59
haploblock:chr22_33259027-33299764_cluster110,haploblock,,,,,,,,,,,chr22_33259027-33299764_cluster110
haploblock:chr22_42688607-42703049_cluster23,haploblock,,,,,,,,,,,chr22_42688607-42703049_cluster23
haploblock:chr22_49189227-49196610_cluster20,haploblock,,,,,,,,,,,chr22_49189227-49196610_cluster20
haploblock:chr22_19608021-19623032_cluster53,haploblock,,,,,,,,,,,chr22_19608021-19623032_cluster53
haploblock:chr22_23355114-23374984_cluster43,haploblock,,,,,,,,,,,chr22_23355114-23374984_cluster43
haploblock:chr22_23751602-23766514_cluster22,haploblock,,,,,,,,,,,chr22_23751602-23766514_cluster22
haploblock:chr22_24887942-24898544_cluster93,haploblock,,,,,,,,,,,chr22_24887942-24898544_cluster93
haploblock:chr22_26270093-26284739_cluster57,haploblock,,,,,,,,,,,chr22_26270093-26284739_cluster57
haploblock:chr22_26270093-26284739_cluster73,haploblock,,,,,,,,,,,chr22_26270093-26284739_cluster73
haploblock:chr22_26549322-26578207_cluster130,haploblock,,,,,,,,,,,chr22_26549322-26578207_cluster130
haploblock:chr22_27702743-27734056_cluster23,haploblock,,,,,,,,,,,chr22_27702743-27734056_cluster23
haploblock:chr22_36798723-36813403_cluster11,haploblock,,,,,,,,,,,chr22_36798723-36813403_cluster11
haploblock:chr22_48256183-48280360_cluster74,haploblock,,,,,,,,,,,chr22_48256183-48280360_cluster74
haploblock:chr22_49128444-49138659_cluster29,haploblock,,,,,,,,,,,chr22_49128444-49138659_cluster29
haploblock:chr22_23472786-23489773_cluster21,haploblock,,,,,,,,,,,chr22_23472786-23489773_cluster21
haploblock:chr22_34159369-34248049_cluster62,haploblock,,,,,,,,,,,chr22_34159369-34248049_cluster62
haploblock:chr22_43239201-43251410_cluster7,haploblock,,,,,,,,,,,chr22_43239201-43251410_cluster7
haploblock:chr22_45061875-45076203_cluster42,haploblock,,,,,,,,,,,chr22_45061875-45076203_cluster42
haploblock:chr22_48962941-48975351_cluster203,haploblock,,,,,,,,,,,chr22_48962941-48975351_cluster203
haploblock:chr22_47963676-47997555_cluster97,haploblock,,,,,,,,,,,chr22_47963676-47997555_cluster97
haploblock:chr22_48131182-48149450_cluster58,haploblock,,,,,,,,,,,chr22_48131182-48149450_cluster58
haploblock:chr22_19699265-19729797_cluster17,haploblock,,,,,,,,,,,chr22_19699265-19729797_cluster17
haploblock:chr22_25884349-25933372_cluster77,haploblock,,,,,,,,,,,chr22_25884349-25933372_cluster77
haploblock:chr22_27020234-27031341_cluster11,haploblock,,,,,,,,,,,chr22_27020234-27031341_cluster11
haploblock:chr22_30473070-30559334_cluster15,haploblock,,,,,,,,,,,chr22_30473070-30559334_cluster15
haploblock:chr22_46684568-46701053_cluster63,haploblock,,,,,,,,,,,chr22_46684568-46701053_cluster63
haploblock:chr22_20205063-20229336_cluster50,haploblock,,,,,,,,,,,chr22_20205063-20229336_cluster50
haploblock:chr22_21062587-21084128_cluster144,haploblock,,,,,,,,,,,chr22_21062587-21084128_cluster144
haploblock:chr22_43267728-43304000_cluster262,haploblock,,,,,,,,,,,chr22_43267728-43304000_cluster262
haploblock:chr22_22545569-22589389_cluster424,haploblock,,,,,,,,,,,chr22_22545569-22589389_cluster424
haploblock:chr22_45956310-46002629_cluster111,haploblock,,,,,,,,,,,chr22_45956310-46002629_cluster111
haploblock:chr22_26864523-26884663_cluster9,haploblock,,,,,,,,,,,chr22_26864523-26884663_cluster9
haploblock:chr22_37581275-37681711_cluster1621,haploblock,,,,,,,,,,,chr22_37581275-37681711_cluster1621
haploblock:chr22_33044905-33086126_cluster12,haploblock,,,,,,,,,,,chr22_33044905-33086126_cluster12
haploblock:chr22_47669224-47736510_cluster202,haploblock,,,,,,,,,,,chr22_47669224-47736510_cluster202
haploblock:chr22_47997555-48049142_cluster403,haploblock,,,,,,,,,,,chr22_47997555-48049142_cluster403
haploblock:chr22_43102108-43121899_cluster98,haploblock,,,,,,,,,,,chr22_43102108-43121899_cluster98
haploblock:chr22_19530556-19608021_cluster1362,haploblock,,,,,,,,,,,chr22_19530556-19608021_cluster1362
haploblock:chr22_19608021-19623032_cluster14,haploblock,,,,,,,,,,,chr22_19608021-19623032_cluster14
haploblock:chr22_22810398-22854292_cluster46,haploblock,,,,,,,,,,,chr22_22810398-22854292_cluster46
haploblock:chr22_27631167-27642389_cluster137,haploblock,,,,,,,,,,,chr22_27631167-27642389_cluster137
haploblock:chr22_38107961-38218926_cluster9,haploblock,,,,,,,,,,,chr22_38107961-38218926_cluster9
haploblock:chr22_38284355-38316189_cluster129,haploblock,,,,,,,,,,,chr22_38284355-38316189_cluster129
haploblock:chr22_38284355-38316189_cluster139,haploblock,,,,,,,,,,,chr22_38284355-38316189_cluster139
haploblock:chr22_45898320-45931386_cluster558,haploblock,,,,,,,,,,,chr22_45898320-45931386_cluster558
haploblock:chr22_48440418-48460740_cluster337,haploblock,,,,,,,,,,,chr22_48440418-48460740_cluster337
haploblock:chr22_19623032-19641214_cluster67,haploblock,,,,,,,,,,,chr22_19623032-19641214_cluster67
haploblock:chr22_38949961-38959712_cluster10,haploblock,,,,,,,,,,,chr22_38949961-38959712_cluster10
haploblock:chr22_39577521-39600259_cluster82,haploblock,,,,,,,,,,,chr22_39577521-39600259_cluster82
haploblock:chr22_42759443-42789174_cluster59,haploblock,,,,,,,,,,,chr22_42759443-42789174_cluster59
haploblock:chr22_44263132-44288496_cluster169,haploblock,,,,,,,,,,,chr22_44263132-44288496_cluster169
haploblock:chr22_44670538-44696863_cluster249,haploblock,,,,,,,,,,,chr22_44670538-44696863_cluster249
haploblock:chr22_29124422-29160751_cluster56,haploblock,,,,,,,,,,,chr22_29124422-29160751_cluster56
haploblock:chr22_44696863-44709627_cluster23,haploblock,,,,,,,,,,,chr22_44696863-44709627_cluster23
haploblock:chr22_49052289-49087426_cluster17,haploblock,,,,,,,,,,,chr22_49052289-49087426_cluster17
haploblock:chr22_49264062-49281800_cluster10,haploblock,,,,,,,,,,,chr22_49264062-49281800_cluster10
haploblock:chr22_20290948-20320756_cluster53,haploblock,,,,,,,,,,,chr22_20290948-20320756_cluster53
haploblock:chr22_22423583-22524402_cluster180,haploblock,,,,,,,,,,,chr22_22423583-22524402_cluster180
haploblock:chr22_23607557-23654276_cluster278,haploblock,,,,,,,,,,,chr22_23607557-23654276_cluster278
haploblock:chr22_46176998-46198741_cluster22,haploblock,,,,,,,,,,,chr22_46176998-46198741_cluster22
haploblock:chr22_44644582-44670538_cluster84,haploblock,,,,,,,,,,,chr22_44644582-44670538_cluster84
haploblock:chr22_33214306-33259027_cluster13,haploblock,,,,,,,,,,,chr22_33214306-33259027_cluster13
haploblock:chr22_44696863-44709627_cluster25,haploblock,,,,,,,,,,,chr22_44696863-44709627_cluster25
haploblock:chr22_19699265-19729797_cluster71,haploblock,,,,,,,,,,,chr22_19699265-19729797_cluster71
haploblock:chr22_46478129-46493826_cluster22,haploblock,,,,,,,,,,,chr22_46478129-46493826_cluster22
haploblock:chr22_44772968-44791710_cluster39,haploblock,,,,,,,,,,,chr22_44772968-44791710_cluster39
haploblock:chr22_37241613-37276728_cluster229,haploblock,,,,,,,,,,,chr22_37241613-37276728_cluster229
haploblock:chr22_46249251-46375373_cluster992,haploblock,,,,,,,,,,,chr22_46249251-46375373_cluster992
haploblock:chr22_22854292-22879507_cluster493,haploblock,,,,,,,,,,,chr22_22854292-22879507_cluster493
haploblock:chr22_45898320-45931386_cluster301,haploblock,,,,,,,,,,,chr22_45898320-45931386_cluster301
haploblock:chr22_25953967-25984066_cluster34,haploblock,,,,,,,,,,,chr22_25953967-25984066_cluster34
haploblock:chr22_26125105-26223245_cluster555,haploblock,,,,,,,,,,,chr22_26125105-26223245_cluster555
haploblock:chr22_27020234-27031341_cluster4,haploblock,,,,,,,,,,,chr22_27020234-27031341_cluster4
haploblock:chr22_37276728-37285225_cluster5,haploblock,,,,,,,,,,,chr22_37276728-37285225_cluster5
haploblock:chr22_44404134-44423106_cluster12,haploblock,,,,,,,,,,,chr22_44404134-44423106_cluster12
haploblock:chr22_38257683-38284355_cluster2,haploblock,,,,,,,,,,,chr22_38257683-38284355_cluster2
haploblock:chr22_44791710-44821141_cluster614,haploblock,,,,,,,,,,,chr22_44791710-44821141_cluster614
haploblock:chr22_49517573-49534275_cluster61,haploblock,,,,,,,,,,,chr22_49517573-49534275_cluster61
haploblock:chr22_22423583-22524402_cluster741,haploblock,,,,,,,,,,,chr22_22423583-22524402_cluster741
haploblock:chr22_37218168-37241613_cluster1,haploblock,,,,,,,,,,,chr22_37218168-37241613_cluster1
haploblock:chr22_43502343-43623821_cluster137,haploblock,,,,,,,,,,,chr22_43502343-43623821_cluster137
haploblock:chr22_45061875-45076203_cluster32,haploblock,,,,,,,,,,,chr22_45061875-45076203_cluster32
haploblock:chr22_46078647-46090628_cluster6,haploblock,,,,,,,,,,,chr22_46078647-46090628_cluster6
haploblock:chr22_46101290-46116729_cluster7,haploblock,,,,,,,,,,,chr22_46101290-46116729_cluster7
haploblock:chr22_46375373-46418842_cluster51,haploblock,,,,,,,,,,,chr22_46375373-46418842_cluster51
haploblock:chr22_46739093-46762438_cluster47,haploblock,,,,,,,,,,,chr22_46739093-46762438_cluster47
haploblock:chr22_19773105-19821351_cluster116,haploblock,,,,,,,,,,,chr22_19773105-19821351_cluster116
haploblock:chr22_19925060-19959374_cluster40,haploblock,,,,,,,,,,,chr22_19925060-19959374_cluster40
haploblock:chr22_27274059-27281429_cluster8,haploblock,,,,,,,,,,,chr22_27274059-27281429_cluster8
haploblock:chr22_42340130-42375220_cluster99,haploblock,,,,,,,,,,,chr22_42340130-42375220_cluster99
haploblock:chr22_45898320-45931386_cluster507,haploblock,,,,,,,,,,,chr22_45898320-45931386_cluster507
haploblock:chr22_47285160-47370846_cluster1566,haploblock,,,,,,,,,,,chr22_47285160-47370846_cluster1566
haploblock:chr22_48574333-48593175_cluster146,haploblock,,,,,,,,,,,chr22_48574333-48593175_cluster146
haploblock:chr22_18978115-18995264_cluster32,haploblock,,,,,,,,,,,chr22_18978115-18995264_cluster32
haploblock:chr22_19623032-19641214_cluster81,haploblock,,,,,,,,,,,chr22_19623032-19641214_cluster81
haploblock:chr22_26284739-26293669_cluster76,haploblock,,,,,,,,,,,chr22_26284739-26293669_cluster76
haploblock:chr22_39577521-39600259_cluster138,haploblock,,,,,,,,,,,chr22_39577521-39600259_cluster138
haploblock:chr22_48195632-48256183_cluster545,haploblock,,,,,,,,,,,chr22_48195632-48256183_cluster545
haploblock:chr22_27259943-27267287_cluster35,haploblock,,,,,,,,,,,chr22_27259943-27267287_cluster35
haploblock:chr22_48105541-48131182_cluster221,haploblock,,,,,,,,,,,chr22_48105541-48131182_cluster221
haploblock:chr22_20320756-20367930_cluster79,haploblock,,,,,,,,,,,chr22_20320756-20367930_cluster79
haploblock:chr22_32604930-32649633_cluster3,haploblock,,,,,,,,,,,chr22_32604930-32649633_cluster3
haploblock:chr22_36318590-36352948_cluster58,haploblock,,,,,,,,,,,chr22_36318590-36352948_cluster58
haploblock:chr22_25019754-25066667_cluster66,haploblock,,,,,,,,,,,chr22_25019754-25066667_cluster66
haploblock:chr22_49726702-49956702_cluster186,haploblock,,,,,,,,,,,chr22_49726702-49956702_cluster186
haploblock:chr22_20059164-20157037_cluster50,haploblock,,,,,,,,,,,chr22_20059164-20157037_cluster50
haploblock:chr22_21022574-21062587_cluster77,haploblock,,,,,,,,,,,chr22_21022574-21062587_cluster77
haploblock:chr22_27552091-27574483_cluster14,haploblock,,,,,,,,,,,chr22_27552091-27574483_cluster14
haploblock:chr22_47599748-47625237_cluster290,haploblock,,,,,,,,,,,chr22_47599748-47625237_cluster290
haploblock:chr22_17311850-17349065_cluster1089,haploblock,,,,,,,,,,,chr22_17311850-17349065_cluster1089
haploblock:chr22_26071416-26125105_cluster28,haploblock,,,,,,,,,,,chr22_26071416-26125105_cluster28
haploblock:chr22_36463901-36527111_cluster35,haploblock,,,,,,,,,,,chr22_36463901-36527111_cluster35
haploblock:chr22_19821351-19886686_cluster70,haploblock,,,,,,,,,,,chr22_19821351-19886686_cluster70
haploblock:chr22_22545569-22589389_cluster54,haploblock,,,,,,,,,,,chr22_22545569-22589389_cluster54
haploblock:chr22_26578207-26644382_cluster30,haploblock,,,,,,,,,,,chr22_26578207-26644382_cluster30
haploblock:chr22_36850905-36863317_cluster23,haploblock,,,,,,,,,,,chr22_36850905-36863317_cluster23
haploblock:chr22_39577521-39600259_cluster84,haploblock,,,,,,,,,,,chr22_39577521-39600259_cluster84
haploblock:chr22_46762438-46841413_cluster8,haploblock,,,,,,,,,,,chr22_46762438-46841413_cluster8
haploblock:chr22_48105541-48131182_cluster28,haploblock,,,,,,,,,,,chr22_48105541-48131182_cluster28
haploblock:chr22_25688319-25736676_cluster6,haploblock,,,,,,,,,,,chr22_25688319-25736676_cluster6
haploblock:chr22_44598588-44603286_cluster7,haploblock,,,,,,,,,,,chr22_44598588-44603286_cluster7
haploblock:chr22_27522596-27552091_cluster269,haploblock,,,,,,,,,,,chr22_27522596-27552091_cluster269
haploblock:chr22_34975718-35004794_cluster41,haploblock,,,,,,,,,,,chr22_34975718-35004794_cluster41
haploblock:chr22_20961195-20968216_cluster21,haploblock,,,,,,,,,,,chr22_20961195-20968216_cluster21
haploblock:chr22_26902257-26914018_cluster51,haploblock,,,,,,,,,,,chr22_26902257-26914018_cluster51
haploblock:chr22_23607557-23654276_cluster315,haploblock,,,,,,,,,,,chr22_23607557-23654276_cluster315
haploblock:chr22_27642389-27675678_cluster25,haploblock,,,,,,,,,,,chr22_27642389-27675678_cluster25
haploblock:chr22_36969311-37027101_cluster135,haploblock,,,,,,,,,,,chr22_36969311-37027101_cluster135
haploblock:chr22_32241161-32268625_cluster15,haploblock,,,,,,,,,,,chr22_32241161-32268625_cluster15
haploblock:chr22_32604930-32649633_cluster18,haploblock,,,,,,,,,,,chr22_32604930-32649633_cluster18
haploblock:chr22_33299764-33359267_cluster261,haploblock,,,,,,,,,,,chr22_33299764-33359267_cluster261
haploblock:chr22_37396550-37416456_cluster6,haploblock,,,,,,,,,,,chr22_37396550-37416456_cluster6
haploblock:chr22_39577521-39600259_cluster85,haploblock,,,,,,,,,,,chr22_39577521-39600259_cluster85
haploblock:chr22_44127670-44156872_cluster159,haploblock,,,,,,,,,,,chr22_44127670-44156872_cluster159
haploblock:chr22_45061875-45076203_cluster40,haploblock,,,,,,,,,,,chr22_45061875-45076203_cluster40
haploblock:chr22_49430759-49446708_cluster122,haploblock,,,,,,,,,,,chr22_49430759-49446708_cluster122
haploblock:chr22_17382179-17414153_cluster297,haploblock,,,,,,,,,,,chr22_17382179-17414153_cluster297
haploblock:chr22_38107961-38218926_cluster304,haploblock,,,,,,,,,,,chr22_38107961-38218926_cluster304
haploblock:chr22_24813410-24841041_cluster249,haploblock,,,,,,,,,,,chr22_24813410-24841041_cluster249
haploblock:chr22_24587296-24690767_cluster690,haploblock,,,,,,,,,,,chr22_24587296-24690767_cluster690
haploblock:chr22_48149450-48195632_cluster191,haploblock,,,,,,,,,,,chr22_48149450-48195632_cluster191
haploblock:chr22_21084128-21097378_cluster18,haploblock,,,,,,,,,,,chr22_21084128-21097378_cluster18
haploblock:chr22_22589389-22616398_cluster14,haploblock,,,,,,,,,,,chr22_22589389-22616398_cluster14
haploblock:chr22_28739901-28862563_cluster31,haploblock,,,,,,,,,,,chr22_28739901-28862563_cluster31
haploblock:chr22_36318590-36352948_cluster130,haploblock,,,,,,,,,,,chr22_36318590-36352948_cluster130
haploblock:chr22_47669224-47736510_cluster46,haploblock,,,,,,,,,,,chr22_47669224-47736510_cluster46
haploblock:chr22_48616504-48649986_cluster132,haploblock,,,,,,,,,,,chr22_48616504-48649986_cluster132
haploblock:chr22_27281429-27299096_cluster4,haploblock,,,,,,,,,,,chr22_27281429-27299096_cluster4
haploblock:chr22_39705387-39953483_cluster182,haploblock,,,,,,,,,,,chr22_39705387-39953483_cluster182
haploblock:chr22_44219338-44263132_cluster208,haploblock,,,,,,,,,,,chr22_44219338-44263132_cluster208
haploblock:chr22_22943618-23011425_cluster12,haploblock,,,,,,,,,,,chr22_22943618-23011425_cluster12
haploblock:chr22_32332036-32378957_cluster42,haploblock,,,,,,,,,,,chr22_32332036-32378957_cluster42
haploblock:chr22_24408113-24495387_cluster2,haploblock,,,,,,,,,,,chr22_24408113-24495387_cluster2
haploblock:chr22_35492611-35519727_cluster15,haploblock,,,,,,,,,,,chr22_35492611-35519727_cluster15
haploblock:chr22_25858830-25876277_cluster10,haploblock,,,,,,,,,,,chr22_25858830-25876277_cluster10
haploblock:chr22_37241613-37276728_cluster486,haploblock,,,,,,,,,,,chr22_37241613-37276728_cluster486
haploblock:chr22_33259027-33299764_cluster12,haploblock,,,,,,,,,,,chr22_33259027-33299764_cluster12
haploblock:chr22_36926778-36947400_cluster25,haploblock,,,,,,,,,,,chr22_36926778-36947400_cluster25
haploblock:chr22_44166469-44185056_cluster194,haploblock,,,,,,,,,,,chr22_44166469-44185056_cluster194
haploblock:chr22_17143182-17189339_cluster351,haploblock,,,,,,,,,,,chr22_17143182-17189339_cluster351
haploblock:chr22_23847298-23851737_cluster5,haploblock,,,,,,,,,,,chr22_23847298-23851737_cluster5
haploblock:chr22_39577521-39600259_cluster100,haploblock,,,,,,,,,,,chr22_39577521-39600259_cluster100
haploblock:chr22_22224948-22244968_cluster1,haploblock,,,,,,,,,,,chr22_22224948-22244968_cluster1
haploblock:chr22_23011425-23075491_cluster8,haploblock,,,,,,,,,,,chr22_23011425-23075491_cluster8
haploblock:chr22_23355114-23374984_cluster51,haploblock,,,,,,,,,,,chr22_23355114-23374984_cluster51
haploblock:chr22_26270093-26284739_cluster44,haploblock,,,,,,,,,,,chr22_26270093-26284739_cluster44
haploblock:chr22_23507389-23529638_cluster141,haploblock,,,,,,,,,,,chr22_23507389-23529638_cluster141
haploblock:chr22_38316189-38345691_cluster42,haploblock,,,,,,,,,,,chr22_38316189-38345691_cluster42
haploblock:chr22_17897315-17951518_cluster58,haploblock,,,,,,,,,,,chr22_17897315-17951518_cluster58
haploblock:chr22_49446708-49455747_cluster11,haploblock,,,,,,,,,,,chr22_49446708-49455747_cluster11
haploblock:chr22_19699265-19729797_cluster49,haploblock,,,,,,,,,,,chr22_19699265-19729797_cluster49
haploblock:chr22_37546356-37581275_cluster269,haploblock,,,,,,,,,,,chr22_37546356-37581275_cluster269
haploblock:chr22_23507389-23529638_cluster47,haploblock,,,,,,,,,,,chr22_23507389-23529638_cluster47
haploblock:chr22_39545930-39577521_cluster126,haploblock,,,,,,,,,,,chr22_39545930-39577521_cluster126
haploblock:chr22_32554597-32604930_cluster1764,haploblock,,,,,,,,,,,chr22_32554597-32604930_cluster1764
haploblock:chr22_49262630-49264062_cluster27,haploblock,,,,,,,,,,,chr22_49262630-49264062_cluster27
haploblock:chr22_44307622-44325913_cluster149,haploblock,,,,,,,,,,,chr22_44307622-44325913_cluster149
haploblock:chr22_26970187-26999263_cluster12,haploblock,,,,,,,,,,,chr22_26970187-26999263_cluster12
haploblock:chr22_34835095-34882112_cluster43,haploblock,,,,,,,,,,,chr22_34835095-34882112_cluster43
haploblock:chr22_17099658-17118145_cluster2,haploblock,,,,,,,,,,,chr22_17099658-17118145_cluster2
haploblock:chr22_17420471-17463955_cluster117,haploblock,,,,,,,,,,,chr22_17420471-17463955_cluster117
haploblock:chr22_17382179-17414153_cluster81,haploblock,,,,,,,,,,,chr22_17382179-17414153_cluster81
haploblock:chr22_25953967-25984066_cluster77,haploblock,,,,,,,,,,,chr22_25953967-25984066_cluster77
haploblock:chr22_32412368-32431958_cluster37,haploblock,,,,,,,,,,,chr22_32412368-32431958_cluster37
haploblock:chr22_35360016-35406206_cluster113,haploblock,,,,,,,,,,,chr22_35360016-35406206_cluster113
haploblock:chr22_23146855-23241440_cluster102,haploblock,,,,,,,,,,,chr22_23146855-23241440_cluster102
haploblock:chr22_31445105-31721546_cluster1265,haploblock,,,,,,,,,,,chr22_31445105-31721546_cluster1265
haploblock:chr22_32523211-32554597_cluster27,haploblock,,,,,,,,,,,chr22_32523211-32554597_cluster27
haploblock:chr22_34835095-34882112_cluster32,haploblock,,,,,,,,,,,chr22_34835095-34882112_cluster32
haploblock:chr22_39123775-39179317_cluster157,haploblock,,,,,,,,,,,chr22_39123775-39179317_cluster157
haploblock:chr22_25755364-25769547_cluster15,haploblock,,,,,,,,,,,chr22_25755364-25769547_cluster15
haploblock:chr22_45502117-45521571_cluster98,haploblock,,,,,,,,,,,chr22_45502117-45521571_cluster98
haploblock:chr22_24887942-24898544_cluster35,haploblock,,,,,,,,,,,chr22_24887942-24898544_cluster35
haploblock:chr22_32241161-32268625_cluster28,haploblock,,,,,,,,,,,chr22_32241161-32268625_cluster28
haploblock:chr22_33214306-33259027_cluster7,haploblock,,,,,,,,,,,chr22_33214306-33259027_cluster7
haploblock:chr22_33299764-33359267_cluster41,haploblock,,,,,,,,,,,chr22_33299764-33359267_cluster41
haploblock:chr22_37075250-37101553_cluster9,haploblock,,,,,,,,,,,chr22_37075250-37101553_cluster9
haploblock:chr22_46418842-46438932_cluster149,haploblock,,,,,,,,,,,chr22_46418842-46438932_cluster149
haploblock:chr22_48517374-48534407_cluster30,haploblock,,,,,,,,,,,chr22_48517374-48534407_cluster30
haploblock:chr22_37546356-37581275_cluster49,haploblock,,,,,,,,,,,chr22_37546356-37581275_cluster49
haploblock:chr22_49492624-49517573_cluster196,haploblock,,,,,,,,,,,chr22_49492624-49517573_cluster196
haploblock:chr22_26024448-26060666_cluster68,haploblock,,,,,,,,,,,chr22_26024448-26060666_cluster68
haploblock:chr22_24898544-24977424_cluster771,haploblock,,,,,,,,,,,chr22_24898544-24977424_cluster771
haploblock:chr22_36418187-36463901_cluster492,haploblock,,,,,,,,,,,chr22_36418187-36463901_cluster492
haploblock:chr22_29124422-29160751_cluster125,haploblock,,,,,,,,,,,chr22_29124422-29160751_cluster125
haploblock:chr22_44791710-44821141_cluster439,haploblock,,,,,,,,,,,chr22_44791710-44821141_cluster439
haploblock:chr22_25535613-25688319_cluster290,haploblock,,,,,,,,,,,chr22_25535613-25688319_cluster290
haploblock:chr22_26284739-26293669_cluster22,haploblock,,,,,,,,,,,chr22_26284739-26293669_cluster22
haploblock:chr22_30473070-30559334_cluster66,haploblock,,,,,,,,,,,chr22_30473070-30559334_cluster66
haploblock:chr22_47542804-47580784_cluster75,haploblock,,,,,,,,,,,chr22_47542804-47580784_cluster75
haploblock:chr22_18077804-18130176_cluster746,haploblock,,,,,,,,,,,chr22_18077804-18130176_cluster746
haploblock:chr22_37546356-37581275_cluster61,haploblock,,,,,,,,,,,chr22_37546356-37581275_cluster61
haploblock:chr22_32156952-32181456_cluster42,haploblock,,,,,,,,,,,chr22_32156952-32181456_cluster42
haploblock:chr22_25304848-25417399_cluster1178,haploblock,,,,,,,,,,,chr22_25304848-25417399_cluster1178
haploblock:chr22_32447679-32461834_cluster17,haploblock,,,,,,,,,,,chr22_32447679-32461834_cluster17
haploblock:chr22_36555805-36582143_cluster75,haploblock,,,,,,,,,,,chr22_36555805-36582143_cluster75
haploblock:chr22_44696863-44709627_cluster38,haploblock,,,,,,,,,,,chr22_44696863-44709627_cluster38
haploblock:chr22_22879507-22914880_cluster175,haploblock,,,,,,,,,,,chr22_22879507-22914880_cluster175
haploblock:chr22_22914880-22943618_cluster7,haploblock,,,,,,,,,,,chr22_22914880-22943618_cluster7
haploblock:chr22_34403531-34464592_cluster10,haploblock,,,,,,,,,,,chr22_34403531-34464592_cluster10
haploblock:chr22_36582143-36606606_cluster33,haploblock,,,,,,,,,,,chr22_36582143-36606606_cluster33
haploblock:chr22_39466336-39545930_cluster59,haploblock,,,,,,,,,,,chr22_39466336-39545930_cluster59
haploblock:chr22_42627529-42680803_cluster28,haploblock,,,,,,,,,,,chr22_42627529-42680803_cluster28
haploblock:chr22_44263132-44288496_cluster265,haploblock,,,,,,,,,,,chr22_44263132-44288496_cluster265
haploblock:chr22_45746785-45833918_cluster21,haploblock,,,,,,,,,,,chr22_45746785-45833918_cluster21
haploblock:chr22_45833918-45861015_cluster1,haploblock,,,,,,,,,,,chr22_45833918-45861015_cluster1
haploblock:chr22_46078647-46090628_cluster12,haploblock,,,,,,,,,,,chr22_46078647-46090628_cluster12
haploblock:chr22_46701053-46710903_cluster26,haploblock,,,,,,,,,,,chr22_46701053-46710903_cluster26
haploblock:chr22_26838327-26848544_cluster25,haploblock,,,,,,,,,,,chr22_26838327-26848544_cluster25
haploblock:chr22_44395824-44404134_cluster37,haploblock,,,,,,,,,,,chr22_44395824-44404134_cluster37
haploblock:chr22_19699265-19729797_cluster44,haploblock,,,,,,,,,,,chr22_19699265-19729797_cluster44
haploblock:chr22_25233065-25249900_cluster80,haploblock,,,,,,,,,,,chr22_25233065-25249900_cluster80
haploblock:chr22_47580784-47599748_cluster16,haploblock,,,,,,,,,,,chr22_47580784-47599748_cluster16
haploblock:chr22_17463955-17486499_cluster51,haploblock,,,,,,,,,,,chr22_17463955-17486499_cluster51
haploblock:chr22_25233065-25249900_cluster70,haploblock,,,,,,,,,,,chr22_25233065-25249900_cluster70
haploblock:chr22_36527111-36555805_cluster210,haploblock,,,,,,,,,,,chr22_36527111-36555805_cluster210
haploblock:chr22_46078647-46090628_cluster7,haploblock,,,,,,,,,,,chr22_46078647-46090628_cluster7
haploblock:chr22_46519724-46531483_cluster20,haploblock,,,,,,,,,,,chr22_46519724-46531483_cluster20
haploblock:chr22_17573553-17596894_cluster40,haploblock,,,,,,,,,,,chr22_17573553-17596894_cluster40
haploblock:chr22_20899293-20961195_cluster52,haploblock,,,,,,,,,,,chr22_20899293-20961195_cluster52
haploblock:chr22_46739093-46762438_cluster28,haploblock,,,,,,,,,,,chr22_46739093-46762438_cluster28
haploblock:chr22_49492624-49517573_cluster100,haploblock,,,,,,,,,,,chr22_49492624-49517573_cluster100
haploblock:chr22_17565024-17573553_cluster16,haploblock,,,,,,,,,,,chr22_17565024-17573553_cluster16
haploblock:chr22_44791710-44821141_cluster509,haploblock,,,,,,,,,,,chr22_44791710-44821141_cluster509
haploblock:chr22_27240185-27248628_cluster6,haploblock,,,,,,,,,,,chr22_27240185-27248628_cluster6
haploblock:chr22_17779751-17795362_cluster279,haploblock,,,,,,,,,,,chr22_17779751-17795362_cluster279
haploblock:chr22_23472786-23489773_cluster9,haploblock,,,,,,,,,,,chr22_23472786-23489773_cluster9
haploblock:chr22_43102108-43121899_cluster399,haploblock,,,,,,,,,,,chr22_43102108-43121899_cluster399
haploblock:chr22_27631167-27642389_cluster23,haploblock,,,,,,,,,,,chr22_27631167-27642389_cluster23
haploblock:chr22_23851737-23865996_cluster43,haploblock,,,,,,,,,,,chr22_23851737-23865996_cluster43
haploblock:chr22_23865996-23896670_cluster24,haploblock,,,,,,,,,,,chr22_23865996-23896670_cluster24
haploblock:chr22_27248628-27259943_cluster25,haploblock,,,,,,,,,,,chr22_27248628-27259943_cluster25
haploblock:chr22_26848544-26864523_cluster4,haploblock,,,,,,,,,,,chr22_26848544-26864523_cluster4
haploblock:chr22_27061731-27091280_cluster32,haploblock,,,,,,,,,,,chr22_27061731-27091280_cluster32
haploblock:chr22_27281429-27299096_cluster12,haploblock,,,,,,,,,,,chr22_27281429-27299096_cluster12
haploblock:chr22_45480586-45502117_cluster4,haploblock,,,,,,,,,,,chr22_45480586-45502117_cluster4
haploblock:chr22_19773105-19821351_cluster92,haploblock,,,,,,,,,,,chr22_19773105-19821351_cluster92
haploblock:chr22_19821351-19886686_cluster55,haploblock,,,,,,,,,,,chr22_19821351-19886686_cluster55
haploblock:chr22_19886686-19925060_cluster70,haploblock,,,,,,,,,,,chr22_19886686-19925060_cluster70
haploblock:chr22_26024448-26060666_cluster25,haploblock,,,,,,,,,,,chr22_26024448-26060666_cluster25
haploblock:chr22_48346281-48358281_cluster520,haploblock,,,,,,,,,,,chr22_48346281-48358281_cluster520
haploblock:chr22_33044905-33086126_cluster35,haploblock,,,,,,,,,,,chr22_33044905-33086126_cluster35
haploblock:chr22_19608021-19623032_cluster87,haploblock,,,,,,,,,,,chr22_19608021-19623032_cluster87
haploblock:chr22_21062587-21084128_cluster123,haploblock,,,,,,,,,,,chr22_21062587-21084128_cluster123
haploblock:chr22_23355114-23374984_cluster1,haploblock,,,,,,,,,,,chr22_23355114-23374984_cluster1
haploblock:chr22_47875259-47891202_cluster30,haploblock,,,,,,,,,,,chr22_47875259-47891202_cluster30
haploblock:chr22_27505000-27522596_cluster3,haploblock,,,,,,,,,,,chr22_27505000-27522596_cluster3
haploblock:chr22_27505000-27522596_cluster7,haploblock,,,,,,,,,,,chr22_27505000-27522596_cluster7
haploblock:chr22_27522596-27552091_cluster10,haploblock,,,,,,,,,,,chr22_27522596-27552091_cluster10
haploblock:chr22_42375220-42434570_cluster121,haploblock,,,,,,,,,,,chr22_42375220-42434570_cluster121
haploblock:chr22_17213966-17232488_cluster6,haploblock,,,,,,,,,,,chr22_17213966-17232488_cluster6
haploblock:chr22_39648397-39696563_cluster4,haploblock,,,,,,,,,,,chr22_39648397-39696563_cluster4
haploblock:chr22_19965038-20003597_cluster9,haploblock,,,,,,,,,,,chr22_19965038-20003597_cluster9
haploblock:chr22_23582658-23591838_cluster14,haploblock,,,,,,,,,,,chr22_23582658-23591838_cluster14
haploblock:chr22_26245115-26270093_cluster31,haploblock,,,,,,,,,,,chr22_26245115-26270093_cluster31
haploblock:chr22_45061875-45076203_cluster41,haploblock,,,,,,,,,,,chr22_45061875-45076203_cluster41
haploblock:chr22_49675891-49715343_cluster218,haploblock,,,,,,,,,,,chr22_49675891-49715343_cluster218
haploblock:chr22_19623032-19641214_cluster52,haploblock,,,,,,,,,,,chr22_19623032-19641214_cluster52
haploblock:chr22_19699265-19729797_cluster66,haploblock,,,,,,,,,,,chr22_19699265-19729797_cluster66
haploblock:chr22_27259943-27267287_cluster24,haploblock,,,,,,,,,,,chr22_27259943-27267287_cluster24
haploblock:chr22_49310363-49333633_cluster88,haploblock,,,,,,,,,,,chr22_49310363-49333633_cluster88
haploblock:chr22_23751602-23766514_cluster104,haploblock,,,,,,,,,,,chr22_23751602-23766514_cluster104
haploblock:chr22_37276728-37285225_cluster39,haploblock,,,,,,,,,,,chr22_37276728-37285225_cluster39
haploblock:chr22_44347315-44365917_cluster80,haploblock,,,,,,,,,,,chr22_44347315-44365917_cluster80
haploblock:chr22_46375373-46418842_cluster13,haploblock,,,,,,,,,,,chr22_46375373-46418842_cluster13
haploblock:chr22_32739724-32751497_cluster15,haploblock,,,,,,,,,,,chr22_32739724-32751497_cluster15
haploblock:chr22_46684568-46701053_cluster3,haploblock,,,,,,,,,,,chr22_46684568-46701053_cluster3
haploblock:chr22_43145214-43176240_cluster23,haploblock,,,,,,,,,,,chr22_43145214-43176240_cluster23
haploblock:chr22_23075491-23146855_cluster160,haploblock,,,,,,,,,,,chr22_23075491-23146855_cluster160
haploblock:chr22_23241440-23290478_cluster4,haploblock,,,,,,,,,,,chr22_23241440-23290478_cluster4
haploblock:chr22_37416456-37447223_cluster4,haploblock,,,,,,,,,,,chr22_37416456-37447223_cluster4
haploblock:chr22_26223245-26245115_cluster2,haploblock,,,,,,,,,,,chr22_26223245-26245115_cluster2
haploblock:chr22_44156872-44166469_cluster4,haploblock,,,,,,,,,,,chr22_44156872-44166469_cluster4
haploblock:chr22_44166469-44185056_cluster14,haploblock,,,,,,,,,,,chr22_44166469-44185056_cluster14
haploblock:chr22_46176998-46198741_cluster5,haploblock,,,,,,,,,,,chr22_46176998-46198741_cluster5
haploblock:chr22_46375373-46418842_cluster4,haploblock,,,,,,,,,,,chr22_46375373-46418842_cluster4
haploblock:chr22_23075491-23146855_cluster385,haploblock,,,,,,,,,,,chr22_23075491-23146855_cluster385
haploblock:chr22_36463901-36527111_cluster30,haploblock,,,,,,,,,,,chr22_36463901-36527111_cluster30
haploblock:chr22_33259027-33299764_cluster38,haploblock,,,,,,,,,,,chr22_33259027-33299764_cluster38
haploblock:chr22_25755364-25769547_cluster11,haploblock,,,,,,,,,,,chr22_25755364-25769547_cluster11
haploblock:chr22_27734056-27751201_cluster33,haploblock,,,,,,,,,,,chr22_27734056-27751201_cluster33
haploblock:chr22_36798723-36813403_cluster3,haploblock,,,,,,,,,,,chr22_36798723-36813403_cluster3
haploblock:chr22_19623032-19641214_cluster54,haploblock,,,,,,,,,,,chr22_19623032-19641214_cluster54
haploblock:chr22_33299764-33359267_cluster262,haploblock,,,,,,,,,,,chr22_33299764-33359267_cluster262
haploblock:chr22_44598588-44603286_cluster23,haploblock,,,,,,,,,,,chr22_44598588-44603286_cluster23
haploblock:chr22_20988220-21022574_cluster63,haploblock,,,,,,,,,,,chr22_20988220-21022574_cluster63
haploblock:chr22_27505000-27522596_cluster37,haploblock,,,,,,,,,,,chr22_27505000-27522596_cluster37
haploblock:chr22_32604930-32649633_cluster112,haploblock,,,,,,,,,,,chr22_32604930-32649633_cluster112
haploblock:chr22_26245115-26270093_cluster13,haploblock,,,,,,,,,,,chr22_26245115-26270093_cluster13
haploblock:chr22_45061875-45076203_cluster17,haploblock,,,,,,,,,,,chr22_45061875-45076203_cluster17
haploblock:chr22_29225139-29255004_cluster2,haploblock,,,,,,,,,,,chr22_29225139-29255004_cluster2
haploblock:chr22_36060254-36137894_cluster448,haploblock,,,,,,,,,,,chr22_36060254-36137894_cluster448
haploblock:chr22_49492624-49517573_cluster529,haploblock,,,,,,,,,,,chr22_49492624-49517573_cluster529
haploblock:chr22_43810000-43826536_cluster4,haploblock,,,,,,,,,,,chr22_43810000-43826536_cluster4
haploblock:chr22_36926778-36947400_cluster27,haploblock,,,,,,,,,,,chr22_36926778-36947400_cluster27
haploblock:chr22_24495387-24587296_cluster484,haploblock,,,,,,,,,,,chr22_24495387-24587296_cluster484
haploblock:chr22_26864523-26884663_cluster46,haploblock,,,,,,,,,,,chr22_26864523-26884663_cluster46
haploblock:chr22_25769547-25836129_cluster172,haploblock,,,,,,,,,,,chr22_25769547-25836129_cluster172
haploblock:chr22_27702743-27734056_cluster170,haploblock,,,,,,,,,,,chr22_27702743-27734056_cluster170
haploblock:chr22_32554597-32604930_cluster1090,haploblock,,,,,,,,,,,chr22_32554597-32604930_cluster1090
haploblock:chr22_17795362-17851807_cluster312,haploblock,,,,,,,,,,,chr22_17795362-17851807_cluster312
haploblock:chr22_45275462-45289532_cluster17,haploblock,,,,,,,,,,,chr22_45275462-45289532_cluster17
haploblock:chr22_27774178-27795907_cluster165,haploblock,,,,,,,,,,,chr22_27774178-27795907_cluster165
haploblock:chr22_36947400-36969311_cluster17,haploblock,,,,,,,,,,,chr22_36947400-36969311_cluster17
haploblock:chr22_45502117-45521571_cluster171,haploblock,,,,,,,,,,,chr22_45502117-45521571_cluster171
haploblock:chr22_26071416-26125105_cluster170,haploblock,,,,,,,,,,,chr22_26071416-26125105_cluster170
haploblock:chr22_46418842-46438932_cluster744,haploblock,,,,,,,,,,,chr22_46418842-46438932_cluster744
haploblock:chr22_47580784-47599748_cluster7,haploblock,,,,,,,,,,,chr22_47580784-47599748_cluster7
haploblock:chr22_37241613-37276728_cluster188,haploblock,,,,,,,,,,,chr22_37241613-37276728_cluster188
haploblock:chr22_32431958-32447679_cluster75,haploblock,,,,,,,,,,,chr22_32431958-32447679_cluster75
haploblock:chr22_17382179-17414153_cluster34,haploblock,,,,,,,,,,,chr22_17382179-17414153_cluster34
haploblock:chr22_32272540-32332036_cluster5,haploblock,,,,,,,,,,,chr22_32272540-32332036_cluster5
haploblock:chr22_37510682-37546356_cluster416,haploblock,,,,,,,,,,,chr22_37510682-37546356_cluster416
haploblock:chr22_45076203-45102024_cluster44,haploblock,,,,,,,,,,,chr22_45076203-45102024_cluster44
haploblock:chr22_47150007-47171844_cluster78,haploblock,,,,,,,,,,,chr22_47150007-47171844_cluster78
haploblock:chr22_48649986-48666756_cluster10,haploblock,,,,,,,,,,,chr22_48649986-48666756_cluster10
haploblock:chr22_27378463-27396539_cluster39,haploblock,,,,,,,,,,,chr22_27378463-27396539_cluster39
haploblock:chr22_44263132-44288496_cluster41,haploblock,,,,,,,,,,,chr22_44263132-44288496_cluster41
haploblock:chr22_35406206-35467079_cluster407,haploblock,,,,,,,,,,,chr22_35406206-35467079_cluster407
haploblock:chr22_25876277-25884349_cluster87,haploblock,,,,,,,,,,,chr22_25876277-25884349_cluster87
haploblock:chr22_46457205-46478129_cluster8,haploblock,,,,,,,,,,,chr22_46457205-46478129_cluster8
haploblock:chr22_19699265-19729797_cluster3,haploblock,,,,,,,,,,,chr22_19699265-19729797_cluster3
haploblock:chr22_19729797-19744229_cluster4,haploblock,,,,,,,,,,,chr22_19729797-19744229_cluster4
haploblock:chr22_27157084-27166948_cluster14,haploblock,,,,,,,,,,,chr22_27157084-27166948_cluster14
haploblock:chr22_27240185-27248628_cluster58,haploblock,,,,,,,,,,,chr22_27240185-27248628_cluster58
haploblock:chr22_39577521-39600259_cluster88,haploblock,,,,,,,,,,,chr22_39577521-39600259_cluster88
haploblock:chr22_32649633-32739724_cluster113,haploblock,,,,,,,,,,,chr22_32649633-32739724_cluster113
haploblock:chr22_46902935-46974137_cluster513,haploblock,,,,,,,,,,,chr22_46902935-46974137_cluster513
haploblock:chr22_18077804-18130176_cluster769,haploblock,,,,,,,,,,,chr22_18077804-18130176_cluster769
haploblock:chr22_38284355-38316189_cluster69,haploblock,,,,,,,,,,,chr22_38284355-38316189_cluster69
haploblock:chr22_17463955-17486499_cluster83,haploblock,,,,,,,,,,,chr22_17463955-17486499_cluster83
haploblock:chr22_48105541-48131182_cluster39,haploblock,,,,,,,,,,,chr22_48105541-48131182_cluster39
haploblock:chr22_26677587-26720644_cluster12,haploblock,,,,,,,,,,,chr22_26677587-26720644_cluster12
haploblock:chr22_26970187-26999263_cluster84,haploblock,,,,,,,,,,,chr22_26970187-26999263_cluster84
haploblock:chr22_44791710-44821141_cluster522,haploblock,,,,,,,,,,,chr22_44791710-44821141_cluster522
haploblock:chr22_44491834-44533808_cluster34,haploblock,,,,,,,,,,,chr22_44491834-44533808_cluster34
haploblock:chr22_22703853-22788009_cluster985,haploblock,,,,,,,,,,,chr22_22703853-22788009_cluster985
haploblock:chr22_25933372-25953967_cluster6,haploblock,,,,,,,,,,,chr22_25933372-25953967_cluster6
haploblock:chr22_27009479-27020234_cluster97,haploblock,,,,,,,,,,,chr22_27009479-27020234_cluster97
haploblock:chr22_49052289-49087426_cluster25,haploblock,,,,,,,,,,,chr22_49052289-49087426_cluster25
haploblock:chr22_44721676-44752468_cluster471,haploblock,,,,,,,,,,,chr22_44721676-44752468_cluster471
haploblock:chr22_17349065-17382179_cluster184,haploblock,,,,,,,,,,,chr22_17349065-17382179_cluster184
haploblock:chr22_17382179-17414153_cluster31,haploblock,,,,,,,,,,,chr22_17382179-17414153_cluster31
haploblock:chr22_18978115-18995264_cluster20,haploblock,,,,,,,,,,,chr22_18978115-18995264_cluster20
haploblock:chr22_46438932-46457205_cluster77,haploblock,,,,,,,,,,,chr22_46438932-46457205_cluster77
haploblock:chr22_17420471-17463955_cluster137,haploblock,,,,,,,,,,,chr22_17420471-17463955_cluster137
haploblock:chr22_27795907-27840691_cluster122,haploblock,,,,,,,,,,,chr22_27795907-27840691_cluster122
haploblock:chr22_44644582-44670538_cluster91,haploblock,,,,,,,,,,,chr22_44644582-44670538_cluster91
haploblock:chr22_45898320-45931386_cluster313,haploblock,,,,,,,,,,,chr22_45898320-45931386_cluster313
haploblock:chr22_47963676-47997555_cluster122,haploblock,,,,,,,,,,,chr22_47963676-47997555_cluster122
haploblock:chr22_44772968-44791710_cluster25,haploblock,,,,,,,,,,,chr22_44772968-44791710_cluster25
haploblock:chr22_46684568-46701053_cluster66,haploblock,,,,,,,,,,,chr22_46684568-46701053_cluster66
haploblock:chr22_25688319-25736676_cluster43,haploblock,,,,,,,,,,,chr22_25688319-25736676_cluster43
haploblock:chr22_23075491-23146855_cluster85,haploblock,,,,,,,,,,,chr22_23075491-23146855_cluster85
haploblock:chr22_46375373-46418842_cluster16,haploblock,,,,,,,,,,,chr22_46375373-46418842_cluster16
haploblock:chr22_48105541-48131182_cluster18,haploblock,,,,,,,,,,,chr22_48105541-48131182_cluster18
haploblock:chr22_46224519-46249251_cluster5,haploblock,,,,,,,,,,,chr22_46224519-46249251_cluster5
haploblock:chr22_22083318-22109386_cluster3,haploblock,,,,,,,,,,,chr22_22083318-22109386_cluster3
haploblock:chr22_36197199-36208559_cluster4,haploblock,,,,,,,,,,,chr22_36197199-36208559_cluster4
haploblock:chr22_23355114-23374984_cluster17,haploblock,,,,,,,,,,,chr22_23355114-23374984_cluster17
haploblock:chr22_45275462-45289532_cluster239,haploblock,,,,,,,,,,,chr22_45275462-45289532_cluster239
haploblock:chr22_25755364-25769547_cluster50,haploblock,,,,,,,,,,,chr22_25755364-25769547_cluster50
haploblock:chr22_37396550-37416456_cluster23,haploblock,,,,,,,,,,,chr22_37396550-37416456_cluster23
haploblock:chr22_46519724-46531483_cluster19,haploblock,,,,,,,,,,,chr22_46519724-46531483_cluster19
haploblock:chr22_44404134-44423106_cluster22,haploblock,,,,,,,,,,,chr22_44404134-44423106_cluster22
haploblock:chr22_44721676-44752468_cluster443,haploblock,,,,,,,,,,,chr22_44721676-44752468_cluster443
haploblock:chr22_48131182-48149450_cluster24,haploblock,,,,,,,,,,,chr22_48131182-48149450_cluster24
haploblock:chr22_36352948-36418187_cluster36,haploblock,,,,,,,,,,,chr22_36352948-36418187_cluster36
haploblock:chr22_22306953-22344671_cluster17,haploblock,,,,,,,,,,,chr22_22306953-22344671_cluster17
haploblock:chr22_45461240-45480586_cluster57,haploblock,,,,,,,,,,,chr22_45461240-45480586_cluster57
haploblock:chr22_47580784-47599748_cluster14,haploblock,,,,,,,,,,,chr22_47580784-47599748_cluster14
haploblock:chr22_24690767-24704235_cluster21,haploblock,,,,,,,,,,,chr22_24690767-24704235_cluster21
haploblock:chr22_48807134-48866772_cluster783,haploblock,,,,,,,,,,,chr22_48807134-48866772_cluster783
haploblock:chr22_49492624-49517573_cluster177,haploblock,,,,,,,,,,,chr22_49492624-49517573_cluster177
haploblock:chr22_25535613-25688319_cluster267,haploblock,,,,,,,,,,,chr22_25535613-25688319_cluster267
haploblock:chr22_33086126-33118147_cluster72,haploblock,,,,,,,,,,,chr22_33086126-33118147_cluster72
haploblock:chr22_44752468-44761333_cluster24,haploblock,,,,,,,,,,,chr22_44752468-44761333_cluster24
haploblock:chr22_23489773-23507389_cluster18,haploblock,,,,,,,,,,,chr22_23489773-23507389_cluster18
haploblock:chr22_48697982-48748191_cluster877,haploblock,,,,,,,,,,,chr22_48697982-48748191_cluster877
haploblock:chr22_42478767-42627529_cluster906,haploblock,,,,,,,,,,,chr22_42478767-42627529_cluster906
haploblock:chr22_26902257-26914018_cluster52,haploblock,,,,,,,,,,,chr22_26902257-26914018_cluster52
haploblock:chr22_27259943-27267287_cluster67,haploblock,,,,,,,,,,,chr22_27259943-27267287_cluster67
haploblock:chr22_27267287-27274059_cluster10,haploblock,,,,,,,,,,,chr22_27267287-27274059_cluster10
haploblock:chr22_27274059-27281429_cluster2,haploblock,,,,,,,,,,,chr22_27274059-27281429_cluster2
haploblock:chr22_33044905-33086126_cluster31,haploblock,,,,,,,,,,,chr22_33044905-33086126_cluster31
haploblock:chr22_35335101-35360016_cluster14,haploblock,,,,,,,,,,,chr22_35335101-35360016_cluster14
haploblock:chr22_47997555-48049142_cluster263,haploblock,,,,,,,,,,,chr22_47997555-48049142_cluster263
haploblock:chr22_47599748-47625237_cluster71,haploblock,,,,,,,,,,,chr22_47599748-47625237_cluster71
haploblock:chr22_39466336-39545930_cluster66,haploblock,,,,,,,,,,,chr22_39466336-39545930_cluster66
haploblock:chr22_46531483-46571254_cluster97,haploblock,,,,,,,,,,,chr22_46531483-46571254_cluster97
haploblock:chr22_42434570-42475676_cluster204,haploblock,,,,,,,,,,,chr22_42434570-42475676_cluster204
haploblock:chr22_33299764-33359267_cluster281,haploblock,,,,,,,,,,,chr22_33299764-33359267_cluster281
haploblock:chr22_34121170-34159369_cluster6,haploblock,,,,,,,,,,,chr22_34121170-34159369_cluster6
haploblock:chr22_39233324-39262537_cluster54,haploblock,,,,,,,,,,,chr22_39233324-39262537_cluster54
haploblock:chr22_26284739-26293669_cluster25,haploblock,,,,,,,,,,,chr22_26284739-26293669_cluster25
haploblock:chr22_36352948-36418187_cluster146,haploblock,,,,,,,,,,,chr22_36352948-36418187_cluster146
haploblock:chr22_17951518-18012407_cluster214,haploblock,,,,,,,,,,,chr22_17951518-18012407_cluster214
haploblock:chr22_44098586-44103463_cluster5,haploblock,,,,,,,,,,,chr22_44098586-44103463_cluster5
haploblock:chr22_33044905-33086126_cluster14,haploblock,,,,,,,,,,,chr22_33044905-33086126_cluster14
haploblock:chr22_36745061-36798723_cluster264,haploblock,,,,,,,,,,,chr22_36745061-36798723_cluster264
haploblock:chr22_27574483-27606491_cluster385,haploblock,,,,,,,,,,,chr22_27574483-27606491_cluster385
haploblock:chr22_32604930-32649633_cluster30,haploblock,,,,,,,,,,,chr22_32604930-32649633_cluster30
haploblock:chr22_36463901-36527111_cluster71,haploblock,,,,,,,,,,,chr22_36463901-36527111_cluster71
haploblock:chr22_48534407-48551127_cluster62,haploblock,,,,,,,,,,,chr22_48534407-48551127_cluster62
haploblock:chr22_17510346-17565024_cluster106,haploblock,,,,,,,,,,,chr22_17510346-17565024_cluster106
haploblock:chr22_17565024-17573553_cluster1,haploblock,,,,,,,,,,,chr22_17565024-17573553_cluster1
haploblock:chr22_35587972-35647540_cluster20,haploblock,,,,,,,,,,,chr22_35587972-35647540_cluster20
haploblock:chr22_38764112-38864027_cluster173,haploblock,,,,,,,,,,,chr22_38764112-38864027_cluster173
haploblock:chr22_44603286-44615978_cluster100,haploblock,,,,,,,,,,,chr22_44603286-44615978_cluster100
haploblock:chr22_44644582-44670538_cluster90,haploblock,,,,,,,,,,,chr22_44644582-44670538_cluster90
haploblock:chr22_44929677-44992621_cluster4,haploblock,,,,,,,,,,,chr22_44929677-44992621_cluster4
haploblock:chr22_45061875-45076203_cluster15,haploblock,,,,,,,,,,,chr22_45061875-45076203_cluster15
haploblock:chr22_45502117-45521571_cluster40,haploblock,,,,,,,,,,,chr22_45502117-45521571_cluster40
haploblock:chr22_17795362-17851807_cluster59,haploblock,,,,,,,,,,,chr22_17795362-17851807_cluster59
haploblock:chr22_48889773-48921793_cluster23,haploblock,,,,,,,,,,,chr22_48889773-48921793_cluster23
haploblock:chr22_18040448-18059257_cluster47,haploblock,,,,,,,,,,,chr22_18040448-18059257_cluster47
haploblock:chr22_20157037-20182821_cluster64,haploblock,,,,,,,,,,,chr22_20157037-20182821_cluster64
haploblock:chr22_46571254-46602247_cluster29,haploblock,,,,,,,,,,,chr22_46571254-46602247_cluster29
haploblock:chr22_20961195-20968216_cluster11,haploblock,,,,,,,,,,,chr22_20961195-20968216_cluster11
haploblock:chr22_21084128-21097378_cluster33,haploblock,,,,,,,,,,,chr22_21084128-21097378_cluster33
haploblock:chr22_48105541-48131182_cluster90,haploblock,,,,,,,,,,,chr22_48105541-48131182_cluster90
haploblock:chr22_22810398-22854292_cluster7,haploblock,,,,,,,,,,,chr22_22810398-22854292_cluster7
haploblock:chr22_34882112-34948328_cluster12,haploblock,,,,,,,,,,,chr22_34882112-34948328_cluster12
haploblock:chr22_22914880-22943618_cluster508,haploblock,,,,,,,,,,,chr22_22914880-22943618_cluster508
haploblock:chr22_47096682-47115874_cluster2,haploblock,,,,,,,,,,,chr22_47096682-47115874_cluster2
haploblock:chr22_24221347-24408113_cluster464,haploblock,,,,,,,,,,,chr22_24221347-24408113_cluster464
haploblock:chr22_24408113-24495387_cluster28,haploblock,,,,,,,,,,,chr22_24408113-24495387_cluster28
haploblock:chr22_24495387-24587296_cluster205,haploblock,,,,,,,,,,,chr22_24495387-24587296_cluster205
haploblock:chr22_26943321-26970187_cluster3,haploblock,,,,,,,,,,,chr22_26943321-26970187_cluster3
haploblock:chr22_39980379-40032702_cluster4,haploblock,,,,,,,,,,,chr22_39980379-40032702_cluster4
haploblock:chr22_27166948-27240185_cluster57,haploblock,,,,,,,,,,,chr22_27166948-27240185_cluster57
haploblock:chr22_27751201-27774178_cluster11,haploblock,,,,,,,,,,,chr22_27751201-27774178_cluster11
haploblock:chr22_43304000-43349923_cluster37,haploblock,,,,,,,,,,,chr22_43304000-43349923_cluster37
haploblock:chr22_48616504-48649986_cluster61,haploblock,,,,,,,,,,,chr22_48616504-48649986_cluster61
haploblock:chr22_50171475-50227431_cluster2,haploblock,,,,,,,,,,,chr22_50171475-50227431_cluster2
haploblock:chr22_30874551-31042595_cluster302,haploblock,,,,,,,,,,,chr22_30874551-31042595_cluster302
haploblock:chr22_32779763-32844047_cluster3,haploblock,,,,,,,,,,,chr22_32779763-32844047_cluster3
haploblock:chr22_47891202-47963676_cluster139,haploblock,,,,,,,,,,,chr22_47891202-47963676_cluster139
haploblock:chr22_38284355-38316189_cluster67,haploblock,,,,,,,,,,,chr22_38284355-38316189_cluster67
haploblock:chr22_38345691-38468508_cluster1,haploblock,,,,,,,,,,,chr22_38345691-38468508_cluster1
haploblock:chr22_49310363-49333633_cluster61,haploblock,,,,,,,,,,,chr22_49310363-49333633_cluster61
haploblock:chr22_40032702-40132216_cluster1,haploblock,,,,,,,,,,,chr22_40032702-40132216_cluster1
haploblock:chr22_42478767-42627529_cluster1466,haploblock,,,,,,,,,,,chr22_42478767-42627529_cluster1466
haploblock:chr22_43927194-44005142_cluster23,haploblock,,,,,,,,,,,chr22_43927194-44005142_cluster23
haploblock:chr22_44423106-44436767_cluster5,haploblock,,,,,,,,,,,chr22_44423106-44436767_cluster5
haploblock:chr22_44709627-44721676_cluster6,haploblock,,,,,,,,,,,chr22_44709627-44721676_cluster6
haploblock:chr22_44761333-44772968_cluster2,haploblock,,,,,,,,,,,chr22_44761333-44772968_cluster2
haploblock:chr22_49408121-49430759_cluster77,haploblock,,,,,,,,,,,chr22_49408121-49430759_cluster77
haploblock:chr22_46531483-46571254_cluster22,haploblock,,,,,,,,,,,chr22_46531483-46571254_cluster22
haploblock:chr22_48666756-48674907_cluster3,haploblock,,,,,,,,,,,chr22_48666756-48674907_cluster3
haploblock:chr22_47997555-48049142_cluster8,haploblock,,,,,,,,,,,chr22_47997555-48049142_cluster8
haploblock:chr22_48131182-48149450_cluster247,haploblock,,,,,,,,,,,chr22_48131182-48149450_cluster247
haploblock:chr22_50052721-50171475_cluster123,haploblock,,,,,,,,,,,chr22_50052721-50171475_cluster123
haploblock:chr22_22039828-22047705_cluster52,haploblock,,,,,,,,,,,chr22_22039828-22047705_cluster52
haploblock:chr22_20961195-20968216_cluster54,haploblock,,,,,,,,,,,chr22_20961195-20968216_cluster54
haploblock:chr22_26970187-26999263_cluster113,haploblock,,,,,,,,,,,chr22_26970187-26999263_cluster113
haploblock:chr22_30559334-30585088_cluster17,haploblock,,,,,,,,,,,chr22_30559334-30585088_cluster17
haploblock:chr22_25233065-25249900_cluster198,haploblock,,,,,,,,,,,chr22_25233065-25249900_cluster198
haploblock:chr22_48687200-48697982_cluster125,haploblock,,,,,,,,,,,chr22_48687200-48697982_cluster125
haploblock:chr22_26396610-26414516_cluster13,haploblock,,,,,,,,,,,chr22_26396610-26414516_cluster13
haploblock:chr22_47171844-47200033_cluster207,haploblock,,,,,,,,,,,chr22_47171844-47200033_cluster207
haploblock:chr22_46116729-46176998_cluster772,haploblock,,,,,,,,,,,chr22_46116729-46176998_cluster772
haploblock:chr22_27248628-27259943_cluster65,haploblock,,,,,,,,,,,chr22_27248628-27259943_cluster65
haploblock:chr22_48921793-48962941_cluster976,haploblock,,,,,,,,,,,chr22_48921793-48962941_cluster976
haploblock:chr22_35335101-35360016_cluster20,haploblock,,,,,,,,,,,chr22_35335101-35360016_cluster20
haploblock:chr22_17349065-17382179_cluster272,haploblock,,,,,,,,,,,chr22_17349065-17382179_cluster272
haploblock:chr22_17382179-17414153_cluster21,haploblock,,,,,,,,,,,chr22_17382179-17414153_cluster21
haploblock:chr22_18173325-18948160_cluster1173,haploblock,,,,,,,,,,,chr22_18173325-18948160_cluster1173
haploblock:chr22_23607557-23654276_cluster153,haploblock,,,,,,,,,,,chr22_23607557-23654276_cluster153
haploblock:chr22_27378463-27396539_cluster47,haploblock,,,,,,,,,,,chr22_27378463-27396539_cluster47
haploblock:chr22_39233324-39262537_cluster61,haploblock,,,,,,,,,,,chr22_39233324-39262537_cluster61
haploblock:chr22_46418842-46438932_cluster292,haploblock,,,,,,,,,,,chr22_46418842-46438932_cluster292
haploblock:chr22_47200033-47222105_cluster50,haploblock,,,,,,,,,,,chr22_47200033-47222105_cluster50
haploblock:chr22_48697982-48748191_cluster419,haploblock,,,,,,,,,,,chr22_48697982-48748191_cluster419
haploblock:chr22_48866772-48889773_cluster75,haploblock,,,,,,,,,,,chr22_48866772-48889773_cluster75
haploblock:chr22_49355927-49381761_cluster321,haploblock,,,,,,,,,,,chr22_49355927-49381761_cluster321
haploblock:chr22_22854292-22879507_cluster10,haploblock,,,,,,,,,,,chr22_22854292-22879507_cluster10
haploblock:chr22_22810398-22854292_cluster224,haploblock,,,,,,,,,,,chr22_22810398-22854292_cluster224
haploblock:chr22_23851737-23865996_cluster2,haploblock,,,,,,,,,,,chr22_23851737-23865996_cluster2
haploblock:chr22_26864523-26884663_cluster3,haploblock,,,,,,,,,,,chr22_26864523-26884663_cluster3
haploblock:chr22_26884663-26902257_cluster21,haploblock,,,,,,,,,,,chr22_26884663-26902257_cluster21
haploblock:chr22_27840691-28224919_cluster123,haploblock,,,,,,,,,,,chr22_27840691-28224919_cluster123
haploblock:chr22_48534407-48551127_cluster11,haploblock,,,,,,,,,,,chr22_48534407-48551127_cluster11
haploblock:chr22_42375220-42434570_cluster141,haploblock,,,,,,,,,,,chr22_42375220-42434570_cluster141
haploblock:chr22_39091660-39123775_cluster57,haploblock,,,,,,,,,,,chr22_39091660-39123775_cluster57
haploblock:chr22_45898320-45931386_cluster51,haploblock,,,,,,,,,,,chr22_45898320-45931386_cluster51
haploblock:chr22_40682469-40816704_cluster66,haploblock,,,,,,,,,,,chr22_40682469-40816704_cluster66
haploblock:chr22_23591838-23607557_cluster422,haploblock,,,,,,,,,,,chr22_23591838-23607557_cluster422
haploblock:chr22_35467079-35492611_cluster435,haploblock,,,,,,,,,,,chr22_35467079-35492611_cluster435
haploblock:chr22_35559256-35587972_cluster61,haploblock,,,,,,,,,,,chr22_35559256-35587972_cluster61
haploblock:chr22_42340130-42375220_cluster46,haploblock,,,,,,,,,,,chr22_42340130-42375220_cluster46
haploblock:chr22_47285160-47370846_cluster931,haploblock,,,,,,,,,,,chr22_47285160-47370846_cluster931
haploblock:chr22_17565024-17573553_cluster20,haploblock,,,,,,,,,,,chr22_17565024-17573553_cluster20
haploblock:chr22_17573553-17596894_cluster255,haploblock,,,,,,,,,,,chr22_17573553-17596894_cluster255
haploblock:chr22_18040448-18059257_cluster88,haploblock,,,,,,,,,,,chr22_18040448-18059257_cluster88
haploblock:chr22_19773105-19821351_cluster117,haploblock,,,,,,,,,,,chr22_19773105-19821351_cluster117
haploblock:chr22_22306953-22344671_cluster12,haploblock,,,,,,,,,,,chr22_22306953-22344671_cluster12
haploblock:chr22_23865996-23896670_cluster11,haploblock,,,,,,,,,,,chr22_23865996-23896670_cluster11
haploblock:chr22_32241161-32268625_cluster18,haploblock,,,,,,,,,,,chr22_32241161-32268625_cluster18
haploblock:chr22_44263132-44288496_cluster32,haploblock,,,,,,,,,,,chr22_44263132-44288496_cluster32
haploblock:chr22_18077804-18130176_cluster491,haploblock,,,,,,,,,,,chr22_18077804-18130176_cluster491
haploblock:chr22_19699265-19729797_cluster1,haploblock,,,,,,,,,,,chr22_19699265-19729797_cluster1
haploblock:chr22_25876277-25884349_cluster19,haploblock,,,,,,,,,,,chr22_25876277-25884349_cluster19
haploblock:chr22_29124422-29160751_cluster139,haploblock,,,,,,,,,,,chr22_29124422-29160751_cluster139
haploblock:chr22_23472786-23489773_cluster47,haploblock,,,,,,,,,,,chr22_23472786-23489773_cluster47
haploblock:chr22_48748191-48780105_cluster23,haploblock,,,,,,,,,,,chr22_48748191-48780105_cluster23
haploblock:chr22_24841041-24887942_cluster176,haploblock,,,,,,,,,,,chr22_24841041-24887942_cluster176
haploblock:chr22_48593175-48616504_cluster52,haploblock,,,,,,,,,,,chr22_48593175-48616504_cluster52
haploblock:chr22_25858830-25876277_cluster52,haploblock,,,,,,,,,,,chr22_25858830-25876277_cluster52
haploblock:chr22_39013374-39091660_cluster17,haploblock,,,,,,,,,,,chr22_39013374-39091660_cluster17
haploblock:chr22_44288496-44303006_cluster97,haploblock,,,,,,,,,,,chr22_44288496-44303006_cluster97
haploblock:chr22_49087426-49128444_cluster393,haploblock,,,,,,,,,,,chr22_49087426-49128444_cluster393
haploblock:chr22_43502343-43623821_cluster214,haploblock,,,,,,,,,,,chr22_43502343-43623821_cluster214
haploblock:chr22_19925060-19959374_cluster74,haploblock,,,,,,,,,,,chr22_19925060-19959374_cluster74
haploblock:chr22_19959374-19965038_cluster3,haploblock,,,,,,,,,,,chr22_19959374-19965038_cluster3
haploblock:chr22_24010073-24221347_cluster260,haploblock,,,,,,,,,,,chr22_24010073-24221347_cluster260
haploblock:chr22_32554597-32604930_cluster1019,haploblock,,,,,,,,,,,chr22_32554597-32604930_cluster1019
haploblock:chr22_47051453-47096682_cluster212,haploblock,,,,,,,,,,,chr22_47051453-47096682_cluster212
haploblock:chr22_17099658-17118145_cluster25,haploblock,,,,,,,,,,,chr22_17099658-17118145_cluster25
haploblock:chr22_38107961-38218926_cluster234,haploblock,,,,,,,,,,,chr22_38107961-38218926_cluster234
haploblock:chr22_48921793-48962941_cluster373,haploblock,,,,,,,,,,,chr22_48921793-48962941_cluster373
haploblock:chr22_33214306-33259027_cluster9,haploblock,,,,,,,,,,,chr22_33214306-33259027_cluster9
haploblock:chr22_26270093-26284739_cluster18,haploblock,,,,,,,,,,,chr22_26270093-26284739_cluster18
haploblock:chr22_33711261-33725539_cluster6,haploblock,,,,,,,,,,,chr22_33711261-33725539_cluster6
haploblock:chr22_36926778-36947400_cluster24,haploblock,,,,,,,,,,,chr22_36926778-36947400_cluster24
haploblock:chr22_30559334-30585088_cluster40,haploblock,,,,,,,,,,,chr22_30559334-30585088_cluster40
haploblock:chr22_27281429-27299096_cluster23,haploblock,,,,,,,,,,,chr22_27281429-27299096_cluster23
haploblock:chr22_43016370-43076056_cluster355,haploblock,,,,,,,,,,,chr22_43016370-43076056_cluster355
haploblock:chr22_19298293-19440988_cluster8,haploblock,,,,,,,,,,,chr22_19298293-19440988_cluster8
haploblock:chr22_17573553-17596894_cluster225,haploblock,,,,,,,,,,,chr22_17573553-17596894_cluster225
haploblock:chr22_17596894-17635993_cluster6,haploblock,,,,,,,,,,,chr22_17596894-17635993_cluster6
haploblock:chr22_17635993-17757446_cluster12,haploblock,,,,,,,,,,,chr22_17635993-17757446_cluster12
haploblock:chr22_17757446-17779751_cluster86,haploblock,,,,,,,,,,,chr22_17757446-17779751_cluster86
haploblock:chr22_18130176-18154397_cluster39,haploblock,,,,,,,,,,,chr22_18130176-18154397_cluster39
haploblock:chr22_22854292-22879507_cluster2,haploblock,,,,,,,,,,,chr22_22854292-22879507_cluster2
haploblock:chr22_27473414-27500947_cluster1,haploblock,,,,,,,,,,,chr22_27473414-27500947_cluster1
haploblock:chr22_30667110-30757175_cluster224,haploblock,,,,,,,,,,,chr22_30667110-30757175_cluster224
haploblock:chr22_33408818-33452024_cluster4,haploblock,,,,,,,,,,,chr22_33408818-33452024_cluster4
haploblock:chr22_39466336-39545930_cluster195,haploblock,,,,,,,,,,,chr22_39466336-39545930_cluster195
haploblock:chr22_44644582-44670538_cluster2,haploblock,,,,,,,,,,,chr22_44644582-44670538_cluster2
haploblock:chr22_20229336-20258558_cluster6,haploblock,,,,,,,,,,,chr22_20229336-20258558_cluster6
haploblock:chr22_22545569-22589389_cluster23,haploblock,,,,,,,,,,,chr22_22545569-22589389_cluster23
haploblock:chr22_20899293-20961195_cluster20,haploblock,,,,,,,,,,,chr22_20899293-20961195_cluster20
haploblock:chr22_26284739-26293669_cluster49,haploblock,,,,,,,,,,,chr22_26284739-26293669_cluster49
haploblock:chr22_26884663-26902257_cluster230,haploblock,,,,,,,,,,,chr22_26884663-26902257_cluster230
haploblock:chr22_44871543-44917047_cluster83,haploblock,,,,,,,,,,,chr22_44871543-44917047_cluster83
haploblock:chr22_21022574-21062587_cluster17,haploblock,,,,,,,,,,,chr22_21022574-21062587_cluster17
haploblock:chr22_43145214-43176240_cluster1,haploblock,,,,,,,,,,,chr22_43145214-43176240_cluster1
haploblock:chr22_47875259-47891202_cluster62,haploblock,,,,,,,,,,,chr22_47875259-47891202_cluster62
haploblock:chr22_48697982-48748191_cluster547,haploblock,,,,,,,,,,,chr22_48697982-48748191_cluster547
haploblock:chr22_26368672-26396610_cluster1,haploblock,,,,,,,,,,,chr22_26368672-26396610_cluster1
haploblock:chr22_33086126-33118147_cluster36,haploblock,,,,,,,,,,,chr22_33086126-33118147_cluster36
haploblock:chr22_34099461-34121170_cluster8,haploblock,,,,,,,,,,,chr22_34099461-34121170_cluster8
haploblock:chr22_44347315-44365917_cluster7,haploblock,,,,,,,,,,,chr22_44347315-44365917_cluster7
haploblock:chr22_36318590-36352948_cluster3,haploblock,,,,,,,,,,,chr22_36318590-36352948_cluster3
haploblock:chr22_27606491-27631167_cluster2,haploblock,,,,,,,,,,,chr22_27606491-27631167_cluster2
haploblock:chr22_27631167-27642389_cluster2,haploblock,,,,,,,,,,,chr22_27631167-27642389_cluster2
haploblock:chr22_32241161-32268625_cluster9,haploblock,,,,,,,,,,,chr22_32241161-32268625_cluster9
haploblock:chr22_43076056-43102108_cluster20,haploblock,,,,,,,,,,,chr22_43076056-43102108_cluster20
haploblock:chr22_48687200-48697982_cluster488,haploblock,,,,,,,,,,,chr22_48687200-48697982_cluster488
haploblock:chr22_44166469-44185056_cluster5,haploblock,,,,,,,,,,,chr22_44166469-44185056_cluster5
haploblock:chr22_45061875-45076203_cluster3,haploblock,,,,,,,,,,,chr22_45061875-45076203_cluster3
haploblock:chr22_45502117-45521571_cluster1,haploblock,,,,,,,,,,,chr22_45502117-45521571_cluster1
haploblock:chr22_47599748-47625237_cluster4,haploblock,,,,,,,,,,,chr22_47599748-47625237_cluster4
haploblock:chr22_48131182-48149450_cluster7,haploblock,,,,,,,,,,,chr22_48131182-48149450_cluster7
haploblock:chr22_49262630-49264062_cluster17,haploblock,,,,,,,,,,,chr22_49262630-49264062_cluster17
haploblock:chr22_49052289-49087426_cluster5,haploblock,,,,,,,,,,,chr22_49052289-49087426_cluster5
haploblock:chr22_49087426-49128444_cluster429,haploblock,,,,,,,,,,,chr22_49087426-49128444_cluster429
haploblock:chr22_30559334-30585088_cluster14,haploblock,,,,,,,,,,,chr22_30559334-30585088_cluster14
haploblock:chr22_22943618-23011425_cluster24,haploblock,,,,,,,,,,,chr22_22943618-23011425_cluster24
haploblock:chr22_44579724-44598588_cluster31,haploblock,,,,,,,,,,,chr22_44579724-44598588_cluster31
haploblock:chr22_36463901-36527111_cluster57,haploblock,,,,,,,,,,,chr22_36463901-36527111_cluster57
haploblock:chr22_32461834-32523211_cluster23,haploblock,,,,,,,,,,,chr22_32461834-32523211_cluster23
haploblock:chr22_48593175-48616504_cluster51,haploblock,,,,,,,,,,,chr22_48593175-48616504_cluster51
haploblock:chr22_26838327-26848544_cluster33,haploblock,,,,,,,,,,,chr22_26838327-26848544_cluster33
haploblock:chr22_43016370-43076056_cluster372,haploblock,,,,,,,,,,,chr22_43016370-43076056_cluster372
haploblock:chr22_32554597-32604930_cluster532,haploblock,,,,,,,,,,,chr22_32554597-32604930_cluster532
haploblock:chr22_34121170-34159369_cluster10,haploblock,,,,,,,,,,,chr22_34121170-34159369_cluster10
haploblock:chr22_36527111-36555805_cluster123,haploblock,,,,,,,,,,,chr22_36527111-36555805_cluster123
haploblock:chr22_17897315-17951518_cluster277,haploblock,,,,,,,,,,,chr22_17897315-17951518_cluster277
haploblock:chr22_17951518-18012407_cluster622,haploblock,,,,,,,,,,,chr22_17951518-18012407_cluster622
haploblock:chr22_18040448-18059257_cluster19,haploblock,,,,,,,,,,,chr22_18040448-18059257_cluster19
haploblock:chr22_31942200-32156952_cluster75,haploblock,,,,,,,,,,,chr22_31942200-32156952_cluster75
haploblock:chr22_35467079-35492611_cluster43,haploblock,,,,,,,,,,,chr22_35467079-35492611_cluster43
haploblock:chr22_39600259-39648397_cluster65,haploblock,,,,,,,,,,,chr22_39600259-39648397_cluster65
haploblock:chr22_44022564-44051606_cluster33,haploblock,,,,,,,,,,,chr22_44022564-44051606_cluster33
haploblock:chr22_46493826-46509245_cluster29,haploblock,,,,,,,,,,,chr22_46493826-46509245_cluster29
haploblock:chr22_48424298-48440418_cluster80,haploblock,,,,,,,,,,,chr22_48424298-48440418_cluster80
haploblock:chr22_49310363-49333633_cluster93,haploblock,,,,,,,,,,,chr22_49310363-49333633_cluster93
haploblock:chr22_49408121-49430759_cluster199,haploblock,,,,,,,,,,,chr22_49408121-49430759_cluster199
haploblock:chr22_49430759-49446708_cluster249,haploblock,,,,,,,,,,,chr22_49430759-49446708_cluster249
haploblock:chr22_24898544-24977424_cluster147,haploblock,,,,,,,,,,,chr22_24898544-24977424_cluster147
haploblock:chr22_38257683-38284355_cluster124,haploblock,,,,,,,,,,,chr22_38257683-38284355_cluster124
haploblock:chr22_46101290-46116729_cluster11,haploblock,,,,,,,,,,,chr22_46101290-46116729_cluster11
haploblock:chr22_20258558-20274330_cluster7,haploblock,,,,,,,,,,,chr22_20258558-20274330_cluster7
haploblock:chr22_22004012-22039828_cluster3,haploblock,,,,,,,,,,,chr22_22004012-22039828_cluster3
haploblock:chr22_35360016-35406206_cluster67,haploblock,,,,,,,,,,,chr22_35360016-35406206_cluster67
haploblock:chr22_23865996-23896670_cluster4,haploblock,,,,,,,,,,,chr22_23865996-23896670_cluster4
haploblock:chr22_23896670-23919857_cluster26,haploblock,,,,,,,,,,,chr22_23896670-23919857_cluster26
haploblock:chr22_49715343-49726702_cluster796,haploblock,,,,,,,,,,,chr22_49715343-49726702_cluster796
haploblock:chr22_26578207-26644382_cluster40,haploblock,,,,,,,,,,,chr22_26578207-26644382_cluster40
haploblock:chr22_26644382-26677587_cluster7,haploblock,,,,,,,,,,,chr22_26644382-26677587_cluster7
haploblock:chr22_26677587-26720644_cluster73,haploblock,,,,,,,,,,,chr22_26677587-26720644_cluster73
haploblock:chr22_26720644-26753805_cluster118,haploblock,,,,,,,,,,,chr22_26720644-26753805_cluster118
haploblock:chr22_34007359-34099461_cluster50,haploblock,,,,,,,,,,,chr22_34007359-34099461_cluster50
haploblock:chr22_34403531-34464592_cluster501,haploblock,,,,,,,,,,,chr22_34403531-34464592_cluster501
haploblock:chr22_35406206-35467079_cluster120,haploblock,,,,,,,,,,,chr22_35406206-35467079_cluster120
haploblock:chr22_39545930-39577521_cluster2,haploblock,,,,,,,,,,,chr22_39545930-39577521_cluster2
haploblock:chr22_43502343-43623821_cluster300,haploblock,,,,,,,,,,,chr22_43502343-43623821_cluster300
haploblock:chr22_43810000-43826536_cluster3,haploblock,,,,,,,,,,,chr22_43810000-43826536_cluster3
haploblock:chr22_44166469-44185056_cluster26,haploblock,,,,,,,,,,,chr22_44166469-44185056_cluster26
haploblock:chr22_46418842-46438932_cluster16,haploblock,,,,,,,,,,,chr22_46418842-46438932_cluster16
haploblock:chr22_22879507-22914880_cluster90,haploblock,,,,,,,,,,,chr22_22879507-22914880_cluster90
haploblock:chr22_24408113-24495387_cluster7,haploblock,,,,,,,,,,,chr22_24408113-24495387_cluster7
haploblock:chr22_45023023-45047275_cluster76,haploblock,,,,,,,,,,,chr22_45023023-45047275_cluster76
haploblock:chr22_25858830-25876277_cluster71,haploblock,,,,,,,,,,,chr22_25858830-25876277_cluster71
haploblock:chr22_48674907-48687200_cluster8,haploblock,,,,,,,,,,,chr22_48674907-48687200_cluster8
haploblock:chr22_20961195-20968216_cluster35,haploblock,,,,,,,,,,,chr22_20961195-20968216_cluster35
haploblock:chr22_46198741-46224519_cluster32,haploblock,,,,,,,,,,,chr22_46198741-46224519_cluster32
haploblock:chr22_17795362-17851807_cluster525,haploblock,,,,,,,,,,,chr22_17795362-17851807_cluster525
haploblock:chr22_33086126-33118147_cluster86,haploblock,,,,,,,,,,,chr22_33086126-33118147_cluster86
haploblock:chr22_19821351-19886686_cluster134,haploblock,,,,,,,,,,,chr22_19821351-19886686_cluster134
haploblock:chr22_44347315-44365917_cluster315,haploblock,,,,,,,,,,,chr22_44347315-44365917_cluster315
haploblock:chr22_44871543-44917047_cluster28,haploblock,,,,,,,,,,,chr22_44871543-44917047_cluster28
haploblock:chr22_26060666-26071416_cluster66,haploblock,,,,,,,,,,,chr22_26060666-26071416_cluster66
haploblock:chr22_17232488-17244492_cluster97,haploblock,,,,,,,,,,,chr22_17232488-17244492_cluster97
haploblock:chr22_38345691-38468508_cluster152,haploblock,,,,,,,,,,,chr22_38345691-38468508_cluster152
haploblock:chr22_47257518-47285160_cluster39,haploblock,,,,,,,,,,,chr22_47257518-47285160_cluster39
haploblock:chr22_47875259-47891202_cluster2,haploblock,,,,,,,,,,,chr22_47875259-47891202_cluster2
haploblock:chr22_17382179-17414153_cluster85,haploblock,,,,,,,,,,,chr22_17382179-17414153_cluster85
haploblock:chr22_32461834-32523211_cluster205,haploblock,,,,,,,,,,,chr22_32461834-32523211_cluster205
haploblock:chr22_18012407-18040448_cluster2,haploblock,,,,,,,,,,,chr22_18012407-18040448_cluster2
haploblock:chr22_23146855-23241440_cluster2,haploblock,,,,,,,,,,,chr22_23146855-23241440_cluster2
haploblock:chr22_18948160-18978115_cluster2,haploblock,,,,,,,,,,,chr22_18948160-18978115_cluster2
haploblock:chr22_25984066-26024448_cluster3,haploblock,,,,,,,,,,,chr22_25984066-26024448_cluster3
haploblock:chr22_26368672-26396610_cluster183,haploblock,,,,,,,,,,,chr22_26368672-26396610_cluster183
haploblock:chr22_26549322-26578207_cluster2,haploblock,,,,,,,,,,,chr22_26549322-26578207_cluster2
haploblock:chr22_27166948-27240185_cluster2,haploblock,,,,,,,,,,,chr22_27166948-27240185_cluster2
haploblock:chr22_27522596-27552091_cluster1,haploblock,,,,,,,,,,,chr22_27522596-27552091_cluster1
haploblock:chr22_35587972-35647540_cluster1,haploblock,,,,,,,,,,,chr22_35587972-35647540_cluster1
haploblock:chr22_44127670-44156872_cluster8,haploblock,,,,,,,,,,,chr22_44127670-44156872_cluster8
haploblock:chr22_46249251-46375373_cluster3,haploblock,,,,,,,,,,,chr22_46249251-46375373_cluster3
haploblock:chr22_47370846-47433033_cluster274,haploblock,,,,,,,,,,,chr22_47370846-47433033_cluster274
haploblock:chr22_19158175-19165429_cluster40,haploblock,,,,,,,,,,,chr22_19158175-19165429_cluster40
haploblock:chr22_26970187-26999263_cluster1,haploblock,,,,,,,,,,,chr22_26970187-26999263_cluster1
haploblock:chr22_19298293-19440988_cluster53,haploblock,,,,,,,,,,,chr22_19298293-19440988_cluster53
haploblock:chr22_31721546-31942200_cluster40,haploblock,,,,,,,,,,,chr22_31721546-31942200_cluster40
haploblock:chr22_35406206-35467079_cluster19,haploblock,,,,,,,,,,,chr22_35406206-35467079_cluster19
haploblock:chr22_19699265-19729797_cluster210,haploblock,,,,,,,,,,,chr22_19699265-19729797_cluster210
haploblock:chr22_25218191-25233065_cluster1,haploblock,,,,,,,,,,,chr22_25218191-25233065_cluster1
haploblock:chr22_44491834-44533808_cluster1,haploblock,,,,,,,,,,,chr22_44491834-44533808_cluster1
haploblock:chr22_49534275-49675891_cluster274,haploblock,,,,,,,,,,,chr22_49534275-49675891_cluster274
haploblock:chr22_23489773-23507389_cluster1,haploblock,,,,,,,,,,,chr22_23489773-23507389_cluster1
haploblock:chr22_25953967-25984066_cluster3,haploblock,,,,,,,,,,,chr22_25953967-25984066_cluster3
haploblock:chr22_26884663-26902257_cluster1,haploblock,,,,,,,,,,,chr22_26884663-26902257_cluster1
haploblock:chr22_27774178-27795907_cluster1,haploblock,,,,,,,,,,,chr22_27774178-27795907_cluster1
haploblock:chr22_36318590-36352948_cluster2,haploblock,,,,,,,,,,,chr22_36318590-36352948_cluster2
haploblock:chr22_43304000-43349923_cluster3,haploblock,,,,,,,,,,,chr22_43304000-43349923_cluster3
haploblock:chr22_40418590-40682469_cluster702,haploblock,,,,,,,,,,,chr22_40418590-40682469_cluster702
haploblock:chr22_48440418-48460740_cluster1128,haploblock,,,,,,,,,,,chr22_48440418-48460740_cluster1128
haploblock:chr22_25417399-25535613_cluster841,haploblock,,,,,,,,,,,chr22_25417399-25535613_cluster841
haploblock:chr22_32156952-32181456_cluster47,haploblock,,,,,,,,,,,chr22_32156952-32181456_cluster47
haploblock:chr22_32987578-33044905_cluster27,haploblock,,,,,,,,,,,chr22_32987578-33044905_cluster27
haploblock:chr22_34007359-34099461_cluster198,haploblock,,,,,,,,,,,chr22_34007359-34099461_cluster198
haploblock:chr22_47891202-47963676_cluster342,haploblock,,,,,,,,,,,chr22_47891202-47963676_cluster342
haploblock:chr22_49355927-49381761_cluster2,haploblock,,,,,,,,,,,chr22_49355927-49381761_cluster2
haploblock:chr22_46198741-46224519_cluster1,haploblock,,,,,,,,,,,chr22_46198741-46224519_cluster1
haploblock:chr22_43102108-43121899_cluster119,haploblock,,,,,,,,,,,chr22_43102108-43121899_cluster119
haploblock:chr22_27473414-27500947_cluster47,haploblock,,,,,,,,,,,chr22_27473414-27500947_cluster47
haploblock:chr22_44166469-44185056_cluster3,haploblock,,,,,,,,,,,chr22_44166469-44185056_cluster3
haploblock:chr22_44696863-44709627_cluster141,haploblock,,,,,,,,,,,chr22_44696863-44709627_cluster141
haploblock:chr22_35335101-35360016_cluster1,haploblock,,,,,,,,,,,chr22_35335101-35360016_cluster1
haploblock:chr22_47669224-47736510_cluster320,haploblock,,,,,,,,,,,chr22_47669224-47736510_cluster320
haploblock:chr22_37510682-37546356_cluster341,haploblock,,,,,,,,,,,chr22_37510682-37546356_cluster341
haploblock:chr22_44288496-44303006_cluster269,haploblock,,,,,,,,,,,chr22_44288496-44303006_cluster269
haploblock:chr22_47051453-47096682_cluster196,haploblock,,,,,,,,,,,chr22_47051453-47096682_cluster196
haploblock:chr22_44005142-44022564_cluster179,haploblock,,,,,,,,,,,chr22_44005142-44022564_cluster179
haploblock:chr22_49024317-49052289_cluster1,haploblock,,,,,,,,,,,chr22_49024317-49052289_cluster1
haploblock:chr22_43076056-43102108_cluster1,haploblock,,,,,,,,,,,chr22_43076056-43102108_cluster1
haploblock:chr22_49715343-49726702_cluster2,haploblock,,,,,,,,,,,chr22_49715343-49726702_cluster2
haploblock:chr22_48424298-48440418_cluster24,haploblock,,,,,,,,,,,chr22_48424298-48440418_cluster24
haploblock:chr22_48962941-48975351_cluster1,haploblock,,,,,,,,,,,chr22_48962941-48975351_cluster1
haploblock:chr22_17232488-17244492_cluster1,haploblock,,,,,,,,,,,chr22_17232488-17244492_cluster1
haploblock:chr22_17510346-17565024_cluster11,haploblock,,,,,,,,,,,chr22_17510346-17565024_cluster11
haploblock:chr22_34975718-35004794_cluster3,haploblock,,,,,,,,,,,chr22_34975718-35004794_cluster3
haploblock:chr22_39233324-39262537_cluster3,haploblock,,,,,,,,,,,chr22_39233324-39262537_cluster3
haploblock:chr22_44051606-44076464_cluster1,haploblock,,,,,,,,,,,chr22_44051606-44076464_cluster1
haploblock:chr22_48574333-48593175_cluster4,haploblock,,,,,,,,,,,chr22_48574333-48593175_cluster4
haploblock:chr22_48616504-48649986_cluster939,haploblock,,,,,,,,,,,chr22_48616504-48649986_cluster939
haploblock:chr22_21022574-21062587_cluster1,haploblock,,,,,,,,,,,chr22_21022574-21062587_cluster1
haploblock:chr22_25535613-25688319_cluster413,haploblock,,,,,,,,,,,chr22_25535613-25688319_cluster413
haploblock:chr22_26270093-26284739_cluster4,haploblock,,,,,,,,,,,chr22_26270093-26284739_cluster4
haploblock:chr22_41244846-41561606_cluster473,haploblock,,,,,,,,,,,chr22_41244846-41561606_cluster473
haploblock:chr22_43102108-43121899_cluster3,haploblock,,,,,,,,,,,chr22_43102108-43121899_cluster3
haploblock:chr22_47257518-47285160_cluster4,haploblock,,,,,,,,,,,chr22_47257518-47285160_cluster4
haploblock:chr22_17795362-17851807_cluster2,haploblock,,,,,,,,,,,chr22_17795362-17851807_cluster2
haploblock:chr22_17897315-17951518_cluster241,haploblock,,,,,,,,,,,chr22_17897315-17951518_cluster241
haploblock:chr22_24221347-24408113_cluster467,haploblock,,,,,,,,,,,chr22_24221347-24408113_cluster467
haploblock:chr22_26720644-26753805_cluster456,haploblock,,,,,,,,,,,chr22_26720644-26753805_cluster456
haploblock:chr22_27751201-27774178_cluster5,haploblock,,,,,,,,,,,chr22_27751201-27774178_cluster5
haploblock:chr22_38764112-38864027_cluster565,haploblock,,,,,,,,,,,chr22_38764112-38864027_cluster565
haploblock:chr22_24495387-24587296_cluster282,haploblock,,,,,,,,,,,chr22_24495387-24587296_cluster282
haploblock:chr22_17951518-18012407_cluster674,haploblock,,,,,,,,,,,chr22_17951518-18012407_cluster674
haploblock:chr22_20320756-20367930_cluster555,haploblock,,,,,,,,,,,chr22_20320756-20367930_cluster555
haploblock:chr22_32461834-32523211_cluster1,haploblock,,,,,,,,,,,chr22_32461834-32523211_cluster1
haploblock:chr22_45611743-45746785_cluster1356,haploblock,,,,,,,,,,,chr22_45611743-45746785_cluster1356
haploblock:chr22_44005142-44022564_cluster1,haploblock,,,,,,,,,,,chr22_44005142-44022564_cluster1
haploblock:chr22_18077804-18130176_cluster100,haploblock,,,,,,,,,,,chr22_18077804-18130176_cluster100
haploblock:chr22_19623032-19641214_cluster4,haploblock,,,,,,,,,,,chr22_19623032-19641214_cluster4
haploblock:chr22_19641214-19652459_cluster14,haploblock,,,,,,,,,,,chr22_19641214-19652459_cluster14
haploblock:chr22_26549322-26578207_cluster3,haploblock,,,,,,,,,,,chr22_26549322-26578207_cluster3
haploblock:chr22_48697982-48748191_cluster1,haploblock,,,,,,,,,,,chr22_48697982-48748191_cluster1
haploblock:chr22_20612877-20639180_cluster332,haploblock,,,,,,,,,,,chr22_20612877-20639180_cluster332
haploblock:chr22_20639180-20664837_cluster249,haploblock,,,,,,,,,,,chr22_20639180-20664837_cluster249
haploblock:chr22_44365917-44370143_cluster3,haploblock,,,,,,,,,,,chr22_44365917-44370143_cluster3
haploblock:chr22_22203687-22224948_cluster164,haploblock,,,,,,,,,,,chr22_22203687-22224948_cluster164
haploblock:chr22_26884663-26902257_cluster5,haploblock,,,,,,,,,,,chr22_26884663-26902257_cluster5
haploblock:chr22_37447223-37510682_cluster9,haploblock,,,,,,,,,,,chr22_37447223-37510682_cluster9
haploblock:chr22_48440418-48460740_cluster4,haploblock,,,,,,,,,,,chr22_48440418-48460740_cluster4
haploblock:chr22_31042595-31137239_cluster516,haploblock,,,,,,,,,,,chr22_31042595-31137239_cluster516
haploblock:chr22_36582143-36606606_cluster1,haploblock,,,,,,,,,,,chr22_36582143-36606606_cluster1
haploblock:chr22_27299096-27335333_cluster69,haploblock,,,,,,,,,,,chr22_27299096-27335333_cluster69
haploblock:chr22_34882112-34948328_cluster4,haploblock,,,,,,,,,,,chr22_34882112-34948328_cluster4
haploblock:chr22_44721676-44752468_cluster236,haploblock,,,,,,,,,,,chr22_44721676-44752468_cluster236
haploblock:chr22_48325515-48346281_cluster10,haploblock,,,,,,,,,,,chr22_48325515-48346281_cluster10
haploblock:chr22_24587296-24690767_cluster829,haploblock,,,,,,,,,,,chr22_24587296-24690767_cluster829
haploblock:chr22_25019754-25066667_cluster261,haploblock,,,,,,,,,,,chr22_25019754-25066667_cluster261
haploblock:chr22_25218191-25233065_cluster4,haploblock,,,,,,,,,,,chr22_25218191-25233065_cluster4
haploblock:chr22_25417399-25535613_cluster406,haploblock,,,,,,,,,,,chr22_25417399-25535613_cluster406
haploblock:chr22_25769547-25836129_cluster467,haploblock,,,,,,,,,,,chr22_25769547-25836129_cluster467
haploblock:chr22_25953967-25984066_cluster4,haploblock,,,,,,,,,,,chr22_25953967-25984066_cluster4
haploblock:chr22_26753805-26783983_cluster2,haploblock,,,,,,,,,,,chr22_26753805-26783983_cluster2
haploblock:chr22_44347315-44365917_cluster116,haploblock,,,,,,,,,,,chr22_44347315-44365917_cluster116
haploblock:chr22_27574483-27606491_cluster259,haploblock,,,,,,,,,,,chr22_27574483-27606491_cluster259
haploblock:chr22_27606491-27631167_cluster12,haploblock,,,,,,,,,,,chr22_27606491-27631167_cluster12
haploblock:chr22_31445105-31721546_cluster541,haploblock,,,,,,,,,,,chr22_31445105-31721546_cluster541
haploblock:chr22_27702743-27734056_cluster1,haploblock,,,,,,,,,,,chr22_27702743-27734056_cluster1
haploblock:chr22_27774178-27795907_cluster96,haploblock,,,,,,,,,,,chr22_27774178-27795907_cluster96
haploblock:chr22_30218448-30274592_cluster17,haploblock,,,,,,,,,,,chr22_30218448-30274592_cluster17
haploblock:chr22_30667110-30757175_cluster1,haploblock,,,,,,,,,,,chr22_30667110-30757175_cluster1
haploblock:chr22_31042595-31137239_cluster454,haploblock,,,,,,,,,,,chr22_31042595-31137239_cluster454
haploblock:chr22_36863317-36921349_cluster810,haploblock,,,,,,,,,,,chr22_36863317-36921349_cluster810
haploblock:chr22_44845752-44871543_cluster3,haploblock,,,,,,,,,,,chr22_44845752-44871543_cluster3
haploblock:chr22_34882112-34948328_cluster313,haploblock,,,,,,,,,,,chr22_34882112-34948328_cluster313
haploblock:chr22_37355281-37386898_cluster2,haploblock,,,,,,,,,,,chr22_37355281-37386898_cluster2
haploblock:chr22_48149450-48195632_cluster339,haploblock,,,,,,,,,,,chr22_48149450-48195632_cluster339
haploblock:chr22_49138659-49161412_cluster387,haploblock,,,,,,,,,,,chr22_49138659-49161412_cluster387
haploblock:chr22_44166469-44185056_cluster113,haploblock,,,,,,,,,,,chr22_44166469-44185056_cluster113
haploblock:chr22_44185056-44219338_cluster43,haploblock,,,,,,,,,,,chr22_44185056-44219338_cluster43
haploblock:chr22_44423106-44436767_cluster64,haploblock,,,,,,,,,,,chr22_44423106-44436767_cluster64
haploblock:chr22_44791710-44821141_cluster3,haploblock,,,,,,,,,,,chr22_44791710-44821141_cluster3
haploblock:chr22_48105541-48131182_cluster5,haploblock,,,,,,,,,,,chr22_48105541-48131182_cluster5
haploblock:chr22_48131182-48149450_cluster140,haploblock,,,,,,,,,,,chr22_48131182-48149450_cluster140
haploblock:chr22_49333633-49355927_cluster1,haploblock,,,,,,,,,,,chr22_49333633-49355927_cluster1
haploblock:chr22_48748191-48780105_cluster634,haploblock,,,,,,,,,,,chr22_48748191-48780105_cluster634
haploblock:chr22_17510346-17565024_cluster2,haploblock,,,,,,,,,,,chr22_17510346-17565024_cluster2
haploblock:chr22_26644382-26677587_cluster2,haploblock,,,,,,,,,,,chr22_26644382-26677587_cluster2
haploblock:chr22_33259027-33299764_cluster17,haploblock,,,,,,,,,,,chr22_33259027-33299764_cluster17
haploblock:chr22_43076056-43102108_cluster85,haploblock,,,,,,,,,,,chr22_43076056-43102108_cluster85
haploblock:chr22_44395824-44404134_cluster10,haploblock,,,,,,,,,,,chr22_44395824-44404134_cluster10
haploblock:chr22_17311850-17349065_cluster37,haploblock,,,,,,,,,,,chr22_17311850-17349065_cluster37
haploblock:chr22_19959374-19965038_cluster8,haploblock,,,,,,,,,,,chr22_19959374-19965038_cluster8
haploblock:chr22_26270093-26284739_cluster14,haploblock,,,,,,,,,,,chr22_26270093-26284739_cluster14
haploblock:chr22_26293669-26323043_cluster339,haploblock,,,,,,,,,,,chr22_26293669-26323043_cluster339
haploblock:chr22_27795907-27840691_cluster12,haploblock,,,,,,,,,,,chr22_27795907-27840691_cluster12
haploblock:chr22_37241613-37276728_cluster13,haploblock,,,,,,,,,,,chr22_37241613-37276728_cluster13
haploblock:chr22_37416456-37447223_cluster2,haploblock,,,,,,,,,,,chr22_37416456-37447223_cluster2
haploblock:chr22_17463955-17486499_cluster54,haploblock,,,,,,,,,,,chr22_17463955-17486499_cluster54
haploblock:chr22_25755364-25769547_cluster4,haploblock,,,,,,,,,,,chr22_25755364-25769547_cluster4
haploblock:chr22_20988220-21022574_cluster4,haploblock,,,,,,,,,,,chr22_20988220-21022574_cluster4
haploblock:chr22_36863317-36921349_cluster8,haploblock,,,,,,,,,,,chr22_36863317-36921349_cluster8
haploblock:chr22_44491834-44533808_cluster5,haploblock,,,,,,,,,,,chr22_44491834-44533808_cluster5
haploblock:chr22_48424298-48440418_cluster3,haploblock,,,,,,,,,,,chr22_48424298-48440418_cluster3
haploblock:chr22_25266257-25304848_cluster852,haploblock,,,,,,,,,,,chr22_25266257-25304848_cluster852
haploblock:chr22_18059257-18077804_cluster250,haploblock,,,,,,,,,,,chr22_18059257-18077804_cluster250
haploblock:chr22_18948160-18978115_cluster8,haploblock,,,,,,,,,,,chr22_18948160-18978115_cluster8
haploblock:chr22_32431958-32447679_cluster5,haploblock,,,,,,,,,,,chr22_32431958-32447679_cluster5
haploblock:chr22_36527111-36555805_cluster10,haploblock,,,,,,,,,,,chr22_36527111-36555805_cluster10
haploblock:chr22_39577521-39600259_cluster4,haploblock,,,,,,,,,,,chr22_39577521-39600259_cluster4
haploblock:chr22_47963676-47997555_cluster9,haploblock,,,,,,,,,,,chr22_47963676-47997555_cluster9
haploblock:chr22_48616504-48649986_cluster11,haploblock,,,,,,,,,,,chr22_48616504-48649986_cluster11
haploblock:chr22_48807134-48866772_cluster1438,haploblock,,,,,,,,,,,chr22_48807134-48866772_cluster1438
haploblock:chr22_22854292-22879507_cluster204,haploblock,,,,,,,,,,,chr22_22854292-22879507_cluster204
haploblock:chr22_23146855-23241440_cluster489,haploblock,,,,,,,,,,,chr22_23146855-23241440_cluster489
haploblock:chr22_23472786-23489773_cluster19,haploblock,,,,,,,,,,,chr22_23472786-23489773_cluster19
haploblock:chr22_36555805-36582143_cluster5,haploblock,,,,,,,,,,,chr22_36555805-36582143_cluster5
haploblock:chr22_25304848-25417399_cluster854,haploblock,,,,,,,,,,,chr22_25304848-25417399_cluster854
haploblock:chr22_25535613-25688319_cluster896,haploblock,,,,,,,,,,,chr22_25535613-25688319_cluster896
haploblock:chr22_26270093-26284739_cluster2,haploblock,,,,,,,,,,,chr22_26270093-26284739_cluster2
haploblock:chr22_26284739-26293669_cluster60,haploblock,,,,,,,,,,,chr22_26284739-26293669_cluster60
haploblock:chr22_27522596-27552091_cluster310,haploblock,,,,,,,,,,,chr22_27522596-27552091_cluster310
haploblock:chr22_44347315-44365917_cluster1,haploblock,,,,,,,,,,,chr22_44347315-44365917_cluster1
haploblock:chr22_44347315-44365917_cluster468,haploblock,,,,,,,,,,,chr22_44347315-44365917_cluster468
haploblock:chr22_44791710-44821141_cluster902,haploblock,,,,,,,,,,,chr22_44791710-44821141_cluster902
haploblock:chr22_45502117-45521571_cluster332,haploblock,,,,,,,,,,,chr22_45502117-45521571_cluster332
haploblock:chr22_47257518-47285160_cluster392,haploblock,,,,,,,,,,,chr22_47257518-47285160_cluster392
haploblock:chr22_35467079-35492611_cluster10,haploblock,,,,,,,,,,,chr22_35467079-35492611_cluster10
haploblock:chr22_44791710-44821141_cluster6,haploblock,,,,,,,,,,,chr22_44791710-44821141_cluster6
haploblock:chr22_26753805-26783983_cluster4,haploblock,,,,,,,,,,,chr22_26753805-26783983_cluster4
haploblock:chr22_26999263-27009479_cluster24,haploblock,,,,,,,,,,,chr22_26999263-27009479_cluster24
haploblock:chr22_27009479-27020234_cluster319,haploblock,,,,,,,,,,,chr22_27009479-27020234_cluster319
haploblock:chr22_27020234-27031341_cluster1,haploblock,,,,,,,,,,,chr22_27020234-27031341_cluster1
haploblock:chr22_27157084-27166948_cluster7,haploblock,,,,,,,,,,,chr22_27157084-27166948_cluster7
haploblock:chr22_27751201-27774178_cluster191,haploblock,,,,,,,,,,,chr22_27751201-27774178_cluster191
haploblock:chr22_32447679-32461834_cluster4,haploblock,,,,,,,,,,,chr22_32447679-32461834_cluster4
haploblock:chr22_45898320-45931386_cluster383,haploblock,,,,,,,,,,,chr22_45898320-45931386_cluster383
haploblock:chr22_17420471-17463955_cluster210,haploblock,,,,,,,,,,,chr22_17420471-17463955_cluster210
haploblock:chr22_50171475-50227431_cluster180,haploblock,,,,,,,,,,,chr22_50171475-50227431_cluster180
haploblock:chr22_17795362-17851807_cluster24,haploblock,,,,,,,,,,,chr22_17795362-17851807_cluster24
haploblock:chr22_24887942-24898544_cluster3,haploblock,,,,,,,,,,,chr22_24887942-24898544_cluster3
haploblock:chr22_26902257-26914018_cluster6,haploblock,,,,,,,,,,,chr22_26902257-26914018_cluster6
haploblock:chr22_27473414-27500947_cluster11,haploblock,,,,,,,,,,,chr22_27473414-27500947_cluster11
haploblock:chr22_36850905-36863317_cluster4,haploblock,,,,,,,,,,,chr22_36850905-36863317_cluster4
haploblock:chr22_19821351-19886686_cluster9,haploblock,,,,,,,,,,,chr22_19821351-19886686_cluster9
haploblock:chr22_23489773-23507389_cluster7,haploblock,,,,,,,,,,,chr22_23489773-23507389_cluster7
haploblock:chr22_27751201-27774178_cluster10,haploblock,,,,,,,,,,,chr22_27751201-27774178_cluster10
haploblock:chr22_24748945-24813410_cluster148,haploblock,,,,,,,,,,,chr22_24748945-24813410_cluster148
haploblock:chr22_24898544-24977424_cluster835,haploblock,,,,,,,,,,,chr22_24898544-24977424_cluster835
haploblock:chr22_32779763-32844047_cluster10,haploblock,,,,,,,,,,,chr22_32779763-32844047_cluster10
haploblock:chr22_25233065-25249900_cluster9,haploblock,,,,,,,,,,,chr22_25233065-25249900_cluster9
haploblock:chr22_32156952-32181456_cluster6,haploblock,,,,,,,,,,,chr22_32156952-32181456_cluster6
haploblock:chr22_48440418-48460740_cluster584,haploblock,,,,,,,,,,,chr22_48440418-48460740_cluster584
haploblock:chr22_43145214-43176240_cluster2,haploblock,,,,,,,,,,,chr22_43145214-43176240_cluster2
haploblock:chr22_26245115-26270093_cluster3,haploblock,,,,,,,,,,,chr22_26245115-26270093_cluster3
haploblock:chr22_26270093-26284739_cluster112,haploblock,,,,,,,,,,,chr22_26270093-26284739_cluster112
haploblock:chr22_41011161-41082478_cluster3,haploblock,,,,,,,,,,,chr22_41011161-41082478_cluster3
haploblock:chr22_26293669-26323043_cluster67,haploblock,,,,,,,,,,,chr22_26293669-26323043_cluster67
haploblock:chr22_26529987-26549322_cluster66,haploblock,,,,,,,,,,,chr22_26529987-26549322_cluster66
haploblock:chr22_44347315-44365917_cluster9,haploblock,,,,,,,,,,,chr22_44347315-44365917_cluster9
haploblock:chr22_35241710-35335101_cluster54,haploblock,,,,,,,,,,,chr22_35241710-35335101_cluster54
haploblock:chr22_35406206-35467079_cluster327,haploblock,,,,,,,,,,,chr22_35406206-35467079_cluster327
haploblock:chr22_47257518-47285160_cluster63,haploblock,,,,,,,,,,,chr22_47257518-47285160_cluster63
haploblock:chr22_36745061-36798723_cluster26,haploblock,,,,,,,,,,,chr22_36745061-36798723_cluster26
haploblock:chr22_35587972-35647540_cluster9,haploblock,,,,,,,,,,,chr22_35587972-35647540_cluster9
haploblock:chr22_36527111-36555805_cluster241,haploblock,,,,,,,,,,,chr22_36527111-36555805_cluster241
haploblock:chr22_44696863-44709627_cluster14,haploblock,,,,,,,,,,,chr22_44696863-44709627_cluster14
haploblock:chr22_42627529-42680803_cluster56,haploblock,,,,,,,,,,,chr22_42627529-42680803_cluster56
haploblock:chr22_43267728-43304000_cluster209,haploblock,,,,,,,,,,,chr22_43267728-43304000_cluster209
haploblock:chr22_48534407-48551127_cluster10,haploblock,,,,,,,,,,,chr22_48534407-48551127_cluster10
haploblock:chr22_39466336-39545930_cluster63,haploblock,,,,,,,,,,,chr22_39466336-39545930_cluster63
haploblock:chr22_39953483-39980379_cluster4,haploblock,,,,,,,,,,,chr22_39953483-39980379_cluster4
haploblock:chr22_44598588-44603286_cluster3,haploblock,,,,,,,,,,,chr22_44598588-44603286_cluster3
haploblock:chr22_44603286-44615978_cluster3,haploblock,,,,,,,,,,,chr22_44603286-44615978_cluster3
haploblock:chr22_44615978-44644582_cluster635,haploblock,,,,,,,,,,,chr22_44615978-44644582_cluster635
haploblock:chr22_47997555-48049142_cluster160,haploblock,,,,,,,,,,,chr22_47997555-48049142_cluster160
haploblock:chr22_48697982-48748191_cluster583,haploblock,,,,,,,,,,,chr22_48697982-48748191_cluster583
haploblock:chr22_50052721-50171475_cluster30,haploblock,,,,,,,,,,,chr22_50052721-50171475_cluster30
haploblock:chr22_17232488-17244492_cluster53,haploblock,,,,,,,,,,,chr22_17232488-17244492_cluster53
haploblock:chr22_20595442-20612877_cluster8,haploblock,,,,,,,,,,,chr22_20595442-20612877_cluster8
haploblock:chr22_26293669-26323043_cluster4,haploblock,,,,,,,,,,,chr22_26293669-26323043_cluster4
haploblock:chr22_17257431-17286047_cluster44,haploblock,,,,,,,,,,,chr22_17257431-17286047_cluster44
haploblock:chr22_23290478-23355114_cluster3,haploblock,,,,,,,,,,,chr22_23290478-23355114_cluster3
haploblock:chr22_23591838-23607557_cluster3,haploblock,,,,,,,,,,,chr22_23591838-23607557_cluster3
haploblock:chr22_25876277-25884349_cluster15,haploblock,,,,,,,,,,,chr22_25876277-25884349_cluster15
haploblock:chr22_30757175-30858788_cluster8,haploblock,,,,,,,,,,,chr22_30757175-30858788_cluster8
haploblock:chr22_45275462-45289532_cluster10,haploblock,,,,,,,,,,,chr22_45275462-45289532_cluster10
haploblock:chr22_19886686-19925060_cluster16,haploblock,,,,,,,,,,,chr22_19886686-19925060_cluster16
haploblock:chr22_33540489-33571700_cluster17,haploblock,,,,,,,,,,,chr22_33540489-33571700_cluster17
haploblock:chr22_38345691-38468508_cluster11,haploblock,,,,,,,,,,,chr22_38345691-38468508_cluster11
haploblock:chr22_49492624-49517573_cluster48,haploblock,,,,,,,,,,,chr22_49492624-49517573_cluster48
haploblock:chr22_23751602-23766514_cluster6,haploblock,,,,,,,,,,,chr22_23751602-23766514_cluster6
haploblock:chr22_23896670-23919857_cluster4,haploblock,,,,,,,,,,,chr22_23896670-23919857_cluster4
haploblock:chr22_44791710-44821141_cluster4,haploblock,,,,,,,,,,,chr22_44791710-44821141_cluster4
haploblock:chr22_45102024-45131462_cluster58,haploblock,,,,,,,,,,,chr22_45102024-45131462_cluster58
haploblock:chr22_31042595-31137239_cluster951,haploblock,,,,,,,,,,,chr22_31042595-31137239_cluster951
haploblock:chr22_39233324-39262537_cluster7,haploblock,,,,,,,,,,,chr22_39233324-39262537_cluster7
haploblock:chr22_39953483-39980379_cluster3,haploblock,,,,,,,,,,,chr22_39953483-39980379_cluster3
haploblock:chr22_47257518-47285160_cluster13,haploblock,,,,,,,,,,,chr22_47257518-47285160_cluster13
haploblock:chr22_46974137-47051453_cluster90,haploblock,,,,,,,,,,,chr22_46974137-47051453_cluster90
haploblock:chr22_49517573-49534275_cluster15,haploblock,,,,,,,,,,,chr22_49517573-49534275_cluster15
haploblock:chr22_24977424-25019754_cluster30,haploblock,,,,,,,,,,,chr22_24977424-25019754_cluster30
haploblock:chr22_44051606-44076464_cluster6,haploblock,,,,,,,,,,,chr22_44051606-44076464_cluster6
haploblock:chr22_49241707-49262630_cluster50,haploblock,,,,,,,,,,,chr22_49241707-49262630_cluster50
haploblock:chr22_25266257-25304848_cluster501,haploblock,,,,,,,,,,,chr22_25266257-25304848_cluster501
haploblock:chr22_46090628-46101290_cluster11,haploblock,,,,,,,,,,,chr22_46090628-46101290_cluster11
haploblock:chr22_25984066-26024448_cluster616,haploblock,,,,,,,,,,,chr22_25984066-26024448_cluster616
haploblock:chr22_49408121-49430759_cluster42,haploblock,,,,,,,,,,,chr22_49408121-49430759_cluster42
haploblock:chr22_39262537-39359979_cluster26,haploblock,,,,,,,,,,,chr22_39262537-39359979_cluster26
haploblock:chr22_32181456-32241161_cluster19,haploblock,,,,,,,,,,,chr22_32181456-32241161_cluster19
haploblock:chr22_45861015-45898320_cluster2,haploblock,,,,,,,,,,,chr22_45861015-45898320_cluster2
haploblock:chr22_35335101-35360016_cluster7,haploblock,,,,,,,,,,,chr22_35335101-35360016_cluster7
haploblock:chr22_35467079-35492611_cluster223,haploblock,,,,,,,,,,,chr22_35467079-35492611_cluster223
haploblock:chr22_38284355-38316189_cluster63,haploblock,,,,,,,,,,,chr22_38284355-38316189_cluster63
haploblock:chr22_44845752-44871543_cluster11,haploblock,,,,,,,,,,,chr22_44845752-44871543_cluster11
haploblock:chr22_44423106-44436767_cluster21,haploblock,,,,,,,,,,,chr22_44423106-44436767_cluster21
haploblock:chr22_46519724-46531483_cluster2,haploblock,,,,,,,,,,,chr22_46519724-46531483_cluster2
haploblock:chr22_48616504-48649986_cluster371,haploblock,,,,,,,,,,,chr22_48616504-48649986_cluster371
haploblock:chr22_48649986-48666756_cluster11,haploblock,,,,,,,,,,,chr22_48649986-48666756_cluster11
haploblock:chr22_17257431-17286047_cluster45,haploblock,,,,,,,,,,,chr22_17257431-17286047_cluster45
haploblock:chr22_17311850-17349065_cluster1330,haploblock,,,,,,,,,,,chr22_17311850-17349065_cluster1330
haploblock:chr22_17349065-17382179_cluster11,haploblock,,,,,,,,,,,chr22_17349065-17382179_cluster11
haploblock:chr22_17420471-17463955_cluster4,haploblock,,,,,,,,,,,chr22_17420471-17463955_cluster4
haploblock:chr22_17779751-17795362_cluster5,haploblock,,,,,,,,,,,chr22_17779751-17795362_cluster5
haploblock:chr22_17382179-17414153_cluster2,haploblock,,,,,,,,,,,chr22_17382179-17414153_cluster2
haploblock:chr22_23241440-23290478_cluster68,haploblock,,,,,,,,,,,chr22_23241440-23290478_cluster68
haploblock:chr22_45461240-45480586_cluster21,haploblock,,,,,,,,,,,chr22_45461240-45480586_cluster21
haploblock:chr22_22004012-22039828_cluster20,haploblock,,,,,,,,,,,chr22_22004012-22039828_cluster20
haploblock:chr22_44491834-44533808_cluster4,haploblock,,,,,,,,,,,chr22_44491834-44533808_cluster4
haploblock:chr22_47997555-48049142_cluster99,haploblock,,,,,,,,,,,chr22_47997555-48049142_cluster99
haploblock:chr22_20290948-20320756_cluster3,haploblock,,,,,,,,,,,chr22_20290948-20320756_cluster3
haploblock:chr22_20639180-20664837_cluster2,haploblock,,,,,,,,,,,chr22_20639180-20664837_cluster2
haploblock:chr22_20664837-20899293_cluster2,haploblock,,,,,,,,,,,chr22_20664837-20899293_cluster2
haploblock:chr22_37355281-37386898_cluster60,haploblock,,,,,,,,,,,chr22_37355281-37386898_cluster60
haploblock:chr22_48697982-48748191_cluster18,haploblock,,,,,,,,,,,chr22_48697982-48748191_cluster18
haploblock:chr22_22423583-22524402_cluster187,haploblock,,,,,,,,,,,chr22_22423583-22524402_cluster187
haploblock:chr22_22810398-22854292_cluster38,haploblock,,,,,,,,,,,chr22_22810398-22854292_cluster38
haploblock:chr22_22854292-22879507_cluster21,haploblock,,,,,,,,,,,chr22_22854292-22879507_cluster21
haploblock:chr22_23355114-23374984_cluster15,haploblock,,,,,,,,,,,chr22_23355114-23374984_cluster15
haploblock:chr22_23416457-23472786_cluster395,haploblock,,,,,,,,,,,chr22_23416457-23472786_cluster395
haploblock:chr22_30218448-30274592_cluster222,haploblock,,,,,,,,,,,chr22_30218448-30274592_cluster222
haploblock:chr22_45521571-45546494_cluster6,haploblock,,,,,,,,,,,chr22_45521571-45546494_cluster6
haploblock:chr22_23374984-23416457_cluster10,haploblock,,,,,,,,,,,chr22_23374984-23416457_cluster10
haploblock:chr22_48616504-48649986_cluster296,haploblock,,,,,,,,,,,chr22_48616504-48649986_cluster296
haploblock:chr22_48666756-48674907_cluster5,haploblock,,,,,,,,,,,chr22_48666756-48674907_cluster5
haploblock:chr22_26060666-26071416_cluster23,haploblock,,,,,,,,,,,chr22_26060666-26071416_cluster23
haploblock:chr22_26284739-26293669_cluster5,haploblock,,,,,,,,,,,chr22_26284739-26293669_cluster5
haploblock:chr22_27259943-27267287_cluster6,haploblock,,,,,,,,,,,chr22_27259943-27267287_cluster6
haploblock:chr22_43304000-43349923_cluster729,haploblock,,,,,,,,,,,chr22_43304000-43349923_cluster729
haploblock:chr22_37355281-37386898_cluster3,haploblock,,,,,,,,,,,chr22_37355281-37386898_cluster3
haploblock:chr22_40682469-40816704_cluster3,haploblock,,,,,,,,,,,chr22_40682469-40816704_cluster3
haploblock:chr22_46493826-46509245_cluster6,haploblock,,,,,,,,,,,chr22_46493826-46509245_cluster6
haploblock:chr22_46739093-46762438_cluster2,haploblock,,,,,,,,,,,chr22_46739093-46762438_cluster2
haploblock:chr22_45461240-45480586_cluster92,haploblock,,,,,,,,,,,chr22_45461240-45480586_cluster92
haploblock:chr22_42375220-42434570_cluster65,haploblock,,,,,,,,,,,chr22_42375220-42434570_cluster65
haploblock:chr22_42434570-42475676_cluster608,haploblock,,,,,,,,,,,chr22_42434570-42475676_cluster608
haploblock:chr22_43219862-43239201_cluster21,haploblock,,,,,,,,,,,chr22_43219862-43239201_cluster21
haploblock:chr22_43239201-43251410_cluster4,haploblock,,,,,,,,,,,chr22_43239201-43251410_cluster4
haploblock:chr22_43267728-43304000_cluster225,haploblock,,,,,,,,,,,chr22_43267728-43304000_cluster225
haploblock:chr22_44263132-44288496_cluster23,haploblock,,,,,,,,,,,chr22_44263132-44288496_cluster23
haploblock:chr22_44288496-44303006_cluster428,haploblock,,,,,,,,,,,chr22_44288496-44303006_cluster428
haploblock:chr22_45047275-45061875_cluster505,haploblock,,,,,,,,,,,chr22_45047275-45061875_cluster505
haploblock:chr22_46116729-46176998_cluster41,haploblock,,,,,,,,,,,chr22_46116729-46176998_cluster41
haploblock:chr22_45061875-45076203_cluster49,haploblock,,,,,,,,,,,chr22_45061875-45076203_cluster49
haploblock:chr22_47875259-47891202_cluster61,haploblock,,,,,,,,,,,chr22_47875259-47891202_cluster61
haploblock:chr22_47625237-47669224_cluster10,haploblock,,,,,,,,,,,chr22_47625237-47669224_cluster10
haploblock:chr22_47669224-47736510_cluster178,haploblock,,,,,,,,,,,chr22_47669224-47736510_cluster178
haploblock:chr22_47736510-47795000_cluster56,haploblock,,,,,,,,,,,chr22_47736510-47795000_cluster56
haploblock:chr22_49675891-49715343_cluster73,haploblock,,,,,,,,,,,chr22_49675891-49715343_cluster73
haploblock:chr22_17349065-17382179_cluster17,haploblock,,,,,,,,,,,chr22_17349065-17382179_cluster17
haploblock:chr22_17382179-17414153_cluster90,haploblock,,,,,,,,,,,chr22_17382179-17414153_cluster90
haploblock:chr22_17420471-17463955_cluster355,haploblock,,,,,,,,,,,chr22_17420471-17463955_cluster355
haploblock:chr22_17795362-17851807_cluster45,haploblock,,,,,,,,,,,chr22_17795362-17851807_cluster45
haploblock:chr22_19821351-19886686_cluster42,haploblock,,,,,,,,,,,chr22_19821351-19886686_cluster42
haploblock:chr22_25218191-25233065_cluster86,haploblock,,,,,,,,,,,chr22_25218191-25233065_cluster86
haploblock:chr22_30218448-30274592_cluster5,haploblock,,,,,,,,,,,chr22_30218448-30274592_cluster5
haploblock:chr22_43145214-43176240_cluster7,haploblock,,,,,,,,,,,chr22_43145214-43176240_cluster7
haploblock:chr22_47875259-47891202_cluster20,haploblock,,,,,,,,,,,chr22_47875259-47891202_cluster20
haploblock:chr22_22306953-22344671_cluster3,haploblock,,,,,,,,,,,chr22_22306953-22344671_cluster3
haploblock:chr22_47599748-47625237_cluster2,haploblock,,,,,,,,,,,chr22_47599748-47625237_cluster2
haploblock:chr22_22854292-22879507_cluster70,haploblock,,,,,,,,,,,chr22_22854292-22879507_cluster70
haploblock:chr22_23355114-23374984_cluster14,haploblock,,,,,,,,,,,chr22_23355114-23374984_cluster14
haploblock:chr22_34882112-34948328_cluster47,haploblock,,,,,,,,,,,chr22_34882112-34948328_cluster47
haploblock:chr22_44644582-44670538_cluster6,haploblock,,,,,,,,,,,chr22_44644582-44670538_cluster6
haploblock:chr22_46224519-46249251_cluster6,haploblock,,,,,,,,,,,chr22_46224519-46249251_cluster6
haploblock:chr22_49715343-49726702_cluster429,haploblock,,,,,,,,,,,chr22_49715343-49726702_cluster429
haploblock:chr22_19608021-19623032_cluster6,haploblock,,,,,,,,,,,chr22_19608021-19623032_cluster6
haploblock:chr22_19623032-19641214_cluster184,haploblock,,,,,,,,,,,chr22_19623032-19641214_cluster184
haploblock:chr22_19821351-19886686_cluster1,haploblock,,,,,,,,,,,chr22_19821351-19886686_cluster1
haploblock:chr22_19886686-19925060_cluster25,haploblock,,,,,,,,,,,chr22_19886686-19925060_cluster25
haploblock:chr22_21022574-21062587_cluster133,haploblock,,,,,,,,,,,chr22_21022574-21062587_cluster133
haploblock:chr22_36745061-36798723_cluster27,haploblock,,,,,,,,,,,chr22_36745061-36798723_cluster27
haploblock:chr22_21868030-22004012_cluster15,haploblock,,,,,,,,,,,chr22_21868030-22004012_cluster15
haploblock:chr22_33299764-33359267_cluster60,haploblock,,,,,,,,,,,chr22_33299764-33359267_cluster60
haploblock:chr22_22004012-22039828_cluster18,haploblock,,,,,,,,,,,chr22_22004012-22039828_cluster18
haploblock:chr22_22039828-22047705_cluster10,haploblock,,,,,,,,,,,chr22_22039828-22047705_cluster10
haploblock:chr22_32181456-32241161_cluster8,haploblock,,,,,,,,,,,chr22_32181456-32241161_cluster8
haploblock:chr22_34099461-34121170_cluster3,haploblock,,,,,,,,,,,chr22_34099461-34121170_cluster3
haploblock:chr22_37027101-37075250_cluster3,haploblock,,,,,,,,,,,chr22_37027101-37075250_cluster3
haploblock:chr22_25019754-25066667_cluster1,haploblock,,,,,,,,,,,chr22_25019754-25066667_cluster1
haploblock:chr22_39123775-39179317_cluster189,haploblock,,,,,,,,,,,chr22_39123775-39179317_cluster189
haploblock:chr22_34882112-34948328_cluster16,haploblock,,,,,,,,,,,chr22_34882112-34948328_cluster16
haploblock:chr22_26270093-26284739_cluster12,haploblock,,,,,,,,,,,chr22_26270093-26284739_cluster12
haploblock:chr22_26284739-26293669_cluster2,haploblock,,,,,,,,,,,chr22_26284739-26293669_cluster2
haploblock:chr22_26270093-26284739_cluster9,haploblock,,,,,,,,,,,chr22_26270093-26284739_cluster9
haploblock:chr22_33571700-33628113_cluster6,haploblock,,,,,,,,,,,chr22_33571700-33628113_cluster6
haploblock:chr22_37075250-37101553_cluster11,haploblock,,,,,,,,,,,chr22_37075250-37101553_cluster11
haploblock:chr22_26677587-26720644_cluster1,haploblock,,,,,,,,,,,chr22_26677587-26720644_cluster1
haploblock:chr22_42434570-42475676_cluster289,haploblock,,,,,,,,,,,chr22_42434570-42475676_cluster289
haploblock:chr22_49241707-49262630_cluster41,haploblock,,,,,,,,,,,chr22_49241707-49262630_cluster41
haploblock:chr22_49517573-49534275_cluster4,haploblock,,,,,,,,,,,chr22_49517573-49534275_cluster4
haploblock:chr22_27259943-27267287_cluster217,haploblock,,,,,,,,,,,chr22_27259943-27267287_cluster217
haploblock:chr22_44992621-45023023_cluster5,haploblock,,,,,,,,,,,chr22_44992621-45023023_cluster5
haploblock:chr22_27574483-27606491_cluster7,haploblock,,,,,,,,,,,chr22_27574483-27606491_cluster7
haploblock:chr22_27606491-27631167_cluster3,haploblock,,,,,,,,,,,chr22_27606491-27631167_cluster3
haploblock:chr22_44761333-44772968_cluster8,haploblock,,,,,,,,,,,chr22_44761333-44772968_cluster8
haploblock:chr22_36527111-36555805_cluster480,haploblock,,,,,,,,,,,chr22_36527111-36555805_cluster480
haploblock:chr22_43219862-43239201_cluster2,haploblock,,,,,,,,,,,chr22_43219862-43239201_cluster2
haploblock:chr22_44127670-44156872_cluster3,haploblock,,,,,,,,,,,chr22_44127670-44156872_cluster3
haploblock:chr22_49138659-49161412_cluster11,haploblock,,,,,,,,,,,chr22_49138659-49161412_cluster11
haploblock:chr22_43239201-43251410_cluster28,haploblock,,,,,,,,,,,chr22_43239201-43251410_cluster28
haploblock:chr22_44051606-44076464_cluster8,haploblock,,,,,,,,,,,chr22_44051606-44076464_cluster8
haploblock:chr22_44325913-44347315_cluster115,haploblock,,,,,,,,,,,chr22_44325913-44347315_cluster115
haploblock:chr22_44533808-44558955_cluster390,haploblock,,,,,,,,,,,chr22_44533808-44558955_cluster390
haploblock:chr22_49715343-49726702_cluster5,haploblock,,,,,,,,,,,chr22_49715343-49726702_cluster5
haploblock:chr22_46249251-46375373_cluster237,haploblock,,,,,,,,,,,chr22_46249251-46375373_cluster237
haploblock:chr22_46198741-46224519_cluster2,haploblock,,,,,,,,,,,chr22_46198741-46224519_cluster2
haploblock:chr22_49430759-49446708_cluster5,haploblock,,,,,,,,,,,chr22_49430759-49446708_cluster5
haploblock:chr22_47795000-47815791_cluster32,haploblock,,,,,,,,,,,chr22_47795000-47815791_cluster32
haploblock:chr22_50171475-50227431_cluster26,haploblock,,,,,,,,,,,chr22_50171475-50227431_cluster26
haploblock:chr22_17244492-17257431_cluster19,haploblock,,,,,,,,,,,chr22_17244492-17257431_cluster19
haploblock:chr22_47963676-47997555_cluster14,haploblock,,,,,,,,,,,chr22_47963676-47997555_cluster14
haploblock:chr22_17795362-17851807_cluster956,haploblock,,,,,,,,,,,chr22_17795362-17851807_cluster956
haploblock:chr22_46438932-46457205_cluster84,haploblock,,,,,,,,,,,chr22_46438932-46457205_cluster84
haploblock:chr22_20320756-20367930_cluster68,haploblock,,,,,,,,,,,chr22_20320756-20367930_cluster68
haploblock:chr22_38345691-38468508_cluster33,haploblock,,,,,,,,,,,chr22_38345691-38468508_cluster33
haploblock:chr22_42434570-42475676_cluster99,haploblock,,,,,,,,,,,chr22_42434570-42475676_cluster99
haploblock:chr22_43429411-43471880_cluster88,haploblock,,,,,,,,,,,chr22_43429411-43471880_cluster88
haploblock:chr22_20205063-20229336_cluster1,haploblock,,,,,,,,,,,chr22_20205063-20229336_cluster1
haploblock:chr22_25755364-25769547_cluster2,haploblock,,,,,,,,,,,chr22_25755364-25769547_cluster2
haploblock:chr22_26549322-26578207_cluster14,haploblock,,,,,,,,,,,chr22_26549322-26578207_cluster14
haploblock:chr22_34403531-34464592_cluster11,haploblock,,,,,,,,,,,chr22_34403531-34464592_cluster11
haploblock:chr22_36527111-36555805_cluster38,haploblock,,,,,,,,,,,chr22_36527111-36555805_cluster38
haploblock:chr22_45611743-45746785_cluster26,haploblock,,,,,,,,,,,chr22_45611743-45746785_cluster26
haploblock:chr22_48983254-49024317_cluster215,haploblock,,,,,,,,,,,chr22_48983254-49024317_cluster215
haploblock:chr22_49310363-49333633_cluster10,haploblock,,,,,,,,,,,chr22_49310363-49333633_cluster10
haploblock:chr22_49492624-49517573_cluster22,haploblock,,,,,,,,,,,chr22_49492624-49517573_cluster22
haploblock:chr22_33259027-33299764_cluster4,haploblock,,,,,,,,,,,chr22_33259027-33299764_cluster4
haploblock:chr22_45861015-45898320_cluster1,haploblock,,,,,,,,,,,chr22_45861015-45898320_cluster1
haploblock:chr22_27061731-27091280_cluster503,haploblock,,,,,,,,,,,chr22_27061731-27091280_cluster503
haploblock:chr22_46418842-46438932_cluster52,haploblock,,,,,,,,,,,chr22_46418842-46438932_cluster52
haploblock:chr22_22047705-22083318_cluster8,haploblock,,,,,,,,,,,chr22_22047705-22083318_cluster8
haploblock:chr22_26970187-26999263_cluster90,haploblock,,,,,,,,,,,chr22_26970187-26999263_cluster90
haploblock:chr22_27166948-27240185_cluster1608,haploblock,,,,,,,,,,,chr22_27166948-27240185_cluster1608
haploblock:chr22_36318590-36352948_cluster5,haploblock,,,,,,,,,,,chr22_36318590-36352948_cluster5
haploblock:chr22_25953967-25984066_cluster1,haploblock,,,,,,,,,,,chr22_25953967-25984066_cluster1
haploblock:chr22_25984066-26024448_cluster453,haploblock,,,,,,,,,,,chr22_25984066-26024448_cluster453
haploblock:chr22_27751201-27774178_cluster6,haploblock,,,,,,,,,,,chr22_27751201-27774178_cluster6
haploblock:chr22_37447223-37510682_cluster326,haploblock,,,,,,,,,,,chr22_37447223-37510682_cluster326
haploblock:chr22_49408121-49430759_cluster32,haploblock,,,,,,,,,,,chr22_49408121-49430759_cluster32
haploblock:chr22_37124185-37147116_cluster13,haploblock,,,,,,,,,,,chr22_37124185-37147116_cluster13
haploblock:chr22_33044905-33086126_cluster5,haploblock,,,,,,,,,,,chr22_33044905-33086126_cluster5
haploblock:chr22_33827023-33873503_cluster9,haploblock,,,,,,,,,,,chr22_33827023-33873503_cluster9
haploblock:chr22_34975718-35004794_cluster4,haploblock,,,,,,,,,,,chr22_34975718-35004794_cluster4
haploblock:chr22_40132216-40418590_cluster295,haploblock,,,,,,,,,,,chr22_40132216-40418590_cluster295
haploblock:chr22_42375220-42434570_cluster89,haploblock,,,,,,,,,,,chr22_42375220-42434570_cluster89
haploblock:chr22_43102108-43121899_cluster35,haploblock,,,,,,,,,,,chr22_43102108-43121899_cluster35
haploblock:chr22_44166469-44185056_cluster51,haploblock,,,,,,,,,,,chr22_44166469-44185056_cluster51
haploblock:chr22_42434570-42475676_cluster2,haploblock,,,,,,,,,,,chr22_42434570-42475676_cluster2
haploblock:chr22_44263132-44288496_cluster46,haploblock,,,,,,,,,,,chr22_44263132-44288496_cluster46
haploblock:chr22_44696863-44709627_cluster3,haploblock,,,,,,,,,,,chr22_44696863-44709627_cluster3
haploblock:chr22_48280360-48299933_cluster223,haploblock,,,,,,,,,,,chr22_48280360-48299933_cluster223
haploblock:chr22_48131182-48149450_cluster13,haploblock,,,,,,,,,,,chr22_48131182-48149450_cluster13
haploblock:chr22_48256183-48280360_cluster10,haploblock,,,,,,,,,,,chr22_48256183-48280360_cluster10
haploblock:chr22_17099658-17118145_cluster101,haploblock,,,,,,,,,,,chr22_17099658-17118145_cluster101
haploblock:chr22_44022564-44051606_cluster16,haploblock,,,,,,,,,,,chr22_44022564-44051606_cluster16
haploblock:chr22_17257431-17286047_cluster110,haploblock,,,,,,,,,,,chr22_17257431-17286047_cluster110
haploblock:chr22_22004012-22039828_cluster17,haploblock,,,,,,,,,,,chr22_22004012-22039828_cluster17
haploblock:chr22_26396610-26414516_cluster5,haploblock,,,,,,,,,,,chr22_26396610-26414516_cluster5
haploblock:chr22_17382179-17414153_cluster23,haploblock,,,,,,,,,,,chr22_17382179-17414153_cluster23
haploblock:chr22_27606491-27631167_cluster5,haploblock,,,,,,,,,,,chr22_27606491-27631167_cluster5
haploblock:chr22_32156952-32181456_cluster28,haploblock,,,,,,,,,,,chr22_32156952-32181456_cluster28
haploblock:chr22_44127670-44156872_cluster94,haploblock,,,,,,,,,,,chr22_44127670-44156872_cluster94
haploblock:chr22_44772968-44791710_cluster1,haploblock,,,,,,,,,,,chr22_44772968-44791710_cluster1
haploblock:chr22_48440418-48460740_cluster51,haploblock,,,,,,,,,,,chr22_48440418-48460740_cluster51
haploblock:chr22_48866772-48889773_cluster103,haploblock,,,,,,,,,,,chr22_48866772-48889773_cluster103
haploblock:chr22_17795362-17851807_cluster243,haploblock,,,,,,,,,,,chr22_17795362-17851807_cluster243
haploblock:chr22_20961195-20968216_cluster13,haploblock,,,,,,,,,,,chr22_20961195-20968216_cluster13
haploblock:chr22_47795000-47815791_cluster148,haploblock,,,,,,,,,,,chr22_47795000-47815791_cluster148
haploblock:chr22_47150007-47171844_cluster11,haploblock,,,,,,,,,,,chr22_47150007-47171844_cluster11
haploblock:chr22_24495387-24587296_cluster10,haploblock,,,,,,,,,,,chr22_24495387-24587296_cluster10
haploblock:chr22_30473070-30559334_cluster1,haploblock,,,,,,,,,,,chr22_30473070-30559334_cluster1
haploblock:chr22_30874551-31042595_cluster32,haploblock,,,,,,,,,,,chr22_30874551-31042595_cluster32
haploblock:chr22_36208559-36238986_cluster1,haploblock,,,,,,,,,,,chr22_36208559-36238986_cluster1
haploblock:chr22_36527111-36555805_cluster68,haploblock,,,,,,,,,,,chr22_36527111-36555805_cluster68
haploblock:chr22_42434570-42475676_cluster3,haploblock,,,,,,,,,,,chr22_42434570-42475676_cluster3
haploblock:chr22_43076056-43102108_cluster49,haploblock,,,,,,,,,,,chr22_43076056-43102108_cluster49
haploblock:chr22_48149450-48195632_cluster267,haploblock,,,,,,,,,,,chr22_48149450-48195632_cluster267
haploblock:chr22_48962941-48975351_cluster30,haploblock,,,,,,,,,,,chr22_48962941-48975351_cluster30
haploblock:chr22_49138659-49161412_cluster17,haploblock,,,,,,,,,,,chr22_49138659-49161412_cluster17
haploblock:chr22_49446708-49455747_cluster43,haploblock,,,,,,,,,,,chr22_49446708-49455747_cluster43
haploblock:chr22_49675891-49715343_cluster4,haploblock,,,,,,,,,,,chr22_49675891-49715343_cluster4
haploblock:chr22_24898544-24977424_cluster25,haploblock,,,,,,,,,,,chr22_24898544-24977424_cluster25
haploblock:chr22_36060254-36137894_cluster28,haploblock,,,,,,,,,,,chr22_36060254-36137894_cluster28
haploblock:chr22_49241707-49262630_cluster44,haploblock,,,,,,,,,,,chr22_49241707-49262630_cluster44
haploblock:chr22_47997555-48049142_cluster13,haploblock,,,,,,,,,,,chr22_47997555-48049142_cluster13
haploblock:chr22_49430759-49446708_cluster55,haploblock,,,,,,,,,,,chr22_49430759-49446708_cluster55
haploblock:chr22_26884663-26902257_cluster32,haploblock,,,,,,,,,,,chr22_26884663-26902257_cluster32
haploblock:chr22_27473414-27500947_cluster16,haploblock,,,,,,,,,,,chr22_27473414-27500947_cluster16
haploblock:chr22_30559334-30585088_cluster39,haploblock,,,,,,,,,,,chr22_30559334-30585088_cluster39
haploblock:chr22_34007359-34099461_cluster61,haploblock,,,,,,,,,,,chr22_34007359-34099461_cluster61
haploblock:chr22_31942200-32156952_cluster432,haploblock,,,,,,,,,,,chr22_31942200-32156952_cluster432
haploblock:chr22_32272540-32332036_cluster4,haploblock,,,,,,,,,,,chr22_32272540-32332036_cluster4
haploblock:chr22_36630948-36681598_cluster6,haploblock,,,,,,,,,,,chr22_36630948-36681598_cluster6
haploblock:chr22_36745061-36798723_cluster73,haploblock,,,,,,,,,,,chr22_36745061-36798723_cluster73
haploblock:chr22_45023023-45047275_cluster1,haploblock,,,,,,,,,,,chr22_45023023-45047275_cluster1
haploblock:chr22_49241707-49262630_cluster3,haploblock,,,,,,,,,,,chr22_49241707-49262630_cluster3
haploblock:chr22_48687200-48697982_cluster417,haploblock,,,,,,,,,,,chr22_48687200-48697982_cluster417
haploblock:chr22_49492624-49517573_cluster47,haploblock,,,,,,,,,,,chr22_49492624-49517573_cluster47
haploblock:chr22_17779751-17795362_cluster25,haploblock,,,,,,,,,,,chr22_17779751-17795362_cluster25
haploblock:chr22_19773105-19821351_cluster36,haploblock,,,,,,,,,,,chr22_19773105-19821351_cluster36
haploblock:chr22_19821351-19886686_cluster43,haploblock,,,,,,,,,,,chr22_19821351-19886686_cluster43
haploblock:chr22_20414601-20501410_cluster113,haploblock,,,,,,,,,,,chr22_20414601-20501410_cluster113
haploblock:chr22_44307622-44325913_cluster182,haploblock,,,,,,,,,,,chr22_44307622-44325913_cluster182
haploblock:chr22_26884663-26902257_cluster6,haploblock,,,,,,,,,,,chr22_26884663-26902257_cluster6
haploblock:chr22_19641214-19652459_cluster4,haploblock,,,,,,,,,,,chr22_19641214-19652459_cluster4
haploblock:chr22_27299096-27335333_cluster1,haploblock,,,,,,,,,,,chr22_27299096-27335333_cluster1
haploblock:chr22_32779763-32844047_cluster5,haploblock,,,,,,,,,,,chr22_32779763-32844047_cluster5
haploblock:chr22_33540489-33571700_cluster187,haploblock,,,,,,,,,,,chr22_33540489-33571700_cluster187
haploblock:chr22_35241710-35335101_cluster343,haploblock,,,,,,,,,,,chr22_35241710-35335101_cluster343
haploblock:chr22_36527111-36555805_cluster8,haploblock,,,,,,,,,,,chr22_36527111-36555805_cluster8
haploblock:chr22_39123775-39179317_cluster216,haploblock,,,,,,,,,,,chr22_39123775-39179317_cluster216
haploblock:chr22_39980379-40032702_cluster10,haploblock,,,,,,,,,,,chr22_39980379-40032702_cluster10
haploblock:chr22_48299933-48318300_cluster12,haploblock,,,,,,,,,,,chr22_48299933-48318300_cluster12
haploblock:chr22_19623032-19641214_cluster8,haploblock,,,,,,,,,,,chr22_19623032-19641214_cluster8
haploblock:chr22_19699265-19729797_cluster4,haploblock,,,,,,,,,,,chr22_19699265-19729797_cluster4
haploblock:chr22_25218191-25233065_cluster3,haploblock,,,,,,,,,,,chr22_25218191-25233065_cluster3
haploblock:chr22_49241707-49262630_cluster341,haploblock,,,,,,,,,,,chr22_49241707-49262630_cluster341
haploblock:chr22_25019754-25066667_cluster38,haploblock,,,,,,,,,,,chr22_25019754-25066667_cluster38
haploblock:chr22_34589089-34743749_cluster3,haploblock,,,,,,,,,,,chr22_34589089-34743749_cluster3
haploblock:chr22_22854292-22879507_cluster1,haploblock,,,,,,,,,,,chr22_22854292-22879507_cluster1
haploblock:chr22_45502117-45521571_cluster15,haploblock,,,,,,,,,,,chr22_45502117-45521571_cluster15
haploblock:chr22_32156952-32181456_cluster5,haploblock,,,,,,,,,,,chr22_32156952-32181456_cluster5
haploblock:chr22_44791710-44821141_cluster29,haploblock,,,,,,,,,,,chr22_44791710-44821141_cluster29
haploblock:chr22_50171475-50227431_cluster196,haploblock,,,,,,,,,,,chr22_50171475-50227431_cluster196
haploblock:chr22_47875259-47891202_cluster4,haploblock,,,,,,,,,,,chr22_47875259-47891202_cluster4
haploblock:chr22_25953967-25984066_cluster14,haploblock,,,,,,,,,,,chr22_25953967-25984066_cluster14
haploblock:chr22_47257518-47285160_cluster34,haploblock,,,,,,,,,,,chr22_47257518-47285160_cluster34
haploblock:chr22_27631167-27642389_cluster168,haploblock,,,,,,,,,,,chr22_27631167-27642389_cluster168
haploblock:chr22_32987578-33044905_cluster55,haploblock,,,,,,,,,,,chr22_32987578-33044905_cluster55
haploblock:chr22_33628113-33670860_cluster43,haploblock,,,,,,,,,,,chr22_33628113-33670860_cluster43
haploblock:chr22_47963676-47997555_cluster2,haploblock,,,,,,,,,,,chr22_47963676-47997555_cluster2
haploblock:chr22_44005142-44022564_cluster231,haploblock,,,,,,,,,,,chr22_44005142-44022564_cluster231
haploblock:chr22_26644382-26677587_cluster4,haploblock,,,,,,,,,,,chr22_26644382-26677587_cluster4
haploblock:chr22_35647540-35695363_cluster47,haploblock,,,,,,,,,,,chr22_35647540-35695363_cluster47
haploblock:chr22_17510346-17565024_cluster181,haploblock,,,,,,,,,,,chr22_17510346-17565024_cluster181
haploblock:chr22_39013374-39091660_cluster66,haploblock,,,,,,,,,,,chr22_39013374-39091660_cluster66
haploblock:chr22_17851807-17897315_cluster2,haploblock,,,,,,,,,,,chr22_17851807-17897315_cluster2
haploblock:chr22_49715343-49726702_cluster28,haploblock,,,,,,,,,,,chr22_49715343-49726702_cluster28
haploblock:chr22_19652459-19674207_cluster87,haploblock,,,,,,,,,,,chr22_19652459-19674207_cluster87
haploblock:chr22_21868030-22004012_cluster99,haploblock,,,,,,,,,,,chr22_21868030-22004012_cluster99
haploblock:chr22_25019754-25066667_cluster142,haploblock,,,,,,,,,,,chr22_25019754-25066667_cluster142
haploblock:chr22_44992621-45023023_cluster3,haploblock,,,,,,,,,,,chr22_44992621-45023023_cluster3
haploblock:chr22_48697982-48748191_cluster173,haploblock,,,,,,,,,,,chr22_48697982-48748191_cluster173
haploblock:chr22_24748945-24813410_cluster2,haploblock,,,,,,,,,,,chr22_24748945-24813410_cluster2
haploblock:chr22_27751201-27774178_cluster55,haploblock,,,,,,,,,,,chr22_27751201-27774178_cluster55
haploblock:chr22_44288496-44303006_cluster9,haploblock,,,,,,,,,,,chr22_44288496-44303006_cluster9
haploblock:chr22_21747835-21868030_cluster141,haploblock,,,,,,,,,,,chr22_21747835-21868030_cluster141
haploblock:chr22_22385243-22400730_cluster31,haploblock,,,,,,,,,,,chr22_22385243-22400730_cluster31
haploblock:chr22_25984066-26024448_cluster75,haploblock,,,,,,,,,,,chr22_25984066-26024448_cluster75
haploblock:chr22_25233065-25249900_cluster165,haploblock,,,,,,,,,,,chr22_25233065-25249900_cluster165
haploblock:chr22_36527111-36555805_cluster28,haploblock,,,,,,,,,,,chr22_36527111-36555805_cluster28
haploblock:chr22_26323043-26341714_cluster2,haploblock,,,,,,,,,,,chr22_26323043-26341714_cluster2
haploblock:chr22_47875259-47891202_cluster9,haploblock,,,,,,,,,,,chr22_47875259-47891202_cluster9
haploblock:chr22_46224519-46249251_cluster1,haploblock,,,,,,,,,,,chr22_46224519-46249251_cluster1
haploblock:chr22_35467079-35492611_cluster35,haploblock,,,,,,,,,,,chr22_35467079-35492611_cluster35
haploblock:chr22_48534407-48551127_cluster5,haploblock,,,,,,,,,,,chr22_48534407-48551127_cluster5
haploblock:chr22_47257518-47285160_cluster910,haploblock,,,,,,,,,,,chr22_47257518-47285160_cluster910
haploblock:chr22_47963676-47997555_cluster25,haploblock,,,,,,,,,,,chr22_47963676-47997555_cluster25
haploblock:chr22_42478767-42627529_cluster191,haploblock,,,,,,,,,,,chr22_42478767-42627529_cluster191
haploblock:chr22_48086646-48105541_cluster11,haploblock,,,,,,,,,,,chr22_48086646-48105541_cluster11
haploblock:chr22_44709627-44721676_cluster3,haploblock,,,,,,,,,,,chr22_44709627-44721676_cluster3
haploblock:chr22_45047275-45061875_cluster192,haploblock,,,,,,,,,,,chr22_45047275-45061875_cluster192
haploblock:chr22_18059257-18077804_cluster608,haploblock,,,,,,,,,,,chr22_18059257-18077804_cluster608
haploblock:chr22_32156952-32181456_cluster4,haploblock,,,,,,,,,,,chr22_32156952-32181456_cluster4
haploblock:chr22_19686138-19699265_cluster13,haploblock,,,,,,,,,,,chr22_19686138-19699265_cluster13
haploblock:chr22_36463901-36527111_cluster5,haploblock,,,,,,,,,,,chr22_36463901-36527111_cluster5
haploblock:chr22_49138659-49161412_cluster4,haploblock,,,,,,,,,,,chr22_49138659-49161412_cluster4
haploblock:chr22_49430759-49446708_cluster47,haploblock,,,,,,,,,,,chr22_49430759-49446708_cluster47
haploblock:chr22_19925060-19959374_cluster206,haploblock,,,,,,,,,,,chr22_19925060-19959374_cluster206
haploblock:chr22_21747835-21868030_cluster242,haploblock,,,,,,,,,,,chr22_21747835-21868030_cluster242
haploblock:chr22_25755364-25769547_cluster7,haploblock,,,,,,,,,,,chr22_25755364-25769547_cluster7
haploblock:chr22_36630948-36681598_cluster9,haploblock,,,,,,,,,,,chr22_36630948-36681598_cluster9
haploblock:chr22_36060254-36137894_cluster267,haploblock,,,,,,,,,,,chr22_36060254-36137894_cluster267
haploblock:chr22_36926778-36947400_cluster7,haploblock,,,,,,,,,,,chr22_36926778-36947400_cluster7
haploblock:chr22_35360016-35406206_cluster30,haploblock,,,,,,,,,,,chr22_35360016-35406206_cluster30
haploblock:chr22_36582143-36606606_cluster47,haploblock,,,,,,,,,,,chr22_36582143-36606606_cluster47
haploblock:chr22_36813403-36850905_cluster3,haploblock,,,,,,,,,,,chr22_36813403-36850905_cluster3
haploblock:chr22_48921793-48962941_cluster15,haploblock,,,,,,,,,,,chr22_48921793-48962941_cluster15
haploblock:chr22_44644582-44670538_cluster664,haploblock,,,,,,,,,,,chr22_44644582-44670538_cluster664
haploblock:chr22_29124422-29160751_cluster129,haploblock,,,,,,,,,,,chr22_29124422-29160751_cluster129
haploblock:chr22_38949961-38959712_cluster19,haploblock,,,,,,,,,,,chr22_38949961-38959712_cluster19
haploblock:chr22_44288496-44303006_cluster13,haploblock,,,,,,,,,,,chr22_44288496-44303006_cluster13
haploblock:chr22_44670538-44696863_cluster1,haploblock,,,,,,,,,,,chr22_44670538-44696863_cluster1
haploblock:chr22_45461240-45480586_cluster1,haploblock,,,,,,,,,,,chr22_45461240-45480586_cluster1
haploblock:chr22_49189227-49196610_cluster4,haploblock,,,,,,,,,,,chr22_49189227-49196610_cluster4
haploblock:chr22_22244968-22306953_cluster100,haploblock,,,,,,,,,,,chr22_22244968-22306953_cluster100
haploblock:chr22_44917047-44929677_cluster7,haploblock,,,,,,,,,,,chr22_44917047-44929677_cluster7
haploblock:chr22_27840691-28224919_cluster50,haploblock,,,,,,,,,,,chr22_27840691-28224919_cluster50
haploblock:chr22_36060254-36137894_cluster742,haploblock,,,,,,,,,,,chr22_36060254-36137894_cluster742
haploblock:chr22_46841413-46902935_cluster8,haploblock,,,,,,,,,,,chr22_46841413-46902935_cluster8
haploblock:chr22_20367930-20414601_cluster67,haploblock,,,,,,,,,,,chr22_20367930-20414601_cluster67
haploblock:chr22_20988220-21022574_cluster129,haploblock,,,,,,,,,,,chr22_20988220-21022574_cluster129
haploblock:chr22_21022574-21062587_cluster34,haploblock,,,,,,,,,,,chr22_21022574-21062587_cluster34
haploblock:chr22_21062587-21084128_cluster16,haploblock,,,,,,,,,,,chr22_21062587-21084128_cluster16
haploblock:chr22_44791710-44821141_cluster118,haploblock,,,,,,,,,,,chr22_44791710-44821141_cluster118
haploblock:chr22_22423583-22524402_cluster13,haploblock,,,,,,,,,,,chr22_22423583-22524402_cluster13
haploblock:chr22_48921793-48962941_cluster9,haploblock,,,,,,,,,,,chr22_48921793-48962941_cluster9
haploblock:chr22_22004012-22039828_cluster27,haploblock,,,,,,,,,,,chr22_22004012-22039828_cluster27
haploblock:chr22_22810398-22854292_cluster197,haploblock,,,,,,,,,,,chr22_22810398-22854292_cluster197
haploblock:chr22_27166948-27240185_cluster7,haploblock,,,,,,,,,,,chr22_27166948-27240185_cluster7
haploblock:chr22_36527111-36555805_cluster419,haploblock,,,,,,,,,,,chr22_36527111-36555805_cluster419
haploblock:chr22_37241613-37276728_cluster43,haploblock,,,,,,,,,,,chr22_37241613-37276728_cluster43
haploblock:chr22_44307622-44325913_cluster13,haploblock,,,,,,,,,,,chr22_44307622-44325913_cluster13
haploblock:chr22_44821141-44845752_cluster15,haploblock,,,,,,,,,,,chr22_44821141-44845752_cluster15
haploblock:chr22_22344671-22370689_cluster1,haploblock,,,,,,,,,,,chr22_22344671-22370689_cluster1
haploblock:chr22_23290478-23355114_cluster22,haploblock,,,,,,,,,,,chr22_23290478-23355114_cluster22
haploblock:chr22_26270093-26284739_cluster184,haploblock,,,,,,,,,,,chr22_26270093-26284739_cluster184
haploblock:chr22_26970187-26999263_cluster13,haploblock,,,,,,,,,,,chr22_26970187-26999263_cluster13
haploblock:chr22_26970187-26999263_cluster452,haploblock,,,,,,,,,,,chr22_26970187-26999263_cluster452
haploblock:chr22_29225139-29255004_cluster120,haploblock,,,,,,,,,,,chr22_29225139-29255004_cluster120
haploblock:chr22_36555805-36582143_cluster64,haploblock,,,,,,,,,,,chr22_36555805-36582143_cluster64
haploblock:chr22_46438932-46457205_cluster6,haploblock,,,,,,,,,,,chr22_46438932-46457205_cluster6
haploblock:chr22_48424298-48440418_cluster62,haploblock,,,,,,,,,,,chr22_48424298-48440418_cluster62
haploblock:chr22_37276728-37285225_cluster1,haploblock,,,,,,,,,,,chr22_37276728-37285225_cluster1
haploblock:chr22_43016370-43076056_cluster235,haploblock,,,,,,,,,,,chr22_43016370-43076056_cluster235
haploblock:chr22_27134960-27157084_cluster1,haploblock,,,,,,,,,,,chr22_27134960-27157084_cluster1
haploblock:chr22_31721546-31942200_cluster461,haploblock,,,,,,,,,,,chr22_31721546-31942200_cluster461
haploblock:chr22_32447679-32461834_cluster16,haploblock,,,,,,,,,,,chr22_32447679-32461834_cluster16
haploblock:chr22_32461834-32523211_cluster2,haploblock,,,,,,,,,,,chr22_32461834-32523211_cluster2
haploblock:chr22_44098586-44103463_cluster19,haploblock,,,,,,,,,,,chr22_44098586-44103463_cluster19
haploblock:chr22_44127670-44156872_cluster76,haploblock,,,,,,,,,,,chr22_44127670-44156872_cluster76
haploblock:chr22_44845752-44871543_cluster7,haploblock,,,,,,,,,,,chr22_44845752-44871543_cluster7
haploblock:chr22_45502117-45521571_cluster30,haploblock,,,,,,,,,,,chr22_45502117-45521571_cluster30
haploblock:chr22_46249251-46375373_cluster37,haploblock,,,,,,,,,,,chr22_46249251-46375373_cluster37
haploblock:chr22_44871543-44917047_cluster10,haploblock,,,,,,,,,,,chr22_44871543-44917047_cluster10
haploblock:chr22_47625237-47669224_cluster1,haploblock,,,,,,,,,,,chr22_47625237-47669224_cluster1
haploblock:chr22_47736510-47795000_cluster169,haploblock,,,,,,,,,,,chr22_47736510-47795000_cluster169
haploblock:chr22_17099658-17118145_cluster52,haploblock,,,,,,,,,,,chr22_17099658-17118145_cluster52
haploblock:chr22_18040448-18059257_cluster30,haploblock,,,,,,,,,,,chr22_18040448-18059257_cluster30
haploblock:chr22_19699265-19729797_cluster7,haploblock,,,,,,,,,,,chr22_19699265-19729797_cluster7
haploblock:chr22_26270093-26284739_cluster3,haploblock,,,,,,,,,,,chr22_26270093-26284739_cluster3
haploblock:chr22_32779763-32844047_cluster316,haploblock,,,,,,,,,,,chr22_32779763-32844047_cluster316
haploblock:chr22_35519727-35559256_cluster1,haploblock,,,,,,,,,,,chr22_35519727-35559256_cluster1
haploblock:chr22_39980379-40032702_cluster2,haploblock,,,,,,,,,,,chr22_39980379-40032702_cluster2
haploblock:chr22_47795000-47815791_cluster184,haploblock,,,,,,,,,,,chr22_47795000-47815791_cluster184
haploblock:chr22_48593175-48616504_cluster8,haploblock,,,,,,,,,,,chr22_48593175-48616504_cluster8
haploblock:chr22_17244492-17257431_cluster1,haploblock,,,,,,,,,,,chr22_17244492-17257431_cluster1
haploblock:chr22_25876277-25884349_cluster14,haploblock,,,,,,,,,,,chr22_25876277-25884349_cluster14
haploblock:chr22_17244492-17257431_cluster3,haploblock,,,,,,,,,,,chr22_17244492-17257431_cluster3
haploblock:chr22_17420471-17463955_cluster270,haploblock,,,,,,,,,,,chr22_17420471-17463955_cluster270
haploblock:chr22_17463955-17486499_cluster153,haploblock,,,,,,,,,,,chr22_17463955-17486499_cluster153
haploblock:chr22_17420471-17463955_cluster9,haploblock,,,,,,,,,,,chr22_17420471-17463955_cluster9
haploblock:chr22_22854292-22879507_cluster13,haploblock,,,,,,,,,,,chr22_22854292-22879507_cluster13
haploblock:chr22_20059164-20157037_cluster1,haploblock,,,,,,,,,,,chr22_20059164-20157037_cluster1
haploblock:chr22_47150007-47171844_cluster1,haploblock,,,,,,,,,,,chr22_47150007-47171844_cluster1
haploblock:chr22_22589389-22616398_cluster10,haploblock,,,,,,,,,,,chr22_22589389-22616398_cluster10
haploblock:chr22_27702743-27734056_cluster245,haploblock,,,,,,,,,,,chr22_27702743-27734056_cluster245
haploblock:chr22_46078647-46090628_cluster3,haploblock,,,,,,,,,,,chr22_46078647-46090628_cluster3
haploblock:chr22_47257518-47285160_cluster274,haploblock,,,,,,,,,,,chr22_47257518-47285160_cluster274
haploblock:chr22_43176240-43219862_cluster107,haploblock,,,,,,,,,,,chr22_43176240-43219862_cluster107
haploblock:chr22_27157084-27166948_cluster5,haploblock,,,,,,,,,,,chr22_27157084-27166948_cluster5
haploblock:chr22_37447223-37510682_cluster5,haploblock,,,,,,,,,,,chr22_37447223-37510682_cluster5
haploblock:chr22_42375220-42434570_cluster31,haploblock,,,,,,,,,,,chr22_42375220-42434570_cluster31
haploblock:chr22_40418590-40682469_cluster3,haploblock,,,,,,,,,,,chr22_40418590-40682469_cluster3
haploblock:chr22_44325913-44347315_cluster1,haploblock,,,,,,,,,,,chr22_44325913-44347315_cluster1
haploblock:chr22_34403531-34464592_cluster15,haploblock,,,,,,,,,,,chr22_34403531-34464592_cluster15
haploblock:chr22_48280360-48299933_cluster60,haploblock,,,,,,,,,,,chr22_48280360-48299933_cluster60
haploblock:chr22_36137894-36173796_cluster3,haploblock,,,,,,,,,,,chr22_36137894-36173796_cluster3
haploblock:chr22_27134960-27157084_cluster101,haploblock,,,,,,,,,,,chr22_27134960-27157084_cluster101
haploblock:chr22_32751497-32779763_cluster2,haploblock,,,,,,,,,,,chr22_32751497-32779763_cluster2
haploblock:chr22_33086126-33118147_cluster719,haploblock,,,,,,,,,,,chr22_33086126-33118147_cluster719
haploblock:chr22_36060254-36137894_cluster8,haploblock,,,,,,,,,,,chr22_36060254-36137894_cluster8
haploblock:chr22_17486499-17510346_cluster3,haploblock,,,,,,,,,,,chr22_17486499-17510346_cluster3
haploblock:chr22_47599748-47625237_cluster14,haploblock,,,,,,,,,,,chr22_47599748-47625237_cluster14
haploblock:chr22_44917047-44929677_cluster19,haploblock,,,,,,,,,,,chr22_44917047-44929677_cluster19
haploblock:chr22_24887942-24898544_cluster12,haploblock,,,,,,,,,,,chr22_24887942-24898544_cluster12
haploblock:chr22_25304848-25417399_cluster914,haploblock,,,,,,,,,,,chr22_25304848-25417399_cluster914
haploblock:chr22_27267287-27274059_cluster6,haploblock,,,,,,,,,,,chr22_27267287-27274059_cluster6
haploblock:chr22_30757175-30858788_cluster318,haploblock,,,,,,,,,,,chr22_30757175-30858788_cluster318
haploblock:chr22_49138659-49161412_cluster7,haploblock,,,,,,,,,,,chr22_49138659-49161412_cluster7
haploblock:chr22_23146855-23241440_cluster1,haploblock,,,,,,,,,,,chr22_23146855-23241440_cluster1
haploblock:chr22_39123775-39179317_cluster12,haploblock,,,,,,,,,,,chr22_39123775-39179317_cluster12
haploblock:chr22_23591838-23607557_cluster6,haploblock,,,,,,,,,,,chr22_23591838-23607557_cluster6
haploblock:chr22_44325913-44347315_cluster129,haploblock,,,,,,,,,,,chr22_44325913-44347315_cluster129
haploblock:chr22_44644582-44670538_cluster9,haploblock,,,,,,,,,,,chr22_44644582-44670538_cluster9
haploblock:chr22_44670538-44696863_cluster9,haploblock,,,,,,,,,,,chr22_44670538-44696863_cluster9
haploblock:chr22_47580784-47599748_cluster1,haploblock,,,,,,,,,,,chr22_47580784-47599748_cluster1
haploblock:chr22_49430759-49446708_cluster4,haploblock,,,,,,,,,,,chr22_49430759-49446708_cluster4
haploblock:chr22_36863317-36921349_cluster45,haploblock,,,,,,,,,,,chr22_36863317-36921349_cluster45
haploblock:chr22_38910779-38949961_cluster1,haploblock,,,,,,,,,,,chr22_38910779-38949961_cluster1
haploblock:chr22_27606491-27631167_cluster116,haploblock,,,,,,,,,,,chr22_27606491-27631167_cluster116
haploblock:chr22_44603286-44615978_cluster34,haploblock,,,,,,,,,,,chr22_44603286-44615978_cluster34
haploblock:chr22_47875259-47891202_cluster10,haploblock,,,,,,,,,,,chr22_47875259-47891202_cluster10
haploblock:chr22_45047275-45061875_cluster168,haploblock,,,,,,,,,,,chr22_45047275-45061875_cluster168
haploblock:chr22_48325515-48346281_cluster257,haploblock,,,,,,,,,,,chr22_48325515-48346281_cluster257
haploblock:chr22_21062587-21084128_cluster3,haploblock,,,,,,,,,,,chr22_21062587-21084128_cluster3
haploblock:chr22_21084128-21097378_cluster3,haploblock,,,,,,,,,,,chr22_21084128-21097378_cluster3
haploblock:chr22_23146855-23241440_cluster3,haploblock,,,,,,,,,,,chr22_23146855-23241440_cluster3
haploblock:chr22_36926778-36947400_cluster4,haploblock,,,,,,,,,,,chr22_36926778-36947400_cluster4
haploblock:chr22_46418842-46438932_cluster64,haploblock,,,,,,,,,,,chr22_46418842-46438932_cluster64
haploblock:chr22_36208559-36238986_cluster140,haploblock,,,,,,,,,,,chr22_36208559-36238986_cluster140
haploblock:chr22_39577521-39600259_cluster11,haploblock,,,,,,,,,,,chr22_39577521-39600259_cluster11
haploblock:chr22_48807134-48866772_cluster20,haploblock,,,,,,,,,,,chr22_48807134-48866772_cluster20
haploblock:chr22_26024448-26060666_cluster117,haploblock,,,,,,,,,,,chr22_26024448-26060666_cluster117
haploblock:chr22_49381761-49408121_cluster209,haploblock,,,,,,,,,,,chr22_49381761-49408121_cluster209
haploblock:chr22_26414516-26529987_cluster521,haploblock,,,,,,,,,,,chr22_26414516-26529987_cluster521
haploblock:chr22_26549322-26578207_cluster17,haploblock,,,,,,,,,,,chr22_26549322-26578207_cluster17
haploblock:chr22_45261186-45275462_cluster6,haploblock,,,,,,,,,,,chr22_45261186-45275462_cluster6
haploblock:chr22_48574333-48593175_cluster62,haploblock,,,,,,,,,,,chr22_48574333-48593175_cluster62
haploblock:chr22_47150007-47171844_cluster39,haploblock,,,,,,,,,,,chr22_47150007-47171844_cluster39
haploblock:chr22_44219338-44263132_cluster6,haploblock,,,,,,,,,,,chr22_44219338-44263132_cluster6
haploblock:chr22_17573553-17596894_cluster1,haploblock,,,,,,,,,,,chr22_17573553-17596894_cluster1
haploblock:chr22_23241440-23290478_cluster21,haploblock,,,,,,,,,,,chr22_23241440-23290478_cluster21
haploblock:chr22_38257683-38284355_cluster271,haploblock,,,,,,,,,,,chr22_38257683-38284355_cluster271
haploblock:chr22_39013374-39091660_cluster123,haploblock,,,,,,,,,,,chr22_39013374-39091660_cluster123
haploblock:chr22_47257518-47285160_cluster20,haploblock,,,,,,,,,,,chr22_47257518-47285160_cluster20
haploblock:chr22_49430759-49446708_cluster9,haploblock,,,,,,,,,,,chr22_49430759-49446708_cluster9
haploblock:chr22_17311850-17349065_cluster762,haploblock,,,,,,,,,,,chr22_17311850-17349065_cluster762
haploblock:chr22_47257518-47285160_cluster35,haploblock,,,,,,,,,,,chr22_47257518-47285160_cluster35
haploblock:chr22_44709627-44721676_cluster5,haploblock,,,,,,,,,,,chr22_44709627-44721676_cluster5
haploblock:chr22_19158175-19165429_cluster29,haploblock,,,,,,,,,,,chr22_19158175-19165429_cluster29
haploblock:chr22_20639180-20664837_cluster324,haploblock,,,,,,,,,,,chr22_20639180-20664837_cluster324
haploblock:chr22_32241161-32268625_cluster3,haploblock,,,,,,,,,,,chr22_32241161-32268625_cluster3
haploblock:chr22_23075491-23146855_cluster64,haploblock,,,,,,,,,,,chr22_23075491-23146855_cluster64
haploblock:chr22_48086646-48105541_cluster9,haploblock,,,,,,,,,,,chr22_48086646-48105541_cluster9
haploblock:chr22_24704235-24748945_cluster15,haploblock,,,,,,,,,,,chr22_24704235-24748945_cluster15
haploblock:chr22_26720644-26753805_cluster392,haploblock,,,,,,,,,,,chr22_26720644-26753805_cluster392
haploblock:chr22_26753805-26783983_cluster6,haploblock,,,,,,,,,,,chr22_26753805-26783983_cluster6
haploblock:chr22_27299096-27335333_cluster5,haploblock,,,,,,,,,,,chr22_27299096-27335333_cluster5
haploblock:chr22_36527111-36555805_cluster549,haploblock,,,,,,,,,,,chr22_36527111-36555805_cluster549
haploblock:chr22_45898320-45931386_cluster378,haploblock,,,,,,,,,,,chr22_45898320-45931386_cluster378
haploblock:chr22_48414640-48424298_cluster1,haploblock,,,,,,,,,,,chr22_48414640-48424298_cluster1
haploblock:chr22_44127670-44156872_cluster219,haploblock,,,,,,,,,,,chr22_44127670-44156872_cluster219
haploblock:chr22_47669224-47736510_cluster6,haploblock,,,,,,,,,,,chr22_47669224-47736510_cluster6
haploblock:chr22_18012407-18040448_cluster95,haploblock,,,,,,,,,,,chr22_18012407-18040448_cluster95
haploblock:chr22_22244968-22306953_cluster6,haploblock,,,,,,,,,,,chr22_22244968-22306953_cluster6
haploblock:chr22_20414601-20501410_cluster167,haploblock,,,,,,,,,,,chr22_20414601-20501410_cluster167
haploblock:chr22_34403531-34464592_cluster455,haploblock,,,,,,,,,,,chr22_34403531-34464592_cluster455
haploblock:chr22_44871543-44917047_cluster15,haploblock,,,,,,,,,,,chr22_44871543-44917047_cluster15
haploblock:chr22_36681598-36745061_cluster2,haploblock,,,,,,,,,,,chr22_36681598-36745061_cluster2
haploblock:chr22_47370846-47433033_cluster1767,haploblock,,,,,,,,,,,chr22_47370846-47433033_cluster1767
haploblock:chr22_48131182-48149450_cluster6,haploblock,,,,,,,,,,,chr22_48131182-48149450_cluster6
haploblock:chr22_48889773-48921793_cluster20,haploblock,,,,,,,,,,,chr22_48889773-48921793_cluster20
haploblock:chr22_32431958-32447679_cluster64,haploblock,,,,,,,,,,,chr22_32431958-32447679_cluster64
haploblock:chr22_45861015-45898320_cluster278,haploblock,,,,,,,,,,,chr22_45861015-45898320_cluster278
haploblock:chr22_48460740-48507466_cluster4,haploblock,,,,,,,,,,,chr22_48460740-48507466_cluster4
haploblock:chr22_48534407-48551127_cluster18,haploblock,,,,,,,,,,,chr22_48534407-48551127_cluster18
haploblock:chr22_49517573-49534275_cluster7,haploblock,,,,,,,,,,,chr22_49517573-49534275_cluster7
haploblock:chr22_22047705-22083318_cluster1,haploblock,,,,,,,,,,,chr22_22047705-22083318_cluster1
haploblock:chr22_24587296-24690767_cluster38,haploblock,,,,,,,,,,,chr22_24587296-24690767_cluster38
haploblock:chr22_36527111-36555805_cluster83,haploblock,,,,,,,,,,,chr22_36527111-36555805_cluster83
haploblock:chr22_24748945-24813410_cluster62,haploblock,,,,,,,,,,,chr22_24748945-24813410_cluster62
haploblock:chr22_34882112-34948328_cluster68,haploblock,,,,,,,,,,,chr22_34882112-34948328_cluster68
haploblock:chr22_46418842-46438932_cluster92,haploblock,,,,,,,,,,,chr22_46418842-46438932_cluster92
haploblock:chr22_25858830-25876277_cluster7,haploblock,,,,,,,,,,,chr22_25858830-25876277_cluster7
haploblock:chr22_25876277-25884349_cluster8,haploblock,,,,,,,,,,,chr22_25876277-25884349_cluster8
haploblock:chr22_38284355-38316189_cluster6,haploblock,,,,,,,,,,,chr22_38284355-38316189_cluster6
haploblock:chr22_44404134-44423106_cluster3,haploblock,,,,,,,,,,,chr22_44404134-44423106_cluster3
haploblock:chr22_39705387-39953483_cluster21,haploblock,,,,,,,,,,,chr22_39705387-39953483_cluster21
haploblock:chr22_36137894-36173796_cluster19,haploblock,,,,,,,,,,,chr22_36137894-36173796_cluster19
haploblock:chr22_32431958-32447679_cluster50,haploblock,,,,,,,,,,,chr22_32431958-32447679_cluster50
haploblock:chr22_34589089-34743749_cluster4,haploblock,,,,,,,,,,,chr22_34589089-34743749_cluster4
haploblock:chr22_43429411-43471880_cluster27,haploblock,,,,,,,,,,,chr22_43429411-43471880_cluster27
haploblock:chr22_36060254-36137894_cluster250,haploblock,,,,,,,,,,,chr22_36060254-36137894_cluster250
haploblock:chr22_36352948-36418187_cluster66,haploblock,,,,,,,,,,,chr22_36352948-36418187_cluster66
haploblock:chr22_36418187-36463901_cluster164,haploblock,,,,,,,,,,,chr22_36418187-36463901_cluster164
haploblock:chr22_36463901-36527111_cluster11,haploblock,,,,,,,,,,,chr22_36463901-36527111_cluster11
haploblock:chr22_36798723-36813403_cluster27,haploblock,,,,,,,,,,,chr22_36798723-36813403_cluster27
haploblock:chr22_42375220-42434570_cluster6,haploblock,,,,,,,,,,,chr22_42375220-42434570_cluster6
haploblock:chr22_42434570-42475676_cluster134,haploblock,,,,,,,,,,,chr22_42434570-42475676_cluster134
haploblock:chr22_47795000-47815791_cluster7,haploblock,,,,,,,,,,,chr22_47795000-47815791_cluster7
haploblock:chr22_48424298-48440418_cluster52,haploblock,,,,,,,,,,,chr22_48424298-48440418_cluster52
haploblock:chr22_48440418-48460740_cluster232,haploblock,,,,,,,,,,,chr22_48440418-48460740_cluster232
haploblock:chr22_17232488-17244492_cluster49,haploblock,,,,,,,,,,,chr22_17232488-17244492_cluster49
haploblock:chr22_22423583-22524402_cluster3,haploblock,,,,,,,,,,,chr22_22423583-22524402_cluster3
haploblock:chr22_35406206-35467079_cluster9,haploblock,,,,,,,,,,,chr22_35406206-35467079_cluster9
haploblock:chr22_19773105-19821351_cluster4,haploblock,,,,,,,,,,,chr22_19773105-19821351_cluster4
haploblock:chr22_20157037-20182821_cluster5,haploblock,,,,,,,,,,,chr22_20157037-20182821_cluster5
haploblock:chr22_27299096-27335333_cluster10,haploblock,,,,,,,,,,,chr22_27299096-27335333_cluster10
haploblock:chr22_46249251-46375373_cluster28,haploblock,,,,,,,,,,,chr22_46249251-46375373_cluster28
haploblock:chr22_48460740-48507466_cluster2,haploblock,,,,,,,,,,,chr22_48460740-48507466_cluster2
haploblock:chr22_44871543-44917047_cluster1,haploblock,,,,,,,,,,,chr22_44871543-44917047_cluster1
haploblock:chr22_46841413-46902935_cluster10,haploblock,,,,,,,,,,,chr22_46841413-46902935_cluster10
haploblock:chr22_25233065-25249900_cluster13,haploblock,,,,,,,,,,,chr22_25233065-25249900_cluster13
haploblock:chr22_25953967-25984066_cluster32,haploblock,,,,,,,,,,,chr22_25953967-25984066_cluster32
haploblock:chr22_43899207-43927194_cluster304,haploblock,,,,,,,,,,,chr22_43899207-43927194_cluster304
haploblock:chr22_46531483-46571254_cluster3,haploblock,,,,,,,,,,,chr22_46531483-46571254_cluster3
haploblock:chr22_47599748-47625237_cluster10,haploblock,,,,,,,,,,,chr22_47599748-47625237_cluster10
haploblock:chr22_27009479-27020234_cluster41,haploblock,,,,,,,,,,,chr22_27009479-27020234_cluster41
haploblock:chr22_45061875-45076203_cluster8,haploblock,,,,,,,,,,,chr22_45061875-45076203_cluster8
haploblock:chr22_44791710-44821141_cluster11,haploblock,,,,,,,,,,,chr22_44791710-44821141_cluster11
haploblock:chr22_30197423-30218448_cluster8,haploblock,,,,,,,,,,,chr22_30197423-30218448_cluster8
haploblock:chr22_43502343-43623821_cluster92,haploblock,,,,,,,,,,,chr22_43502343-43623821_cluster92
haploblock:chr22_34007359-34099461_cluster431,haploblock,,,,,,,,,,,chr22_34007359-34099461_cluster431
haploblock:chr22_48748191-48780105_cluster8,haploblock,,,,,,,,,,,chr22_48748191-48780105_cluster8
haploblock:chr22_43304000-43349923_cluster5,haploblock,,,,,,,,,,,chr22_43304000-43349923_cluster5
haploblock:chr22_17573553-17596894_cluster15,haploblock,,,,,,,,,,,chr22_17573553-17596894_cluster15
haploblock:chr22_19298293-19440988_cluster177,haploblock,,,,,,,,,,,chr22_19298293-19440988_cluster177
haploblock:chr22_25984066-26024448_cluster10,haploblock,,,,,,,,,,,chr22_25984066-26024448_cluster10
haploblock:chr22_36926778-36947400_cluster23,haploblock,,,,,,,,,,,chr22_36926778-36947400_cluster23
haploblock:chr22_18154397-18173325_cluster6,haploblock,,,,,,,,,,,chr22_18154397-18173325_cluster6
haploblock:chr22_18948160-18978115_cluster41,haploblock,,,,,,,,,,,chr22_18948160-18978115_cluster41
haploblock:chr22_18978115-18995264_cluster4,haploblock,,,,,,,,,,,chr22_18978115-18995264_cluster4
haploblock:chr22_27248628-27259943_cluster83,haploblock,,,,,,,,,,,chr22_27248628-27259943_cluster83
haploblock:chr22_37241613-37276728_cluster62,haploblock,,,,,,,,,,,chr22_37241613-37276728_cluster62
haploblock:chr22_44127670-44156872_cluster218,haploblock,,,,,,,,,,,chr22_44127670-44156872_cluster218
haploblock:chr22_47285160-47370846_cluster1807,haploblock,,,,,,,,,,,chr22_47285160-47370846_cluster1807
haploblock:chr22_48346281-48358281_cluster23,haploblock,,,,,,,,,,,chr22_48346281-48358281_cluster23
haploblock:chr22_19165429-19298293_cluster125,haploblock,,,,,,,,,,,chr22_19165429-19298293_cluster125
haploblock:chr22_35492611-35519727_cluster22,haploblock,,,,,,,,,,,chr22_35492611-35519727_cluster22
haploblock:chr22_37241613-37276728_cluster2,haploblock,,,,,,,,,,,chr22_37241613-37276728_cluster2
haploblock:chr22_20988220-21022574_cluster131,haploblock,,,,,,,,,,,chr22_20988220-21022574_cluster131
haploblock:chr22_22344671-22370689_cluster3,haploblock,,,,,,,,,,,chr22_22344671-22370689_cluster3
haploblock:chr22_23591838-23607557_cluster30,haploblock,,,,,,,,,,,chr22_23591838-23607557_cluster30
haploblock:chr22_37124185-37147116_cluster8,haploblock,,,,,,,,,,,chr22_37124185-37147116_cluster8
haploblock:chr22_44347315-44365917_cluster76,haploblock,,,,,,,,,,,chr22_44347315-44365917_cluster76
haploblock:chr22_24813410-24841041_cluster4,haploblock,,,,,,,,,,,chr22_24813410-24841041_cluster4
haploblock:chr22_27009479-27020234_cluster20,haploblock,,,,,,,,,,,chr22_27009479-27020234_cluster20
haploblock:chr22_42434570-42475676_cluster6,haploblock,,,,,,,,,,,chr22_42434570-42475676_cluster6
haploblock:chr22_46519724-46531483_cluster4,haploblock,,,,,,,,,,,chr22_46519724-46531483_cluster4
haploblock:chr22_17118145-17143182_cluster12,haploblock,,,,,,,,,,,chr22_17118145-17143182_cluster12
haploblock:chr22_27574483-27606491_cluster42,haploblock,,,,,,,,,,,chr22_27574483-27606491_cluster42
haploblock:chr22_36555805-36582143_cluster52,haploblock,,,,,,,,,,,chr22_36555805-36582143_cluster52
haploblock:chr22_37164516-37218168_cluster34,haploblock,,,,,,,,,,,chr22_37164516-37218168_cluster34
haploblock:chr22_41891962-42067647_cluster104,haploblock,,,,,,,,,,,chr22_41891962-42067647_cluster104
haploblock:chr22_45502117-45521571_cluster67,haploblock,,,,,,,,,,,chr22_45502117-45521571_cluster67
haploblock:chr22_46438932-46457205_cluster74,haploblock,,,,,,,,,,,chr22_46438932-46457205_cluster74
haploblock:chr22_17349065-17382179_cluster164,haploblock,,,,,,,,,,,chr22_17349065-17382179_cluster164
haploblock:chr22_20612877-20639180_cluster7,haploblock,,,,,,,,,,,chr22_20612877-20639180_cluster7
haploblock:chr22_22039828-22047705_cluster37,haploblock,,,,,,,,,,,chr22_22039828-22047705_cluster37
haploblock:chr22_26884663-26902257_cluster47,haploblock,,,,,,,,,,,chr22_26884663-26902257_cluster47
haploblock:chr22_27061731-27091280_cluster6,haploblock,,,,,,,,,,,chr22_27061731-27091280_cluster6
haploblock:chr22_27274059-27281429_cluster4,haploblock,,,,,,,,,,,chr22_27274059-27281429_cluster4
haploblock:chr22_27505000-27522596_cluster16,haploblock,,,,,,,,,,,chr22_27505000-27522596_cluster16
haploblock:chr22_29061153-29124422_cluster7,haploblock,,,,,,,,,,,chr22_29061153-29124422_cluster7
haploblock:chr22_30667110-30757175_cluster33,haploblock,,,,,,,,,,,chr22_30667110-30757175_cluster33
haploblock:chr22_33628113-33670860_cluster2,haploblock,,,,,,,,,,,chr22_33628113-33670860_cluster2
haploblock:chr22_34403531-34464592_cluster82,haploblock,,,,,,,,,,,chr22_34403531-34464592_cluster82
haploblock:chr22_43502343-43623821_cluster22,haploblock,,,,,,,,,,,chr22_43502343-43623821_cluster22
haploblock:chr22_44166469-44185056_cluster23,haploblock,,,,,,,,,,,chr22_44166469-44185056_cluster23
haploblock:chr22_48807134-48866772_cluster134,haploblock,,,,,,,,,,,chr22_48807134-48866772_cluster134
haploblock:chr22_49241707-49262630_cluster38,haploblock,,,,,,,,,,,chr22_49241707-49262630_cluster38
haploblock:chr22_17779751-17795362_cluster4,haploblock,,,,,,,,,,,chr22_17779751-17795362_cluster4
haploblock:chr22_23241440-23290478_cluster67,haploblock,,,,,,,,,,,chr22_23241440-23290478_cluster67
haploblock:chr22_27248628-27259943_cluster20,haploblock,,,,,,,,,,,chr22_27248628-27259943_cluster20
haploblock:chr22_47257518-47285160_cluster14,haploblock,,,,,,,,,,,chr22_47257518-47285160_cluster14
haploblock:chr22_47171844-47200033_cluster22,haploblock,,,,,,,,,,,chr22_47171844-47200033_cluster22
haploblock:chr22_25304848-25417399_cluster923,haploblock,,,,,,,,,,,chr22_25304848-25417399_cluster923
haploblock:chr22_39600259-39648397_cluster4,haploblock,,,,,,,,,,,chr22_39600259-39648397_cluster4
haploblock:chr22_33408818-33452024_cluster29,haploblock,,,,,,,,,,,chr22_33408818-33452024_cluster29
haploblock:chr22_35467079-35492611_cluster116,haploblock,,,,,,,,,,,chr22_35467079-35492611_cluster116
haploblock:chr22_23507389-23529638_cluster183,haploblock,,,,,,,,,,,chr22_23507389-23529638_cluster183
haploblock:chr22_24841041-24887942_cluster173,haploblock,,,,,,,,,,,chr22_24841041-24887942_cluster173
haploblock:chr22_47150007-47171844_cluster15,haploblock,,,,,,,,,,,chr22_47150007-47171844_cluster15
haploblock:chr22_36630948-36681598_cluster3,haploblock,,,,,,,,,,,chr22_36630948-36681598_cluster3
haploblock:chr22_27157084-27166948_cluster3,haploblock,,,,,,,,,,,chr22_27157084-27166948_cluster3
haploblock:chr22_36863317-36921349_cluster2,haploblock,,,,,,,,,,,chr22_36863317-36921349_cluster2
haploblock:chr22_46176998-46198741_cluster7,haploblock,,,,,,,,,,,chr22_46176998-46198741_cluster7
haploblock:chr22_46249251-46375373_cluster255,haploblock,,,,,,,,,,,chr22_46249251-46375373_cluster255
haploblock:chr22_31042595-31137239_cluster232,haploblock,,,,,,,,,,,chr22_31042595-31137239_cluster232
haploblock:chr22_34975718-35004794_cluster12,haploblock,,,,,,,,,,,chr22_34975718-35004794_cluster12
haploblock:chr22_44579724-44598588_cluster8,haploblock,,,,,,,,,,,chr22_44579724-44598588_cluster8
haploblock:chr22_39233324-39262537_cluster16,haploblock,,,,,,,,,,,chr22_39233324-39262537_cluster16
haploblock:chr22_45047275-45061875_cluster51,haploblock,,,,,,,,,,,chr22_45047275-45061875_cluster51
haploblock:chr22_46198741-46224519_cluster3,haploblock,,,,,,,,,,,chr22_46198741-46224519_cluster3
haploblock:chr22_37355281-37386898_cluster52,haploblock,,,,,,,,,,,chr22_37355281-37386898_cluster52
haploblock:chr22_17420471-17463955_cluster30,haploblock,,,,,,,,,,,chr22_17420471-17463955_cluster30
haploblock:chr22_36630948-36681598_cluster85,haploblock,,,,,,,,,,,chr22_36630948-36681598_cluster85
haploblock:chr22_18012407-18040448_cluster148,haploblock,,,,,,,,,,,chr22_18012407-18040448_cluster148
haploblock:chr22_23591838-23607557_cluster8,haploblock,,,,,,,,,,,chr22_23591838-23607557_cluster8
haploblock:chr22_49241707-49262630_cluster24,haploblock,,,,,,,,,,,chr22_49241707-49262630_cluster24
haploblock:chr22_25884349-25933372_cluster20,haploblock,,,,,,,,,,,chr22_25884349-25933372_cluster20
haploblock:chr22_48574333-48593175_cluster12,haploblock,,,,,,,,,,,chr22_48574333-48593175_cluster12
haploblock:chr22_49138659-49161412_cluster68,haploblock,,,,,,,,,,,chr22_49138659-49161412_cluster68
haploblock:chr22_24887942-24898544_cluster21,haploblock,,,,,,,,,,,chr22_24887942-24898544_cluster21
haploblock:chr22_35335101-35360016_cluster22,haploblock,,,,,,,,,,,chr22_35335101-35360016_cluster22
haploblock:chr22_23582658-23591838_cluster22,haploblock,,,,,,,,,,,chr22_23582658-23591838_cluster22
haploblock:chr22_45502117-45521571_cluster17,haploblock,,,,,,,,,,,chr22_45502117-45521571_cluster17
haploblock:chr22_27631167-27642389_cluster8,haploblock,,,,,,,,,,,chr22_27631167-27642389_cluster8
haploblock:chr22_48616504-48649986_cluster781,haploblock,,,,,,,,,,,chr22_48616504-48649986_cluster781
haploblock:chr22_25984066-26024448_cluster848,haploblock,,,,,,,,,,,chr22_25984066-26024448_cluster848
haploblock:chr22_31721546-31942200_cluster1226,haploblock,,,,,,,,,,,chr22_31721546-31942200_cluster1226
haploblock:chr22_31942200-32156952_cluster15,haploblock,,,,,,,,,,,chr22_31942200-32156952_cluster15
haploblock:chr22_33214306-33259027_cluster12,haploblock,,,,,,,,,,,chr22_33214306-33259027_cluster12
haploblock:chr22_46418842-46438932_cluster95,haploblock,,,,,,,,,,,chr22_46418842-46438932_cluster95
haploblock:chr22_39013374-39091660_cluster58,haploblock,,,,,,,,,,,chr22_39013374-39091660_cluster58
haploblock:chr22_39123775-39179317_cluster5,haploblock,,,,,,,,,,,chr22_39123775-39179317_cluster5
haploblock:chr22_39577521-39600259_cluster18,haploblock,,,,,,,,,,,chr22_39577521-39600259_cluster18
haploblock:chr22_46116729-46176998_cluster7,haploblock,,,,,,,,,,,chr22_46116729-46176998_cluster7
haploblock:chr22_46249251-46375373_cluster115,haploblock,,,,,,,,,,,chr22_46249251-46375373_cluster115
haploblock:chr22_48551127-48574333_cluster4,haploblock,,,,,,,,,,,chr22_48551127-48574333_cluster4
haploblock:chr22_32412368-32431958_cluster36,haploblock,,,,,,,,,,,chr22_32412368-32431958_cluster36
haploblock:chr22_18978115-18995264_cluster30,haploblock,,,,,,,,,,,chr22_18978115-18995264_cluster30
haploblock:chr22_33259027-33299764_cluster30,haploblock,,,,,,,,,,,chr22_33259027-33299764_cluster30
haploblock:chr22_44185056-44219338_cluster232,haploblock,,,,,,,,,,,chr22_44185056-44219338_cluster232
haploblock:chr22_49517573-49534275_cluster110,haploblock,,,,,,,,,,,chr22_49517573-49534275_cluster110
haploblock:chr22_20899293-20961195_cluster37,haploblock,,,,,,,,,,,chr22_20899293-20961195_cluster37
haploblock:chr22_19623032-19641214_cluster2,haploblock,,,,,,,,,,,chr22_19623032-19641214_cluster2
haploblock:chr22_27774178-27795907_cluster2,haploblock,,,,,,,,,,,chr22_27774178-27795907_cluster2
haploblock:chr22_26060666-26071416_cluster6,haploblock,,,,,,,,,,,chr22_26060666-26071416_cluster6
haploblock:chr22_32431958-32447679_cluster8,haploblock,,,,,,,,,,,chr22_32431958-32447679_cluster8
haploblock:chr22_37396550-37416456_cluster32,haploblock,,,,,,,,,,,chr22_37396550-37416456_cluster32
haploblock:chr22_26549322-26578207_cluster24,haploblock,,,,,,,,,,,chr22_26549322-26578207_cluster24
haploblock:chr22_27061731-27091280_cluster17,haploblock,,,,,,,,,,,chr22_27061731-27091280_cluster17
haploblock:chr22_38316189-38345691_cluster3,haploblock,,,,,,,,,,,chr22_38316189-38345691_cluster3
haploblock:chr22_30473070-30559334_cluster2,haploblock,,,,,,,,,,,chr22_30473070-30559334_cluster2
haploblock:chr22_33299764-33359267_cluster14,haploblock,,,,,,,,,,,chr22_33299764-33359267_cluster14
haploblock:chr22_36630948-36681598_cluster7,haploblock,,,,,,,,,,,chr22_36630948-36681598_cluster7
haploblock:chr22_17311850-17349065_cluster427,haploblock,,,,,,,,,,,chr22_17311850-17349065_cluster427
haploblock:chr22_25233065-25249900_cluster21,haploblock,,,,,,,,,,,chr22_25233065-25249900_cluster21
haploblock:chr22_46531483-46571254_cluster52,haploblock,,,,,,,,,,,chr22_46531483-46571254_cluster52
haploblock:chr22_35647540-35695363_cluster22,haploblock,,,,,,,,,,,chr22_35647540-35695363_cluster22
haploblock:chr22_44404134-44423106_cluster9,haploblock,,,,,,,,,,,chr22_44404134-44423106_cluster9
haploblock:chr22_20639180-20664837_cluster305,haploblock,,,,,,,,,,,chr22_20639180-20664837_cluster305
haploblock:chr22_23075491-23146855_cluster8,haploblock,,,,,,,,,,,chr22_23075491-23146855_cluster8
haploblock:chr22_27751201-27774178_cluster28,haploblock,,,,,,,,,,,chr22_27751201-27774178_cluster28
haploblock:chr22_25417399-25535613_cluster1181,haploblock,,,,,,,,,,,chr22_25417399-25535613_cluster1181
haploblock:chr22_35695363-35738379_cluster95,haploblock,,,,,,,,,,,chr22_35695363-35738379_cluster95
haploblock:chr22_46116729-46176998_cluster84,haploblock,,,,,,,,,,,chr22_46116729-46176998_cluster84
haploblock:chr22_34882112-34948328_cluster56,haploblock,,,,,,,,,,,chr22_34882112-34948328_cluster56
haploblock:chr22_35738379-36060254_cluster14,haploblock,,,,,,,,,,,chr22_35738379-36060254_cluster14
haploblock:chr22_47051453-47096682_cluster12,haploblock,,,,,,,,,,,chr22_47051453-47096682_cluster12
haploblock:chr22_44156872-44166469_cluster3,haploblock,,,,,,,,,,,chr22_44156872-44166469_cluster3
haploblock:chr22_17463955-17486499_cluster14,haploblock,,,,,,,,,,,chr22_17463955-17486499_cluster14
haploblock:chr22_24495387-24587296_cluster123,haploblock,,,,,,,,,,,chr22_24495387-24587296_cluster123
haploblock:chr22_26884663-26902257_cluster92,haploblock,,,,,,,,,,,chr22_26884663-26902257_cluster92
haploblock:chr22_38257683-38284355_cluster161,haploblock,,,,,,,,,,,chr22_38257683-38284355_cluster161
haploblock:chr22_38284355-38316189_cluster124,haploblock,,,,,,,,,,,chr22_38284355-38316189_cluster124
haploblock:chr22_44288496-44303006_cluster66,haploblock,,,,,,,,,,,chr22_44288496-44303006_cluster66
haploblock:chr22_43121899-43145214_cluster2,haploblock,,,,,,,,,,,chr22_43121899-43145214_cluster2
haploblock:chr22_31721546-31942200_cluster1222,haploblock,,,,,,,,,,,chr22_31721546-31942200_cluster1222
haploblock:chr22_20968216-20988220_cluster5,haploblock,,,,,,,,,,,chr22_20968216-20988220_cluster5
haploblock:chr22_23896670-23919857_cluster5,haploblock,,,,,,,,,,,chr22_23896670-23919857_cluster5
haploblock:chr22_44603286-44615978_cluster8,haploblock,,,,,,,,,,,chr22_44603286-44615978_cluster8
haploblock:chr22_44644582-44670538_cluster187,haploblock,,,,,,,,,,,chr22_44644582-44670538_cluster187
haploblock:chr22_38764112-38864027_cluster465,haploblock,,,,,,,,,,,chr22_38764112-38864027_cluster465
haploblock:chr22_43102108-43121899_cluster5,haploblock,,,,,,,,,,,chr22_43102108-43121899_cluster5
haploblock:chr22_44347315-44365917_cluster2,haploblock,,,,,,,,,,,chr22_44347315-44365917_cluster2
haploblock:chr22_44845752-44871543_cluster45,haploblock,,,,,,,,,,,chr22_44845752-44871543_cluster45
haploblock:chr22_45898320-45931386_cluster11,haploblock,,,,,,,,,,,chr22_45898320-45931386_cluster11
haploblock:chr22_17565024-17573553_cluster6,haploblock,,,,,,,,,,,chr22_17565024-17573553_cluster6
haploblock:chr22_22879507-22914880_cluster6,haploblock,,,,,,,,,,,chr22_22879507-22914880_cluster6
haploblock:chr22_22914880-22943618_cluster65,haploblock,,,,,,,,,,,chr22_22914880-22943618_cluster65
haploblock:chr22_25233065-25249900_cluster96,haploblock,,,,,,,,,,,chr22_25233065-25249900_cluster96
haploblock:chr22_23751602-23766514_cluster5,haploblock,,,,,,,,,,,chr22_23751602-23766514_cluster5
haploblock:chr22_19641214-19652459_cluster2,haploblock,,,,,,,,,,,chr22_19641214-19652459_cluster2
haploblock:chr22_39577521-39600259_cluster7,haploblock,,,,,,,,,,,chr22_39577521-39600259_cluster7
haploblock:chr22_46974137-47051453_cluster2,haploblock,,,,,,,,,,,chr22_46974137-47051453_cluster2
haploblock:chr22_45023023-45047275_cluster250,haploblock,,,,,,,,,,,chr22_45023023-45047275_cluster250
haploblock:chr22_46902935-46974137_cluster169,haploblock,,,,,,,,,,,chr22_46902935-46974137_cluster169
haploblock:chr22_47669224-47736510_cluster50,haploblock,,,,,,,,,,,chr22_47669224-47736510_cluster50
haploblock:chr22_36630948-36681598_cluster955,haploblock,,,,,,,,,,,chr22_36630948-36681598_cluster955
haploblock:chr22_39600259-39648397_cluster113,haploblock,,,,,,,,,,,chr22_39600259-39648397_cluster113
haploblock:chr22_43076056-43102108_cluster5,haploblock,,,,,,,,,,,chr22_43076056-43102108_cluster5
haploblock:chr22_47150007-47171844_cluster118,haploblock,,,,,,,,,,,chr22_47150007-47171844_cluster118
haploblock:chr22_48131182-48149450_cluster8,haploblock,,,,,,,,,,,chr22_48131182-48149450_cluster8
haploblock:chr22_26125105-26223245_cluster1,haploblock,,,,,,,,,,,chr22_26125105-26223245_cluster1
haploblock:chr22_34589089-34743749_cluster5,haploblock,,,,,,,,,,,chr22_34589089-34743749_cluster5
haploblock:chr22_36527111-36555805_cluster81,haploblock,,,,,,,,,,,chr22_36527111-36555805_cluster81
haploblock:chr22_17463955-17486499_cluster2,haploblock,,,,,,,,,,,chr22_17463955-17486499_cluster2
haploblock:chr22_30757175-30858788_cluster278,haploblock,,,,,,,,,,,chr22_30757175-30858788_cluster278
haploblock:chr22_19699265-19729797_cluster184,haploblock,,,,,,,,,,,chr22_19699265-19729797_cluster184
haploblock:chr22_33214306-33259027_cluster1,haploblock,,,,,,,,,,,chr22_33214306-33259027_cluster1
haploblock:chr22_46375373-46418842_cluster30,haploblock,,,,,,,,,,,chr22_46375373-46418842_cluster30
haploblock:chr22_26223245-26245115_cluster6,haploblock,,,,,,,,,,,chr22_26223245-26245115_cluster6
haploblock:chr22_26270093-26284739_cluster10,haploblock,,,,,,,,,,,chr22_26270093-26284739_cluster10
haploblock:chr22_48674907-48687200_cluster4,haploblock,,,,,,,,,,,chr22_48674907-48687200_cluster4
haploblock:chr22_48358281-48414640_cluster33,haploblock,,,,,,,,,,,chr22_48358281-48414640_cluster33
haploblock:chr22_48674907-48687200_cluster7,haploblock,,,,,,,,,,,chr22_48674907-48687200_cluster7
haploblock:chr22_36947400-36969311_cluster2,haploblock,,,,,,,,,,,chr22_36947400-36969311_cluster2
haploblock:chr22_49241707-49262630_cluster61,haploblock,,,,,,,,,,,chr22_49241707-49262630_cluster61
haploblock:chr22_39233324-39262537_cluster10,haploblock,,,,,,,,,,,chr22_39233324-39262537_cluster10
haploblock:chr22_48424298-48440418_cluster19,haploblock,,,,,,,,,,,chr22_48424298-48440418_cluster19
haploblock:chr22_48440418-48460740_cluster626,haploblock,,,,,,,,,,,chr22_48440418-48460740_cluster626
haploblock:chr22_17213966-17232488_cluster24,haploblock,,,,,,,,,,,chr22_17213966-17232488_cluster24
haploblock:chr22_39233324-39262537_cluster12,haploblock,,,,,,,,,,,chr22_39233324-39262537_cluster12
haploblock:chr22_48534407-48551127_cluster14,haploblock,,,,,,,,,,,chr22_48534407-48551127_cluster14
haploblock:chr22_17286047-17311850_cluster78,haploblock,,,,,,,,,,,chr22_17286047-17311850_cluster78
haploblock:chr22_18059257-18077804_cluster109,haploblock,,,,,,,,,,,chr22_18059257-18077804_cluster109
haploblock:chr22_27061731-27091280_cluster9,haploblock,,,,,,,,,,,chr22_27061731-27091280_cluster9
haploblock:chr22_37546356-37581275_cluster111,haploblock,,,,,,,,,,,chr22_37546356-37581275_cluster111
haploblock:chr22_43145214-43176240_cluster6,haploblock,,,,,,,,,,,chr22_43145214-43176240_cluster6
haploblock:chr22_47285160-47370846_cluster134,haploblock,,,,,,,,,,,chr22_47285160-47370846_cluster134
haploblock:chr22_48534407-48551127_cluster171,haploblock,,,,,,,,,,,chr22_48534407-48551127_cluster171
haploblock:chr22_48921793-48962941_cluster1195,haploblock,,,,,,,,,,,chr22_48921793-48962941_cluster1195
haploblock:chr22_17382179-17414153_cluster66,haploblock,,,,,,,,,,,chr22_17382179-17414153_cluster66
haploblock:chr22_18077804-18130176_cluster320,haploblock,,,,,,,,,,,chr22_18077804-18130176_cluster320
haploblock:chr22_43102108-43121899_cluster20,haploblock,,,,,,,,,,,chr22_43102108-43121899_cluster20
haploblock:chr22_35335101-35360016_cluster15,haploblock,,,,,,,,,,,chr22_35335101-35360016_cluster15
haploblock:chr22_23146855-23241440_cluster445,haploblock,,,,,,,,,,,chr22_23146855-23241440_cluster445
haploblock:chr22_23374984-23416457_cluster2,haploblock,,,,,,,,,,,chr22_23374984-23416457_cluster2
haploblock:chr22_48962941-48975351_cluster9,haploblock,,,,,,,,,,,chr22_48962941-48975351_cluster9
haploblock:chr22_25266257-25304848_cluster404,haploblock,,,,,,,,,,,chr22_25266257-25304848_cluster404
haploblock:chr22_48086646-48105541_cluster4,haploblock,,,,,,,,,,,chr22_48086646-48105541_cluster4
haploblock:chr22_38257683-38284355_cluster10,haploblock,,,,,,,,,,,chr22_38257683-38284355_cluster10
haploblock:chr22_48346281-48358281_cluster206,haploblock,,,,,,,,,,,chr22_48346281-48358281_cluster206
haploblock:chr22_17257431-17286047_cluster14,haploblock,,,,,,,,,,,chr22_17257431-17286047_cluster14
haploblock:chr22_27166948-27240185_cluster190,haploblock,,,,,,,,,,,chr22_27166948-27240185_cluster190
haploblock:chr22_27396539-27435114_cluster46,haploblock,,,,,,,,,,,chr22_27396539-27435114_cluster46
haploblock:chr22_17795362-17851807_cluster14,haploblock,,,,,,,,,,,chr22_17795362-17851807_cluster14
haploblock:chr22_48534407-48551127_cluster146,haploblock,,,,,,,,,,,chr22_48534407-48551127_cluster146
haploblock:chr22_26884663-26902257_cluster67,haploblock,,,,,,,,,,,chr22_26884663-26902257_cluster67
haploblock:chr22_32181456-32241161_cluster3,haploblock,,,,,,,,,,,chr22_32181456-32241161_cluster3
haploblock:chr22_36060254-36137894_cluster989,haploblock,,,,,,,,,,,chr22_36060254-36137894_cluster989
haploblock:chr22_33086126-33118147_cluster4,haploblock,,,,,,,,,,,chr22_33086126-33118147_cluster4
haploblock:chr22_22703853-22788009_cluster655,haploblock,,,,,,,,,,,chr22_22703853-22788009_cluster655
haploblock:chr22_23374984-23416457_cluster6,haploblock,,,,,,,,,,,chr22_23374984-23416457_cluster6
haploblock:chr22_26848544-26864523_cluster10,haploblock,,,,,,,,,,,chr22_26848544-26864523_cluster10
haploblock:chr22_44022564-44051606_cluster2,haploblock,,,,,,,,,,,chr22_44022564-44051606_cluster2
haploblock:chr22_26549322-26578207_cluster44,haploblock,,,,,,,,,,,chr22_26549322-26578207_cluster44
haploblock:chr22_35467079-35492611_cluster83,haploblock,,,,,,,,,,,chr22_35467079-35492611_cluster83
haploblock:chr22_37355281-37386898_cluster25,haploblock,,,,,,,,,,,chr22_37355281-37386898_cluster25
haploblock:chr22_27157084-27166948_cluster2,haploblock,,,,,,,,,,,chr22_27157084-27166948_cluster2
haploblock:chr22_44051606-44076464_cluster2,haploblock,,,,,,,,,,,chr22_44051606-44076464_cluster2
haploblock:chr22_35406206-35467079_cluster609,haploblock,,,,,,,,,,,chr22_35406206-35467079_cluster609
haploblock:chr22_49492624-49517573_cluster1,haploblock,,,,,,,,,,,chr22_49492624-49517573_cluster1
haploblock:chr22_44288496-44303006_cluster12,haploblock,,,,,,,,,,,chr22_44288496-44303006_cluster12
haploblock:chr22_48460740-48507466_cluster19,haploblock,,,,,,,,,,,chr22_48460740-48507466_cluster19
haploblock:chr22_17795362-17851807_cluster102,haploblock,,,,,,,,,,,chr22_17795362-17851807_cluster102
haploblock:chr22_31721546-31942200_cluster136,haploblock,,,,,,,,,,,chr22_31721546-31942200_cluster136
haploblock:chr22_49310363-49333633_cluster79,haploblock,,,,,,,,,,,chr22_49310363-49333633_cluster79
haploblock:chr22_22854292-22879507_cluster14,haploblock,,,,,,,,,,,chr22_22854292-22879507_cluster14
haploblock:chr22_27774178-27795907_cluster13,haploblock,,,,,,,,,,,chr22_27774178-27795907_cluster13
haploblock:chr22_33540489-33571700_cluster5,haploblock,,,,,,,,,,,chr22_33540489-33571700_cluster5
haploblock:chr22_37241613-37276728_cluster18,haploblock,,,,,,,,,,,chr22_37241613-37276728_cluster18
haploblock:chr22_47171844-47200033_cluster11,haploblock,,,,,,,,,,,chr22_47171844-47200033_cluster11
haploblock:chr22_17349065-17382179_cluster19,haploblock,,,,,,,,,,,chr22_17349065-17382179_cluster19
haploblock:chr22_29255004-29422865_cluster57,haploblock,,,,,,,,,,,chr22_29255004-29422865_cluster57
haploblock:chr22_46418842-46438932_cluster90,haploblock,,,,,,,,,,,chr22_46418842-46438932_cluster90
haploblock:chr22_49333633-49355927_cluster43,haploblock,,,,,,,,,,,chr22_49333633-49355927_cluster43
haploblock:chr22_19965038-20003597_cluster18,haploblock,,,,,,,,,,,chr22_19965038-20003597_cluster18
haploblock:chr22_20595442-20612877_cluster45,haploblock,,,,,,,,,,,chr22_20595442-20612877_cluster45
haploblock:chr22_17795362-17851807_cluster904,haploblock,,,,,,,,,,,chr22_17795362-17851807_cluster904
haploblock:chr22_27020234-27031341_cluster8,haploblock,,,,,,,,,,,chr22_27020234-27031341_cluster8
haploblock:chr22_27396539-27435114_cluster76,haploblock,,,,,,,,,,,chr22_27396539-27435114_cluster76
haploblock:chr22_36863317-36921349_cluster24,haploblock,,,,,,,,,,,chr22_36863317-36921349_cluster24
haploblock:chr22_39091660-39123775_cluster5,haploblock,,,,,,,,,,,chr22_39091660-39123775_cluster5
haploblock:chr22_47285160-47370846_cluster454,haploblock,,,,,,,,,,,chr22_47285160-47370846_cluster454
haploblock:chr22_24887942-24898544_cluster59,haploblock,,,,,,,,,,,chr22_24887942-24898544_cluster59
haploblock:chr22_27009479-27020234_cluster8,haploblock,,,,,,,,,,,chr22_27009479-27020234_cluster8
haploblock:chr22_30274592-30383333_cluster2,haploblock,,,,,,,,,,,chr22_30274592-30383333_cluster2
haploblock:chr22_47051453-47096682_cluster1,haploblock,,,,,,,,,,,chr22_47051453-47096682_cluster1
haploblock:chr22_38345691-38468508_cluster334,haploblock,,,,,,,,,,,chr22_38345691-38468508_cluster334
haploblock:chr22_36527111-36555805_cluster79,haploblock,,,,,,,,,,,chr22_36527111-36555805_cluster79
haploblock:chr22_43371073-43429411_cluster7,haploblock,,,,,,,,,,,chr22_43371073-43429411_cluster7
haploblock:chr22_47150007-47171844_cluster17,haploblock,,,,,,,,,,,chr22_47150007-47171844_cluster17
haploblock:chr22_49492624-49517573_cluster11,haploblock,,,,,,,,,,,chr22_49492624-49517573_cluster11
haploblock:chr22_17382179-17414153_cluster394,haploblock,,,,,,,,,,,chr22_17382179-17414153_cluster394
haploblock:chr22_18948160-18978115_cluster5,haploblock,,,,,,,,,,,chr22_18948160-18978115_cluster5
haploblock:chr22_39091660-39123775_cluster2,haploblock,,,,,,,,,,,chr22_39091660-39123775_cluster2
haploblock:chr22_45611743-45746785_cluster834,haploblock,,,,,,,,,,,chr22_45611743-45746785_cluster834
haploblock:chr22_23532651-23582658_cluster950,haploblock,,,,,,,,,,,chr22_23532651-23582658_cluster950
haploblock:chr22_30858788-30874551_cluster4,haploblock,,,,,,,,,,,chr22_30858788-30874551_cluster4
haploblock:chr22_42375220-42434570_cluster87,haploblock,,,,,,,,,,,chr22_42375220-42434570_cluster87
haploblock:chr22_43076056-43102108_cluster3,haploblock,,,,,,,,,,,chr22_43076056-43102108_cluster3
haploblock:chr22_20367930-20414601_cluster2,haploblock,,,,,,,,,,,chr22_20367930-20414601_cluster2
haploblock:chr22_39233324-39262537_cluster24,haploblock,,,,,,,,,,,chr22_39233324-39262537_cluster24
haploblock:chr22_47963676-47997555_cluster236,haploblock,,,,,,,,,,,chr22_47963676-47997555_cluster236
haploblock:chr22_36555805-36582143_cluster21,haploblock,,,,,,,,,,,chr22_36555805-36582143_cluster21
haploblock:chr22_32739724-32751497_cluster19,haploblock,,,,,,,,,,,chr22_32739724-32751497_cluster19
haploblock:chr22_34835095-34882112_cluster1,haploblock,,,,,,,,,,,chr22_34835095-34882112_cluster1
haploblock:chr22_35467079-35492611_cluster19,haploblock,,,,,,,,,,,chr22_35467079-35492611_cluster19
haploblock:chr22_47599748-47625237_cluster35,haploblock,,,,,,,,,,,chr22_47599748-47625237_cluster35
haploblock:chr22_49408121-49430759_cluster21,haploblock,,,,,,,,,,,chr22_49408121-49430759_cluster21
haploblock:chr22_43304000-43349923_cluster518,haploblock,,,,,,,,,,,chr22_43304000-43349923_cluster518
haploblock:chr22_48780105-48807134_cluster586,haploblock,,,,,,,,,,,chr22_48780105-48807134_cluster586
haploblock:chr22_44307622-44325913_cluster10,haploblock,,,,,,,,,,,chr22_44307622-44325913_cluster10
haploblock:chr22_47736510-47795000_cluster94,haploblock,,,,,,,,,,,chr22_47736510-47795000_cluster94
haploblock:chr22_17311850-17349065_cluster2,haploblock,,,,,,,,,,,chr22_17311850-17349065_cluster2
haploblock:chr22_45261186-45275462_cluster5,haploblock,,,,,,,,,,,chr22_45261186-45275462_cluster5
haploblock:chr22_17573553-17596894_cluster47,haploblock,,,,,,,,,,,chr22_17573553-17596894_cluster47
haploblock:chr22_17779751-17795362_cluster1,haploblock,,,,,,,,,,,chr22_17779751-17795362_cluster1
haploblock:chr22_35241710-35335101_cluster1,haploblock,,,,,,,,,,,chr22_35241710-35335101_cluster1
haploblock:chr22_17897315-17951518_cluster3,haploblock,,,,,,,,,,,chr22_17897315-17951518_cluster3
haploblock:chr22_22166665-22197437_cluster172,haploblock,,,,,,,,,,,chr22_22166665-22197437_cluster172
haploblock:chr22_25769547-25836129_cluster6,haploblock,,,,,,,,,,,chr22_25769547-25836129_cluster6
haploblock:chr22_32447679-32461834_cluster3,haploblock,,,,,,,,,,,chr22_32447679-32461834_cluster3
haploblock:chr22_47051453-47096682_cluster20,haploblock,,,,,,,,,,,chr22_47051453-47096682_cluster20
haploblock:chr22_26884663-26902257_cluster46,haploblock,,,,,,,,,,,chr22_26884663-26902257_cluster46
haploblock:chr22_27631167-27642389_cluster3,haploblock,,,,,,,,,,,chr22_27631167-27642389_cluster3
haploblock:chr22_38107961-38218926_cluster210,haploblock,,,,,,,,,,,chr22_38107961-38218926_cluster210
haploblock:chr22_46002629-46050878_cluster67,haploblock,,,,,,,,,,,chr22_46002629-46050878_cluster67
haploblock:chr22_17486499-17510346_cluster17,haploblock,,,,,,,,,,,chr22_17486499-17510346_cluster17
haploblock:chr22_26368672-26396610_cluster11,haploblock,,,,,,,,,,,chr22_26368672-26396610_cluster11
haploblock:chr22_34248049-34403531_cluster19,haploblock,,,,,,,,,,,chr22_34248049-34403531_cluster19
haploblock:chr22_35406206-35467079_cluster5,haploblock,,,,,,,,,,,chr22_35406206-35467079_cluster5
haploblock:chr22_35335101-35360016_cluster5,haploblock,,,,,,,,,,,chr22_35335101-35360016_cluster5
haploblock:chr22_22616398-22703853_cluster1742,haploblock,,,,,,,,,,,chr22_22616398-22703853_cluster1742
haploblock:chr22_44752468-44761333_cluster14,haploblock,,,,,,,,,,,chr22_44752468-44761333_cluster14
haploblock:chr22_48697982-48748191_cluster7,haploblock,,,,,,,,,,,chr22_48697982-48748191_cluster7
haploblock:chr22_44871543-44917047_cluster5,haploblock,,,,,,,,,,,chr22_44871543-44917047_cluster5
haploblock:chr22_32649633-32739724_cluster44,haploblock,,,,,,,,,,,chr22_32649633-32739724_cluster44
haploblock:chr22_48748191-48780105_cluster828,haploblock,,,,,,,,,,,chr22_48748191-48780105_cluster828
haploblock:chr22_18040448-18059257_cluster1,haploblock,,,,,,,,,,,chr22_18040448-18059257_cluster1
haploblock:chr22_46684568-46701053_cluster5,haploblock,,,,,,,,,,,chr22_46684568-46701053_cluster5
haploblock:chr22_45956310-46002629_cluster12,haploblock,,,,,,,,,,,chr22_45956310-46002629_cluster12
haploblock:chr22_46841413-46902935_cluster64,haploblock,,,,,,,,,,,chr22_46841413-46902935_cluster64
haploblock:chr22_48346281-48358281_cluster6,haploblock,,,,,,,,,,,chr22_48346281-48358281_cluster6
haploblock:chr22_48440418-48460740_cluster66,haploblock,,,,,,,,,,,chr22_48440418-48460740_cluster66
haploblock:chr22_19699265-19729797_cluster345,haploblock,,,,,,,,,,,chr22_19699265-19729797_cluster345
haploblock:chr22_24221347-24408113_cluster11,haploblock,,,,,,,,,,,chr22_24221347-24408113_cluster11
haploblock:chr22_45131462-45192496_cluster52,haploblock,,,,,,,,,,,chr22_45131462-45192496_cluster52
haploblock:chr22_27751201-27774178_cluster122,haploblock,,,,,,,,,,,chr22_27751201-27774178_cluster122
haploblock:chr22_44615978-44644582_cluster66,haploblock,,,,,,,,,,,chr22_44615978-44644582_cluster66
haploblock:chr22_21022574-21062587_cluster157,haploblock,,,,,,,,,,,chr22_21022574-21062587_cluster157
haploblock:chr22_47285160-47370846_cluster1155,haploblock,,,,,,,,,,,chr22_47285160-47370846_cluster1155
haploblock:chr22_44365917-44370143_cluster4,haploblock,,,,,,,,,,,chr22_44365917-44370143_cluster4
haploblock:chr22_26071416-26125105_cluster49,haploblock,,,,,,,,,,,chr22_26071416-26125105_cluster49
haploblock:chr22_26125105-26223245_cluster271,haploblock,,,,,,,,,,,chr22_26125105-26223245_cluster271
haploblock:chr22_43102108-43121899_cluster2,haploblock,,,,,,,,,,,chr22_43102108-43121899_cluster2
haploblock:chr22_27166948-27240185_cluster3,haploblock,,,,,,,,,,,chr22_27166948-27240185_cluster3
haploblock:chr22_27702743-27734056_cluster82,haploblock,,,,,,,,,,,chr22_27702743-27734056_cluster82
haploblock:chr22_36745061-36798723_cluster9,haploblock,,,,,,,,,,,chr22_36745061-36798723_cluster9
haploblock:chr22_44696863-44709627_cluster2,haploblock,,,,,,,,,,,chr22_44696863-44709627_cluster2
haploblock:chr22_47599748-47625237_cluster83,haploblock,,,,,,,,,,,chr22_47599748-47625237_cluster83
haploblock:chr22_40032702-40132216_cluster2,haploblock,,,,,,,,,,,chr22_40032702-40132216_cluster2
haploblock:chr22_18154397-18173325_cluster26,haploblock,,,,,,,,,,,chr22_18154397-18173325_cluster26
haploblock:chr22_30218448-30274592_cluster2,haploblock,,,,,,,,,,,chr22_30218448-30274592_cluster2
haploblock:chr22_47815791-47875259_cluster6,haploblock,,,,,,,,,,,chr22_47815791-47875259_cluster6
haploblock:chr22_36863317-36921349_cluster43,haploblock,,,,,,,,,,,chr22_36863317-36921349_cluster43
haploblock:chr22_44871543-44917047_cluster23,haploblock,,,,,,,,,,,chr22_44871543-44917047_cluster23
haploblock:chr22_48440418-48460740_cluster274,haploblock,,,,,,,,,,,chr22_48440418-48460740_cluster274
haploblock:chr22_48962941-48975351_cluster2,haploblock,,,,,,,,,,,chr22_48962941-48975351_cluster2
haploblock:chr22_22545569-22589389_cluster112,haploblock,,,,,,,,,,,chr22_22545569-22589389_cluster112
haploblock:chr22_27134960-27157084_cluster8,haploblock,,,,,,,,,,,chr22_27134960-27157084_cluster8
haploblock:chr22_39262537-39359979_cluster164,haploblock,,,,,,,,,,,chr22_39262537-39359979_cluster164
haploblock:chr22_44156872-44166469_cluster16,haploblock,,,,,,,,,,,chr22_44156872-44166469_cluster16
haploblock:chr22_44347315-44365917_cluster141,haploblock,,,,,,,,,,,chr22_44347315-44365917_cluster141
haploblock:chr22_45261186-45275462_cluster3,haploblock,,,,,,,,,,,chr22_45261186-45275462_cluster3
haploblock:chr22_45502117-45521571_cluster38,haploblock,,,,,,,,,,,chr22_45502117-45521571_cluster38
haploblock:chr22_47257518-47285160_cluster1,haploblock,,,,,,,,,,,chr22_47257518-47285160_cluster1
haploblock:chr22_19530556-19608021_cluster525,haploblock,,,,,,,,,,,chr22_19530556-19608021_cluster525
haploblock:chr22_23241440-23290478_cluster282,haploblock,,,,,,,,,,,chr22_23241440-23290478_cluster282
haploblock:chr22_44098586-44103463_cluster2,haploblock,,,,,,,,,,,chr22_44098586-44103463_cluster2
haploblock:chr22_26848544-26864523_cluster8,haploblock,,,,,,,,,,,chr22_26848544-26864523_cluster8
haploblock:chr22_26864523-26884663_cluster2,haploblock,,,,,,,,,,,chr22_26864523-26884663_cluster2
haploblock:chr22_30197423-30218448_cluster28,haploblock,,,,,,,,,,,chr22_30197423-30218448_cluster28
haploblock:chr22_44579724-44598588_cluster5,haploblock,,,,,,,,,,,chr22_44579724-44598588_cluster5
haploblock:chr22_44127670-44156872_cluster1,haploblock,,,,,,,,,,,chr22_44127670-44156872_cluster1
haploblock:chr22_44325913-44347315_cluster30,haploblock,,,,,,,,,,,chr22_44325913-44347315_cluster30
haploblock:chr22_44051606-44076464_cluster64,haploblock,,,,,,,,,,,chr22_44051606-44076464_cluster64
haploblock:chr22_17099658-17118145_cluster12,haploblock,,,,,,,,,,,chr22_17099658-17118145_cluster12
haploblock:chr22_34403531-34464592_cluster6,haploblock,,,,,,,,,,,chr22_34403531-34464592_cluster6
haploblock:chr22_17779751-17795362_cluster98,haploblock,,,,,,,,,,,chr22_17779751-17795362_cluster98
haploblock:chr22_47051453-47096682_cluster9,haploblock,,,,,,,,,,,chr22_47051453-47096682_cluster9
haploblock:chr22_47795000-47815791_cluster28,haploblock,,,,,,,,,,,chr22_47795000-47815791_cluster28
haploblock:chr22_48649986-48666756_cluster8,haploblock,,,,,,,,,,,chr22_48649986-48666756_cluster8
haploblock:chr22_44370143-44395824_cluster7,haploblock,,,,,,,,,,,chr22_44370143-44395824_cluster7
haploblock:chr22_45275462-45289532_cluster39,haploblock,,,,,,,,,,,chr22_45275462-45289532_cluster39
haploblock:chr22_34159369-34248049_cluster1,haploblock,,,,,,,,,,,chr22_34159369-34248049_cluster1
haploblock:chr22_22854292-22879507_cluster11,haploblock,,,,,,,,,,,chr22_22854292-22879507_cluster11
haploblock:chr22_47171844-47200033_cluster15,haploblock,,,,,,,,,,,chr22_47171844-47200033_cluster15
haploblock:chr22_27396539-27435114_cluster134,haploblock,,,,,,,,,,,chr22_27396539-27435114_cluster134
haploblock:chr22_49492624-49517573_cluster39,haploblock,,,,,,,,,,,chr22_49492624-49517573_cluster39
haploblock:chr22_33408818-33452024_cluster197,haploblock,,,,,,,,,,,chr22_33408818-33452024_cluster197
haploblock:chr22_49446708-49455747_cluster31,haploblock,,,,,,,,,,,chr22_49446708-49455747_cluster31
haploblock:chr22_39123775-39179317_cluster17,haploblock,,,,,,,,,,,chr22_39123775-39179317_cluster17
haploblock:chr22_36745061-36798723_cluster132,haploblock,,,,,,,,,,,chr22_36745061-36798723_cluster132
haploblock:chr22_43899207-43927194_cluster113,haploblock,,,,,,,,,,,chr22_43899207-43927194_cluster113
haploblock:chr22_48616504-48649986_cluster77,haploblock,,,,,,,,,,,chr22_48616504-48649986_cluster77
haploblock:chr22_48807134-48866772_cluster10,haploblock,,,,,,,,,,,chr22_48807134-48866772_cluster10
haploblock:chr22_30585088-30667110_cluster167,haploblock,,,,,,,,,,,chr22_30585088-30667110_cluster167
haploblock:chr22_37681711-37809887_cluster492,haploblock,,,,,,,,,,,chr22_37681711-37809887_cluster492
haploblock:chr22_23591838-23607557_cluster20,haploblock,,,,,,,,,,,chr22_23591838-23607557_cluster20
haploblock:chr22_44845752-44871543_cluster921,haploblock,,,,,,,,,,,chr22_44845752-44871543_cluster921
haploblock:chr22_45956310-46002629_cluster193,haploblock,,,,,,,,,,,chr22_45956310-46002629_cluster193
haploblock:chr22_46418842-46438932_cluster602,haploblock,,,,,,,,,,,chr22_46418842-46438932_cluster602
haploblock:chr22_47795000-47815791_cluster3,haploblock,,,,,,,,,,,chr22_47795000-47815791_cluster3
haploblock:chr22_49138659-49161412_cluster14,haploblock,,,,,,,,,,,chr22_49138659-49161412_cluster14
haploblock:chr22_49408121-49430759_cluster4,haploblock,,,,,,,,,,,chr22_49408121-49430759_cluster4
haploblock:chr22_48346281-48358281_cluster1374,haploblock,,,,,,,,,,,chr22_48346281-48358281_cluster1374
haploblock:chr22_17795362-17851807_cluster42,haploblock,,,,,,,,,,,chr22_17795362-17851807_cluster42
haploblock:chr22_30218448-30274592_cluster164,haploblock,,,,,,,,,,,chr22_30218448-30274592_cluster164
haploblock:chr22_48325515-48346281_cluster2,haploblock,,,,,,,,,,,chr22_48325515-48346281_cluster2
haploblock:chr22_18012407-18040448_cluster3,haploblock,,,,,,,,,,,chr22_18012407-18040448_cluster3
haploblock:chr22_20595442-20612877_cluster99,haploblock,,,,,,,,,,,chr22_20595442-20612877_cluster99
haploblock:chr22_48807134-48866772_cluster858,haploblock,,,,,,,,,,,chr22_48807134-48866772_cluster858
haploblock:chr22_20258558-20274330_cluster4,haploblock,,,,,,,,,,,chr22_20258558-20274330_cluster4
haploblock:chr22_43371073-43429411_cluster384,haploblock,,,,,,,,,,,chr22_43371073-43429411_cluster384
haploblock:chr22_27248628-27259943_cluster3,haploblock,,,,,,,,,,,chr22_27248628-27259943_cluster3
haploblock:chr22_36555805-36582143_cluster3,haploblock,,,,,,,,,,,chr22_36555805-36582143_cluster3
haploblock:chr22_38257683-38284355_cluster54,haploblock,,,,,,,,,,,chr22_38257683-38284355_cluster54
haploblock:chr22_21022574-21062587_cluster103,haploblock,,,,,,,,,,,chr22_21022574-21062587_cluster103
haploblock:chr22_25206817-25218191_cluster5,haploblock,,,,,,,,,,,chr22_25206817-25218191_cluster5
haploblock:chr22_42434570-42475676_cluster318,haploblock,,,,,,,,,,,chr22_42434570-42475676_cluster318
haploblock:chr22_25858830-25876277_cluster5,haploblock,,,,,,,,,,,chr22_25858830-25876277_cluster5
haploblock:chr22_26341714-26368672_cluster2,haploblock,,,,,,,,,,,chr22_26341714-26368672_cluster2
haploblock:chr22_26368672-26396610_cluster72,haploblock,,,,,,,,,,,chr22_26368672-26396610_cluster72
haploblock:chr22_47257518-47285160_cluster5,haploblock,,,,,,,,,,,chr22_47257518-47285160_cluster5
haploblock:chr22_27166948-27240185_cluster201,haploblock,,,,,,,,,,,chr22_27166948-27240185_cluster201
haploblock:chr22_44791710-44821141_cluster422,haploblock,,,,,,,,,,,chr22_44791710-44821141_cluster422
haploblock:chr22_46493826-46509245_cluster4,haploblock,,,,,,,,,,,chr22_46493826-46509245_cluster4
haploblock:chr22_44644582-44670538_cluster598,haploblock,,,,,,,,,,,chr22_44644582-44670538_cluster598
haploblock:chr22_44670538-44696863_cluster106,haploblock,,,,,,,,,,,chr22_44670538-44696863_cluster106
haploblock:chr22_46176998-46198741_cluster3,haploblock,,,,,,,,,,,chr22_46176998-46198741_cluster3
haploblock:chr22_48149450-48195632_cluster3,haploblock,,,,,,,,,,,chr22_48149450-48195632_cluster3
haploblock:chr22_48105541-48131182_cluster6,haploblock,,,,,,,,,,,chr22_48105541-48131182_cluster6
haploblock:chr22_49128444-49138659_cluster2,haploblock,,,,,,,,,,,chr22_49128444-49138659_cluster2
haploblock:chr22_49161412-49189227_cluster1,haploblock,,,,,,,,,,,chr22_49161412-49189227_cluster1
haploblock:chr22_44670538-44696863_cluster2,haploblock,,,,,,,,,,,chr22_44670538-44696863_cluster2
haploblock:chr22_36745061-36798723_cluster20,haploblock,,,,,,,,,,,chr22_36745061-36798723_cluster20
haploblock:chr22_46902935-46974137_cluster9,haploblock,,,,,,,,,,,chr22_46902935-46974137_cluster9
haploblock:chr22_46531483-46571254_cluster1,haploblock,,,,,,,,,,,chr22_46531483-46571254_cluster1
haploblock:chr22_25233065-25249900_cluster8,haploblock,,,,,,,,,,,chr22_25233065-25249900_cluster8
haploblock:chr22_25218191-25233065_cluster315,haploblock,,,,,,,,,,,chr22_25218191-25233065_cluster315
haploblock:chr22_46622269-46684568_cluster365,haploblock,,,,,,,,,,,chr22_46622269-46684568_cluster365
haploblock:chr22_32431958-32447679_cluster121,haploblock,,,,,,,,,,,chr22_32431958-32447679_cluster121
haploblock:chr22_46002629-46050878_cluster3,haploblock,,,,,,,,,,,chr22_46002629-46050878_cluster3
haploblock:chr22_47963676-47997555_cluster12,haploblock,,,,,,,,,,,chr22_47963676-47997555_cluster12
haploblock:chr22_48666756-48674907_cluster2,haploblock,,,,,,,,,,,chr22_48666756-48674907_cluster2
haploblock:chr22_49241707-49262630_cluster22,haploblock,,,,,,,,,,,chr22_49241707-49262630_cluster22
haploblock:chr22_20899293-20961195_cluster14,haploblock,,,,,,,,,,,chr22_20899293-20961195_cluster14
haploblock:chr22_23654276-23751602_cluster1,haploblock,,,,,,,,,,,chr22_23654276-23751602_cluster1
haploblock:chr22_33571700-33628113_cluster16,haploblock,,,,,,,,,,,chr22_33571700-33628113_cluster16
haploblock:chr22_27259943-27267287_cluster15,haploblock,,,,,,,,,,,chr22_27259943-27267287_cluster15
haploblock:chr22_27500947-27505000_cluster5,haploblock,,,,,,,,,,,chr22_27500947-27505000_cluster5
haploblock:chr22_27505000-27522596_cluster197,haploblock,,,,,,,,,,,chr22_27505000-27522596_cluster197
haploblock:chr22_48346281-48358281_cluster1182,haploblock,,,,,,,,,,,chr22_48346281-48358281_cluster1182
haploblock:chr22_48574333-48593175_cluster47,haploblock,,,,,,,,,,,chr22_48574333-48593175_cluster47
haploblock:chr22_47875259-47891202_cluster8,haploblock,,,,,,,,,,,chr22_47875259-47891202_cluster8
haploblock:chr22_48440418-48460740_cluster16,haploblock,,,,,,,,,,,chr22_48440418-48460740_cluster16
haploblock:chr22_42478767-42627529_cluster1140,haploblock,,,,,,,,,,,chr22_42478767-42627529_cluster1140
haploblock:chr22_23919857-24010073_cluster4,haploblock,,,,,,,,,,,chr22_23919857-24010073_cluster4
haploblock:chr22_22545569-22589389_cluster5,haploblock,,,,,,,,,,,chr22_22545569-22589389_cluster5
haploblock:chr22_44845752-44871543_cluster8,haploblock,,,,,,,,,,,chr22_44845752-44871543_cluster8
haploblock:chr22_23851737-23865996_cluster4,haploblock,,,,,,,,,,,chr22_23851737-23865996_cluster4
haploblock:chr22_48534407-48551127_cluster6,haploblock,,,,,,,,,,,chr22_48534407-48551127_cluster6
haploblock:chr22_27009479-27020234_cluster1,haploblock,,,,,,,,,,,chr22_27009479-27020234_cluster1
haploblock:chr22_32604930-32649633_cluster88,haploblock,,,,,,,,,,,chr22_32604930-32649633_cluster88
haploblock:chr22_35406206-35467079_cluster700,haploblock,,,,,,,,,,,chr22_35406206-35467079_cluster700
haploblock:chr22_49408121-49430759_cluster6,haploblock,,,,,,,,,,,chr22_49408121-49430759_cluster6
haploblock:chr22_48414640-48424298_cluster3,haploblock,,,,,,,,,,,chr22_48414640-48424298_cluster3
haploblock:chr22_46531483-46571254_cluster307,haploblock,,,,,,,,,,,chr22_46531483-46571254_cluster307
haploblock:chr22_48807134-48866772_cluster79,haploblock,,,,,,,,,,,chr22_48807134-48866772_cluster79
haploblock:chr22_21868030-22004012_cluster3,haploblock,,,,,,,,,,,chr22_21868030-22004012_cluster3
haploblock:chr22_47150007-47171844_cluster3,haploblock,,,,,,,,,,,chr22_47150007-47171844_cluster3
haploblock:chr22_47257518-47285160_cluster389,haploblock,,,,,,,,,,,chr22_47257518-47285160_cluster389
haploblock:chr22_48440418-48460740_cluster533,haploblock,,,,,,,,,,,chr22_48440418-48460740_cluster533
haploblock:chr22_18130176-18154397_cluster121,haploblock,,,,,,,,,,,chr22_18130176-18154397_cluster121
haploblock:chr22_42434570-42475676_cluster4,haploblock,,,,,,,,,,,chr22_42434570-42475676_cluster4
haploblock:chr22_25019754-25066667_cluster336,haploblock,,,,,,,,,,,chr22_25019754-25066667_cluster336
haploblock:chr22_26838327-26848544_cluster2,haploblock,,,,,,,,,,,chr22_26838327-26848544_cluster2
haploblock:chr22_18154397-18173325_cluster8,haploblock,,,,,,,,,,,chr22_18154397-18173325_cluster8
haploblock:chr22_48574333-48593175_cluster297,haploblock,,,,,,,,,,,chr22_48574333-48593175_cluster297
haploblock:chr22_40032702-40132216_cluster25,haploblock,,,,,,,,,,,chr22_40032702-40132216_cluster25
haploblock:chr22_23355114-23374984_cluster2,haploblock,,,,,,,,,,,chr22_23355114-23374984_cluster2
haploblock:chr22_35335101-35360016_cluster2,haploblock,,,,,,,,,,,chr22_35335101-35360016_cluster2
haploblock:chr22_37681711-37809887_cluster169,haploblock,,,,,,,,,,,chr22_37681711-37809887_cluster169
haploblock:chr22_27774178-27795907_cluster201,haploblock,,,,,,,,,,,chr22_27774178-27795907_cluster201
haploblock:chr22_33750381-33827023_cluster71,haploblock,,,,,,,,,,,chr22_33750381-33827023_cluster71
haploblock:chr22_38284355-38316189_cluster4,haploblock,,,,,,,,,,,chr22_38284355-38316189_cluster4
haploblock:chr22_44307622-44325913_cluster2,haploblock,,,,,,,,,,,chr22_44307622-44325913_cluster2
haploblock:chr22_49430759-49446708_cluster245,haploblock,,,,,,,,,,,chr22_49430759-49446708_cluster245
haploblock:chr22_42375220-42434570_cluster98,haploblock,,,,,,,,,,,chr22_42375220-42434570_cluster98
haploblock:chr22_47171844-47200033_cluster47,haploblock,,,,,,,,,,,chr22_47171844-47200033_cluster47
haploblock:chr22_49408121-49430759_cluster5,haploblock,,,,,,,,,,,chr22_49408121-49430759_cluster5
haploblock:chr22_49262630-49264062_cluster6,haploblock,,,,,,,,,,,chr22_49262630-49264062_cluster6
haploblock:chr22_43176240-43219862_cluster3,haploblock,,,,,,,,,,,chr22_43176240-43219862_cluster3
haploblock:chr22_45131462-45192496_cluster617,haploblock,,,,,,,,,,,chr22_45131462-45192496_cluster617
haploblock:chr22_17420471-17463955_cluster5,haploblock,,,,,,,,,,,chr22_17420471-17463955_cluster5
haploblock:chr22_18012407-18040448_cluster7,haploblock,,,,,,,,,,,chr22_18012407-18040448_cluster7
haploblock:chr22_18040448-18059257_cluster427,haploblock,,,,,,,,,,,chr22_18040448-18059257_cluster427
haploblock:chr22_27702743-27734056_cluster238,haploblock,,,,,,,,,,,chr22_27702743-27734056_cluster238
haploblock:chr22_18040448-18059257_cluster373,haploblock,,,,,,,,,,,chr22_18040448-18059257_cluster373
haploblock:chr22_35492611-35519727_cluster13,haploblock,,,,,,,,,,,chr22_35492611-35519727_cluster13
haploblock:chr22_18154397-18173325_cluster2,haploblock,,,,,,,,,,,chr22_18154397-18173325_cluster2
haploblock:chr22_22879507-22914880_cluster711,haploblock,,,,,,,,,,,chr22_22879507-22914880_cluster711
haploblock:chr22_22004012-22039828_cluster130,haploblock,,,,,,,,,,,chr22_22004012-22039828_cluster130
haploblock:chr22_23075491-23146855_cluster4,haploblock,,,,,,,,,,,chr22_23075491-23146855_cluster4
haploblock:chr22_24748945-24813410_cluster70,haploblock,,,,,,,,,,,chr22_24748945-24813410_cluster70
haploblock:chr22_26284739-26293669_cluster92,haploblock,,,,,,,,,,,chr22_26284739-26293669_cluster92
haploblock:chr22_26549322-26578207_cluster5,haploblock,,,,,,,,,,,chr22_26549322-26578207_cluster5
haploblock:chr22_26720644-26753805_cluster150,haploblock,,,,,,,,,,,chr22_26720644-26753805_cluster150
haploblock:chr22_27248628-27259943_cluster9,haploblock,,,,,,,,,,,chr22_27248628-27259943_cluster9
haploblock:chr22_27734056-27751201_cluster145,haploblock,,,,,,,,,,,chr22_27734056-27751201_cluster145
haploblock:chr22_32779763-32844047_cluster80,haploblock,,,,,,,,,,,chr22_32779763-32844047_cluster80
haploblock:chr22_47542804-47580784_cluster546,haploblock,,,,,,,,,,,chr22_47542804-47580784_cluster546
haploblock:chr22_47669224-47736510_cluster1,haploblock,,,,,,,,,,,chr22_47669224-47736510_cluster1
haploblock:chr22_48346281-48358281_cluster1228,haploblock,,,,,,,,,,,chr22_48346281-48358281_cluster1228
haploblock:chr22_31445105-31721546_cluster216,haploblock,,,,,,,,,,,chr22_31445105-31721546_cluster216
haploblock:chr22_23865996-23896670_cluster3,haploblock,,,,,,,,,,,chr22_23865996-23896670_cluster3
haploblock:chr22_24704235-24748945_cluster5,haploblock,,,,,,,,,,,chr22_24704235-24748945_cluster5
haploblock:chr22_22004012-22039828_cluster12,haploblock,,,,,,,,,,,chr22_22004012-22039828_cluster12
haploblock:chr22_36850905-36863317_cluster5,haploblock,,,,,,,,,,,chr22_36850905-36863317_cluster5
haploblock:chr22_23507389-23529638_cluster3,haploblock,,,,,,,,,,,chr22_23507389-23529638_cluster3
haploblock:chr22_26753805-26783983_cluster174,haploblock,,,,,,,,,,,chr22_26753805-26783983_cluster174
haploblock:chr22_27396539-27435114_cluster318,haploblock,,,,,,,,,,,chr22_27396539-27435114_cluster318
haploblock:chr22_39980379-40032702_cluster143,haploblock,,,,,,,,,,,chr22_39980379-40032702_cluster143
haploblock:chr22_44791710-44821141_cluster389,haploblock,,,,,,,,,,,chr22_44791710-44821141_cluster389
haploblock:chr22_48687200-48697982_cluster1,haploblock,,,,,,,,,,,chr22_48687200-48697982_cluster1
haploblock:chr22_32431958-32447679_cluster104,haploblock,,,,,,,,,,,chr22_32431958-32447679_cluster104
haploblock:chr22_42434570-42475676_cluster1,haploblock,,,,,,,,,,,chr22_42434570-42475676_cluster1
haploblock:chr22_48086646-48105541_cluster10,haploblock,,,,,,,,,,,chr22_48086646-48105541_cluster10
haploblock:chr22_20961195-20968216_cluster9,haploblock,,,,,,,,,,,chr22_20961195-20968216_cluster9
haploblock:chr22_33359267-33408818_cluster24,haploblock,,,,,,,,,,,chr22_33359267-33408818_cluster24
haploblock:chr22_17795362-17851807_cluster9,haploblock,,,,,,,,,,,chr22_17795362-17851807_cluster9
haploblock:chr22_46701053-46710903_cluster7,haploblock,,,,,,,,,,,chr22_46701053-46710903_cluster7
haploblock:chr22_26644382-26677587_cluster354,haploblock,,,,,,,,,,,chr22_26644382-26677587_cluster354
haploblock:chr22_45047275-45061875_cluster786,haploblock,,,,,,,,,,,chr22_45047275-45061875_cluster786
haploblock:chr22_19298293-19440988_cluster183,haploblock,,,,,,,,,,,chr22_19298293-19440988_cluster183
haploblock:chr22_19686138-19699265_cluster163,haploblock,,,,,,,,,,,chr22_19686138-19699265_cluster163
haploblock:chr22_19623032-19641214_cluster1,haploblock,,,,,,,,,,,chr22_19623032-19641214_cluster1
haploblock:chr22_45131462-45192496_cluster659,haploblock,,,,,,,,,,,chr22_45131462-45192496_cluster659
haploblock:chr22_45076203-45102024_cluster8,haploblock,,,,,,,,,,,chr22_45076203-45102024_cluster8
haploblock:chr22_33408818-33452024_cluster61,haploblock,,,,,,,,,,,chr22_33408818-33452024_cluster61
haploblock:chr22_47599748-47625237_cluster116,haploblock,,,,,,,,,,,chr22_47599748-47625237_cluster116
haploblock:chr22_17565024-17573553_cluster8,haploblock,,,,,,,,,,,chr22_17565024-17573553_cluster8
haploblock:chr22_17573553-17596894_cluster3,haploblock,,,,,,,,,,,chr22_17573553-17596894_cluster3
haploblock:chr22_49455747-49492624_cluster5,haploblock,,,,,,,,,,,chr22_49455747-49492624_cluster5
haploblock:chr22_35241710-35335101_cluster5,haploblock,,,,,,,,,,,chr22_35241710-35335101_cluster5
haploblock:chr22_44579724-44598588_cluster254,haploblock,,,,,,,,,,,chr22_44579724-44598588_cluster254
haploblock:chr22_20961195-20968216_cluster10,haploblock,,,,,,,,,,,chr22_20961195-20968216_cluster10
haploblock:chr22_39013374-39091660_cluster2,haploblock,,,,,,,,,,,chr22_39013374-39091660_cluster2
haploblock:chr22_22039828-22047705_cluster20,haploblock,,,,,,,,,,,chr22_22039828-22047705_cluster20
haploblock:chr22_49675891-49715343_cluster10,haploblock,,,,,,,,,,,chr22_49675891-49715343_cluster10
haploblock:chr22_25417399-25535613_cluster5,haploblock,,,,,,,,,,,chr22_25417399-25535613_cluster5
haploblock:chr22_26644382-26677587_cluster8,haploblock,,,,,,,,,,,chr22_26644382-26677587_cluster8
haploblock:chr22_49446708-49455747_cluster5,haploblock,,,,,,,,,,,chr22_49446708-49455747_cluster5
haploblock:chr22_35110291-35135705_cluster101,haploblock,,,,,,,,,,,chr22_35110291-35135705_cluster101
haploblock:chr22_48866772-48889773_cluster8,haploblock,,,,,,,,,,,chr22_48866772-48889773_cluster8
haploblock:chr22_35467079-35492611_cluster351,haploblock,,,,,,,,,,,chr22_35467079-35492611_cluster351
haploblock:chr22_49430759-49446708_cluster3,haploblock,,,,,,,,,,,chr22_49430759-49446708_cluster3
haploblock:chr22_44992621-45023023_cluster84,haploblock,,,,,,,,,,,chr22_44992621-45023023_cluster84
haploblock:chr22_49024317-49052289_cluster55,haploblock,,,,,,,,,,,chr22_49024317-49052289_cluster55
haploblock:chr22_49715343-49726702_cluster228,haploblock,,,,,,,,,,,chr22_49715343-49726702_cluster228
haploblock:chr22_49492624-49517573_cluster290,haploblock,,,,,,,,,,,chr22_49492624-49517573_cluster290
haploblock:chr22_17510346-17565024_cluster24,haploblock,,,,,,,,,,,chr22_17510346-17565024_cluster24
haploblock:chr22_44288496-44303006_cluster2,haploblock,,,,,,,,,,,chr22_44288496-44303006_cluster2
haploblock:chr22_22344671-22370689_cluster207,haploblock,,,,,,,,,,,chr22_22344671-22370689_cluster207
haploblock:chr22_18948160-18978115_cluster6,haploblock,,,,,,,,,,,chr22_18948160-18978115_cluster6
haploblock:chr22_48616504-48649986_cluster16,haploblock,,,,,,,,,,,chr22_48616504-48649986_cluster16
haploblock:chr22_31942200-32156952_cluster31,haploblock,,,,,,,,,,,chr22_31942200-32156952_cluster31
haploblock:chr22_27281429-27299096_cluster53,haploblock,,,,,,,,,,,chr22_27281429-27299096_cluster53
haploblock:chr22_27346610-27378463_cluster1,haploblock,,,,,,,,,,,chr22_27346610-27378463_cluster1
haploblock:chr22_44263132-44288496_cluster1,haploblock,,,,,,,,,,,chr22_44263132-44288496_cluster1
haploblock:chr22_39545930-39577521_cluster147,haploblock,,,,,,,,,,,chr22_39545930-39577521_cluster147
haploblock:chr22_20320756-20367930_cluster425,haploblock,,,,,,,,,,,chr22_20320756-20367930_cluster425
haploblock:chr22_22047705-22083318_cluster4,haploblock,,,,,,,,,,,chr22_22047705-22083318_cluster4
haploblock:chr22_48280360-48299933_cluster167,haploblock,,,,,,,,,,,chr22_48280360-48299933_cluster167
haploblock:chr22_44325913-44347315_cluster119,haploblock,,,,,,,,,,,chr22_44325913-44347315_cluster119
haploblock:chr22_45898320-45931386_cluster14,haploblock,,,,,,,,,,,chr22_45898320-45931386_cluster14
haploblock:chr22_43371073-43429411_cluster13,haploblock,,,,,,,,,,,chr22_43371073-43429411_cluster13
haploblock:chr22_25953967-25984066_cluster17,haploblock,,,,,,,,,,,chr22_25953967-25984066_cluster17
haploblock:chr22_22004012-22039828_cluster190,haploblock,,,,,,,,,,,chr22_22004012-22039828_cluster190
haploblock:chr22_27061731-27091280_cluster5,haploblock,,,,,,,,,,,chr22_27061731-27091280_cluster5
haploblock:chr22_46249251-46375373_cluster32,haploblock,,,,,,,,,,,chr22_46249251-46375373_cluster32
haploblock:chr22_44166469-44185056_cluster231,haploblock,,,,,,,,,,,chr22_44166469-44185056_cluster231
haploblock:chr22_44395824-44404134_cluster14,haploblock,,,,,,,,,,,chr22_44395824-44404134_cluster14
haploblock:chr22_21022574-21062587_cluster7,haploblock,,,,,,,,,,,chr22_21022574-21062587_cluster7
haploblock:chr22_23355114-23374984_cluster3,haploblock,,,,,,,,,,,chr22_23355114-23374984_cluster3
haploblock:chr22_48440418-48460740_cluster6,haploblock,,,,,,,,,,,chr22_48440418-48460740_cluster6
haploblock:chr22_49715343-49726702_cluster45,haploblock,,,,,,,,,,,chr22_49715343-49726702_cluster45
haploblock:chr22_17382179-17414153_cluster465,haploblock,,,,,,,,,,,chr22_17382179-17414153_cluster465
haploblock:chr22_17420471-17463955_cluster2,haploblock,,,,,,,,,,,chr22_17420471-17463955_cluster2
haploblock:chr22_39233324-39262537_cluster17,haploblock,,,,,,,,,,,chr22_39233324-39262537_cluster17
haploblock:chr22_19530556-19608021_cluster961,haploblock,,,,,,,,,,,chr22_19530556-19608021_cluster961
haploblock:chr22_37416456-37447223_cluster5,haploblock,,,,,,,,,,,chr22_37416456-37447223_cluster5
haploblock:chr22_19886686-19925060_cluster67,haploblock,,,,,,,,,,,chr22_19886686-19925060_cluster67
haploblock:chr22_37447223-37510682_cluster17,haploblock,,,,,,,,,,,chr22_37447223-37510682_cluster17
haploblock:chr22_20899293-20961195_cluster2,haploblock,,,,,,,,,,,chr22_20899293-20961195_cluster2
haploblock:chr22_26368672-26396610_cluster8,haploblock,,,,,,,,,,,chr22_26368672-26396610_cluster8
haploblock:chr22_27734056-27751201_cluster3,haploblock,,,,,,,,,,,chr22_27734056-27751201_cluster3
haploblock:chr22_35335101-35360016_cluster3,haploblock,,,,,,,,,,,chr22_35335101-35360016_cluster3
haploblock:chr22_36863317-36921349_cluster902,haploblock,,,,,,,,,,,chr22_36863317-36921349_cluster902
haploblock:chr22_45023023-45047275_cluster13,haploblock,,,,,,,,,,,chr22_45023023-45047275_cluster13
haploblock:chr22_45416682-45461240_cluster93,haploblock,,,,,,,,,,,chr22_45416682-45461240_cluster93
haploblock:chr22_44395824-44404134_cluster12,haploblock,,,,,,,,,,,chr22_44395824-44404134_cluster12
haploblock:chr22_44670538-44696863_cluster35,haploblock,,,,,,,,,,,chr22_44670538-44696863_cluster35
haploblock:chr22_46438932-46457205_cluster83,haploblock,,,,,,,,,,,chr22_46438932-46457205_cluster83
haploblock:chr22_34882112-34948328_cluster44,haploblock,,,,,,,,,,,chr22_34882112-34948328_cluster44
haploblock:chr22_48574333-48593175_cluster33,haploblock,,,,,,,,,,,chr22_48574333-48593175_cluster33
haploblock:chr22_48666756-48674907_cluster6,haploblock,,,,,,,,,,,chr22_48666756-48674907_cluster6
haploblock:chr22_47599748-47625237_cluster29,haploblock,,,,,,,,,,,chr22_47599748-47625237_cluster29
haploblock:chr22_18059257-18077804_cluster10,haploblock,,,,,,,,,,,chr22_18059257-18077804_cluster10
haploblock:chr22_44185056-44219338_cluster21,haploblock,,,,,,,,,,,chr22_44185056-44219338_cluster21
haploblock:chr22_19165429-19298293_cluster21,haploblock,,,,,,,,,,,chr22_19165429-19298293_cluster21
haploblock:chr22_32181456-32241161_cluster5,haploblock,,,,,,,,,,,chr22_32181456-32241161_cluster5
haploblock:chr22_23416457-23472786_cluster334,haploblock,,,,,,,,,,,chr22_23416457-23472786_cluster334
haploblock:chr22_42067647-42294543_cluster98,haploblock,,,,,,,,,,,chr22_42067647-42294543_cluster98
haploblock:chr22_23582658-23591838_cluster3,haploblock,,,,,,,,,,,chr22_23582658-23591838_cluster3
haploblock:chr22_23865996-23896670_cluster2,haploblock,,,,,,,,,,,chr22_23865996-23896670_cluster2
haploblock:chr22_27009479-27020234_cluster210,haploblock,,,,,,,,,,,chr22_27009479-27020234_cluster210
haploblock:chr22_27061731-27091280_cluster8,haploblock,,,,,,,,,,,chr22_27061731-27091280_cluster8
haploblock:chr22_33299764-33359267_cluster6,haploblock,,,,,,,,,,,chr22_33299764-33359267_cluster6
haploblock:chr22_47433033-47487014_cluster4,haploblock,,,,,,,,,,,chr22_47433033-47487014_cluster4
haploblock:chr22_23290478-23355114_cluster166,haploblock,,,,,,,,,,,chr22_23290478-23355114_cluster166
haploblock:chr22_38257683-38284355_cluster6,haploblock,,,,,,,,,,,chr22_38257683-38284355_cluster6
haploblock:chr22_48616504-48649986_cluster309,haploblock,,,,,,,,,,,chr22_48616504-48649986_cluster309
haploblock:chr22_42434570-42475676_cluster18,haploblock,,,,,,,,,,,chr22_42434570-42475676_cluster18
haploblock:chr22_23075491-23146855_cluster11,haploblock,,,,,,,,,,,chr22_23075491-23146855_cluster11
haploblock:chr22_25266257-25304848_cluster4,haploblock,,,,,,,,,,,chr22_25266257-25304848_cluster4
haploblock:chr22_30757175-30858788_cluster11,haploblock,,,,,,,,,,,chr22_30757175-30858788_cluster11
haploblock:chr22_27473414-27500947_cluster9,haploblock,,,,,,,,,,,chr22_27473414-27500947_cluster9
haploblock:chr22_44491834-44533808_cluster108,haploblock,,,,,,,,,,,chr22_44491834-44533808_cluster108
haploblock:chr22_19623032-19641214_cluster101,haploblock,,,,,,,,,,,chr22_19623032-19641214_cluster101
haploblock:chr22_38218926-38257683_cluster4,haploblock,,,,,,,,,,,chr22_38218926-38257683_cluster4
haploblock:chr22_42434570-42475676_cluster26,haploblock,,,,,,,,,,,chr22_42434570-42475676_cluster26
haploblock:chr22_26125105-26223245_cluster295,haploblock,,,,,,,,,,,chr22_26125105-26223245_cluster295
haploblock:chr22_44307622-44325913_cluster5,haploblock,,,,,,,,,,,chr22_44307622-44325913_cluster5
haploblock:chr22_47795000-47815791_cluster89,haploblock,,,,,,,,,,,chr22_47795000-47815791_cluster89
haploblock:chr22_35519727-35559256_cluster173,haploblock,,,,,,,,,,,chr22_35519727-35559256_cluster173
haploblock:chr22_44166469-44185056_cluster2,haploblock,,,,,,,,,,,chr22_44166469-44185056_cluster2
haploblock:chr22_36630948-36681598_cluster29,haploblock,,,,,,,,,,,chr22_36630948-36681598_cluster29
haploblock:chr22_23241440-23290478_cluster15,haploblock,,,,,,,,,,,chr22_23241440-23290478_cluster15
haploblock:chr22_47795000-47815791_cluster13,haploblock,,,,,,,,,,,chr22_47795000-47815791_cluster13
haploblock:chr22_48149450-48195632_cluster158,haploblock,,,,,,,,,,,chr22_48149450-48195632_cluster158
haploblock:chr22_45461240-45480586_cluster7,haploblock,,,,,,,,,,,chr22_45461240-45480586_cluster7
haploblock:chr22_29124422-29160751_cluster1,haploblock,,,,,,,,,,,chr22_29124422-29160751_cluster1
haploblock:chr22_36745061-36798723_cluster159,haploblock,,,,,,,,,,,chr22_36745061-36798723_cluster159
haploblock:chr22_46418842-46438932_cluster33,haploblock,,,,,,,,,,,chr22_46418842-46438932_cluster33
haploblock:chr22_48921793-48962941_cluster42,haploblock,,,,,,,,,,,chr22_48921793-48962941_cluster42
haploblock:chr22_22004012-22039828_cluster2,haploblock,,,,,,,,,,,chr22_22004012-22039828_cluster2
haploblock:chr22_25233065-25249900_cluster49,haploblock,,,,,,,,,,,chr22_25233065-25249900_cluster49
haploblock:chr22_48780105-48807134_cluster212,haploblock,,,,,,,,,,,chr22_48780105-48807134_cluster212
haploblock:chr22_47171844-47200033_cluster24,haploblock,,,,,,,,,,,chr22_47171844-47200033_cluster24
haploblock:chr22_48440418-48460740_cluster820,haploblock,,,,,,,,,,,chr22_48440418-48460740_cluster820
haploblock:chr22_23591838-23607557_cluster378,haploblock,,,,,,,,,,,chr22_23591838-23607557_cluster378
haploblock:chr22_17257431-17286047_cluster87,haploblock,,,,,,,,,,,chr22_17257431-17286047_cluster87
haploblock:chr22_27061731-27091280_cluster24,haploblock,,,,,,,,,,,chr22_27061731-27091280_cluster24
haploblock:chr22_34882112-34948328_cluster13,haploblock,,,,,,,,,,,chr22_34882112-34948328_cluster13
haploblock:chr22_19699265-19729797_cluster11,haploblock,,,,,,,,,,,chr22_19699265-19729797_cluster11
haploblock:chr22_44603286-44615978_cluster2,haploblock,,,,,,,,,,,chr22_44603286-44615978_cluster2
haploblock:chr22_20182821-20205063_cluster4,haploblock,,,,,,,,,,,chr22_20182821-20205063_cluster4
haploblock:chr22_23241440-23290478_cluster10,haploblock,,,,,,,,,,,chr22_23241440-23290478_cluster10
haploblock:chr22_26060666-26071416_cluster10,haploblock,,,,,,,,,,,chr22_26060666-26071416_cluster10
haploblock:chr22_35241710-35335101_cluster34,haploblock,,,,,,,,,,,chr22_35241710-35335101_cluster34
haploblock:chr22_36527111-36555805_cluster32,haploblock,,,,,,,,,,,chr22_36527111-36555805_cluster32
haploblock:chr22_49262630-49264062_cluster16,haploblock,,,,,,,,,,,chr22_49262630-49264062_cluster16
haploblock:chr22_23355114-23374984_cluster252,haploblock,,,,,,,,,,,chr22_23355114-23374984_cluster252
haploblock:chr22_44871543-44917047_cluster13,haploblock,,,,,,,,,,,chr22_44871543-44917047_cluster13
haploblock:chr22_36926778-36947400_cluster2,haploblock,,,,,,,,,,,chr22_36926778-36947400_cluster2
haploblock:chr22_35110291-35135705_cluster4,haploblock,,,,,,,,,,,chr22_35110291-35135705_cluster4
haploblock:chr22_44166469-44185056_cluster17,haploblock,,,,,,,,,,,chr22_44166469-44185056_cluster17
haploblock:chr22_49333633-49355927_cluster195,haploblock,,,,,,,,,,,chr22_49333633-49355927_cluster195
haploblock:chr22_17244492-17257431_cluster5,haploblock,,,,,,,,,,,chr22_17244492-17257431_cluster5
haploblock:chr22_39980379-40032702_cluster5,haploblock,,,,,,,,,,,chr22_39980379-40032702_cluster5
haploblock:chr22_17779751-17795362_cluster13,haploblock,,,,,,,,,,,chr22_17779751-17795362_cluster13
haploblock:chr22_18040448-18059257_cluster18,haploblock,,,,,,,,,,,chr22_18040448-18059257_cluster18
haploblock:chr22_20059164-20157037_cluster476,haploblock,,,,,,,,,,,chr22_20059164-20157037_cluster476
haploblock:chr22_38257683-38284355_cluster77,haploblock,,,,,,,,,,,chr22_38257683-38284355_cluster77
haploblock:chr22_46116729-46176998_cluster18,haploblock,,,,,,,,,,,chr22_46116729-46176998_cluster18
haploblock:chr22_46531483-46571254_cluster16,haploblock,,,,,,,,,,,chr22_46531483-46571254_cluster16
haploblock:chr22_31721546-31942200_cluster847,haploblock,,,,,,,,,,,chr22_31721546-31942200_cluster847
haploblock:chr22_46710903-46724445_cluster4,haploblock,,,,,,,,,,,chr22_46710903-46724445_cluster4
haploblock:chr22_17382179-17414153_cluster19,haploblock,,,,,,,,,,,chr22_17382179-17414153_cluster19
haploblock:chr22_33540489-33571700_cluster9,haploblock,,,,,,,,,,,chr22_33540489-33571700_cluster9
haploblock:chr22_34882112-34948328_cluster54,haploblock,,,,,,,,,,,chr22_34882112-34948328_cluster54
haploblock:chr22_17573553-17596894_cluster13,haploblock,,,,,,,,,,,chr22_17573553-17596894_cluster13
haploblock:chr22_26245115-26270093_cluster1,haploblock,,,,,,,,,,,chr22_26245115-26270093_cluster1
haploblock:chr22_38764112-38864027_cluster80,haploblock,,,,,,,,,,,chr22_38764112-38864027_cluster80
haploblock:chr22_47795000-47815791_cluster1,haploblock,,,,,,,,,,,chr22_47795000-47815791_cluster1
haploblock:chr22_47875259-47891202_cluster12,haploblock,,,,,,,,,,,chr22_47875259-47891202_cluster12
haploblock:chr22_47599748-47625237_cluster359,haploblock,,,,,,,,,,,chr22_47599748-47625237_cluster359
haploblock:chr22_48346281-48358281_cluster305,haploblock,,,,,,,,,,,chr22_48346281-48358281_cluster305
haploblock:chr22_27009479-27020234_cluster17,haploblock,,,,,,,,,,,chr22_27009479-27020234_cluster17
haploblock:chr22_46622269-46684568_cluster6,haploblock,,,,,,,,,,,chr22_46622269-46684568_cluster6
haploblock:chr22_44579724-44598588_cluster2,haploblock,,,,,,,,,,,chr22_44579724-44598588_cluster2
haploblock:chr22_46571254-46602247_cluster3,haploblock,,,,,,,,,,,chr22_46571254-46602247_cluster3
haploblock:chr22_20899293-20961195_cluster1,haploblock,,,,,,,,,,,chr22_20899293-20961195_cluster1
haploblock:chr22_44263132-44288496_cluster6,haploblock,,,,,,,,,,,chr22_44263132-44288496_cluster6
haploblock:chr22_43239201-43251410_cluster3,haploblock,,,,,,,,,,,chr22_43239201-43251410_cluster3
haploblock:chr22_44696863-44709627_cluster4,haploblock,,,,,,,,,,,chr22_44696863-44709627_cluster4
haploblock:chr22_36745061-36798723_cluster46,haploblock,,,,,,,,,,,chr22_36745061-36798723_cluster46
haploblock:chr22_36463901-36527111_cluster129,haploblock,,,,,,,,,,,chr22_36463901-36527111_cluster129
haploblock:chr22_49355927-49381761_cluster1,haploblock,,,,,,,,,,,chr22_49355927-49381761_cluster1
haploblock:chr22_37320379-37355281_cluster57,haploblock,,,,,,,,,,,chr22_37320379-37355281_cluster57
haploblock:chr22_37581275-37681711_cluster861,haploblock,,,,,,,,,,,chr22_37581275-37681711_cluster861
haploblock:chr22_46519724-46531483_cluster3,haploblock,,,,,,,,,,,chr22_46519724-46531483_cluster3
haploblock:chr22_46622269-46684568_cluster173,haploblock,,,,,,,,,,,chr22_46622269-46684568_cluster173
haploblock:chr22_36630948-36681598_cluster956,haploblock,,,,,,,,,,,chr22_36630948-36681598_cluster956
haploblock:chr22_17244492-17257431_cluster17,haploblock,,,,,,,,,,,chr22_17244492-17257431_cluster17
haploblock:chr22_47433033-47487014_cluster12,haploblock,,,,,,,,,,,chr22_47433033-47487014_cluster12
haploblock:chr22_17420471-17463955_cluster334,haploblock,,,,,,,,,,,chr22_17420471-17463955_cluster334
haploblock:chr22_17463955-17486499_cluster166,haploblock,,,,,,,,,,,chr22_17463955-17486499_cluster166
haploblock:chr22_17795362-17851807_cluster452,haploblock,,,,,,,,,,,chr22_17795362-17851807_cluster452
haploblock:chr22_22423583-22524402_cluster100,haploblock,,,,,,,,,,,chr22_22423583-22524402_cluster100
haploblock:chr22_47051453-47096682_cluster13,haploblock,,,,,,,,,,,chr22_47051453-47096682_cluster13
haploblock:chr22_34248049-34403531_cluster58,haploblock,,,,,,,,,,,chr22_34248049-34403531_cluster58
haploblock:chr22_26884663-26902257_cluster41,haploblock,,,,,,,,,,,chr22_26884663-26902257_cluster41
haploblock:chr22_27574483-27606491_cluster5,haploblock,,,,,,,,,,,chr22_27574483-27606491_cluster5
haploblock:chr22_43076056-43102108_cluster64,haploblock,,,,,,,,,,,chr22_43076056-43102108_cluster64
haploblock:chr22_43176240-43219862_cluster170,haploblock,,,,,,,,,,,chr22_43176240-43219862_cluster170
haploblock:chr22_47150007-47171844_cluster14,haploblock,,,,,,,,,,,chr22_47150007-47171844_cluster14
haploblock:chr22_18012407-18040448_cluster169,haploblock,,,,,,,,,,,chr22_18012407-18040448_cluster169
haploblock:chr22_25858830-25876277_cluster58,haploblock,,,,,,,,,,,chr22_25858830-25876277_cluster58
haploblock:chr22_37320379-37355281_cluster11,haploblock,,,,,,,,,,,chr22_37320379-37355281_cluster11
haploblock:chr22_43371073-43429411_cluster5,haploblock,,,,,,,,,,,chr22_43371073-43429411_cluster5
haploblock:chr22_44845752-44871543_cluster310,haploblock,,,,,,,,,,,chr22_44845752-44871543_cluster310
haploblock:chr22_46493826-46509245_cluster5,haploblock,,,,,,,,,,,chr22_46493826-46509245_cluster5
haploblock:chr22_20059164-20157037_cluster119,haploblock,,,,,,,,,,,chr22_20059164-20157037_cluster119
haploblock:chr22_27606491-27631167_cluster9,haploblock,,,,,,,,,,,chr22_27606491-27631167_cluster9
haploblock:chr22_27009479-27020234_cluster35,haploblock,,,,,,,,,,,chr22_27009479-27020234_cluster35
haploblock:chr22_42434570-42475676_cluster12,haploblock,,,,,,,,,,,chr22_42434570-42475676_cluster12
haploblock:chr22_25769547-25836129_cluster372,haploblock,,,,,,,,,,,chr22_25769547-25836129_cluster372
haploblock:chr22_32779763-32844047_cluster6,haploblock,,,,,,,,,,,chr22_32779763-32844047_cluster6
haploblock:chr22_36463901-36527111_cluster217,haploblock,,,,,,,,,,,chr22_36463901-36527111_cluster217
haploblock:chr22_49333633-49355927_cluster28,haploblock,,,,,,,,,,,chr22_49333633-49355927_cluster28
haploblock:chr22_48697982-48748191_cluster3,haploblock,,,,,,,,,,,chr22_48697982-48748191_cluster3
haploblock:chr22_25984066-26024448_cluster21,haploblock,,,,,,,,,,,chr22_25984066-26024448_cluster21
haploblock:chr22_44992621-45023023_cluster4,haploblock,,,,,,,,,,,chr22_44992621-45023023_cluster4
haploblock:chr22_25417399-25535613_cluster1334,haploblock,,,,,,,,,,,chr22_25417399-25535613_cluster1334
haploblock:chr22_25535613-25688319_cluster1254,haploblock,,,,,,,,,,,chr22_25535613-25688319_cluster1254
haploblock:chr22_25688319-25736676_cluster101,haploblock,,,,,,,,,,,chr22_25688319-25736676_cluster101
haploblock:chr22_30667110-30757175_cluster242,haploblock,,,,,,,,,,,chr22_30667110-30757175_cluster242
haploblock:chr22_27134960-27157084_cluster3,haploblock,,,,,,,,,,,chr22_27134960-27157084_cluster3
haploblock:chr22_27281429-27299096_cluster3,haploblock,,,,,,,,,,,chr22_27281429-27299096_cluster3
haploblock:chr22_35467079-35492611_cluster33,haploblock,,,,,,,,,,,chr22_35467079-35492611_cluster33
haploblock:chr22_44821141-44845752_cluster11,haploblock,,,,,,,,,,,chr22_44821141-44845752_cluster11
haploblock:chr22_17795362-17851807_cluster12,haploblock,,,,,,,,,,,chr22_17795362-17851807_cluster12
haploblock:chr22_17463955-17486499_cluster1,haploblock,,,,,,,,,,,chr22_17463955-17486499_cluster1
haploblock:chr22_17486499-17510346_cluster14,haploblock,,,,,,,,,,,chr22_17486499-17510346_cluster14
haploblock:chr22_44845752-44871543_cluster28,haploblock,,,,,,,,,,,chr22_44845752-44871543_cluster28
haploblock:chr22_39980379-40032702_cluster100,haploblock,,,,,,,,,,,chr22_39980379-40032702_cluster100
haploblock:chr22_48440418-48460740_cluster3,haploblock,,,,,,,,,,,chr22_48440418-48460740_cluster3
haploblock:chr22_38284355-38316189_cluster7,haploblock,,,,,,,,,,,chr22_38284355-38316189_cluster7
haploblock:chr22_26884663-26902257_cluster289,haploblock,,,,,,,,,,,chr22_26884663-26902257_cluster289
haploblock:chr22_49087426-49128444_cluster2,haploblock,,,,,,,,,,,chr22_49087426-49128444_cluster2
haploblock:chr22_32431958-32447679_cluster2,haploblock,,,,,,,,,,,chr22_32431958-32447679_cluster2
haploblock:chr22_32987578-33044905_cluster3,haploblock,,,,,,,,,,,chr22_32987578-33044905_cluster3
haploblock:chr22_25876277-25884349_cluster6,haploblock,,,,,,,,,,,chr22_25876277-25884349_cluster6
haploblock:chr22_49138659-49161412_cluster27,haploblock,,,,,,,,,,,chr22_49138659-49161412_cluster27
haploblock:chr22_26323043-26341714_cluster20,haploblock,,,,,,,,,,,chr22_26323043-26341714_cluster20
haploblock:chr22_27061731-27091280_cluster7,haploblock,,,,,,,,,,,chr22_27061731-27091280_cluster7
haploblock:chr22_48440418-48460740_cluster10,haploblock,,,,,,,,,,,chr22_48440418-48460740_cluster10
haploblock:chr22_17349065-17382179_cluster45,haploblock,,,,,,,,,,,chr22_17349065-17382179_cluster45
haploblock:chr22_18978115-18995264_cluster2,haploblock,,,,,,,,,,,chr22_18978115-18995264_cluster2
haploblock:chr22_19886686-19925060_cluster15,haploblock,,,,,,,,,,,chr22_19886686-19925060_cluster15
haploblock:chr22_27166948-27240185_cluster28,haploblock,,,,,,,,,,,chr22_27166948-27240185_cluster28
haploblock:chr22_35587972-35647540_cluster14,haploblock,,,,,,,,,,,chr22_35587972-35647540_cluster14
haploblock:chr22_20059164-20157037_cluster11,haploblock,,,,,,,,,,,chr22_20059164-20157037_cluster11
haploblock:chr22_20595442-20612877_cluster259,haploblock,,,,,,,,,,,chr22_20595442-20612877_cluster259
haploblock:chr22_35110291-35135705_cluster6,haploblock,,,,,,,,,,,chr22_35110291-35135705_cluster6
haploblock:chr22_22400730-22423583_cluster2,haploblock,,,,,,,,,,,chr22_22400730-22423583_cluster2
haploblock:chr22_37241613-37276728_cluster4,haploblock,,,,,,,,,,,chr22_37241613-37276728_cluster4
haploblock:chr22_36318590-36352948_cluster11,haploblock,,,,,,,,,,,chr22_36318590-36352948_cluster11
haploblock:chr22_17463955-17486499_cluster181,haploblock,,,,,,,,,,,chr22_17463955-17486499_cluster181
haploblock:chr22_17951518-18012407_cluster420,haploblock,,,,,,,,,,,chr22_17951518-18012407_cluster420
haploblock:chr22_18077804-18130176_cluster147,haploblock,,,,,,,,,,,chr22_18077804-18130176_cluster147
haploblock:chr22_48748191-48780105_cluster3,haploblock,,,,,,,,,,,chr22_48748191-48780105_cluster3
haploblock:chr22_20639180-20664837_cluster19,haploblock,,,,,,,,,,,chr22_20639180-20664837_cluster19
haploblock:chr22_33086126-33118147_cluster44,haploblock,,,,,,,,,,,chr22_33086126-33118147_cluster44
haploblock:chr22_35241710-35335101_cluster37,haploblock,,,,,,,,,,,chr22_35241710-35335101_cluster37
haploblock:chr22_27795907-27840691_cluster6,haploblock,,,,,,,,,,,chr22_27795907-27840691_cluster6
haploblock:chr22_37124185-37147116_cluster532,haploblock,,,,,,,,,,,chr22_37124185-37147116_cluster532
haploblock:chr22_33408818-33452024_cluster35,haploblock,,,,,,,,,,,chr22_33408818-33452024_cluster35
haploblock:chr22_48507466-48517374_cluster4,haploblock,,,,,,,,,,,chr22_48507466-48517374_cluster4
haploblock:chr22_49355927-49381761_cluster20,haploblock,,,,,,,,,,,chr22_49355927-49381761_cluster20
haploblock:chr22_25417399-25535613_cluster36,haploblock,,,,,,,,,,,chr22_25417399-25535613_cluster36
haploblock:chr22_45261186-45275462_cluster49,haploblock,,,,,,,,,,,chr22_45261186-45275462_cluster49
haploblock:chr22_45502117-45521571_cluster11,haploblock,,,,,,,,,,,chr22_45502117-45521571_cluster11
haploblock:chr22_44263132-44288496_cluster4,haploblock,,,,,,,,,,,chr22_44263132-44288496_cluster4
haploblock:chr22_43304000-43349923_cluster576,haploblock,,,,,,,,,,,chr22_43304000-43349923_cluster576
haploblock:chr22_20157037-20182821_cluster196,haploblock,,,,,,,,,,,chr22_20157037-20182821_cluster196
haploblock:chr22_39696563-39705387_cluster7,haploblock,,,,,,,,,,,chr22_39696563-39705387_cluster7
haploblock:chr22_32241161-32268625_cluster5,haploblock,,,,,,,,,,,chr22_32241161-32268625_cluster5
haploblock:chr22_38910779-38949961_cluster8,haploblock,,,,,,,,,,,chr22_38910779-38949961_cluster8
haploblock:chr22_49446708-49455747_cluster99,haploblock,,,,,,,,,,,chr22_49446708-49455747_cluster99
haploblock:chr22_45521571-45546494_cluster94,haploblock,,,,,,,,,,,chr22_45521571-45546494_cluster94
haploblock:chr22_17757446-17779751_cluster1,haploblock,,,,,,,,,,,chr22_17757446-17779751_cluster1
haploblock:chr22_20988220-21022574_cluster2,haploblock,,,,,,,,,,,chr22_20988220-21022574_cluster2
haploblock:chr22_36318590-36352948_cluster1,haploblock,,,,,,,,,,,chr22_36318590-36352948_cluster1
haploblock:chr22_49161412-49189227_cluster26,haploblock,,,,,,,,,,,chr22_49161412-49189227_cluster26
haploblock:chr22_18130176-18154397_cluster4,haploblock,,,,,,,,,,,chr22_18130176-18154397_cluster4
haploblock:chr22_25984066-26024448_cluster50,haploblock,,,,,,,,,,,chr22_25984066-26024448_cluster50
haploblock:chr22_42067647-42294543_cluster264,haploblock,,,,,,,,,,,chr22_42067647-42294543_cluster264
haploblock:chr22_48748191-48780105_cluster17,haploblock,,,,,,,,,,,chr22_48748191-48780105_cluster17
haploblock:chr22_49128444-49138659_cluster1,haploblock,,,,,,,,,,,chr22_49128444-49138659_cluster1
haploblock:chr22_17897315-17951518_cluster59,haploblock,,,,,,,,,,,chr22_17897315-17951518_cluster59
haploblock:chr22_35241710-35335101_cluster8,haploblock,,,,,,,,,,,chr22_35241710-35335101_cluster8
haploblock:chr22_35467079-35492611_cluster38,haploblock,,,,,,,,,,,chr22_35467079-35492611_cluster38
haploblock:chr22_17897315-17951518_cluster86,haploblock,,,,,,,,,,,chr22_17897315-17951518_cluster86
haploblock:chr22_23751602-23766514_cluster11,haploblock,,,,,,,,,,,chr22_23751602-23766514_cluster11
haploblock:chr22_22083318-22109386_cluster8,haploblock,,,,,,,,,,,chr22_22083318-22109386_cluster8
haploblock:chr22_44395824-44404134_cluster20,haploblock,,,,,,,,,,,chr22_44395824-44404134_cluster20
haploblock:chr22_26245115-26270093_cluster20,haploblock,,,,,,,,,,,chr22_26245115-26270093_cluster20
haploblock:chr22_39705387-39953483_cluster386,haploblock,,,,,,,,,,,chr22_39705387-39953483_cluster386
haploblock:chr22_39953483-39980379_cluster63,haploblock,,,,,,,,,,,chr22_39953483-39980379_cluster63
haploblock:chr22_49241707-49262630_cluster28,haploblock,,,,,,,,,,,chr22_49241707-49262630_cluster28
haploblock:chr22_20157037-20182821_cluster12,haploblock,,,,,,,,,,,chr22_20157037-20182821_cluster12
haploblock:chr22_33408818-33452024_cluster49,haploblock,,,,,,,,,,,chr22_33408818-33452024_cluster49
haploblock:chr22_27751201-27774178_cluster601,haploblock,,,,,,,,,,,chr22_27751201-27774178_cluster601
haploblock:chr22_30197423-30218448_cluster6,haploblock,,,,,,,,,,,chr22_30197423-30218448_cluster6
haploblock:chr22_49355927-49381761_cluster35,haploblock,,,,,,,,,,,chr22_49355927-49381761_cluster35
haploblock:chr22_44347315-44365917_cluster602,haploblock,,,,,,,,,,,chr22_44347315-44365917_cluster602
haploblock:chr22_46841413-46902935_cluster74,haploblock,,,,,,,,,,,chr22_46841413-46902935_cluster74
haploblock:chr22_22854292-22879507_cluster16,haploblock,,,,,,,,,,,chr22_22854292-22879507_cluster16
haploblock:chr22_23766514-23847298_cluster4,haploblock,,,,,,,,,,,chr22_23766514-23847298_cluster4
haploblock:chr22_38257683-38284355_cluster4,haploblock,,,,,,,,,,,chr22_38257683-38284355_cluster4
haploblock:chr22_47736510-47795000_cluster226,haploblock,,,,,,,,,,,chr22_47736510-47795000_cluster226
haploblock:chr22_20639180-20664837_cluster32,haploblock,,,,,,,,,,,chr22_20639180-20664837_cluster32
haploblock:chr22_21747835-21868030_cluster29,haploblock,,,,,,,,,,,chr22_21747835-21868030_cluster29
haploblock:chr22_39953483-39980379_cluster10,haploblock,,,,,,,,,,,chr22_39953483-39980379_cluster10
haploblock:chr22_42294543-42340130_cluster7,haploblock,,,,,,,,,,,chr22_42294543-42340130_cluster7
haploblock:chr22_48748191-48780105_cluster30,haploblock,,,,,,,,,,,chr22_48748191-48780105_cluster30
haploblock:chr22_19530556-19608021_cluster258,haploblock,,,,,,,,,,,chr22_19530556-19608021_cluster258
haploblock:chr22_44709627-44721676_cluster14,haploblock,,,,,,,,,,,chr22_44709627-44721676_cluster14
haploblock:chr22_19623032-19641214_cluster18,haploblock,,,,,,,,,,,chr22_19623032-19641214_cluster18
haploblock:chr22_23241440-23290478_cluster35,haploblock,,,,,,,,,,,chr22_23241440-23290478_cluster35
haploblock:chr22_23374984-23416457_cluster58,haploblock,,,,,,,,,,,chr22_23374984-23416457_cluster58
haploblock:chr22_25884349-25933372_cluster25,haploblock,,,,,,,,,,,chr22_25884349-25933372_cluster25
haploblock:chr22_43102108-43121899_cluster52,haploblock,,,,,,,,,,,chr22_43102108-43121899_cluster52
haploblock:chr22_49715343-49726702_cluster64,haploblock,,,,,,,,,,,chr22_49715343-49726702_cluster64
haploblock:chr22_19686138-19699265_cluster10,haploblock,,,,,,,,,,,chr22_19686138-19699265_cluster10
haploblock:chr22_38284355-38316189_cluster40,haploblock,,,,,,,,,,,chr22_38284355-38316189_cluster40
haploblock:chr22_19886686-19925060_cluster45,haploblock,,,,,,,,,,,chr22_19886686-19925060_cluster45
haploblock:chr22_27061731-27091280_cluster57,haploblock,,,,,,,,,,,chr22_27061731-27091280_cluster57
haploblock:chr22_46571254-46602247_cluster42,haploblock,,,,,,,,,,,chr22_46571254-46602247_cluster42
haploblock:chr22_47736510-47795000_cluster5,haploblock,,,,,,,,,,,chr22_47736510-47795000_cluster5
haploblock:chr22_49455747-49492624_cluster23,haploblock,,,,,,,,,,,chr22_49455747-49492624_cluster23
haploblock:chr22_20961195-20968216_cluster2,haploblock,,,,,,,,,,,chr22_20961195-20968216_cluster2
haploblock:chr22_35695363-35738379_cluster21,haploblock,,,,,,,,,,,chr22_35695363-35738379_cluster21
haploblock:chr22_42340130-42375220_cluster19,haploblock,,,,,,,,,,,chr22_42340130-42375220_cluster19
haploblock:chr22_25688319-25736676_cluster110,haploblock,,,,,,,,,,,chr22_25688319-25736676_cluster110
haploblock:chr22_26677587-26720644_cluster5,haploblock,,,,,,,,,,,chr22_26677587-26720644_cluster5
haploblock:chr22_26578207-26644382_cluster26,haploblock,,,,,,,,,,,chr22_26578207-26644382_cluster26
haploblock:chr22_26848544-26864523_cluster38,haploblock,,,,,,,,,,,chr22_26848544-26864523_cluster38
haploblock:chr22_39233324-39262537_cluster2,haploblock,,,,,,,,,,,chr22_39233324-39262537_cluster2
haploblock:chr22_27299096-27335333_cluster55,haploblock,,,,,,,,,,,chr22_27299096-27335333_cluster55
haploblock:chr22_35559256-35587972_cluster35,haploblock,,,,,,,,,,,chr22_35559256-35587972_cluster35
haploblock:chr22_36418187-36463901_cluster11,haploblock,,,,,,,,,,,chr22_36418187-36463901_cluster11
haploblock:chr22_48280360-48299933_cluster141,haploblock,,,,,,,,,,,chr22_48280360-48299933_cluster141
haploblock:chr22_48195632-48256183_cluster96,haploblock,,,,,,,,,,,chr22_48195632-48256183_cluster96
haploblock:chr22_44558955-44579724_cluster2,haploblock,,,,,,,,,,,chr22_44558955-44579724_cluster2
haploblock:chr22_44579724-44598588_cluster109,haploblock,,,,,,,,,,,chr22_44579724-44598588_cluster109
haploblock:chr22_48697982-48748191_cluster43,haploblock,,,,,,,,,,,chr22_48697982-48748191_cluster43
haploblock:chr22_48280360-48299933_cluster53,haploblock,,,,,,,,,,,chr22_48280360-48299933_cluster53
haploblock:chr22_25984066-26024448_cluster192,haploblock,,,,,,,,,,,chr22_25984066-26024448_cluster192
haploblock:chr22_34589089-34743749_cluster35,haploblock,,,,,,,,,,,chr22_34589089-34743749_cluster35
haploblock:chr22_45898320-45931386_cluster15,haploblock,,,,,,,,,,,chr22_45898320-45931386_cluster15
haploblock:chr22_43304000-43349923_cluster17,haploblock,,,,,,,,,,,chr22_43304000-43349923_cluster17
haploblock:chr22_46418842-46438932_cluster36,haploblock,,,,,,,,,,,chr22_46418842-46438932_cluster36
haploblock:chr22_46710903-46724445_cluster2,haploblock,,,,,,,,,,,chr22_46710903-46724445_cluster2
haploblock:chr22_48807134-48866772_cluster2,haploblock,,,,,,,,,,,chr22_48807134-48866772_cluster2
haploblock:chr22_46571254-46602247_cluster9,haploblock,,,,,,,,,,,chr22_46571254-46602247_cluster9
haploblock:chr22_22914880-22943618_cluster257,haploblock,,,,,,,,,,,chr22_22914880-22943618_cluster257
haploblock:chr22_39577521-39600259_cluster1,haploblock,,,,,,,,,,,chr22_39577521-39600259_cluster1
haploblock:chr22_44005142-44022564_cluster489,haploblock,,,,,,,,,,,chr22_44005142-44022564_cluster489
haploblock:chr22_34099461-34121170_cluster4,haploblock,,,,,,,,,,,chr22_34099461-34121170_cluster4
haploblock:chr22_26284739-26293669_cluster1,haploblock,,,,,,,,,,,chr22_26284739-26293669_cluster1
haploblock:chr22_26838327-26848544_cluster3,haploblock,,,,,,,,,,,chr22_26838327-26848544_cluster3
haploblock:chr22_35467079-35492611_cluster84,haploblock,,,,,,,,,,,chr22_35467079-35492611_cluster84
haploblock:chr22_26884663-26902257_cluster14,haploblock,,,,,,,,,,,chr22_26884663-26902257_cluster14
haploblock:chr22_35695363-35738379_cluster9,haploblock,,,,,,,,,,,chr22_35695363-35738379_cluster9
haploblock:chr22_34882112-34948328_cluster24,haploblock,,,,,,,,,,,chr22_34882112-34948328_cluster24
haploblock:chr22_22004012-22039828_cluster415,haploblock,,,,,,,,,,,chr22_22004012-22039828_cluster415
haploblock:chr22_39705387-39953483_cluster857,haploblock,,,,,,,,,,,chr22_39705387-39953483_cluster857
haploblock:chr22_36527111-36555805_cluster22,haploblock,,,,,,,,,,,chr22_36527111-36555805_cluster22
haploblock:chr22_27009479-27020234_cluster62,haploblock,,,,,,,,,,,chr22_27009479-27020234_cluster62
haploblock:chr22_33725539-33750381_cluster6,haploblock,,,,,,,,,,,chr22_33725539-33750381_cluster6
haploblock:chr22_48574333-48593175_cluster611,haploblock,,,,,,,,,,,chr22_48574333-48593175_cluster611
haploblock:chr22_38257683-38284355_cluster17,haploblock,,,,,,,,,,,chr22_38257683-38284355_cluster17
haploblock:chr22_20320756-20367930_cluster173,haploblock,,,,,,,,,,,chr22_20320756-20367930_cluster173
haploblock:chr22_21022574-21062587_cluster16,haploblock,,,,,,,,,,,chr22_21022574-21062587_cluster16
haploblock:chr22_44022564-44051606_cluster70,haploblock,,,,,,,,,,,chr22_44022564-44051606_cluster70
haploblock:chr22_48440418-48460740_cluster23,haploblock,,,,,,,,,,,chr22_48440418-48460740_cluster23
haploblock:chr22_49726702-49956702_cluster436,haploblock,,,,,,,,,,,chr22_49726702-49956702_cluster436
haploblock:chr22_36527111-36555805_cluster74,haploblock,,,,,,,,,,,chr22_36527111-36555805_cluster74
haploblock:chr22_46418842-46438932_cluster14,haploblock,,,,,,,,,,,chr22_46418842-46438932_cluster14
haploblock:chr22_19821351-19886686_cluster10,haploblock,,,,,,,,,,,chr22_19821351-19886686_cluster10
haploblock:chr22_20320756-20367930_cluster13,haploblock,,,,,,,,,,,chr22_20320756-20367930_cluster13
haploblock:chr22_44845752-44871543_cluster113,haploblock,,,,,,,,,,,chr22_44845752-44871543_cluster113
haploblock:chr22_45502117-45521571_cluster3,haploblock,,,,,,,,,,,chr22_45502117-45521571_cluster3
haploblock:chr22_23075491-23146855_cluster76,haploblock,,,,,,,,,,,chr22_23075491-23146855_cluster76
haploblock:chr22_24690767-24704235_cluster4,haploblock,,,,,,,,,,,chr22_24690767-24704235_cluster4
haploblock:chr22_26848544-26864523_cluster12,haploblock,,,,,,,,,,,chr22_26848544-26864523_cluster12
haploblock:chr22_49517573-49534275_cluster29,haploblock,,,,,,,,,,,chr22_49517573-49534275_cluster29
haploblock:chr22_27505000-27522596_cluster2,haploblock,,,,,,,,,,,chr22_27505000-27522596_cluster2
haploblock:chr22_27522596-27552091_cluster22,haploblock,,,,,,,,,,,chr22_27522596-27552091_cluster22
haploblock:chr22_35695363-35738379_cluster1,haploblock,,,,,,,,,,,chr22_35695363-35738379_cluster1
haploblock:chr22_45023023-45047275_cluster377,haploblock,,,,,,,,,,,chr22_45023023-45047275_cluster377
haploblock:chr22_47171844-47200033_cluster19,haploblock,,,,,,,,,,,chr22_47171844-47200033_cluster19
haploblock:chr22_44644582-44670538_cluster41,haploblock,,,,,,,,,,,chr22_44644582-44670538_cluster41
haploblock:chr22_30218448-30274592_cluster94,haploblock,,,,,,,,,,,chr22_30218448-30274592_cluster94
haploblock:chr22_27751201-27774178_cluster143,haploblock,,,,,,,,,,,chr22_27751201-27774178_cluster143
haploblock:chr22_18948160-18978115_cluster22,haploblock,,,,,,,,,,,chr22_18948160-18978115_cluster22
haploblock:chr22_27631167-27642389_cluster88,haploblock,,,,,,,,,,,chr22_27631167-27642389_cluster88
haploblock:chr22_36208559-36238986_cluster6,haploblock,,,,,,,,,,,chr22_36208559-36238986_cluster6
haploblock:chr22_37447223-37510682_cluster46,haploblock,,,,,,,,,,,chr22_37447223-37510682_cluster46
haploblock:chr22_44644582-44670538_cluster36,haploblock,,,,,,,,,,,chr22_44644582-44670538_cluster36
haploblock:chr22_49310363-49333633_cluster25,haploblock,,,,,,,,,,,chr22_49310363-49333633_cluster25
haploblock:chr22_17510346-17565024_cluster4,haploblock,,,,,,,,,,,chr22_17510346-17565024_cluster4
haploblock:chr22_17757446-17779751_cluster68,haploblock,,,,,,,,,,,chr22_17757446-17779751_cluster68
haploblock:chr22_48325515-48346281_cluster78,haploblock,,,,,,,,,,,chr22_48325515-48346281_cluster78
haploblock:chr22_24813410-24841041_cluster60,haploblock,,,,,,,,,,,chr22_24813410-24841041_cluster60
haploblock:chr22_27631167-27642389_cluster27,haploblock,,,,,,,,,,,chr22_27631167-27642389_cluster27
haploblock:chr22_27702743-27734056_cluster71,haploblock,,,,,,,,,,,chr22_27702743-27734056_cluster71
haploblock:chr22_27606491-27631167_cluster92,haploblock,,,,,,,,,,,chr22_27606491-27631167_cluster92
haploblock:chr22_27751201-27774178_cluster60,haploblock,,,,,,,,,,,chr22_27751201-27774178_cluster60
haploblock:chr22_32932820-32987578_cluster39,haploblock,,,,,,,,,,,chr22_32932820-32987578_cluster39
haploblock:chr22_44644582-44670538_cluster1,haploblock,,,,,,,,,,,chr22_44644582-44670538_cluster1
haploblock:chr22_32879460-32932820_cluster34,haploblock,,,,,,,,,,,chr22_32879460-32932820_cluster34
haploblock:chr22_18012407-18040448_cluster54,haploblock,,,,,,,,,,,chr22_18012407-18040448_cluster54
haploblock:chr22_27378463-27396539_cluster83,haploblock,,,,,,,,,,,chr22_27378463-27396539_cluster83
haploblock:chr22_43145214-43176240_cluster35,haploblock,,,,,,,,,,,chr22_43145214-43176240_cluster35
haploblock:chr22_35467079-35492611_cluster40,haploblock,,,,,,,,,,,chr22_35467079-35492611_cluster40
haploblock:chr22_47963676-47997555_cluster10,haploblock,,,,,,,,,,,chr22_47963676-47997555_cluster10
haploblock:chr22_44670538-44696863_cluster347,haploblock,,,,,,,,,,,chr22_44670538-44696863_cluster347
haploblock:chr22_47599748-47625237_cluster119,haploblock,,,,,,,,,,,chr22_47599748-47625237_cluster119
haploblock:chr22_34882112-34948328_cluster18,haploblock,,,,,,,,,,,chr22_34882112-34948328_cluster18
haploblock:chr22_48697982-48748191_cluster105,haploblock,,,,,,,,,,,chr22_48697982-48748191_cluster105
haploblock:chr22_44423106-44436767_cluster6,haploblock,,,,,,,,,,,chr22_44423106-44436767_cluster6
haploblock:chr22_48616504-48649986_cluster7,haploblock,,,,,,,,,,,chr22_48616504-48649986_cluster7
haploblock:chr22_48748191-48780105_cluster46,haploblock,,,,,,,,,,,chr22_48748191-48780105_cluster46
haploblock:chr22_34882112-34948328_cluster21,haploblock,,,,,,,,,,,chr22_34882112-34948328_cluster21
haploblock:chr22_49675891-49715343_cluster225,haploblock,,,,,,,,,,,chr22_49675891-49715343_cluster225
haploblock:chr22_26549322-26578207_cluster13,haploblock,,,,,,,,,,,chr22_26549322-26578207_cluster13
haploblock:chr22_27061731-27091280_cluster22,haploblock,,,,,,,,,,,chr22_27061731-27091280_cluster22
haploblock:chr22_46249251-46375373_cluster40,haploblock,,,,,,,,,,,chr22_46249251-46375373_cluster40
haploblock:chr22_27009479-27020234_cluster12,haploblock,,,,,,,,,,,chr22_27009479-27020234_cluster12
haploblock:chr22_24690767-24704235_cluster24,haploblock,,,,,,,,,,,chr22_24690767-24704235_cluster24
haploblock:chr22_17414153-17420471_cluster16,haploblock,,,,,,,,,,,chr22_17414153-17420471_cluster16
haploblock:chr22_23851737-23865996_cluster65,haploblock,,,,,,,,,,,chr22_23851737-23865996_cluster65
haploblock:chr22_36463901-36527111_cluster149,haploblock,,,,,,,,,,,chr22_36463901-36527111_cluster149
haploblock:chr22_43304000-43349923_cluster39,haploblock,,,,,,,,,,,chr22_43304000-43349923_cluster39
haploblock:chr22_43429411-43471880_cluster79,haploblock,,,,,,,,,,,chr22_43429411-43471880_cluster79
haploblock:chr22_27009479-27020234_cluster96,haploblock,,,,,,,,,,,chr22_27009479-27020234_cluster96
haploblock:chr22_32332036-32378957_cluster4,haploblock,,,,,,,,,,,chr22_32332036-32378957_cluster4
haploblock:chr22_32447679-32461834_cluster15,haploblock,,,,,,,,,,,chr22_32447679-32461834_cluster15
haploblock:chr22_49517573-49534275_cluster24,haploblock,,,,,,,,,,,chr22_49517573-49534275_cluster24
haploblock:chr22_32412368-32431958_cluster153,haploblock,,,,,,,,,,,chr22_32412368-32431958_cluster153
haploblock:chr22_44446255-44491834_cluster6,haploblock,,,,,,,,,,,chr22_44446255-44491834_cluster6
haploblock:chr22_27240185-27248628_cluster9,haploblock,,,,,,,,,,,chr22_27240185-27248628_cluster9
haploblock:chr22_27552091-27574483_cluster8,haploblock,,,,,,,,,,,chr22_27552091-27574483_cluster8
haploblock:chr22_32412368-32431958_cluster13,haploblock,,,,,,,,,,,chr22_32412368-32431958_cluster13
haploblock:chr22_45023023-45047275_cluster49,haploblock,,,,,,,,,,,chr22_45023023-45047275_cluster49
haploblock:chr22_44491834-44533808_cluster584,haploblock,,,,,,,,,,,chr22_44491834-44533808_cluster584
haploblock:chr22_46902935-46974137_cluster66,haploblock,,,,,,,,,,,chr22_46902935-46974137_cluster66
haploblock:chr22_43145214-43176240_cluster4,haploblock,,,,,,,,,,,chr22_43145214-43176240_cluster4
haploblock:chr22_47795000-47815791_cluster142,haploblock,,,,,,,,,,,chr22_47795000-47815791_cluster142
haploblock:chr22_47599748-47625237_cluster340,haploblock,,,,,,,,,,,chr22_47599748-47625237_cluster340
haploblock:chr22_44423106-44436767_cluster3,haploblock,,,,,,,,,,,chr22_44423106-44436767_cluster3
haploblock:chr22_48325515-48346281_cluster461,haploblock,,,,,,,,,,,chr22_48325515-48346281_cluster461
haploblock:chr22_22914880-22943618_cluster17,haploblock,,,,,,,,,,,chr22_22914880-22943618_cluster17
haploblock:chr22_45521571-45546494_cluster13,haploblock,,,,,,,,,,,chr22_45521571-45546494_cluster13
haploblock:chr22_48649986-48666756_cluster37,haploblock,,,,,,,,,,,chr22_48649986-48666756_cluster37
haploblock:chr22_48070478-48086646_cluster4,haploblock,,,,,,,,,,,chr22_48070478-48086646_cluster4
haploblock:chr22_49241707-49262630_cluster108,haploblock,,,,,,,,,,,chr22_49241707-49262630_cluster108
haploblock:chr22_48807134-48866772_cluster126,haploblock,,,,,,,,,,,chr22_48807134-48866772_cluster126
haploblock:chr22_43016370-43076056_cluster7,haploblock,,,,,,,,,,,chr22_43016370-43076056_cluster7
haploblock:chr22_49333633-49355927_cluster90,haploblock,,,,,,,,,,,chr22_49333633-49355927_cluster90
haploblock:chr22_44263132-44288496_cluster241,haploblock,,,,,,,,,,,chr22_44263132-44288496_cluster241
haploblock:chr22_45956310-46002629_cluster472,haploblock,,,,,,,,,,,chr22_45956310-46002629_cluster472
haploblock:chr22_44615978-44644582_cluster36,haploblock,,,,,,,,,,,chr22_44615978-44644582_cluster36
haploblock:chr22_44871543-44917047_cluster18,haploblock,,,,,,,,,,,chr22_44871543-44917047_cluster18
haploblock:chr22_48807134-48866772_cluster254,haploblock,,,,,,,,,,,chr22_48807134-48866772_cluster254
haploblock:chr22_44558955-44579724_cluster52,haploblock,,,,,,,,,,,chr22_44558955-44579724_cluster52
haploblock:chr22_48149450-48195632_cluster81,haploblock,,,,,,,,,,,chr22_48149450-48195632_cluster81
haploblock:chr22_19158175-19165429_cluster116,haploblock,,,,,,,,,,,chr22_19158175-19165429_cluster116
haploblock:chr22_48748191-48780105_cluster9,haploblock,,,,,,,,,,,chr22_48748191-48780105_cluster9
haploblock:chr22_26549322-26578207_cluster7,haploblock,,,,,,,,,,,chr22_26549322-26578207_cluster7
haploblock:chr22_44098586-44103463_cluster75,haploblock,,,,,,,,,,,chr22_44098586-44103463_cluster75
haploblock:chr22_36527111-36555805_cluster27,haploblock,,,,,,,,,,,chr22_36527111-36555805_cluster27
haploblock:chr22_25953967-25984066_cluster50,haploblock,,,,,,,,,,,chr22_25953967-25984066_cluster50
haploblock:chr22_27134960-27157084_cluster12,haploblock,,,,,,,,,,,chr22_27134960-27157084_cluster12
haploblock:chr22_26024448-26060666_cluster2,haploblock,,,,,,,,,,,chr22_26024448-26060666_cluster2
haploblock:chr22_26060666-26071416_cluster4,haploblock,,,,,,,,,,,chr22_26060666-26071416_cluster4
haploblock:chr22_35467079-35492611_cluster36,haploblock,,,,,,,,,,,chr22_35467079-35492611_cluster36
haploblock:chr22_36463901-36527111_cluster2,haploblock,,,,,,,,,,,chr22_36463901-36527111_cluster2
haploblock:chr22_17143182-17189339_cluster204,haploblock,,,,,,,,,,,chr22_17143182-17189339_cluster204
haploblock:chr22_17189339-17213966_cluster2,haploblock,,,,,,,,,,,chr22_17189339-17213966_cluster2
haploblock:chr22_39233324-39262537_cluster1,haploblock,,,,,,,,,,,chr22_39233324-39262537_cluster1
haploblock:chr22_43102108-43121899_cluster19,haploblock,,,,,,,,,,,chr22_43102108-43121899_cluster19
haploblock:chr22_22109386-22129854_cluster1,haploblock,,,,,,,,,,,chr22_22109386-22129854_cluster1
haploblock:chr22_23241440-23290478_cluster8,haploblock,,,,,,,,,,,chr22_23241440-23290478_cluster8
haploblock:chr22_45461240-45480586_cluster15,haploblock,,,,,,,,,,,chr22_45461240-45480586_cluster15
haploblock:chr22_45521571-45546494_cluster115,haploblock,,,,,,,,,,,chr22_45521571-45546494_cluster115
haploblock:chr22_32156952-32181456_cluster8,haploblock,,,,,,,,,,,chr22_32156952-32181456_cluster8
haploblock:chr22_34403531-34464592_cluster262,haploblock,,,,,,,,,,,chr22_34403531-34464592_cluster262
haploblock:chr22_45220568-45261186_cluster260,haploblock,,,,,,,,,,,chr22_45220568-45261186_cluster260
haploblock:chr22_33408818-33452024_cluster67,haploblock,,,,,,,,,,,chr22_33408818-33452024_cluster67
haploblock:chr22_27157084-27166948_cluster27,haploblock,,,,,,,,,,,chr22_27157084-27166948_cluster27
haploblock:chr22_17257431-17286047_cluster70,haploblock,,,,,,,,,,,chr22_17257431-17286047_cluster70
haploblock:chr22_23489773-23507389_cluster41,haploblock,,,,,,,,,,,chr22_23489773-23507389_cluster41
haploblock:chr22_35004794-35044716_cluster20,haploblock,,,,,,,,,,,chr22_35004794-35044716_cluster20
haploblock:chr22_33540489-33571700_cluster3,haploblock,,,,,,,,,,,chr22_33540489-33571700_cluster3
haploblock:chr22_27378463-27396539_cluster36,haploblock,,,,,,,,,,,chr22_27378463-27396539_cluster36
haploblock:chr22_27642389-27675678_cluster129,haploblock,,,,,,,,,,,chr22_27642389-27675678_cluster129
haploblock:chr22_44871543-44917047_cluster19,haploblock,,,,,,,,,,,chr22_44871543-44917047_cluster19
haploblock:chr22_39466336-39545930_cluster11,haploblock,,,,,,,,,,,chr22_39466336-39545930_cluster11
haploblock:chr22_27240185-27248628_cluster31,haploblock,,,,,,,,,,,chr22_27240185-27248628_cluster31
haploblock:chr22_26549322-26578207_cluster69,haploblock,,,,,,,,,,,chr22_26549322-26578207_cluster69
haploblock:chr22_26753805-26783983_cluster89,haploblock,,,,,,,,,,,chr22_26753805-26783983_cluster89
haploblock:chr22_22545569-22589389_cluster18,haploblock,,,,,,,,,,,chr22_22545569-22589389_cluster18
haploblock:chr22_39577521-39600259_cluster27,haploblock,,,,,,,,,,,chr22_39577521-39600259_cluster27
haploblock:chr22_48534407-48551127_cluster8,haploblock,,,,,,,,,,,chr22_48534407-48551127_cluster8
haploblock:chr22_26884663-26902257_cluster192,haploblock,,,,,,,,,,,chr22_26884663-26902257_cluster192
haploblock:chr22_26999263-27009479_cluster2,haploblock,,,,,,,,,,,chr22_26999263-27009479_cluster2
haploblock:chr22_46418842-46438932_cluster7,haploblock,,,,,,,,,,,chr22_46418842-46438932_cluster7
haploblock:chr22_44603286-44615978_cluster22,haploblock,,,,,,,,,,,chr22_44603286-44615978_cluster22
haploblock:chr22_49492624-49517573_cluster114,haploblock,,,,,,,,,,,chr22_49492624-49517573_cluster114
haploblock:chr22_20003597-20059164_cluster2,haploblock,,,,,,,,,,,chr22_20003597-20059164_cluster2
haploblock:chr22_33044905-33086126_cluster53,haploblock,,,,,,,,,,,chr22_33044905-33086126_cluster53
haploblock:chr22_22854292-22879507_cluster6,haploblock,,,,,,,,,,,chr22_22854292-22879507_cluster6
haploblock:chr22_49534275-49675891_cluster6,haploblock,,,,,,,,,,,chr22_49534275-49675891_cluster6
haploblock:chr22_25876277-25884349_cluster10,haploblock,,,,,,,,,,,chr22_25876277-25884349_cluster10
haploblock:chr22_32932820-32987578_cluster31,haploblock,,,,,,,,,,,chr22_32932820-32987578_cluster31
haploblock:chr22_36137894-36173796_cluster50,haploblock,,,,,,,,,,,chr22_36137894-36173796_cluster50
haploblock:chr22_43304000-43349923_cluster190,haploblock,,,,,,,,,,,chr22_43304000-43349923_cluster190
haploblock:chr22_43176240-43219862_cluster42,haploblock,,,,,,,,,,,chr22_43176240-43219862_cluster42
haploblock:chr22_44615978-44644582_cluster132,haploblock,,,,,,,,,,,chr22_44615978-44644582_cluster132
haploblock:chr22_45502117-45521571_cluster90,haploblock,,,,,,,,,,,chr22_45502117-45521571_cluster90
haploblock:chr22_26848544-26864523_cluster19,haploblock,,,,,,,,,,,chr22_26848544-26864523_cluster19
haploblock:chr22_48440418-48460740_cluster105,haploblock,,,,,,,,,,,chr22_48440418-48460740_cluster105
haploblock:chr22_39466336-39545930_cluster2,haploblock,,,,,,,,,,,chr22_39466336-39545930_cluster2
haploblock:chr22_19530556-19608021_cluster1254,haploblock,,,,,,,,,,,chr22_19530556-19608021_cluster1254
haploblock:chr22_26644382-26677587_cluster259,haploblock,,,,,,,,,,,chr22_26644382-26677587_cluster259
haploblock:chr22_49355927-49381761_cluster9,haploblock,,,,,,,,,,,chr22_49355927-49381761_cluster9
haploblock:chr22_35360016-35406206_cluster222,haploblock,,,,,,,,,,,chr22_35360016-35406206_cluster222
haploblock:chr22_17635993-17757446_cluster58,haploblock,,,,,,,,,,,chr22_17635993-17757446_cluster58
haploblock:chr22_44644582-44670538_cluster127,haploblock,,,,,,,,,,,chr22_44644582-44670538_cluster127
haploblock:chr22_18040448-18059257_cluster6,haploblock,,,,,,,,,,,chr22_18040448-18059257_cluster6
haploblock:chr22_46841413-46902935_cluster18,haploblock,,,,,,,,,,,chr22_46841413-46902935_cluster18
haploblock:chr22_46116729-46176998_cluster15,haploblock,,,,,,,,,,,chr22_46116729-46176998_cluster15
haploblock:chr22_49408121-49430759_cluster3,haploblock,,,,,,,,,,,chr22_49408121-49430759_cluster3
haploblock:chr22_26125105-26223245_cluster168,haploblock,,,,,,,,,,,chr22_26125105-26223245_cluster168
haploblock:chr22_37396550-37416456_cluster1,haploblock,,,,,,,,,,,chr22_37396550-37416456_cluster1
haploblock:chr22_35360016-35406206_cluster364,haploblock,,,,,,,,,,,chr22_35360016-35406206_cluster364
haploblock:chr22_27134960-27157084_cluster168,haploblock,,,,,,,,,,,chr22_27134960-27157084_cluster168
haploblock:chr22_17382179-17414153_cluster57,haploblock,,,,,,,,,,,chr22_17382179-17414153_cluster57
haploblock:chr22_23146855-23241440_cluster13,haploblock,,,,,,,,,,,chr22_23146855-23241440_cluster13
haploblock:chr22_33259027-33299764_cluster16,haploblock,,,,,,,,,,,chr22_33259027-33299764_cluster16
haploblock:chr22_47875259-47891202_cluster5,haploblock,,,,,,,,,,,chr22_47875259-47891202_cluster5
haploblock:chr22_23532651-23582658_cluster1206,haploblock,,,,,,,,,,,chr22_23532651-23582658_cluster1206
haploblock:chr22_32779763-32844047_cluster192,haploblock,,,,,,,,,,,chr22_32779763-32844047_cluster192
haploblock:chr22_33214306-33259027_cluster2,haploblock,,,,,,,,,,,chr22_33214306-33259027_cluster2
haploblock:chr22_33679263-33694376_cluster8,haploblock,,,,,,,,,,,chr22_33679263-33694376_cluster8
haploblock:chr22_22344671-22370689_cluster5,haploblock,,,,,,,,,,,chr22_22344671-22370689_cluster5
haploblock:chr22_26884663-26902257_cluster48,haploblock,,,,,,,,,,,chr22_26884663-26902257_cluster48
haploblock:chr22_22039828-22047705_cluster5,haploblock,,,,,,,,,,,chr22_22039828-22047705_cluster5
haploblock:chr22_22306953-22344671_cluster5,haploblock,,,,,,,,,,,chr22_22306953-22344671_cluster5
haploblock:chr22_39600259-39648397_cluster28,haploblock,,,,,,,,,,,chr22_39600259-39648397_cluster28
haploblock:chr22_39953483-39980379_cluster8,haploblock,,,,,,,,,,,chr22_39953483-39980379_cluster8
haploblock:chr22_26838327-26848544_cluster15,haploblock,,,,,,,,,,,chr22_26838327-26848544_cluster15
haploblock:chr22_26914018-26931738_cluster40,haploblock,,,,,,,,,,,chr22_26914018-26931738_cluster40
haploblock:chr22_27299096-27335333_cluster23,haploblock,,,,,,,,,,,chr22_27299096-27335333_cluster23
haploblock:chr22_39577521-39600259_cluster90,haploblock,,,,,,,,,,,chr22_39577521-39600259_cluster90
haploblock:chr22_46974137-47051453_cluster20,haploblock,,,,,,,,,,,chr22_46974137-47051453_cluster20
haploblock:chr22_49138659-49161412_cluster8,haploblock,,,,,,,,,,,chr22_49138659-49161412_cluster8
haploblock:chr22_32604930-32649633_cluster24,haploblock,,,,,,,,,,,chr22_32604930-32649633_cluster24
haploblock:chr22_48574333-48593175_cluster25,haploblock,,,,,,,,,,,chr22_48574333-48593175_cluster25
haploblock:chr22_24887942-24898544_cluster107,haploblock,,,,,,,,,,,chr22_24887942-24898544_cluster107
haploblock:chr22_49715343-49726702_cluster65,haploblock,,,,,,,,,,,chr22_49715343-49726702_cluster65
haploblock:chr22_22854292-22879507_cluster42,haploblock,,,,,,,,,,,chr22_22854292-22879507_cluster42
haploblock:chr22_49715343-49726702_cluster34,haploblock,,,,,,,,,,,chr22_49715343-49726702_cluster34
haploblock:chr22_48440418-48460740_cluster1130,haploblock,,,,,,,,,,,chr22_48440418-48460740_cluster1130
haploblock:chr22_45521571-45546494_cluster67,haploblock,,,,,,,,,,,chr22_45521571-45546494_cluster67
haploblock:chr22_22004012-22039828_cluster8,haploblock,,,,,,,,,,,chr22_22004012-22039828_cluster8
haploblock:chr22_48962941-48975351_cluster3,haploblock,,,,,,,,,,,chr22_48962941-48975351_cluster3
haploblock:chr22_47599748-47625237_cluster8,haploblock,,,,,,,,,,,chr22_47599748-47625237_cluster8
haploblock:chr22_27061731-27091280_cluster67,haploblock,,,,,,,,,,,chr22_27061731-27091280_cluster67
haploblock:chr22_36630948-36681598_cluster237,haploblock,,,,,,,,,,,chr22_36630948-36681598_cluster237
haploblock:chr22_49675891-49715343_cluster5,haploblock,,,,,,,,,,,chr22_49675891-49715343_cluster5
haploblock:chr22_33571700-33628113_cluster3,haploblock,,,,,,,,,,,chr22_33571700-33628113_cluster3
haploblock:chr22_27240185-27248628_cluster12,haploblock,,,,,,,,,,,chr22_27240185-27248628_cluster12
haploblock:chr22_24587296-24690767_cluster903,haploblock,,,,,,,,,,,chr22_24587296-24690767_cluster903
haploblock:chr22_25688319-25736676_cluster18,haploblock,,,,,,,,,,,chr22_25688319-25736676_cluster18
haploblock:chr22_45611743-45746785_cluster1283,haploblock,,,,,,,,,,,chr22_45611743-45746785_cluster1283
haploblock:chr22_44263132-44288496_cluster9,haploblock,,,,,,,,,,,chr22_44263132-44288496_cluster9
haploblock:chr22_20229336-20258558_cluster100,haploblock,,,,,,,,,,,chr22_20229336-20258558_cluster100
haploblock:chr22_20258558-20274330_cluster3,haploblock,,,,,,,,,,,chr22_20258558-20274330_cluster3
haploblock:chr22_47257518-47285160_cluster21,haploblock,,,,,,,,,,,chr22_47257518-47285160_cluster21
haploblock:chr22_44917047-44929677_cluster5,haploblock,,,,,,,,,,,chr22_44917047-44929677_cluster5
haploblock:chr22_48574333-48593175_cluster826,haploblock,,,,,,,,,,,chr22_48574333-48593175_cluster826
haploblock:chr22_48593175-48616504_cluster12,haploblock,,,,,,,,,,,chr22_48593175-48616504_cluster12
haploblock:chr22_37241613-37276728_cluster8,haploblock,,,,,,,,,,,chr22_37241613-37276728_cluster8
haploblock:chr22_48358281-48414640_cluster251,haploblock,,,,,,,,,,,chr22_48358281-48414640_cluster251
haploblock:chr22_49446708-49455747_cluster33,haploblock,,,,,,,,,,,chr22_49446708-49455747_cluster33
haploblock:chr22_19821351-19886686_cluster129,haploblock,,,,,,,,,,,chr22_19821351-19886686_cluster129
haploblock:chr22_31942200-32156952_cluster621,haploblock,,,,,,,,,,,chr22_31942200-32156952_cluster621
haploblock:chr22_33044905-33086126_cluster3,haploblock,,,,,,,,,,,chr22_33044905-33086126_cluster3
haploblock:chr22_23241440-23290478_cluster14,haploblock,,,,,,,,,,,chr22_23241440-23290478_cluster14
haploblock:chr22_26864523-26884663_cluster41,haploblock,,,,,,,,,,,chr22_26864523-26884663_cluster41
haploblock:chr22_26884663-26902257_cluster8,haploblock,,,,,,,,,,,chr22_26884663-26902257_cluster8
haploblock:chr22_32412368-32431958_cluster63,haploblock,,,,,,,,,,,chr22_32412368-32431958_cluster63
haploblock:chr22_27522596-27552091_cluster28,haploblock,,,,,,,,,,,chr22_27522596-27552091_cluster28
haploblock:chr22_37124185-37147116_cluster427,haploblock,,,,,,,,,,,chr22_37124185-37147116_cluster427
haploblock:chr22_36137894-36173796_cluster10,haploblock,,,,,,,,,,,chr22_36137894-36173796_cluster10
haploblock:chr22_36863317-36921349_cluster32,haploblock,,,,,,,,,,,chr22_36863317-36921349_cluster32
haploblock:chr22_45502117-45521571_cluster33,haploblock,,,,,,,,,,,chr22_45502117-45521571_cluster33
haploblock:chr22_46493826-46509245_cluster23,haploblock,,,,,,,,,,,chr22_46493826-46509245_cluster23
haploblock:chr22_49241707-49262630_cluster92,haploblock,,,,,,,,,,,chr22_49241707-49262630_cluster92
haploblock:chr22_43471880-43502343_cluster106,haploblock,,,,,,,,,,,chr22_43471880-43502343_cluster106
haploblock:chr22_46478129-46493826_cluster2,haploblock,,,,,,,,,,,chr22_46478129-46493826_cluster2
haploblock:chr22_47875259-47891202_cluster1,haploblock,,,,,,,,,,,chr22_47875259-47891202_cluster1
haploblock:chr22_27774178-27795907_cluster335,haploblock,,,,,,,,,,,chr22_27774178-27795907_cluster335
haploblock:chr22_17779751-17795362_cluster11,haploblock,,,,,,,,,,,chr22_17779751-17795362_cluster11
haploblock:chr22_23146855-23241440_cluster75,haploblock,,,,,,,,,,,chr22_23146855-23241440_cluster75
haploblock:chr22_25953967-25984066_cluster12,haploblock,,,,,,,,,,,chr22_25953967-25984066_cluster12
haploblock:chr22_35467079-35492611_cluster354,haploblock,,,,,,,,,,,chr22_35467079-35492611_cluster354
haploblock:chr22_17414153-17420471_cluster9,haploblock,,,,,,,,,,,chr22_17414153-17420471_cluster9
haploblock:chr22_25984066-26024448_cluster18,haploblock,,,,,,,,,,,chr22_25984066-26024448_cluster18
haploblock:chr22_33679263-33694376_cluster5,haploblock,,,,,,,,,,,chr22_33679263-33694376_cluster5
haploblock:chr22_32241161-32268625_cluster13,haploblock,,,,,,,,,,,chr22_32241161-32268625_cluster13
haploblock:chr22_44721676-44752468_cluster223,haploblock,,,,,,,,,,,chr22_44721676-44752468_cluster223
haploblock:chr22_35695363-35738379_cluster20,haploblock,,,,,,,,,,,chr22_35695363-35738379_cluster20
haploblock:chr22_22914880-22943618_cluster46,haploblock,,,,,,,,,,,chr22_22914880-22943618_cluster46
haploblock:chr22_33679263-33694376_cluster9,haploblock,,,,,,,,,,,chr22_33679263-33694376_cluster9
haploblock:chr22_44395824-44404134_cluster13,haploblock,,,,,,,,,,,chr22_44395824-44404134_cluster13
haploblock:chr22_48256183-48280360_cluster70,haploblock,,,,,,,,,,,chr22_48256183-48280360_cluster70
haploblock:chr22_30218448-30274592_cluster8,haploblock,,,,,,,,,,,chr22_30218448-30274592_cluster8
haploblock:chr22_35559256-35587972_cluster59,haploblock,,,,,,,,,,,chr22_35559256-35587972_cluster59
haploblock:chr22_23241440-23290478_cluster203,haploblock,,,,,,,,,,,chr22_23241440-23290478_cluster203
haploblock:chr22_26884663-26902257_cluster24,haploblock,,,,,,,,,,,chr22_26884663-26902257_cluster24
haploblock:chr22_44347315-44365917_cluster44,haploblock,,,,,,,,,,,chr22_44347315-44365917_cluster44
haploblock:chr22_32156952-32181456_cluster56,haploblock,,,,,,,,,,,chr22_32156952-32181456_cluster56
haploblock:chr22_45220568-45261186_cluster538,haploblock,,,,,,,,,,,chr22_45220568-45261186_cluster538
haploblock:chr22_47891202-47963676_cluster8,haploblock,,,,,,,,,,,chr22_47891202-47963676_cluster8
haploblock:chr22_27702743-27734056_cluster45,haploblock,,,,,,,,,,,chr22_27702743-27734056_cluster45
haploblock:chr22_27774178-27795907_cluster37,haploblock,,,,,,,,,,,chr22_27774178-27795907_cluster37
haploblock:chr22_22854292-22879507_cluster18,haploblock,,,,,,,,,,,chr22_22854292-22879507_cluster18
haploblock:chr22_27061731-27091280_cluster55,haploblock,,,,,,,,,,,chr22_27061731-27091280_cluster55
haploblock:chr22_36681598-36745061_cluster378,haploblock,,,,,,,,,,,chr22_36681598-36745061_cluster378
haploblock:chr22_27642389-27675678_cluster53,haploblock,,,,,,,,,,,chr22_27642389-27675678_cluster53
haploblock:chr22_17510346-17565024_cluster208,haploblock,,,,,,,,,,,chr22_17510346-17565024_cluster208
haploblock:chr22_27473414-27500947_cluster24,haploblock,,,,,,,,,,,chr22_27473414-27500947_cluster24
haploblock:chr22_36863317-36921349_cluster38,haploblock,,,,,,,,,,,chr22_36863317-36921349_cluster38
haploblock:chr22_44696863-44709627_cluster15,haploblock,,,,,,,,,,,chr22_44696863-44709627_cluster15
haploblock:chr22_46531483-46571254_cluster48,haploblock,,,,,,,,,,,chr22_46531483-46571254_cluster48
haploblock:chr22_48256183-48280360_cluster33,haploblock,,,,,,,,,,,chr22_48256183-48280360_cluster33
haploblock:chr22_48460740-48507466_cluster27,haploblock,,,,,,,,,,,chr22_48460740-48507466_cluster27
haploblock:chr22_48666756-48674907_cluster8,haploblock,,,,,,,,,,,chr22_48666756-48674907_cluster8
haploblock:chr22_26884663-26902257_cluster61,haploblock,,,,,,,,,,,chr22_26884663-26902257_cluster61
haploblock:chr22_30667110-30757175_cluster18,haploblock,,,,,,,,,,,chr22_30667110-30757175_cluster18
haploblock:chr22_34159369-34248049_cluster5,haploblock,,,,,,,,,,,chr22_34159369-34248049_cluster5
haploblock:chr22_35695363-35738379_cluster69,haploblock,,,,,,,,,,,chr22_35695363-35738379_cluster69
haploblock:chr22_42294543-42340130_cluster23,haploblock,,,,,,,,,,,chr22_42294543-42340130_cluster23
haploblock:chr22_44871543-44917047_cluster57,haploblock,,,,,,,,,,,chr22_44871543-44917047_cluster57
haploblock:chr22_49446708-49455747_cluster32,haploblock,,,,,,,,,,,chr22_49446708-49455747_cluster32
haploblock:chr22_46418842-46438932_cluster113,haploblock,,,,,,,,,,,chr22_46418842-46438932_cluster113
haploblock:chr22_43304000-43349923_cluster72,haploblock,,,,,,,,,,,chr22_43304000-43349923_cluster72
haploblock:chr22_25755364-25769547_cluster9,haploblock,,,,,,,,,,,chr22_25755364-25769547_cluster9
haploblock:chr22_36969311-37027101_cluster43,haploblock,,,,,,,,,,,chr22_36969311-37027101_cluster43
haploblock:chr22_22854292-22879507_cluster77,haploblock,,,,,,,,,,,chr22_22854292-22879507_cluster77
haploblock:chr22_25769547-25836129_cluster84,haploblock,,,,,,,,,,,chr22_25769547-25836129_cluster84
haploblock:chr22_27240185-27248628_cluster10,haploblock,,,,,,,,,,,chr22_27240185-27248628_cluster10
haploblock:chr22_38316189-38345691_cluster7,haploblock,,,,,,,,,,,chr22_38316189-38345691_cluster7
haploblock:chr22_42434570-42475676_cluster74,haploblock,,,,,,,,,,,chr22_42434570-42475676_cluster74
haploblock:chr22_43899207-43927194_cluster33,haploblock,,,,,,,,,,,chr22_43899207-43927194_cluster33
haploblock:chr22_46198741-46224519_cluster9,haploblock,,,,,,,,,,,chr22_46198741-46224519_cluster9
haploblock:chr22_26753805-26783983_cluster52,haploblock,,,,,,,,,,,chr22_26753805-26783983_cluster52
haploblock:chr22_27751201-27774178_cluster462,haploblock,,,,,,,,,,,chr22_27751201-27774178_cluster462
haploblock:chr22_46622269-46684568_cluster4,haploblock,,,,,,,,,,,chr22_46622269-46684568_cluster4
haploblock:chr22_27734056-27751201_cluster195,haploblock,,,,,,,,,,,chr22_27734056-27751201_cluster195
haploblock:chr22_29422865-29484784_cluster53,haploblock,,,,,,,,,,,chr22_29422865-29484784_cluster53
haploblock:chr22_48666756-48674907_cluster45,haploblock,,,,,,,,,,,chr22_48666756-48674907_cluster45
haploblock:chr22_49333633-49355927_cluster7,haploblock,,,,,,,,,,,chr22_49333633-49355927_cluster7
haploblock:chr22_48440418-48460740_cluster2,haploblock,,,,,,,,,,,chr22_48440418-48460740_cluster2
haploblock:chr22_46841413-46902935_cluster25,haploblock,,,,,,,,,,,chr22_46841413-46902935_cluster25
haploblock:chr22_23374984-23416457_cluster409,haploblock,,,,,,,,,,,chr22_23374984-23416457_cluster409
haploblock:chr22_48325515-48346281_cluster200,haploblock,,,,,,,,,,,chr22_48325515-48346281_cluster200
haploblock:chr22_48807134-48866772_cluster5,haploblock,,,,,,,,,,,chr22_48807134-48866772_cluster5
haploblock:chr22_47150007-47171844_cluster50,haploblock,,,,,,,,,,,chr22_47150007-47171844_cluster50
haploblock:chr22_49446708-49455747_cluster280,haploblock,,,,,,,,,,,chr22_49446708-49455747_cluster280
haploblock:chr22_45502117-45521571_cluster46,haploblock,,,,,,,,,,,chr22_45502117-45521571_cluster46
haploblock:chr22_21084128-21097378_cluster10,haploblock,,,,,,,,,,,chr22_21084128-21097378_cluster10
haploblock:chr22_26293669-26323043_cluster753,haploblock,,,,,,,,,,,chr22_26293669-26323043_cluster753
haploblock:chr22_20290948-20320756_cluster11,haploblock,,,,,,,,,,,chr22_20290948-20320756_cluster11
haploblock:chr22_27734056-27751201_cluster10,haploblock,,,,,,,,,,,chr22_27734056-27751201_cluster10
haploblock:chr22_27281429-27299096_cluster9,haploblock,,,,,,,,,,,chr22_27281429-27299096_cluster9
haploblock:chr22_19699265-19729797_cluster109,haploblock,,,,,,,,,,,chr22_19699265-19729797_cluster109
haploblock:chr22_48440418-48460740_cluster247,haploblock,,,,,,,,,,,chr22_48440418-48460740_cluster247
haploblock:chr22_44579724-44598588_cluster118,haploblock,,,,,,,,,,,chr22_44579724-44598588_cluster118
haploblock:chr22_45061875-45076203_cluster21,haploblock,,,,,,,,,,,chr22_45061875-45076203_cluster21
haploblock:chr22_23851737-23865996_cluster15,haploblock,,,,,,,,,,,chr22_23851737-23865996_cluster15
haploblock:chr22_32412368-32431958_cluster21,haploblock,,,,,,,,,,,chr22_32412368-32431958_cluster21
haploblock:chr22_29225139-29255004_cluster31,haploblock,,,,,,,,,,,chr22_29225139-29255004_cluster31
haploblock:chr22_48424298-48440418_cluster30,haploblock,,,,,,,,,,,chr22_48424298-48440418_cluster30
haploblock:chr22_37447223-37510682_cluster42,haploblock,,,,,,,,,,,chr22_37447223-37510682_cluster42
haploblock:chr22_46249251-46375373_cluster47,haploblock,,,,,,,,,,,chr22_46249251-46375373_cluster47
haploblock:chr22_46375373-46418842_cluster42,haploblock,,,,,,,,,,,chr22_46375373-46418842_cluster42
haploblock:chr22_39600259-39648397_cluster27,haploblock,,,,,,,,,,,chr22_39600259-39648397_cluster27
haploblock:chr22_48086646-48105541_cluster14,haploblock,,,,,,,,,,,chr22_48086646-48105541_cluster14
haploblock:chr22_17118145-17143182_cluster116,haploblock,,,,,,,,,,,chr22_17118145-17143182_cluster116
haploblock:chr22_24841041-24887942_cluster118,haploblock,,,,,,,,,,,chr22_24841041-24887942_cluster118
haploblock:chr22_48424298-48440418_cluster31,haploblock,,,,,,,,,,,chr22_48424298-48440418_cluster31
haploblock:chr22_19158175-19165429_cluster45,haploblock,,,,,,,,,,,chr22_19158175-19165429_cluster45
haploblock:chr22_17118145-17143182_cluster26,haploblock,,,,,,,,,,,chr22_17118145-17143182_cluster26
haploblock:chr22_17143182-17189339_cluster21,haploblock,,,,,,,,,,,chr22_17143182-17189339_cluster21
haploblock:chr22_25836129-25858830_cluster72,haploblock,,,,,,,,,,,chr22_25836129-25858830_cluster72
haploblock:chr22_27157084-27166948_cluster37,haploblock,,,,,,,,,,,chr22_27157084-27166948_cluster37
haploblock:chr22_42434570-42475676_cluster463,haploblock,,,,,,,,,,,chr22_42434570-42475676_cluster463
haploblock:chr22_33044905-33086126_cluster26,haploblock,,,,,,,,,,,chr22_33044905-33086126_cluster26
haploblock:chr22_44845752-44871543_cluster97,haploblock,,,,,,,,,,,chr22_44845752-44871543_cluster97
haploblock:chr22_18012407-18040448_cluster38,haploblock,,,,,,,,,,,chr22_18012407-18040448_cluster38
haploblock:chr22_26753805-26783983_cluster75,haploblock,,,,,,,,,,,chr22_26753805-26783983_cluster75
haploblock:chr22_39980379-40032702_cluster14,haploblock,,,,,,,,,,,chr22_39980379-40032702_cluster14
haploblock:chr22_44579724-44598588_cluster54,haploblock,,,,,,,,,,,chr22_44579724-44598588_cluster54
haploblock:chr22_22879507-22914880_cluster12,haploblock,,,,,,,,,,,chr22_22879507-22914880_cluster12
haploblock:chr22_22914880-22943618_cluster96,haploblock,,,,,,,,,,,chr22_22914880-22943618_cluster96
haploblock:chr22_37320379-37355281_cluster10,haploblock,,,,,,,,,,,chr22_37320379-37355281_cluster10
haploblock:chr22_41244846-41561606_cluster446,haploblock,,,,,,,,,,,chr22_41244846-41561606_cluster446
haploblock:chr22_46249251-46375373_cluster13,haploblock,,,,,,,,,,,chr22_46249251-46375373_cluster13
haploblock:chr22_26884663-26902257_cluster29,haploblock,,,,,,,,,,,chr22_26884663-26902257_cluster29
haploblock:chr22_29422865-29484784_cluster29,haploblock,,,,,,,,,,,chr22_29422865-29484784_cluster29
haploblock:chr22_48086646-48105541_cluster20,haploblock,,,,,,,,,,,chr22_48086646-48105541_cluster20
haploblock:chr22_45275462-45289532_cluster101,haploblock,,,,,,,,,,,chr22_45275462-45289532_cluster101
haploblock:chr22_49492624-49517573_cluster3,haploblock,,,,,,,,,,,chr22_49492624-49517573_cluster3
haploblock:chr22_46249251-46375373_cluster9,haploblock,,,,,,,,,,,chr22_46249251-46375373_cluster9
haploblock:chr22_30585088-30667110_cluster184,haploblock,,,,,,,,,,,chr22_30585088-30667110_cluster184
haploblock:chr22_25876277-25884349_cluster21,haploblock,,,,,,,,,,,chr22_25876277-25884349_cluster21
haploblock:chr22_25836129-25858830_cluster57,haploblock,,,,,,,,,,,chr22_25836129-25858830_cluster57
haploblock:chr22_34099461-34121170_cluster1,haploblock,,,,,,,,,,,chr22_34099461-34121170_cluster1
haploblock:chr22_24221347-24408113_cluster502,haploblock,,,,,,,,,,,chr22_24221347-24408113_cluster502
haploblock:chr22_31445105-31721546_cluster763,haploblock,,,,,,,,,,,chr22_31445105-31721546_cluster763
haploblock:chr22_18154397-18173325_cluster91,haploblock,,,,,,,,,,,chr22_18154397-18173325_cluster91
haploblock:chr22_35241710-35335101_cluster225,haploblock,,,,,,,,,,,chr22_35241710-35335101_cluster225
haploblock:chr22_17420471-17463955_cluster3,haploblock,,,,,,,,,,,chr22_17420471-17463955_cluster3
haploblock:chr22_17420471-17463955_cluster36,haploblock,,,,,,,,,,,chr22_17420471-17463955_cluster36
haploblock:chr22_22004012-22039828_cluster41,haploblock,,,,,,,,,,,chr22_22004012-22039828_cluster41
haploblock:chr22_36745061-36798723_cluster22,haploblock,,,,,,,,,,,chr22_36745061-36798723_cluster22
haploblock:chr22_41011161-41082478_cluster5,haploblock,,,,,,,,,,,chr22_41011161-41082478_cluster5
haploblock:chr22_48616504-48649986_cluster23,haploblock,,,,,,,,,,,chr22_48616504-48649986_cluster23
haploblock:chr22_48086646-48105541_cluster76,haploblock,,,,,,,,,,,chr22_48086646-48105541_cluster76
haploblock:chr22_29124422-29160751_cluster87,haploblock,,,,,,,,,,,chr22_29124422-29160751_cluster87
haploblock:chr22_43304000-43349923_cluster7,haploblock,,,,,,,,,,,chr22_43304000-43349923_cluster7
haploblock:chr22_47963676-47997555_cluster78,haploblock,,,,,,,,,,,chr22_47963676-47997555_cluster78
haploblock:chr22_17118145-17143182_cluster112,haploblock,,,,,,,,,,,chr22_17118145-17143182_cluster112
haploblock:chr22_17257431-17286047_cluster207,haploblock,,,,,,,,,,,chr22_17257431-17286047_cluster207
haploblock:chr22_17795362-17851807_cluster153,haploblock,,,,,,,,,,,chr22_17795362-17851807_cluster153
haploblock:chr22_27734056-27751201_cluster21,haploblock,,,,,,,,,,,chr22_27734056-27751201_cluster21
haploblock:chr22_34589089-34743749_cluster18,haploblock,,,,,,,,,,,chr22_34589089-34743749_cluster18
haploblock:chr22_46531483-46571254_cluster45,haploblock,,,,,,,,,,,chr22_46531483-46571254_cluster45
haploblock:chr22_46571254-46602247_cluster12,haploblock,,,,,,,,,,,chr22_46571254-46602247_cluster12
haploblock:chr22_49430759-49446708_cluster11,haploblock,,,,,,,,,,,chr22_49430759-49446708_cluster11
haploblock:chr22_19652459-19674207_cluster21,haploblock,,,,,,,,,,,chr22_19652459-19674207_cluster21
haploblock:chr22_33571700-33628113_cluster9,haploblock,,,,,,,,,,,chr22_33571700-33628113_cluster9
haploblock:chr22_36926778-36947400_cluster16,haploblock,,,,,,,,,,,chr22_36926778-36947400_cluster16
haploblock:chr22_44156872-44166469_cluster5,haploblock,,,,,,,,,,,chr22_44156872-44166469_cluster5
haploblock:chr22_44845752-44871543_cluster90,haploblock,,,,,,,,,,,chr22_44845752-44871543_cluster90
haploblock:chr22_19821351-19886686_cluster39,haploblock,,,,,,,,,,,chr22_19821351-19886686_cluster39
haploblock:chr22_27346610-27378463_cluster97,haploblock,,,,,,,,,,,chr22_27346610-27378463_cluster97
haploblock:chr22_22545569-22589389_cluster351,haploblock,,,,,,,,,,,chr22_22545569-22589389_cluster351
haploblock:chr22_23241440-23290478_cluster272,haploblock,,,,,,,,,,,chr22_23241440-23290478_cluster272
haploblock:chr22_48697982-48748191_cluster63,haploblock,,,,,,,,,,,chr22_48697982-48748191_cluster63
haploblock:chr22_49189227-49196610_cluster15,haploblock,,,,,,,,,,,chr22_49189227-49196610_cluster15
haploblock:chr22_36527111-36555805_cluster119,haploblock,,,,,,,,,,,chr22_36527111-36555805_cluster119
haploblock:chr22_17510346-17565024_cluster31,haploblock,,,,,,,,,,,chr22_17510346-17565024_cluster31
haploblock:chr22_29422865-29484784_cluster11,haploblock,,,,,,,,,,,chr22_29422865-29484784_cluster11
haploblock:chr22_19699265-19729797_cluster170,haploblock,,,,,,,,,,,chr22_19699265-19729797_cluster170
haploblock:chr22_46571254-46602247_cluster35,haploblock,,,,,,,,,,,chr22_46571254-46602247_cluster35
haploblock:chr22_49138659-49161412_cluster383,haploblock,,,,,,,,,,,chr22_49138659-49161412_cluster383
haploblock:chr22_20988220-21022574_cluster21,haploblock,,,,,,,,,,,chr22_20988220-21022574_cluster21
haploblock:chr22_39013374-39091660_cluster94,haploblock,,,,,,,,,,,chr22_39013374-39091660_cluster94
haploblock:chr22_46116729-46176998_cluster2,haploblock,,,,,,,,,,,chr22_46116729-46176998_cluster2
haploblock:chr22_19773105-19821351_cluster67,haploblock,,,,,,,,,,,chr22_19773105-19821351_cluster67
haploblock:chr22_30383333-30440683_cluster6,haploblock,,,,,,,,,,,chr22_30383333-30440683_cluster6
haploblock:chr22_44644582-44670538_cluster233,haploblock,,,,,,,,,,,chr22_44644582-44670538_cluster233
haploblock:chr22_29422865-29484784_cluster206,haploblock,,,,,,,,,,,chr22_29422865-29484784_cluster206
haploblock:chr22_17382179-17414153_cluster67,haploblock,,,,,,,,,,,chr22_17382179-17414153_cluster67
haploblock:chr22_26024448-26060666_cluster110,haploblock,,,,,,,,,,,chr22_26024448-26060666_cluster110
haploblock:chr22_22039828-22047705_cluster7,haploblock,,,,,,,,,,,chr22_22039828-22047705_cluster7
haploblock:chr22_22914880-22943618_cluster44,haploblock,,,,,,,,,,,chr22_22914880-22943618_cluster44
haploblock:chr22_38345691-38468508_cluster79,haploblock,,,,,,,,,,,chr22_38345691-38468508_cluster79
haploblock:chr22_20988220-21022574_cluster22,haploblock,,,,,,,,,,,chr22_20988220-21022574_cluster22
haploblock:chr22_45023023-45047275_cluster25,haploblock,,,,,,,,,,,chr22_45023023-45047275_cluster25
haploblock:chr22_21022574-21062587_cluster19,haploblock,,,,,,,,,,,chr22_21022574-21062587_cluster19
haploblock:chr22_24690767-24704235_cluster9,haploblock,,,,,,,,,,,chr22_24690767-24704235_cluster9
haploblock:chr22_45102024-45131462_cluster3,haploblock,,,,,,,,,,,chr22_45102024-45131462_cluster3
haploblock:chr22_18040448-18059257_cluster42,haploblock,,,,,,,,,,,chr22_18040448-18059257_cluster42
haploblock:chr22_48962941-48975351_cluster4,haploblock,,,,,,,,,,,chr22_48962941-48975351_cluster4
haploblock:chr22_47285160-47370846_cluster140,haploblock,,,,,,,,,,,chr22_47285160-47370846_cluster140
haploblock:chr22_43429411-43471880_cluster566,haploblock,,,,,,,,,,,chr22_43429411-43471880_cluster566
haploblock:chr22_44670538-44696863_cluster20,haploblock,,,,,,,,,,,chr22_44670538-44696863_cluster20
haploblock:chr22_49408121-49430759_cluster29,haploblock,,,,,,,,,,,chr22_49408121-49430759_cluster29
haploblock:chr22_43429411-43471880_cluster17,haploblock,,,,,,,,,,,chr22_43429411-43471880_cluster17
haploblock:chr22_48534407-48551127_cluster7,haploblock,,,,,,,,,,,chr22_48534407-48551127_cluster7
haploblock:chr22_38284355-38316189_cluster2,haploblock,,,,,,,,,,,chr22_38284355-38316189_cluster2
haploblock:chr22_39233324-39262537_cluster39,haploblock,,,,,,,,,,,chr22_39233324-39262537_cluster39
haploblock:chr22_25884349-25933372_cluster44,haploblock,,,,,,,,,,,chr22_25884349-25933372_cluster44
haploblock:chr22_48697982-48748191_cluster12,haploblock,,,,,,,,,,,chr22_48697982-48748191_cluster12
haploblock:chr22_43239201-43251410_cluster5,haploblock,,,,,,,,,,,chr22_43239201-43251410_cluster5
haploblock:chr22_46116729-46176998_cluster71,haploblock,,,,,,,,,,,chr22_46116729-46176998_cluster71
haploblock:chr22_45076203-45102024_cluster259,haploblock,,,,,,,,,,,chr22_45076203-45102024_cluster259
haploblock:chr22_43349923-43371073_cluster24,haploblock,,,,,,,,,,,chr22_43349923-43371073_cluster24
haploblock:chr22_36352948-36418187_cluster5,haploblock,,,,,,,,,,,chr22_36352948-36418187_cluster5
haploblock:chr22_36745061-36798723_cluster61,haploblock,,,,,,,,,,,chr22_36745061-36798723_cluster61
haploblock:chr22_49715343-49726702_cluster37,haploblock,,,,,,,,,,,chr22_49715343-49726702_cluster37
haploblock:chr22_46739093-46762438_cluster45,haploblock,,,,,,,,,,,chr22_46739093-46762438_cluster45
haploblock:chr22_23241440-23290478_cluster1,haploblock,,,,,,,,,,,chr22_23241440-23290478_cluster1
haploblock:chr22_48616504-48649986_cluster70,haploblock,,,,,,,,,,,chr22_48616504-48649986_cluster70
haploblock:chr22_44288496-44303006_cluster1,haploblock,,,,,,,,,,,chr22_44288496-44303006_cluster1
haploblock:chr22_44347315-44365917_cluster73,haploblock,,,,,,,,,,,chr22_44347315-44365917_cluster73
haploblock:chr22_45220568-45261186_cluster276,haploblock,,,,,,,,,,,chr22_45220568-45261186_cluster276
haploblock:chr22_19608021-19623032_cluster4,haploblock,,,,,,,,,,,chr22_19608021-19623032_cluster4
haploblock:chr22_43016370-43076056_cluster2,haploblock,,,,,,,,,,,chr22_43016370-43076056_cluster2
haploblock:chr22_23751602-23766514_cluster12,haploblock,,,,,,,,,,,chr22_23751602-23766514_cluster12
haploblock:chr22_21084128-21097378_cluster4,haploblock,,,,,,,,,,,chr22_21084128-21097378_cluster4
haploblock:chr22_47257518-47285160_cluster97,haploblock,,,,,,,,,,,chr22_47257518-47285160_cluster97
haploblock:chr22_22423583-22524402_cluster235,haploblock,,,,,,,,,,,chr22_22423583-22524402_cluster235
haploblock:chr22_23529638-23532651_cluster8,haploblock,,,,,,,,,,,chr22_23529638-23532651_cluster8
haploblock:chr22_26914018-26931738_cluster3,haploblock,,,,,,,,,,,chr22_26914018-26931738_cluster3
haploblock:chr22_36630948-36681598_cluster84,haploblock,,,,,,,,,,,chr22_36630948-36681598_cluster84
haploblock:chr22_43502343-43623821_cluster26,haploblock,,,,,,,,,,,chr22_43502343-43623821_cluster26
haploblock:chr22_50171475-50227431_cluster25,haploblock,,,,,,,,,,,chr22_50171475-50227431_cluster25
haploblock:chr22_26529987-26549322_cluster21,haploblock,,,,,,,,,,,chr22_26529987-26549322_cluster21
haploblock:chr22_33711261-33725539_cluster4,haploblock,,,,,,,,,,,chr22_33711261-33725539_cluster4
haploblock:chr22_36527111-36555805_cluster117,haploblock,,,,,,,,,,,chr22_36527111-36555805_cluster117
haploblock:chr22_48299933-48318300_cluster78,haploblock,,,,,,,,,,,chr22_48299933-48318300_cluster78
haploblock:chr22_27123825-27134960_cluster6,haploblock,,,,,,,,,,,chr22_27123825-27134960_cluster6
haploblock:chr22_42759443-42789174_cluster6,haploblock,,,,,,,,,,,chr22_42759443-42789174_cluster6
haploblock:chr22_44917047-44929677_cluster8,haploblock,,,,,,,,,,,chr22_44917047-44929677_cluster8
haploblock:chr22_47257518-47285160_cluster28,haploblock,,,,,,,,,,,chr22_47257518-47285160_cluster28
haploblock:chr22_49310363-49333633_cluster172,haploblock,,,,,,,,,,,chr22_49310363-49333633_cluster172
haploblock:chr22_17311850-17349065_cluster99,haploblock,,,,,,,,,,,chr22_17311850-17349065_cluster99
haploblock:chr22_22810398-22854292_cluster17,haploblock,,,,,,,,,,,chr22_22810398-22854292_cluster17
haploblock:chr22_47257518-47285160_cluster74,haploblock,,,,,,,,,,,chr22_47257518-47285160_cluster74
haploblock:chr22_24813410-24841041_cluster16,haploblock,,,,,,,,,,,chr22_24813410-24841041_cluster16
haploblock:chr22_24841041-24887942_cluster13,haploblock,,,,,,,,,,,chr22_24841041-24887942_cluster13
haploblock:chr22_42434570-42475676_cluster196,haploblock,,,,,,,,,,,chr22_42434570-42475676_cluster196
haploblock:chr22_22004012-22039828_cluster94,haploblock,,,,,,,,,,,chr22_22004012-22039828_cluster94
haploblock:chr22_33827023-33873503_cluster20,haploblock,,,,,,,,,,,chr22_33827023-33873503_cluster20
haploblock:chr22_21747835-21868030_cluster407,haploblock,,,,,,,,,,,chr22_21747835-21868030_cluster407
haploblock:chr22_32604930-32649633_cluster38,haploblock,,,,,,,,,,,chr22_32604930-32649633_cluster38
haploblock:chr22_46841413-46902935_cluster111,haploblock,,,,,,,,,,,chr22_46841413-46902935_cluster111
haploblock:chr22_43371073-43429411_cluster35,haploblock,,,,,,,,,,,chr22_43371073-43429411_cluster35
haploblock:chr22_45611743-45746785_cluster143,haploblock,,,,,,,,,,,chr22_45611743-45746785_cluster143
haploblock:chr22_46457205-46478129_cluster1,haploblock,,,,,,,,,,,chr22_46457205-46478129_cluster1
haploblock:chr22_46478129-46493826_cluster1,haploblock,,,,,,,,,,,chr22_46478129-46493826_cluster1
haploblock:chr22_17244492-17257431_cluster30,haploblock,,,,,,,,,,,chr22_17244492-17257431_cluster30
haploblock:chr22_48674907-48687200_cluster46,haploblock,,,,,,,,,,,chr22_48674907-48687200_cluster46
haploblock:chr22_46571254-46602247_cluster13,haploblock,,,,,,,,,,,chr22_46571254-46602247_cluster13
haploblock:chr22_48105541-48131182_cluster4,haploblock,,,,,,,,,,,chr22_48105541-48131182_cluster4
haploblock:chr22_49310363-49333633_cluster18,haploblock,,,,,,,,,,,chr22_49310363-49333633_cluster18
haploblock:chr22_17510346-17565024_cluster79,haploblock,,,,,,,,,,,chr22_17510346-17565024_cluster79
haploblock:chr22_49241707-49262630_cluster10,haploblock,,,,,,,,,,,chr22_49241707-49262630_cluster10
haploblock:chr22_44219338-44263132_cluster74,haploblock,,,,,,,,,,,chr22_44219338-44263132_cluster74
haploblock:chr22_20961195-20968216_cluster32,haploblock,,,,,,,,,,,chr22_20961195-20968216_cluster32
haploblock:chr22_23011425-23075491_cluster5,haploblock,,,,,,,,,,,chr22_23011425-23075491_cluster5
haploblock:chr22_37075250-37101553_cluster102,haploblock,,,,,,,,,,,chr22_37075250-37101553_cluster102
haploblock:chr22_48299933-48318300_cluster440,haploblock,,,,,,,,,,,chr22_48299933-48318300_cluster440
haploblock:chr22_46902935-46974137_cluster227,haploblock,,,,,,,,,,,chr22_46902935-46974137_cluster227
haploblock:chr22_45461240-45480586_cluster6,haploblock,,,,,,,,,,,chr22_45461240-45480586_cluster6
haploblock:chr22_26884663-26902257_cluster80,haploblock,,,,,,,,,,,chr22_26884663-26902257_cluster80
haploblock:chr22_36947400-36969311_cluster5,haploblock,,,,,,,,,,,chr22_36947400-36969311_cluster5
haploblock:chr22_33679263-33694376_cluster11,haploblock,,,,,,,,,,,chr22_33679263-33694376_cluster11
haploblock:chr22_35360016-35406206_cluster3,haploblock,,,,,,,,,,,chr22_35360016-35406206_cluster3
haploblock:chr22_17510346-17565024_cluster84,haploblock,,,,,,,,,,,chr22_17510346-17565024_cluster84
haploblock:chr22_47171844-47200033_cluster8,haploblock,,,,,,,,,,,chr22_47171844-47200033_cluster8
haploblock:chr22_23529638-23532651_cluster9,haploblock,,,,,,,,,,,chr22_23529638-23532651_cluster9
haploblock:chr22_46478129-46493826_cluster28,haploblock,,,,,,,,,,,chr22_46478129-46493826_cluster28
haploblock:chr22_46418842-46438932_cluster61,haploblock,,,,,,,,,,,chr22_46418842-46438932_cluster61
haploblock:chr22_32844047-32879460_cluster6,haploblock,,,,,,,,,,,chr22_32844047-32879460_cluster6
haploblock:chr22_25417399-25535613_cluster1141,haploblock,,,,,,,,,,,chr22_25417399-25535613_cluster1141
haploblock:chr22_37546356-37581275_cluster98,haploblock,,,,,,,,,,,chr22_37546356-37581275_cluster98
haploblock:chr22_18040448-18059257_cluster10,haploblock,,,,,,,,,,,chr22_18040448-18059257_cluster10
haploblock:chr22_35492611-35519727_cluster12,haploblock,,,,,,,,,,,chr22_35492611-35519727_cluster12
haploblock:chr22_26848544-26864523_cluster6,haploblock,,,,,,,,,,,chr22_26848544-26864523_cluster6
haploblock:chr22_49264062-49281800_cluster4,haploblock,,,,,,,,,,,chr22_49264062-49281800_cluster4
haploblock:chr22_21868030-22004012_cluster87,haploblock,,,,,,,,,,,chr22_21868030-22004012_cluster87
haploblock:chr22_34099461-34121170_cluster9,haploblock,,,,,,,,,,,chr22_34099461-34121170_cluster9
haploblock:chr22_36926778-36947400_cluster121,haploblock,,,,,,,,,,,chr22_36926778-36947400_cluster121
haploblock:chr22_44929677-44992621_cluster7,haploblock,,,,,,,,,,,chr22_44929677-44992621_cluster7
haploblock:chr22_17257431-17286047_cluster17,haploblock,,,,,,,,,,,chr22_17257431-17286047_cluster17
haploblock:chr22_44696863-44709627_cluster64,haploblock,,,,,,,,,,,chr22_44696863-44709627_cluster64
haploblock:chr22_27574483-27606491_cluster170,haploblock,,,,,,,,,,,chr22_27574483-27606491_cluster170
haploblock:chr22_44423106-44436767_cluster1,haploblock,,,,,,,,,,,chr22_44423106-44436767_cluster1
haploblock:chr22_22004012-22039828_cluster28,haploblock,,,,,,,,,,,chr22_22004012-22039828_cluster28
haploblock:chr22_23146855-23241440_cluster45,haploblock,,,,,,,,,,,chr22_23146855-23241440_cluster45
haploblock:chr22_47891202-47963676_cluster26,haploblock,,,,,,,,,,,chr22_47891202-47963676_cluster26
haploblock:chr22_46050878-46078647_cluster3,haploblock,,,,,,,,,,,chr22_46050878-46078647_cluster3
haploblock:chr22_44598588-44603286_cluster5,haploblock,,,,,,,,,,,chr22_44598588-44603286_cluster5
haploblock:chr22_35587972-35647540_cluster66,haploblock,,,,,,,,,,,chr22_35587972-35647540_cluster66
haploblock:chr22_48105541-48131182_cluster30,haploblock,,,,,,,,,,,chr22_48105541-48131182_cluster30
haploblock:chr22_27240185-27248628_cluster13,haploblock,,,,,,,,,,,chr22_27240185-27248628_cluster13
haploblock:chr22_48070478-48086646_cluster7,haploblock,,,,,,,,,,,chr22_48070478-48086646_cluster7
haploblock:chr22_48748191-48780105_cluster5,haploblock,,,,,,,,,,,chr22_48748191-48780105_cluster5
haploblock:chr22_49310363-49333633_cluster13,haploblock,,,,,,,,,,,chr22_49310363-49333633_cluster13
haploblock:chr22_49492624-49517573_cluster8,haploblock,,,,,,,,,,,chr22_49492624-49517573_cluster8
haploblock:chr22_25953967-25984066_cluster2,haploblock,,,,,,,,,,,chr22_25953967-25984066_cluster2
haploblock:chr22_46571254-46602247_cluster2,haploblock,,,,,,,,,,,chr22_46571254-46602247_cluster2
haploblock:chr22_33086126-33118147_cluster611,haploblock,,,,,,,,,,,chr22_33086126-33118147_cluster611
haploblock:chr22_44791710-44821141_cluster396,haploblock,,,,,,,,,,,chr22_44791710-44821141_cluster396
haploblock:chr22_22589389-22616398_cluster4,haploblock,,,,,,,,,,,chr22_22589389-22616398_cluster4
haploblock:chr22_27840691-28224919_cluster157,haploblock,,,,,,,,,,,chr22_27840691-28224919_cluster157
haploblock:chr22_41011161-41082478_cluster17,haploblock,,,,,,,,,,,chr22_41011161-41082478_cluster17
haploblock:chr22_17510346-17565024_cluster101,haploblock,,,,,,,,,,,chr22_17510346-17565024_cluster101
haploblock:chr22_25769547-25836129_cluster28,haploblock,,,,,,,,,,,chr22_25769547-25836129_cluster28
haploblock:chr22_32932820-32987578_cluster1,haploblock,,,,,,,,,,,chr22_32932820-32987578_cluster1
haploblock:chr22_39233324-39262537_cluster8,haploblock,,,,,,,,,,,chr22_39233324-39262537_cluster8
haploblock:chr22_46493826-46509245_cluster56,haploblock,,,,,,,,,,,chr22_46493826-46509245_cluster56
haploblock:chr22_48574333-48593175_cluster585,haploblock,,,,,,,,,,,chr22_48574333-48593175_cluster585
haploblock:chr22_36863317-36921349_cluster294,haploblock,,,,,,,,,,,chr22_36863317-36921349_cluster294
haploblock:chr22_26071416-26125105_cluster177,haploblock,,,,,,,,,,,chr22_26071416-26125105_cluster177
haploblock:chr22_36527111-36555805_cluster6,haploblock,,,,,,,,,,,chr22_36527111-36555805_cluster6
haploblock:chr22_40032702-40132216_cluster4,haploblock,,,,,,,,,,,chr22_40032702-40132216_cluster4
haploblock:chr22_32431958-32447679_cluster9,haploblock,,,,,,,,,,,chr22_32431958-32447679_cluster9
haploblock:chr22_45275462-45289532_cluster3,haploblock,,,,,,,,,,,chr22_45275462-45289532_cluster3
haploblock:chr22_26245115-26270093_cluster10,haploblock,,,,,,,,,,,chr22_26245115-26270093_cluster10
haploblock:chr22_17349065-17382179_cluster5,haploblock,,,,,,,,,,,chr22_17349065-17382179_cluster5
haploblock:chr22_27240185-27248628_cluster4,haploblock,,,,,,,,,,,chr22_27240185-27248628_cluster4
haploblock:chr22_49355927-49381761_cluster67,haploblock,,,,,,,,,,,chr22_49355927-49381761_cluster67
haploblock:chr22_47200033-47222105_cluster8,haploblock,,,,,,,,,,,chr22_47200033-47222105_cluster8
haploblock:chr22_24887942-24898544_cluster33,haploblock,,,,,,,,,,,chr22_24887942-24898544_cluster33
haploblock:chr22_26884663-26902257_cluster75,haploblock,,,,,,,,,,,chr22_26884663-26902257_cluster75
haploblock:chr22_27061731-27091280_cluster58,haploblock,,,,,,,,,,,chr22_27061731-27091280_cluster58
haploblock:chr22_23766514-23847298_cluster68,haploblock,,,,,,,,,,,chr22_23766514-23847298_cluster68
haploblock:chr22_48105541-48131182_cluster1,haploblock,,,,,,,,,,,chr22_48105541-48131182_cluster1
haploblock:chr22_35695363-35738379_cluster70,haploblock,,,,,,,,,,,chr22_35695363-35738379_cluster70
haploblock:chr22_36969311-37027101_cluster107,haploblock,,,,,,,,,,,chr22_36969311-37027101_cluster107
haploblock:chr22_38345691-38468508_cluster408,haploblock,,,,,,,,,,,chr22_38345691-38468508_cluster408
haploblock:chr22_19652459-19674207_cluster11,haploblock,,,,,,,,,,,chr22_19652459-19674207_cluster11
haploblock:chr22_36418187-36463901_cluster1,haploblock,,,,,,,,,,,chr22_36418187-36463901_cluster1
haploblock:chr22_44845752-44871543_cluster276,haploblock,,,,,,,,,,,chr22_44845752-44871543_cluster276
haploblock:chr22_44370143-44395824_cluster4,haploblock,,,,,,,,,,,chr22_44370143-44395824_cluster4
haploblock:chr22_42434570-42475676_cluster83,haploblock,,,,,,,,,,,chr22_42434570-42475676_cluster83
haploblock:chr22_36555805-36582143_cluster1,haploblock,,,,,,,,,,,chr22_36555805-36582143_cluster1
haploblock:chr22_46176998-46198741_cluster8,haploblock,,,,,,,,,,,chr22_46176998-46198741_cluster8
haploblock:chr22_35519727-35559256_cluster104,haploblock,,,,,,,,,,,chr22_35519727-35559256_cluster104
haploblock:chr22_39013374-39091660_cluster20,haploblock,,,,,,,,,,,chr22_39013374-39091660_cluster20
haploblock:chr22_43429411-43471880_cluster72,haploblock,,,,,,,,,,,chr22_43429411-43471880_cluster72
haploblock:chr22_36060254-36137894_cluster40,haploblock,,,,,,,,,,,chr22_36060254-36137894_cluster40
haploblock:chr22_44325913-44347315_cluster75,haploblock,,,,,,,,,,,chr22_44325913-44347315_cluster75
haploblock:chr22_46701053-46710903_cluster50,haploblock,,,,,,,,,,,chr22_46701053-46710903_cluster50
haploblock:chr22_22914880-22943618_cluster56,haploblock,,,,,,,,,,,chr22_22914880-22943618_cluster56
haploblock:chr22_23751602-23766514_cluster128,haploblock,,,,,,,,,,,chr22_23751602-23766514_cluster128
haploblock:chr22_29255004-29422865_cluster185,haploblock,,,,,,,,,,,chr22_29255004-29422865_cluster185
haploblock:chr22_39123775-39179317_cluster23,haploblock,,,,,,,,,,,chr22_39123775-39179317_cluster23
haploblock:chr22_26838327-26848544_cluster12,haploblock,,,,,,,,,,,chr22_26838327-26848544_cluster12
haploblock:chr22_27751201-27774178_cluster34,haploblock,,,,,,,,,,,chr22_27751201-27774178_cluster34
haploblock:chr22_42340130-42375220_cluster4,haploblock,,,,,,,,,,,chr22_42340130-42375220_cluster4
haploblock:chr22_22004012-22039828_cluster31,haploblock,,,,,,,,,,,chr22_22004012-22039828_cluster31
haploblock:chr22_27166948-27240185_cluster1507,haploblock,,,,,,,,,,,chr22_27166948-27240185_cluster1507
haploblock:chr22_27840691-28224919_cluster102,haploblock,,,,,,,,,,,chr22_27840691-28224919_cluster102
haploblock:chr22_19886686-19925060_cluster4,haploblock,,,,,,,,,,,chr22_19886686-19925060_cluster4
haploblock:chr22_26549322-26578207_cluster84,haploblock,,,,,,,,,,,chr22_26549322-26578207_cluster84
haploblock:chr22_26838327-26848544_cluster4,haploblock,,,,,,,,,,,chr22_26838327-26848544_cluster4
haploblock:chr22_43102108-43121899_cluster32,haploblock,,,,,,,,,,,chr22_43102108-43121899_cluster32
haploblock:chr22_22914880-22943618_cluster52,haploblock,,,,,,,,,,,chr22_22914880-22943618_cluster52
haploblock:chr22_48593175-48616504_cluster120,haploblock,,,,,,,,,,,chr22_48593175-48616504_cluster120
haploblock:chr22_29840455-30197423_cluster116,haploblock,,,,,,,,,,,chr22_29840455-30197423_cluster116
haploblock:chr22_45047275-45061875_cluster65,haploblock,,,,,,,,,,,chr22_45047275-45061875_cluster65
haploblock:chr22_47891202-47963676_cluster611,haploblock,,,,,,,,,,,chr22_47891202-47963676_cluster611
haploblock:chr22_44871543-44917047_cluster54,haploblock,,,,,,,,,,,chr22_44871543-44917047_cluster54
haploblock:chr22_41011161-41082478_cluster10,haploblock,,,,,,,,,,,chr22_41011161-41082478_cluster10
haploblock:chr22_43927194-44005142_cluster119,haploblock,,,,,,,,,,,chr22_43927194-44005142_cluster119
haploblock:chr22_45554461-45575071_cluster2,haploblock,,,,,,,,,,,chr22_45554461-45575071_cluster2
haploblock:chr22_17118145-17143182_cluster15,haploblock,,,,,,,,,,,chr22_17118145-17143182_cluster15
haploblock:chr22_25417399-25535613_cluster516,haploblock,,,,,,,,,,,chr22_25417399-25535613_cluster516
haploblock:chr22_43810000-43826536_cluster6,haploblock,,,,,,,,,,,chr22_43810000-43826536_cluster6
haploblock:chr22_48149450-48195632_cluster20,haploblock,,,,,,,,,,,chr22_48149450-48195632_cluster20
haploblock:chr22_17349065-17382179_cluster854,haploblock,,,,,,,,,,,chr22_17349065-17382179_cluster854
haploblock:chr22_44791710-44821141_cluster49,haploblock,,,,,,,,,,,chr22_44791710-44821141_cluster49
haploblock:chr22_17382179-17414153_cluster14,haploblock,,,,,,,,,,,chr22_17382179-17414153_cluster14
haploblock:chr22_17463955-17486499_cluster4,haploblock,,,,,,,,,,,chr22_17463955-17486499_cluster4
haploblock:chr22_44752468-44761333_cluster3,haploblock,,,,,,,,,,,chr22_44752468-44761333_cluster3
haploblock:chr22_44325913-44347315_cluster227,haploblock,,,,,,,,,,,chr22_44325913-44347315_cluster227
haploblock:chr22_48534407-48551127_cluster106,haploblock,,,,,,,,,,,chr22_48534407-48551127_cluster106
haploblock:chr22_48299933-48318300_cluster72,haploblock,,,,,,,,,,,chr22_48299933-48318300_cluster72
haploblock:chr22_48807134-48866772_cluster32,haploblock,,,,,,,,,,,chr22_48807134-48866772_cluster32
haploblock:chr22_24887942-24898544_cluster187,haploblock,,,,,,,,,,,chr22_24887942-24898544_cluster187
haploblock:chr22_33540489-33571700_cluster23,haploblock,,,,,,,,,,,chr22_33540489-33571700_cluster23
haploblock:chr22_17420471-17463955_cluster367,haploblock,,,,,,,,,,,chr22_17420471-17463955_cluster367
haploblock:chr22_36813403-36850905_cluster24,haploblock,,,,,,,,,,,chr22_36813403-36850905_cluster24
haploblock:chr22_47963676-47997555_cluster39,haploblock,,,,,,,,,,,chr22_47963676-47997555_cluster39
haploblock:chr22_42375220-42434570_cluster289,haploblock,,,,,,,,,,,chr22_42375220-42434570_cluster289
haploblock:chr22_44871543-44917047_cluster152,haploblock,,,,,,,,,,,chr22_44871543-44917047_cluster152
haploblock:chr22_36947400-36969311_cluster29,haploblock,,,,,,,,,,,chr22_36947400-36969311_cluster29
haploblock:chr22_49241707-49262630_cluster1,haploblock,,,,,,,,,,,chr22_49241707-49262630_cluster1
haploblock:chr22_49310363-49333633_cluster188,haploblock,,,,,,,,,,,chr22_49310363-49333633_cluster188
haploblock:chr22_44307622-44325913_cluster9,haploblock,,,,,,,,,,,chr22_44307622-44325913_cluster9
haploblock:chr22_26884663-26902257_cluster23,haploblock,,,,,,,,,,,chr22_26884663-26902257_cluster23
haploblock:chr22_23241440-23290478_cluster2,haploblock,,,,,,,,,,,chr22_23241440-23290478_cluster2
haploblock:chr22_27606491-27631167_cluster99,haploblock,,,,,,,,,,,chr22_27606491-27631167_cluster99
haploblock:chr22_44871543-44917047_cluster66,haploblock,,,,,,,,,,,chr22_44871543-44917047_cluster66
haploblock:chr22_45502117-45521571_cluster50,haploblock,,,,,,,,,,,chr22_45502117-45521571_cluster50
haploblock:chr22_46841413-46902935_cluster31,haploblock,,,,,,,,,,,chr22_46841413-46902935_cluster31
haploblock:chr22_17311850-17349065_cluster904,haploblock,,,,,,,,,,,chr22_17311850-17349065_cluster904
haploblock:chr22_49408121-49430759_cluster55,haploblock,,,,,,,,,,,chr22_49408121-49430759_cluster55
haploblock:chr22_46974137-47051453_cluster12,haploblock,,,,,,,,,,,chr22_46974137-47051453_cluster12
haploblock:chr22_48105541-48131182_cluster96,haploblock,,,,,,,,,,,chr22_48105541-48131182_cluster96
haploblock:chr22_36863317-36921349_cluster33,haploblock,,,,,,,,,,,chr22_36863317-36921349_cluster33
haploblock:chr22_27299096-27335333_cluster31,haploblock,,,,,,,,,,,chr22_27299096-27335333_cluster31
haploblock:chr22_45047275-45061875_cluster63,haploblock,,,,,,,,,,,chr22_45047275-45061875_cluster63
haploblock:chr22_26644382-26677587_cluster56,haploblock,,,,,,,,,,,chr22_26644382-26677587_cluster56
haploblock:chr22_49492624-49517573_cluster44,haploblock,,,,,,,,,,,chr22_49492624-49517573_cluster44
haploblock:chr22_17286047-17311850_cluster9,haploblock,,,,,,,,,,,chr22_17286047-17311850_cluster9
haploblock:chr22_25858830-25876277_cluster15,haploblock,,,,,,,,,,,chr22_25858830-25876277_cluster15
haploblock:chr22_44644582-44670538_cluster44,haploblock,,,,,,,,,,,chr22_44644582-44670538_cluster44
haploblock:chr22_22203687-22224948_cluster59,haploblock,,,,,,,,,,,chr22_22203687-22224948_cluster59
haploblock:chr22_27473414-27500947_cluster203,haploblock,,,,,,,,,,,chr22_27473414-27500947_cluster203
haploblock:chr22_48149450-48195632_cluster21,haploblock,,,,,,,,,,,chr22_48149450-48195632_cluster21
haploblock:chr22_47370846-47433033_cluster132,haploblock,,,,,,,,,,,chr22_47370846-47433033_cluster132
haploblock:chr22_36863317-36921349_cluster118,haploblock,,,,,,,,,,,chr22_36863317-36921349_cluster118
haploblock:chr22_35695363-35738379_cluster52,haploblock,,,,,,,,,,,chr22_35695363-35738379_cluster52
haploblock:chr22_25876277-25884349_cluster36,haploblock,,,,,,,,,,,chr22_25876277-25884349_cluster36
haploblock:chr22_48358281-48414640_cluster314,haploblock,,,,,,,,,,,chr22_48358281-48414640_cluster314
haploblock:chr22_17779751-17795362_cluster190,haploblock,,,,,,,,,,,chr22_17779751-17795362_cluster190
haploblock:chr22_19821351-19886686_cluster22,haploblock,,,,,,,,,,,chr22_19821351-19886686_cluster22
haploblock:chr22_19965038-20003597_cluster3,haploblock,,,,,,,,,,,chr22_19965038-20003597_cluster3
haploblock:chr22_45956310-46002629_cluster59,haploblock,,,,,,,,,,,chr22_45956310-46002629_cluster59
haploblock:chr22_25769547-25836129_cluster77,haploblock,,,,,,,,,,,chr22_25769547-25836129_cluster77
haploblock:chr22_49264062-49281800_cluster18,haploblock,,,,,,,,,,,chr22_49264062-49281800_cluster18
haploblock:chr22_49196610-49241707_cluster4,haploblock,,,,,,,,,,,chr22_49196610-49241707_cluster4
haploblock:chr22_27299096-27335333_cluster201,haploblock,,,,,,,,,,,chr22_27299096-27335333_cluster201
haploblock:chr22_26644382-26677587_cluster1,haploblock,,,,,,,,,,,chr22_26644382-26677587_cluster1
haploblock:chr22_44598588-44603286_cluster11,haploblock,,,,,,,,,,,chr22_44598588-44603286_cluster11
haploblock:chr22_46116729-46176998_cluster412,haploblock,,,,,,,,,,,chr22_46116729-46176998_cluster412
haploblock:chr22_37276728-37285225_cluster10,haploblock,,,,,,,,,,,chr22_37276728-37285225_cluster10
haploblock:chr22_17257431-17286047_cluster368,haploblock,,,,,,,,,,,chr22_17257431-17286047_cluster368
haploblock:chr22_23766514-23847298_cluster6,haploblock,,,,,,,,,,,chr22_23766514-23847298_cluster6
haploblock:chr22_33750381-33827023_cluster99,haploblock,,,,,,,,,,,chr22_33750381-33827023_cluster99
haploblock:chr22_43899207-43927194_cluster41,haploblock,,,,,,,,,,,chr22_43899207-43927194_cluster41
haploblock:chr22_44709627-44721676_cluster13,haploblock,,,,,,,,,,,chr22_44709627-44721676_cluster13
haploblock:chr22_48697982-48748191_cluster99,haploblock,,,,,,,,,,,chr22_48697982-48748191_cluster99
haploblock:chr22_17311850-17349065_cluster297,haploblock,,,,,,,,,,,chr22_17311850-17349065_cluster297
haploblock:chr22_27166948-27240185_cluster162,haploblock,,,,,,,,,,,chr22_27166948-27240185_cluster162
haploblock:chr22_25736676-25755364_cluster7,haploblock,,,,,,,,,,,chr22_25736676-25755364_cluster7
haploblock:chr22_48049142-48070478_cluster6,haploblock,,,,,,,,,,,chr22_48049142-48070478_cluster6
haploblock:chr22_26024448-26060666_cluster37,haploblock,,,,,,,,,,,chr22_26024448-26060666_cluster37
haploblock:chr22_35647540-35695363_cluster42,haploblock,,,,,,,,,,,chr22_35647540-35695363_cluster42
haploblock:chr22_44365917-44370143_cluster8,haploblock,,,,,,,,,,,chr22_44365917-44370143_cluster8
haploblock:chr22_44288496-44303006_cluster10,haploblock,,,,,,,,,,,chr22_44288496-44303006_cluster10
haploblock:chr22_45061875-45076203_cluster82,haploblock,,,,,,,,,,,chr22_45061875-45076203_cluster82
haploblock:chr22_27734056-27751201_cluster18,haploblock,,,,,,,,,,,chr22_27734056-27751201_cluster18
haploblock:chr22_33725539-33750381_cluster3,haploblock,,,,,,,,,,,chr22_33725539-33750381_cluster3
haploblock:chr22_26549322-26578207_cluster32,haploblock,,,,,,,,,,,chr22_26549322-26578207_cluster32
haploblock:chr22_49492624-49517573_cluster41,haploblock,,,,,,,,,,,chr22_49492624-49517573_cluster41
haploblock:chr22_27248628-27259943_cluster48,haploblock,,,,,,,,,,,chr22_27248628-27259943_cluster48
haploblock:chr22_26323043-26341714_cluster6,haploblock,,,,,,,,,,,chr22_26323043-26341714_cluster6
haploblock:chr22_27134960-27157084_cluster22,haploblock,,,,,,,,,,,chr22_27134960-27157084_cluster22
haploblock:chr22_22129854-22166665_cluster19,haploblock,,,,,,,,,,,chr22_22129854-22166665_cluster19
haploblock:chr22_29255004-29422865_cluster194,haploblock,,,,,,,,,,,chr22_29255004-29422865_cluster194
haploblock:chr22_44696863-44709627_cluster5,haploblock,,,,,,,,,,,chr22_44696863-44709627_cluster5
haploblock:chr22_48674907-48687200_cluster18,haploblock,,,,,,,,,,,chr22_48674907-48687200_cluster18
haploblock:chr22_47795000-47815791_cluster72,haploblock,,,,,,,,,,,chr22_47795000-47815791_cluster72
haploblock:chr22_29422865-29484784_cluster98,haploblock,,,,,,,,,,,chr22_29422865-29484784_cluster98
haploblock:chr22_46519724-46531483_cluster84,haploblock,,,,,,,,,,,chr22_46519724-46531483_cluster84
haploblock:chr22_49517573-49534275_cluster5,haploblock,,,,,,,,,,,chr22_49517573-49534275_cluster5
haploblock:chr22_18012407-18040448_cluster39,haploblock,,,,,,,,,,,chr22_18012407-18040448_cluster39
haploblock:chr22_25858830-25876277_cluster83,haploblock,,,,,,,,,,,chr22_25858830-25876277_cluster83
haploblock:chr22_45192496-45220568_cluster15,haploblock,,,,,,,,,,,chr22_45192496-45220568_cluster15
haploblock:chr22_47795000-47815791_cluster20,haploblock,,,,,,,,,,,chr22_47795000-47815791_cluster20
haploblock:chr22_47963676-47997555_cluster1,haploblock,,,,,,,,,,,chr22_47963676-47997555_cluster1
haploblock:chr22_48687200-48697982_cluster18,haploblock,,,,,,,,,,,chr22_48687200-48697982_cluster18
haploblock:chr22_32431958-32447679_cluster421,haploblock,,,,,,,,,,,chr22_32431958-32447679_cluster421
haploblock:chr22_20229336-20258558_cluster37,haploblock,,,,,,,,,,,chr22_20229336-20258558_cluster37
haploblock:chr22_22004012-22039828_cluster395,haploblock,,,,,,,,,,,chr22_22004012-22039828_cluster395
haploblock:chr22_43899207-43927194_cluster37,haploblock,,,,,,,,,,,chr22_43899207-43927194_cluster37
haploblock:chr22_32431958-32447679_cluster6,haploblock,,,,,,,,,,,chr22_32431958-32447679_cluster6
haploblock:chr22_32844047-32879460_cluster5,haploblock,,,,,,,,,,,chr22_32844047-32879460_cluster5
haploblock:chr22_45220568-45261186_cluster548,haploblock,,,,,,,,,,,chr22_45220568-45261186_cluster548
haploblock:chr22_47599748-47625237_cluster9,haploblock,,,,,,,,,,,chr22_47599748-47625237_cluster9
haploblock:chr22_48674907-48687200_cluster68,haploblock,,,,,,,,,,,chr22_48674907-48687200_cluster68
haploblock:chr22_23582658-23591838_cluster7,haploblock,,,,,,,,,,,chr22_23582658-23591838_cluster7
haploblock:chr22_26549322-26578207_cluster28,haploblock,,,,,,,,,,,chr22_26549322-26578207_cluster28
haploblock:chr22_36582143-36606606_cluster12,haploblock,,,,,,,,,,,chr22_36582143-36606606_cluster12
haploblock:chr22_37101553-37124185_cluster7,haploblock,,,,,,,,,,,chr22_37101553-37124185_cluster7
haploblock:chr22_30197423-30218448_cluster10,haploblock,,,,,,,,,,,chr22_30197423-30218448_cluster10
haploblock:chr22_19674207-19686138_cluster3,haploblock,,,,,,,,,,,chr22_19674207-19686138_cluster3
haploblock:chr22_22004012-22039828_cluster167,haploblock,,,,,,,,,,,chr22_22004012-22039828_cluster167
haploblock:chr22_20367930-20414601_cluster20,haploblock,,,,,,,,,,,chr22_20367930-20414601_cluster20
haploblock:chr22_26549322-26578207_cluster31,haploblock,,,,,,,,,,,chr22_26549322-26578207_cluster31
haploblock:chr22_32604930-32649633_cluster170,haploblock,,,,,,,,,,,chr22_32604930-32649633_cluster170
haploblock:chr22_44423106-44436767_cluster12,haploblock,,,,,,,,,,,chr22_44423106-44436767_cluster12
haploblock:chr22_23591838-23607557_cluster614,haploblock,,,,,,,,,,,chr22_23591838-23607557_cluster614
haploblock:chr22_36926778-36947400_cluster5,haploblock,,,,,,,,,,,chr22_36926778-36947400_cluster5
haploblock:chr22_40816704-41011161_cluster105,haploblock,,,,,,,,,,,chr22_40816704-41011161_cluster105
haploblock:chr22_17118145-17143182_cluster16,haploblock,,,,,,,,,,,chr22_17118145-17143182_cluster16
haploblock:chr22_27751201-27774178_cluster78,haploblock,,,,,,,,,,,chr22_27751201-27774178_cluster78
haploblock:chr22_47171844-47200033_cluster46,haploblock,,,,,,,,,,,chr22_47171844-47200033_cluster46
haploblock:chr22_47891202-47963676_cluster99,haploblock,,,,,,,,,,,chr22_47891202-47963676_cluster99
haploblock:chr22_34589089-34743749_cluster1,haploblock,,,,,,,,,,,chr22_34589089-34743749_cluster1
haploblock:chr22_22004012-22039828_cluster7,haploblock,,,,,,,,,,,chr22_22004012-22039828_cluster7
haploblock:chr22_26270093-26284739_cluster40,haploblock,,,,,,,,,,,chr22_26270093-26284739_cluster40
haploblock:chr22_44598588-44603286_cluster6,haploblock,,,,,,,,,,,chr22_44598588-44603286_cluster6
haploblock:chr22_23654276-23751602_cluster65,haploblock,,,,,,,,,,,chr22_23654276-23751602_cluster65
haploblock:chr22_37101553-37124185_cluster13,haploblock,,,,,,,,,,,chr22_37101553-37124185_cluster13
haploblock:chr22_44696863-44709627_cluster12,haploblock,,,,,,,,,,,chr22_44696863-44709627_cluster12
haploblock:chr22_23075491-23146855_cluster42,haploblock,,,,,,,,,,,chr22_23075491-23146855_cluster42
haploblock:chr22_44871543-44917047_cluster46,haploblock,,,,,,,,,,,chr22_44871543-44917047_cluster46
haploblock:chr22_23146855-23241440_cluster19,haploblock,,,,,,,,,,,chr22_23146855-23241440_cluster19
haploblock:chr22_23241440-23290478_cluster7,haploblock,,,,,,,,,,,chr22_23241440-23290478_cluster7
haploblock:chr22_26677587-26720644_cluster4,haploblock,,,,,,,,,,,chr22_26677587-26720644_cluster4
haploblock:chr22_32932820-32987578_cluster6,haploblock,,,,,,,,,,,chr22_32932820-32987578_cluster6
haploblock:chr22_33540489-33571700_cluster8,haploblock,,,,,,,,,,,chr22_33540489-33571700_cluster8
haploblock:chr22_48424298-48440418_cluster9,haploblock,,,,,,,,,,,chr22_48424298-48440418_cluster9
haploblock:chr22_19641214-19652459_cluster5,haploblock,,,,,,,,,,,chr22_19641214-19652459_cluster5
haploblock:chr22_17382179-17414153_cluster4,haploblock,,,,,,,,,,,chr22_17382179-17414153_cluster4
haploblock:chr22_22854292-22879507_cluster53,haploblock,,,,,,,,,,,chr22_22854292-22879507_cluster53
haploblock:chr22_27795907-27840691_cluster42,haploblock,,,,,,,,,,,chr22_27795907-27840691_cluster42
haploblock:chr22_17382179-17414153_cluster32,haploblock,,,,,,,,,,,chr22_17382179-17414153_cluster32
haploblock:chr22_25218191-25233065_cluster31,haploblock,,,,,,,,,,,chr22_25218191-25233065_cluster31
haploblock:chr22_33408818-33452024_cluster22,haploblock,,,,,,,,,,,chr22_33408818-33452024_cluster22
haploblock:chr22_22810398-22854292_cluster28,haploblock,,,,,,,,,,,chr22_22810398-22854292_cluster28
haploblock:chr22_39600259-39648397_cluster291,haploblock,,,,,,,,,,,chr22_39600259-39648397_cluster291
haploblock:chr22_25019754-25066667_cluster9,haploblock,,,,,,,,,,,chr22_25019754-25066667_cluster9
haploblock:chr22_26970187-26999263_cluster93,haploblock,,,,,,,,,,,chr22_26970187-26999263_cluster93
haploblock:chr22_33571700-33628113_cluster14,haploblock,,,,,,,,,,,chr22_33571700-33628113_cluster14
haploblock:chr22_18040448-18059257_cluster15,haploblock,,,,,,,,,,,chr22_18040448-18059257_cluster15
haploblock:chr22_42375220-42434570_cluster70,haploblock,,,,,,,,,,,chr22_42375220-42434570_cluster70
haploblock:chr22_22244968-22306953_cluster55,haploblock,,,,,,,,,,,chr22_22244968-22306953_cluster55
haploblock:chr22_23751602-23766514_cluster2,haploblock,,,,,,,,,,,chr22_23751602-23766514_cluster2
haploblock:chr22_36060254-36137894_cluster499,haploblock,,,,,,,,,,,chr22_36060254-36137894_cluster499
haploblock:chr22_17143182-17189339_cluster335,haploblock,,,,,,,,,,,chr22_17143182-17189339_cluster335
haploblock:chr22_27061731-27091280_cluster61,haploblock,,,,,,,,,,,chr22_27061731-27091280_cluster61
haploblock:chr22_35360016-35406206_cluster70,haploblock,,,,,,,,,,,chr22_35360016-35406206_cluster70
haploblock:chr22_42294543-42340130_cluster3,haploblock,,,,,,,,,,,chr22_42294543-42340130_cluster3
haploblock:chr22_22545569-22589389_cluster21,haploblock,,,,,,,,,,,chr22_22545569-22589389_cluster21
haploblock:chr22_42340130-42375220_cluster7,haploblock,,,,,,,,,,,chr22_42340130-42375220_cluster7
haploblock:chr22_47285160-47370846_cluster236,haploblock,,,,,,,,,,,chr22_47285160-47370846_cluster236
haploblock:chr22_19142932-19158175_cluster2,haploblock,,,,,,,,,,,chr22_19142932-19158175_cluster2
haploblock:chr22_30667110-30757175_cluster31,haploblock,,,,,,,,,,,chr22_30667110-30757175_cluster31
haploblock:chr22_44929677-44992621_cluster159,haploblock,,,,,,,,,,,chr22_44929677-44992621_cluster159
haploblock:chr22_46418842-46438932_cluster11,haploblock,,,,,,,,,,,chr22_46418842-46438932_cluster11
haploblock:chr22_25304848-25417399_cluster474,haploblock,,,,,,,,,,,chr22_25304848-25417399_cluster474
haploblock:chr22_43371073-43429411_cluster15,haploblock,,,,,,,,,,,chr22_43371073-43429411_cluster15
haploblock:chr22_44533808-44558955_cluster28,haploblock,,,,,,,,,,,chr22_44533808-44558955_cluster28
haploblock:chr22_30874551-31042595_cluster8,haploblock,,,,,,,,,,,chr22_30874551-31042595_cluster8
haploblock:chr22_25858830-25876277_cluster11,haploblock,,,,,,,,,,,chr22_25858830-25876277_cluster11
haploblock:chr22_27574483-27606491_cluster18,haploblock,,,,,,,,,,,chr22_27574483-27606491_cluster18
haploblock:chr22_17795362-17851807_cluster82,haploblock,,,,,,,,,,,chr22_17795362-17851807_cluster82
haploblock:chr22_25019754-25066667_cluster61,haploblock,,,,,,,,,,,chr22_25019754-25066667_cluster61
haploblock:chr22_27774178-27795907_cluster40,haploblock,,,,,,,,,,,chr22_27774178-27795907_cluster40
haploblock:chr22_23075491-23146855_cluster40,haploblock,,,,,,,,,,,chr22_23075491-23146855_cluster40
haploblock:chr22_22914880-22943618_cluster222,haploblock,,,,,,,,,,,chr22_22914880-22943618_cluster222
haploblock:chr22_46974137-47051453_cluster32,haploblock,,,,,,,,,,,chr22_46974137-47051453_cluster32
haploblock:chr22_17795362-17851807_cluster10,haploblock,,,,,,,,,,,chr22_17795362-17851807_cluster10
haploblock:chr22_44709627-44721676_cluster16,haploblock,,,,,,,,,,,chr22_44709627-44721676_cluster16
haploblock:chr22_23472786-23489773_cluster11,haploblock,,,,,,,,,,,chr22_23472786-23489773_cluster11
haploblock:chr22_25019754-25066667_cluster46,haploblock,,,,,,,,,,,chr22_25019754-25066667_cluster46
haploblock:chr22_36527111-36555805_cluster66,haploblock,,,,,,,,,,,chr22_36527111-36555805_cluster66
haploblock:chr22_37124185-37147116_cluster35,haploblock,,,,,,,,,,,chr22_37124185-37147116_cluster35
haploblock:chr22_40418590-40682469_cluster80,haploblock,,,,,,,,,,,chr22_40418590-40682469_cluster80
haploblock:chr22_43304000-43349923_cluster63,haploblock,,,,,,,,,,,chr22_43304000-43349923_cluster63
haploblock:chr22_43267728-43304000_cluster51,haploblock,,,,,,,,,,,chr22_43267728-43304000_cluster51
haploblock:chr22_43899207-43927194_cluster32,haploblock,,,,,,,,,,,chr22_43899207-43927194_cluster32
haploblock:chr22_18059257-18077804_cluster36,haploblock,,,,,,,,,,,chr22_18059257-18077804_cluster36
haploblock:chr22_27281429-27299096_cluster188,haploblock,,,,,,,,,,,chr22_27281429-27299096_cluster188
haploblock:chr22_37809887-38107961_cluster302,haploblock,,,,,,,,,,,chr22_37809887-38107961_cluster302
haploblock:chr22_25953967-25984066_cluster19,haploblock,,,,,,,,,,,chr22_25953967-25984066_cluster19
haploblock:chr22_22039828-22047705_cluster11,haploblock,,,,,,,,,,,chr22_22039828-22047705_cluster11
haploblock:chr22_38284355-38316189_cluster23,haploblock,,,,,,,,,,,chr22_38284355-38316189_cluster23
haploblock:chr22_34403531-34464592_cluster55,haploblock,,,,,,,,,,,chr22_34403531-34464592_cluster55
haploblock:chr22_32431958-32447679_cluster26,haploblock,,,,,,,,,,,chr22_32431958-32447679_cluster26
haploblock:chr22_32447679-32461834_cluster7,haploblock,,,,,,,,,,,chr22_32447679-32461834_cluster7
haploblock:chr22_44288496-44303006_cluster11,haploblock,,,,,,,,,,,chr22_44288496-44303006_cluster11
haploblock:chr22_23751602-23766514_cluster123,haploblock,,,,,,,,,,,chr22_23751602-23766514_cluster123
haploblock:chr22_26677587-26720644_cluster7,haploblock,,,,,,,,,,,chr22_26677587-26720644_cluster7
haploblock:chr22_37416456-37447223_cluster1,haploblock,,,,,,,,,,,chr22_37416456-37447223_cluster1
haploblock:chr22_17257431-17286047_cluster25,haploblock,,,,,,,,,,,chr22_17257431-17286047_cluster25
haploblock:chr22_20290948-20320756_cluster16,haploblock,,,,,,,,,,,chr22_20290948-20320756_cluster16
haploblock:chr22_21097378-21363286_cluster61,haploblock,,,,,,,,,,,chr22_21097378-21363286_cluster61
haploblock:chr22_36926778-36947400_cluster14,haploblock,,,,,,,,,,,chr22_36926778-36947400_cluster14
haploblock:chr22_43429411-43471880_cluster37,haploblock,,,,,,,,,,,chr22_43429411-43471880_cluster37
haploblock:chr22_32447679-32461834_cluster21,haploblock,,,,,,,,,,,chr22_32447679-32461834_cluster21
haploblock:chr22_33086126-33118147_cluster76,haploblock,,,,,,,,,,,chr22_33086126-33118147_cluster76
haploblock:chr22_25417399-25535613_cluster1260,haploblock,,,,,,,,,,,chr22_25417399-25535613_cluster1260
haploblock:chr22_33044905-33086126_cluster68,haploblock,,,,,,,,,,,chr22_33044905-33086126_cluster68
haploblock:chr22_22545569-22589389_cluster20,haploblock,,,,,,,,,,,chr22_22545569-22589389_cluster20
haploblock:chr22_47963676-47997555_cluster55,haploblock,,,,,,,,,,,chr22_47963676-47997555_cluster55
haploblock:chr22_18077804-18130176_cluster2,haploblock,,,,,,,,,,,chr22_18077804-18130176_cluster2
haploblock:chr22_17349065-17382179_cluster83,haploblock,,,,,,,,,,,chr22_17349065-17382179_cluster83
haploblock:chr22_46249251-46375373_cluster31,haploblock,,,,,,,,,,,chr22_46249251-46375373_cluster31
haploblock:chr22_27642389-27675678_cluster4,haploblock,,,,,,,,,,,chr22_27642389-27675678_cluster4
haploblock:chr22_32412368-32431958_cluster5,haploblock,,,,,,,,,,,chr22_32412368-32431958_cluster5
haploblock:chr22_32431958-32447679_cluster397,haploblock,,,,,,,,,,,chr22_32431958-32447679_cluster397
haploblock:chr22_22545569-22589389_cluster431,haploblock,,,,,,,,,,,chr22_22545569-22589389_cluster431
haploblock:chr22_48440418-48460740_cluster241,haploblock,,,,,,,,,,,chr22_48440418-48460740_cluster241
haploblock:chr22_39953483-39980379_cluster1,haploblock,,,,,,,,,,,chr22_39953483-39980379_cluster1
haploblock:chr22_17213966-17232488_cluster27,haploblock,,,,,,,,,,,chr22_17213966-17232488_cluster27
haploblock:chr22_28963114-29061153_cluster7,haploblock,,,,,,,,,,,chr22_28963114-29061153_cluster7
haploblock:chr22_23146855-23241440_cluster48,haploblock,,,,,,,,,,,chr22_23146855-23241440_cluster48
haploblock:chr22_47997555-48049142_cluster40,haploblock,,,,,,,,,,,chr22_47997555-48049142_cluster40
haploblock:chr22_27552091-27574483_cluster60,haploblock,,,,,,,,,,,chr22_27552091-27574483_cluster60
haploblock:chr22_35467079-35492611_cluster34,haploblock,,,,,,,,,,,chr22_35467079-35492611_cluster34
haploblock:chr22_36926778-36947400_cluster77,haploblock,,,,,,,,,,,chr22_36926778-36947400_cluster77
haploblock:chr22_37681711-37809887_cluster270,haploblock,,,,,,,,,,,chr22_37681711-37809887_cluster270
haploblock:chr22_39091660-39123775_cluster13,haploblock,,,,,,,,,,,chr22_39091660-39123775_cluster13
haploblock:chr22_17897315-17951518_cluster47,haploblock,,,,,,,,,,,chr22_17897315-17951518_cluster47
haploblock:chr22_18130176-18154397_cluster93,haploblock,,,,,,,,,,,chr22_18130176-18154397_cluster93
haploblock:chr22_33694376-33711261_cluster8,haploblock,,,,,,,,,,,chr22_33694376-33711261_cluster8
haploblock:chr22_22047705-22083318_cluster103,haploblock,,,,,,,,,,,chr22_22047705-22083318_cluster103
haploblock:chr22_34975718-35004794_cluster16,haploblock,,,,,,,,,,,chr22_34975718-35004794_cluster16
haploblock:chr22_43899207-43927194_cluster601,haploblock,,,,,,,,,,,chr22_43899207-43927194_cluster601
haploblock:chr22_49310363-49333633_cluster24,haploblock,,,,,,,,,,,chr22_49310363-49333633_cluster24
haploblock:chr22_33679263-33694376_cluster37,haploblock,,,,,,,,,,,chr22_33679263-33694376_cluster37
haploblock:chr22_49281800-49290733_cluster3,haploblock,,,,,,,,,,,chr22_49281800-49290733_cluster3
haploblock:chr22_21084128-21097378_cluster9,haploblock,,,,,,,,,,,chr22_21084128-21097378_cluster9
haploblock:chr22_27061731-27091280_cluster114,haploblock,,,,,,,,,,,chr22_27061731-27091280_cluster114
haploblock:chr22_23075491-23146855_cluster138,haploblock,,,,,,,,,,,chr22_23075491-23146855_cluster138
haploblock:chr22_45275462-45289532_cluster53,haploblock,,,,,,,,,,,chr22_45275462-45289532_cluster53
haploblock:chr22_27274059-27281429_cluster6,haploblock,,,,,,,,,,,chr22_27274059-27281429_cluster6
haploblock:chr22_43219862-43239201_cluster8,haploblock,,,,,,,,,,,chr22_43219862-43239201_cluster8
haploblock:chr22_43239201-43251410_cluster2,haploblock,,,,,,,,,,,chr22_43239201-43251410_cluster2
haploblock:chr22_33540489-33571700_cluster36,haploblock,,,,,,,,,,,chr22_33540489-33571700_cluster36
haploblock:chr22_44491834-44533808_cluster71,haploblock,,,,,,,,,,,chr22_44491834-44533808_cluster71
haploblock:chr22_33214306-33259027_cluster3,haploblock,,,,,,,,,,,chr22_33214306-33259027_cluster3
haploblock:chr22_24841041-24887942_cluster49,haploblock,,,,,,,,,,,chr22_24841041-24887942_cluster49
haploblock:chr22_44752468-44761333_cluster17,haploblock,,,,,,,,,,,chr22_44752468-44761333_cluster17
haploblock:chr22_35587972-35647540_cluster106,haploblock,,,,,,,,,,,chr22_35587972-35647540_cluster106
haploblock:chr22_43899207-43927194_cluster518,haploblock,,,,,,,,,,,chr22_43899207-43927194_cluster518
haploblock:chr22_28739901-28862563_cluster20,haploblock,,,,,,,,,,,chr22_28739901-28862563_cluster20
haploblock:chr22_47285160-47370846_cluster1651,haploblock,,,,,,,,,,,chr22_47285160-47370846_cluster1651
haploblock:chr22_43304000-43349923_cluster1,haploblock,,,,,,,,,,,chr22_43304000-43349923_cluster1
haploblock:chr22_43349923-43371073_cluster14,haploblock,,,,,,,,,,,chr22_43349923-43371073_cluster14
haploblock:chr22_49262630-49264062_cluster9,haploblock,,,,,,,,,,,chr22_49262630-49264062_cluster9
haploblock:chr22_38284355-38316189_cluster30,haploblock,,,,,,,,,,,chr22_38284355-38316189_cluster30
haploblock:chr22_44579724-44598588_cluster72,haploblock,,,,,,,,,,,chr22_44579724-44598588_cluster72
haploblock:chr22_23529638-23532651_cluster15,haploblock,,,,,,,,,,,chr22_23529638-23532651_cluster15
haploblock:chr22_17257431-17286047_cluster657,haploblock,,,,,,,,,,,chr22_17257431-17286047_cluster657
haploblock:chr22_47433033-47487014_cluster19,haploblock,,,,,,,,,,,chr22_47433033-47487014_cluster19
haploblock:chr22_45023023-45047275_cluster15,haploblock,,,,,,,,,,,chr22_45023023-45047275_cluster15
haploblock:chr22_42294543-42340130_cluster1,haploblock,,,,,,,,,,,chr22_42294543-42340130_cluster1
haploblock:chr22_44845752-44871543_cluster726,haploblock,,,,,,,,,,,chr22_44845752-44871543_cluster726
haploblock:chr22_23607557-23654276_cluster8,haploblock,,,,,,,,,,,chr22_23607557-23654276_cluster8
haploblock:chr22_23489773-23507389_cluster27,haploblock,,,,,,,,,,,chr22_23489773-23507389_cluster27
haploblock:chr22_17510346-17565024_cluster105,haploblock,,,,,,,,,,,chr22_17510346-17565024_cluster105
haploblock:chr22_24887942-24898544_cluster22,haploblock,,,,,,,,,,,chr22_24887942-24898544_cluster22
haploblock:chr22_44791710-44821141_cluster93,haploblock,,,,,,,,,,,chr22_44791710-44821141_cluster93
haploblock:chr22_29422865-29484784_cluster73,haploblock,,,,,,,,,,,chr22_29422865-29484784_cluster73
haploblock:chr22_48666756-48674907_cluster9,haploblock,,,,,,,,,,,chr22_48666756-48674907_cluster9
haploblock:chr22_37681711-37809887_cluster42,haploblock,,,,,,,,,,,chr22_37681711-37809887_cluster42
haploblock:chr22_39545930-39577521_cluster20,haploblock,,,,,,,,,,,chr22_39545930-39577521_cluster20
haploblock:chr22_46418842-46438932_cluster10,haploblock,,,,,,,,,,,chr22_46418842-46438932_cluster10
haploblock:chr22_45502117-45521571_cluster49,haploblock,,,,,,,,,,,chr22_45502117-45521571_cluster49
haploblock:chr22_37510682-37546356_cluster71,haploblock,,,,,,,,,,,chr22_37510682-37546356_cluster71
haploblock:chr22_43176240-43219862_cluster37,haploblock,,,,,,,,,,,chr22_43176240-43219862_cluster37
haploblock:chr22_42340130-42375220_cluster14,haploblock,,,,,,,,,,,chr22_42340130-42375220_cluster14
haploblock:chr22_46531483-46571254_cluster49,haploblock,,,,,,,,,,,chr22_46531483-46571254_cluster49
haploblock:chr22_48674907-48687200_cluster19,haploblock,,,,,,,,,,,chr22_48674907-48687200_cluster19
haploblock:chr22_22004012-22039828_cluster19,haploblock,,,,,,,,,,,chr22_22004012-22039828_cluster19
haploblock:chr22_36527111-36555805_cluster128,haploblock,,,,,,,,,,,chr22_36527111-36555805_cluster128
haploblock:chr22_47150007-47171844_cluster6,haploblock,,,,,,,,,,,chr22_47150007-47171844_cluster6
haploblock:chr22_43016370-43076056_cluster250,haploblock,,,,,,,,,,,chr22_43016370-43076056_cluster250
haploblock:chr22_27795907-27840691_cluster43,haploblock,,,,,,,,,,,chr22_27795907-27840691_cluster43
haploblock:chr22_48517374-48534407_cluster47,haploblock,,,,,,,,,,,chr22_48517374-48534407_cluster47
haploblock:chr22_48748191-48780105_cluster39,haploblock,,,,,,,,,,,chr22_48748191-48780105_cluster39
haploblock:chr22_48346281-48358281_cluster4,haploblock,,,,,,,,,,,chr22_48346281-48358281_cluster4
haploblock:chr22_41891962-42067647_cluster185,haploblock,,,,,,,,,,,chr22_41891962-42067647_cluster185
haploblock:chr22_27378463-27396539_cluster86,haploblock,,,,,,,,,,,chr22_27378463-27396539_cluster86
haploblock:chr22_27274059-27281429_cluster9,haploblock,,,,,,,,,,,chr22_27274059-27281429_cluster9
haploblock:chr22_19759559-19773105_cluster3,haploblock,,,,,,,,,,,chr22_19759559-19773105_cluster3
haploblock:chr22_19773105-19821351_cluster1,haploblock,,,,,,,,,,,chr22_19773105-19821351_cluster1
haploblock:chr22_39091660-39123775_cluster85,haploblock,,,,,,,,,,,chr22_39091660-39123775_cluster85
haploblock:chr22_44127670-44156872_cluster89,haploblock,,,,,,,,,,,chr22_44127670-44156872_cluster89
haploblock:chr22_38257683-38284355_cluster70,haploblock,,,,,,,,,,,chr22_38257683-38284355_cluster70
haploblock:chr22_45461240-45480586_cluster64,haploblock,,,,,,,,,,,chr22_45461240-45480586_cluster64
haploblock:chr22_44871543-44917047_cluster397,haploblock,,,,,,,,,,,chr22_44871543-44917047_cluster397
haploblock:chr22_45502117-45521571_cluster115,haploblock,,,,,,,,,,,chr22_45502117-45521571_cluster115
haploblock:chr22_45275462-45289532_cluster48,haploblock,,,,,,,,,,,chr22_45275462-45289532_cluster48
haploblock:chr22_20961195-20968216_cluster69,haploblock,,,,,,,,,,,chr22_20961195-20968216_cluster69
haploblock:chr22_45261186-45275462_cluster71,haploblock,,,,,,,,,,,chr22_45261186-45275462_cluster71
haploblock:chr22_23355114-23374984_cluster75,haploblock,,,,,,,,,,,chr22_23355114-23374984_cluster75
haploblock:chr22_46249251-46375373_cluster322,haploblock,,,,,,,,,,,chr22_46249251-46375373_cluster322
haploblock:chr22_27274059-27281429_cluster13,haploblock,,,,,,,,,,,chr22_27274059-27281429_cluster13
haploblock:chr22_46090628-46101290_cluster8,haploblock,,,,,,,,,,,chr22_46090628-46101290_cluster8
haploblock:chr22_46101290-46116729_cluster1,haploblock,,,,,,,,,,,chr22_46101290-46116729_cluster1
haploblock:chr22_39013374-39091660_cluster290,haploblock,,,,,,,,,,,chr22_39013374-39091660_cluster290
haploblock:chr22_46418842-46438932_cluster297,haploblock,,,,,,,,,,,chr22_46418842-46438932_cluster297
haploblock:chr22_24221347-24408113_cluster27,haploblock,,,,,,,,,,,chr22_24221347-24408113_cluster27
haploblock:chr22_46701053-46710903_cluster12,haploblock,,,,,,,,,,,chr22_46701053-46710903_cluster12
haploblock:chr22_44156872-44166469_cluster7,haploblock,,,,,,,,,,,chr22_44156872-44166469_cluster7
haploblock:chr22_36527111-36555805_cluster89,haploblock,,,,,,,,,,,chr22_36527111-36555805_cluster89
haploblock:chr22_20367930-20414601_cluster4,haploblock,,,,,,,,,,,chr22_20367930-20414601_cluster4
haploblock:chr22_17382179-17414153_cluster335,haploblock,,,,,,,,,,,chr22_17382179-17414153_cluster335
haploblock:chr22_37416456-37447223_cluster46,haploblock,,,,,,,,,,,chr22_37416456-37447223_cluster46
haploblock:chr22_37447223-37510682_cluster200,haploblock,,,,,,,,,,,chr22_37447223-37510682_cluster200
haploblock:chr22_43267728-43304000_cluster216,haploblock,,,,,,,,,,,chr22_43267728-43304000_cluster216
haploblock:chr22_34975718-35004794_cluster49,haploblock,,,,,,,,,,,chr22_34975718-35004794_cluster49
haploblock:chr22_25755364-25769547_cluster10,haploblock,,,,,,,,,,,chr22_25755364-25769547_cluster10
haploblock:chr22_19530556-19608021_cluster68,haploblock,,,,,,,,,,,chr22_19530556-19608021_cluster68
haploblock:chr22_39953483-39980379_cluster12,haploblock,,,,,,,,,,,chr22_39953483-39980379_cluster12
haploblock:chr22_42294543-42340130_cluster8,haploblock,,,,,,,,,,,chr22_42294543-42340130_cluster8
haploblock:chr22_48195632-48256183_cluster400,haploblock,,,,,,,,,,,chr22_48195632-48256183_cluster400
haploblock:chr22_20157037-20182821_cluster42,haploblock,,,,,,,,,,,chr22_20157037-20182821_cluster42
haploblock:chr22_38218926-38257683_cluster16,haploblock,,,,,,,,,,,chr22_38218926-38257683_cluster16
haploblock:chr22_36947400-36969311_cluster6,haploblock,,,,,,,,,,,chr22_36947400-36969311_cluster6
haploblock:chr22_27134960-27157084_cluster387,haploblock,,,,,,,,,,,chr22_27134960-27157084_cluster387
haploblock:chr22_25858830-25876277_cluster92,haploblock,,,,,,,,,,,chr22_25858830-25876277_cluster92
haploblock:chr22_19821351-19886686_cluster31,haploblock,,,,,,,,,,,chr22_19821351-19886686_cluster31
haploblock:chr22_20059164-20157037_cluster33,haploblock,,,,,,,,,,,chr22_20059164-20157037_cluster33
haploblock:chr22_22083318-22109386_cluster2,haploblock,,,,,,,,,,,chr22_22083318-22109386_cluster2
haploblock:chr22_27281429-27299096_cluster7,haploblock,,,,,,,,,,,chr22_27281429-27299096_cluster7
haploblock:chr22_45023023-45047275_cluster24,haploblock,,,,,,,,,,,chr22_45023023-45047275_cluster24
haploblock:chr22_23751602-23766514_cluster3,haploblock,,,,,,,,,,,chr22_23751602-23766514_cluster3
haploblock:chr22_49138659-49161412_cluster46,haploblock,,,,,,,,,,,chr22_49138659-49161412_cluster46
haploblock:chr22_17099658-17118145_cluster106,haploblock,,,,,,,,,,,chr22_17099658-17118145_cluster106
haploblock:chr22_48780105-48807134_cluster93,haploblock,,,,,,,,,,,chr22_48780105-48807134_cluster93
haploblock:chr22_48105541-48131182_cluster23,haploblock,,,,,,,,,,,chr22_48105541-48131182_cluster23
haploblock:chr22_44579724-44598588_cluster27,haploblock,,,,,,,,,,,chr22_44579724-44598588_cluster27
haploblock:chr22_47891202-47963676_cluster346,haploblock,,,,,,,,,,,chr22_47891202-47963676_cluster346
haploblock:chr22_24704235-24748945_cluster96,haploblock,,,,,,,,,,,chr22_24704235-24748945_cluster96
haploblock:chr22_25019754-25066667_cluster42,haploblock,,,,,,,,,,,chr22_25019754-25066667_cluster42
haploblock:chr22_46090628-46101290_cluster10,haploblock,,,,,,,,,,,chr22_46090628-46101290_cluster10
haploblock:chr22_38345691-38468508_cluster57,haploblock,,,,,,,,,,,chr22_38345691-38468508_cluster57
haploblock:chr22_37101553-37124185_cluster15,haploblock,,,,,,,,,,,chr22_37101553-37124185_cluster15
haploblock:chr22_35559256-35587972_cluster30,haploblock,,,,,,,,,,,chr22_35559256-35587972_cluster30
haploblock:chr22_48616504-48649986_cluster289,haploblock,,,,,,,,,,,chr22_48616504-48649986_cluster289
haploblock:chr22_49430759-49446708_cluster109,haploblock,,,,,,,,,,,chr22_49430759-49446708_cluster109
haploblock:chr22_36137894-36173796_cluster34,haploblock,,,,,,,,,,,chr22_36137894-36173796_cluster34
haploblock:chr22_17382179-17414153_cluster1,haploblock,,,,,,,,,,,chr22_17382179-17414153_cluster1
haploblock:chr22_43016370-43076056_cluster24,haploblock,,,,,,,,,,,chr22_43016370-43076056_cluster24
haploblock:chr22_26024448-26060666_cluster12,haploblock,,,,,,,,,,,chr22_26024448-26060666_cluster12
haploblock:chr22_35004794-35044716_cluster9,haploblock,,,,,,,,,,,chr22_35004794-35044716_cluster9
haploblock:chr22_44579724-44598588_cluster16,haploblock,,,,,,,,,,,chr22_44579724-44598588_cluster16
haploblock:chr22_35467079-35492611_cluster64,haploblock,,,,,,,,,,,chr22_35467079-35492611_cluster64
haploblock:chr22_26293669-26323043_cluster64,haploblock,,,,,,,,,,,chr22_26293669-26323043_cluster64
haploblock:chr22_35467079-35492611_cluster143,haploblock,,,,,,,,,,,chr22_35467079-35492611_cluster143
haploblock:chr22_20182821-20205063_cluster16,haploblock,,,,,,,,,,,chr22_20182821-20205063_cluster16
haploblock:chr22_44929677-44992621_cluster6,haploblock,,,,,,,,,,,chr22_44929677-44992621_cluster6
haploblock:chr22_48962941-48975351_cluster69,haploblock,,,,,,,,,,,chr22_48962941-48975351_cluster69
haploblock:chr22_49310363-49333633_cluster28,haploblock,,,,,,,,,,,chr22_49310363-49333633_cluster28
haploblock:chr22_40132216-40418590_cluster26,haploblock,,,,,,,,,,,chr22_40132216-40418590_cluster26
haploblock:chr22_49290733-49310363_cluster89,haploblock,,,,,,,,,,,chr22_49290733-49310363_cluster89
haploblock:chr22_26071416-26125105_cluster141,haploblock,,,,,,,,,,,chr22_26071416-26125105_cluster141
haploblock:chr22_36926778-36947400_cluster135,haploblock,,,,,,,,,,,chr22_36926778-36947400_cluster135
haploblock:chr22_43371073-43429411_cluster1095,haploblock,,,,,,,,,,,chr22_43371073-43429411_cluster1095
haploblock:chr22_48105541-48131182_cluster83,haploblock,,,,,,,,,,,chr22_48105541-48131182_cluster83
haploblock:chr22_17779751-17795362_cluster99,haploblock,,,,,,,,,,,chr22_17779751-17795362_cluster99
haploblock:chr22_36555805-36582143_cluster20,haploblock,,,,,,,,,,,chr22_36555805-36582143_cluster20
haploblock:chr22_49310363-49333633_cluster29,haploblock,,,,,,,,,,,chr22_49310363-49333633_cluster29
haploblock:chr22_33408818-33452024_cluster63,haploblock,,,,,,,,,,,chr22_33408818-33452024_cluster63
haploblock:chr22_23751602-23766514_cluster1,haploblock,,,,,,,,,,,chr22_23751602-23766514_cluster1
haploblock:chr22_17897315-17951518_cluster90,haploblock,,,,,,,,,,,chr22_17897315-17951518_cluster90
haploblock:chr22_37809887-38107961_cluster457,haploblock,,,,,,,,,,,chr22_37809887-38107961_cluster457
haploblock:chr22_27134960-27157084_cluster247,haploblock,,,,,,,,,,,chr22_27134960-27157084_cluster247
haploblock:chr22_49333633-49355927_cluster53,haploblock,,,,,,,,,,,chr22_49333633-49355927_cluster53
